-1.2644406242998913	-0.2895188694272564	0.0	0.0	0.0	-0.3708286374497003	0.0	0.0	0.0	0.0
-0.213749783693186	0.27204391613307244	0.0	0.0	0.0	0.0	-0.3290752277837395	-0.1160231824298548	0.0	-0.0883350730060828
0.0	0.0	-0.8286884305736822	-0.5126463868064607	0.0	0.0	0.0	0.0	0.0	0.0
0.0	0.0	-0.30254478544999963	-1.6981128983340295	0.0	0.0	0.0	0.0	-0.24685984626328908	0.0
0.0	0.0	0.0	0.0	-1.3746968828016475	0.0	-1.0555191063910585	0.0	0.0	0.0
-0.35152116223572516	0.0	0.0	0.0	0.0	-0.831302095959257	0.0	0.0	0.0	-0.5114919094852751
0.0	-0.14169268307484106	0.0	0.0	-0.2549217146143087	0.0	0.3111620250323911	0.0	-0.20084827500594926	0.0
0.0	0.8208697458874875	0.0	0.0	0.0	0.0	0.0	-1.5338650404055931	0.0	0.0
0.0	0.0	0.0	-0.13303366478903297	0.0	0.0	-0.09571280953544561	0.0	-0.6116283214798108	-0.16331714763786281
0.0	0.4805944406754279	0.0	0.0	0.0	0.21083747063994898	0.0	0.0	-0.7311192373328476	-1.7816308132381145
0.14880959475208688	-0.18920366238139635	0.0	0.0	0.0	-0.24234046112498733	0.0	0.0	0.0	0.0
-0.2025797989701315	0.8192089234775908	0.0	0.0	0.0	0.0	-0.311878647728453	-0.10996012518193787	0.0	-0.08371892135933237
0.0	0.0	0.5636282500728459	-0.31739563087266215	0.0	0.0	0.0	0.0	0.0	0.0
0.0	0.0	-0.2140007718462722	-0.2247949870522532	0.0	0.0	0.0	0.0	-0.17461281826298955	0.0
0.0	0.0	0.0	0.0	-1.230065851510596	0.0	-1.0196868679881408	0.0	0.0	0.0
-0.22172240380219274	0.0	0.0	0.0	0.0	0.8746553843054167	0.0	0.0	0.0	-0.322624148643427
0.0	-0.14422337503168983	0.0	0.0	-0.2594747255306153	0.0	0.4522426357990351	0.0	-0.20443551115021816	0.0
0.0	0.7171411650080917	0.0	0.0	0.0	0.0	0.0	-0.9332573400993747	0.0	0.0
0.0	0.0	0.0	-0.09936187503795242	0.0	0.0	-0.07148720014346542	0.0	0.27746769932119175	-0.12198038775284431
0.0	0.25349846997153064	0.0	0.0	0.0	0.11121014247434938	0.0	0.0	-0.38564243017492167	0.6123908756358412
-1.074132833374192	-0.2688086349925996	0.0	0.0	0.0	-0.3443020485891518	0.0	0.0	0.0	0.0
-0.2933748965459935	-0.2433394362371385	0.0	0.0	0.0	0.0	-0.4516608589671356	-0.15924361912409582	0.0	-0.12124125908703066
0.0	0.0	-0.8510937145142298	-0.49964707671330394	0.0	0.0	0.0	0.0	0.0	0.0
0.0	0.0	-0.3480455365959853	-2.383374980307275	0.0	0.0	0.0	0.0	-0.28398594782889847	0.0
0.0	0.0	0.0	0.0	-0.7661566935510251	0.0	-0.9029647738426414	0.0	0.0	0.0
-0.4323958194734702	0.0	0.0	0.0	0.0	-1.4874722667994784	0.0	0.0	0.0	-0.6291711200238469
0.0	-0.15549498531854716	0.0	0.0	-0.27975367119270184	0.0	0.2475291582980802	0.0	-0.22041293096842318	0.0
0.0	0.8735178571564948	0.0	0.0	0.0	0.0	0.0	-1.7703633174794358	0.0	0.0
0.0	0.0	0.0	-0.1354345710909144	0.0	0.0	-0.09744017296596409	0.0	-0.698499006093327	-0.16626459082520084
0.0	0.49097347065646463	0.0	0.0	0.0	0.21539076598357085	0.0	0.0	-0.7469086594354538	-1.8223823662691312
0.2181721879392886	-0.18622493976768706	0.0	0.0	0.0	-0.2385251807932853	0.0	0.0	0.0	0.0
-0.21608491645496558	0.6814560370730323	0.0	0.0	0.0	0.0	-0.3326702459035748	-0.11729069030629209	0.0	-0.08930009911945085
0.0	0.0	0.9499890388851916	-0.2965339145199576	0.0	0.0	0.0	0.0	0.0	0.0
0.0	0.0	-0.0984474428338831	1.541251968893584	0.0	0.0	0.0	0.0	-0.08032767964200373	0.0
0.0	0.0	0.0	0.0	-1.2724959598236507	0.0	-1.0209805969629926	0.0	0.0	0.0
-0.16778449004357984	0.0	0.0	0.0	0.0	1.272133643520946	0.0	0.0	0.0	-0.2441400928711479
0.0	-0.159735189903363	0.0	0.0	-0.28738229533630544	0.0	0.3341220815710446	0.0	-0.226423387952167	0.0
0.0	0.7145339965777235	0.0	0.0	0.0	0.0	0.0	-0.9054215379912265	0.0	0.0
0.0	0.0	0.0	-0.09206821707275283	0.0	0.0	-0.06623968255649307	0.0	0.4838846349767041	-0.11302641796924427
0.0	0.2859645679575883	0.0	0.0	0.0	0.12545306624040264	0.0	0.0	-0.43503249129460614	0.30156883964553205
-1.1665408376361213	-0.2801878575277254	0.0	0.0	0.0	-0.3588770626332636	0.0	0.0	0.0	0.0
-0.29581071395840086	-0.40832737379606243	0.0	0.0	0.0	0.0	-0.45541088460916435	-0.16056577853461113	0.0	-0.12224789453356445
0.0	0.0	-0.9296671483300247	-0.5599253917134825	0.0	0.0	0.0	0.0	0.0	0.0
0.0	0.0	-0.2185327142682429	-0.4505106796142817	0.0	0.0	0.0	0.0	-0.1783106331431824	0.0
0.0	0.0	0.0	0.0	-0.12415853635316632	0.0	-0.7273410878940929	0.0	0.0	0.0
-0.34234258092147757	0.0	0.0	0.0	0.0	-0.8393547742772127	0.0	0.0	0.0	-0.4981363264161622
0.0	-0.19594395759447	0.0	0.0	-0.3525261047665549	0.0	0.02744759643980843	0.0	-0.2777490342243088	0.0
0.0	0.8452715283322156	0.0	0.0	0.0	0.0	0.0	-1.6017499523236598	0.0	0.0
0.0	0.0	0.0	-0.13369818680623244	0.0	0.0	-0.09619090858928425	0.0	-0.6178629407715731	-0.1641329399454992
0.0	0.5362312579649727	0.0	0.0	0.0	0.23524542220780068	0.0	0.0	-0.8157584757043761	-2.304778650071551
0.3807524208437172	-0.17669741156930485	0.0	0.0	0.0	-0.22632189916587694	0.0	0.0	0.0	0.0
-0.131054116195749	1.0595309995830355	0.0	0.0	0.0	0.0	-0.20176237090848376	-0.07113605154982665	0.0	-0.054159937483334135
0.0	0.0	-0.16891228662401847	-0.41862710588865293	0.0	0.0	0.0	0.0	0.0	0.0
0.0	0.0	-0.2646713506363774	-1.045701173208784	0.0	0.0	0.0	0.0	-0.21595721384261354	0.0
0.0	0.0	0.0	0.0	-1.1630495998343755	0.0	-0.9622238946909893	0.0	0.0	0.0
-0.161042891419858	0.0	0.0	0.0	0.0	1.5054839656600325	0.0	0.0	0.0	-0.23433051801909838
0.0	-0.21744224585841485	0.0	0.0	-0.39120404061044595	0.0	-0.13642252800490007	0.0	-0.30822269044770945	0.0
0.0	0.8627755270047504	0.0	0.0	0.0	0.0	0.0	-1.85709829367731	0.0	0.0
0.0	0.0	0.0	-0.10632881243650331	0.0	0.0	-0.0764996543469209	0.0	0.10114228556472038	-0.13053326303826365
0.0	0.20075669343980204	0.0	0.0	0.0	0.08807224944050758	0.0	0.0	-0.30540736257974954	1.0571492581908568
-1.5496183806826258	-0.31138841065746675	0.0	0.0	0.0	-0.39884011798667646	0.0	0.0	0.0	0.0
-0.19776269404535116	0.3898760512474976	0.0	0.0	0.0	0.0	-0.3044625471224489	-0.10734540513958324	0.0	-0.08172818570638211
0.0	0.0	-0.6456232779504518	-0.5051764589665653	0.0	0.0	0.0	0.0	0.0	0.0
0.0	0.0	-0.2411996081163163	-0.7594136955399526	0.0	0.0	0.0	0.0	-0.19680556744614514	0.0
0.0	0.0	0.0	0.0	-0.31609742403199736	0.0	-0.7914508607501639	0.0	0.0	0.0
-0.3554410286339665	0.0	0.0	0.0	0.0	-0.8199122570709255	0.0	0.0	0.0	-0.5171956342232444
0.0	-0.16339115787723774	0.0	0.0	-0.29395980946230216	0.0	0.35030353402532177	0.0	-0.23160569408890577	0.0
0.0	0.6527680597929703	0.0	0.0	0.0	0.0	0.0	-0.5585707149925798	0.0	0.0
0.0	0.0	0.0	-0.12723423460387134	0.0	0.0	-0.09154033366171288	0.0	-0.4341340213213136	-0.15619754826978166
0.0	0.43363189767015314	0.0	0.0	0.0	0.19023493564571056	0.0	0.0	-0.6596760084495239	-1.2887463751001007
0.13416251007383462	-0.189200481680224	0.0	0.0	0.0	-0.24233638714153952	0.0	0.0	0.0	0.0
-0.2167261945458656	0.404352322805985	0.0	0.0	0.0	0.0	-0.33365751583287945	-0.1176387754535293	0.0	-0.0895651162155999
0.0	0.0	-0.27854103666327945	-0.4460520755655147	0.0	0.0	0.0	0.0	0.0	0.0
0.0	0.0	-0.23873570101350866	-0.6632755083085109	0.0	0.0	0.0	0.0	-0.1947951552431999	0.0
0.0	0.0	0.0	0.0	-1.4034047591505574	0.0	-1.0395435123396497	0.0	0.0	0.0
-0.23597614923814406	0.0	0.0	0.0	0.0	0.4924534642045255	0.0	0.0	0.0	-0.3433645086945317
0.0	-0.1819003674292375	0.0	0.0	-0.32726004298712785	0.0	0.07601842940989001	0.0	-0.2578423545117959	0.0
0.0	0.9376908613473205	0.0	0.0	0.0	0.0	0.0	-2.21915568356084	0.0	0.0
0.0	0.0	0.0	-0.10442679827633836	0.0	0.0	-0.07513122539072938	0.0	0.07793497640897629	-0.12819827867248249
0.0	0.39507359917966717	0.0	0.0	0.0	0.17331935477779836	0.0	0.0	-0.6010179978707973	-0.8338383039489952
-0.7217534309167029	-0.24923184927096328	0.0	0.0	0.0	-0.31922723122349755	0.0	0.0	0.0	0.0
-0.21427856846693985	0.5854127240447011	0.0	0.0	0.0	0.0	-0.3298893103379534	-0.11631020630988563	0.0	-0.08855360067327847
0.0	0.0	-0.5016879036229581	-0.46901375973891496	0.0	0.0	0.0	0.0	0.0	0.0
0.0	0.0	-0.27567605550519086	-1.2614097745802813	0.0	0.0	0.0	0.0	-0.22493644562162934	0.0
0.0	0.0	0.0	0.0	-0.05609572799804319	0.0	-0.7348087086160421	0.0	0.0	0.0
-0.3346044846882722	0.0	0.0	0.0	0.0	-0.5148210234678842	0.0	0.0	0.0	-0.486876766414341
0.0	-0.15423459878914783	0.0	0.0	-0.2774860883635903	0.0	0.47203909285815904	0.0	-0.2186263428766663	0.0
0.0	0.468293363559367	0.0	0.0	0.0	0.0	0.0	0.5431923887053405	0.0	0.0
0.0	0.0	0.0	-0.12520394548213604	0.0	0.0	-0.09007961560723621	0.0	-0.40503809234309407	-0.1537050887200292
0.0	0.4290643929411022	0.0	0.0	0.0	0.1882311647680123	0.0	0.0	-0.6527275498503675	-1.23152655609959
-0.8375717752088004	-0.25913602684008324	0.0	0.0	0.0	-0.3319129421074973	0.0	0.0	0.0	0.0
-0.24286500634315353	0.062199077212226506	0.0	0.0	0.0	0.0	-0.3738991258947427	-0.1318268980202847	0.0	-0.10036734398168719
0.0	0.0	-0.19810447731268677	-0.423896283171043	0.0	0.0	0.0	0.0	0.0	0.0
0.0	0.0	-0.2633181674229336	-1.0678082059433254	0.0	0.0	0.0	0.0	-0.2148530910280691	0.0
0.0	0.0	0.0	0.0	-2.145958442502895	0.0	-1.2196900967424638	0.0	0.0	0.0
-0.2950131708905724	0.0	0.0	0.0	0.0	-0.17420880102595415	0.0	0.0	0.0	-0.4292681815865622
0.0	-0.17564414566494205	0.0	0.0	-0.31600436806763205	0.0	-0.13618114012592264	0.0	-0.24897420887332478	0.0
0.0	0.935801978488384	0.0	0.0	0.0	0.0	0.0	-2.183875303058147	0.0	0.0
0.0	0.0	0.0	-0.13454209507419668	0.0	0.0	-0.09679806942669439	0.0	-0.6004864135296151	-0.16516895358468217
0.0	0.4137844964324633	0.0	0.0	0.0	0.18152785224738885	0.0	0.0	-0.6294825321464161	-1.1111747279157984
-0.5606937920366495	-0.23911955528579645	0.0	0.0	0.0	-0.30627495558278184	0.0	0.0	0.0	0.0
-0.21629673652223025	0.6448032323733688	0.0	0.0	0.0	0.0	-0.33299635026578717	-0.11740566604045158	0.0	-0.08938763671028573
0.0	0.0	-0.8001346161381411	-0.5437956978897324	0.0	0.0	0.0	0.0	0.0	0.0
0.0	0.0	-0.20473767403859813	-0.2113663369270189	0.0	0.0	0.0	0.0	-0.16705464171956294	0.0
0.0	0.0	0.0	0.0	1.4477476670353724	0.0	-0.4011153363601447	0.0	0.0	0.0
-0.2911751637695281	0.0	0.0	0.0	0.0	-0.045396821484332994	0.0	0.0	0.0	-0.4236835687613333
0.0	-0.11198783020302985	0.0	0.0	-0.20147920888909637	0.0	1.1270401261392322	0.0	-0.15874187734914497	0.0
0.0	0.6324710641415636	0.0	0.0	0.0	0.0	0.0	-0.42189981913186836	0.0	0.0
0.0	0.0	0.0	-0.11723537063951296	0.0	0.0	-0.0843465202483252	0.0	-0.15813731560488953	-0.14392256550607563
0.0	0.3828852416974198	0.0	0.0	0.0	0.16797230486352763	0.0	0.0	-0.5824760800445381	-0.7434791871107806
-0.4449964733958647	-0.22654322440550684	0.0	0.0	0.0	-0.29016663195717385	0.0	0.0	0.0	0.0
-0.25819809567696833	0.019810554006635117	0.0	0.0	0.0	0.0	-0.39750495032166294	-0.14014968455252277	0.0	-0.10670395654947103
0.0	0.0	-0.5616759909596974	-0.4803380842111459	0.0	0.0	0.0	0.0	0.0	0.0
0.0	0.0	-0.2715395889748373	-1.2429239034014623	0.0	0.0	0.0	0.0	-0.22156131724109054	0.0
0.0	0.0	0.0	0.0	-1.091650489083936	0.0	-0.9600889312068435	0.0	0.0	0.0
-0.3438519759342494	0.0	0.0	0.0	0.0	-0.5312127940706178	0.0	0.0	0.0	-0.5003326190442927
0.0	-0.19126564321166795	0.0	0.0	-0.34410926983839735	0.0	-0.15705754013990747	0.0	-0.2711175600131457	0.0
0.0	0.9145780271828392	0.0	0.0	0.0	0.0	0.0	-2.0447029859274135	0.0	0.0
0.0	0.0	0.0	-0.1525517198123328	0.0	0.0	-0.10975532941873946	0.0	-1.0054045856336624	-0.18727824860354086
0.0	0.4201564415352857	0.0	0.0	0.0	0.18432323370591674	0.0	0.0	-0.6391760517746395	-1.2235898037391364
-0.41495199902838054	-0.22718430087870764	0.0	0.0	0.0	-0.29098775120072573	0.0	0.0	0.0	0.0
-0.2138290593364021	0.6574003759937036	0.0	0.0	0.0	0.0	-0.32919727539426	-0.11606621317475747	0.0	-0.08836783476897259
0.0	0.0	-0.5532686174328231	-0.4885517972301982	0.0	0.0	0.0	0.0	0.0	0.0
0.0	0.0	-0.24535690989965445	-0.7701584557095151	0.0	0.0	0.0	0.0	-0.20019769624313793	0.0
0.0	0.0	0.0	0.0	-0.7612649505840903	0.0	-0.9127467667927449	0.0	0.0	0.0
-0.31074069936847876	0.0	0.0	0.0	0.0	-0.1732295645770674	0.0	0.0	0.0	-0.4521530159489777
0.0	-0.13619546881510877	0.0	0.0	-0.2450315829978935	0.0	0.6106157618700483	0.0	-0.19305601659538507	0.0
0.0	0.5920359848288063	0.0	0.0	0.0	0.0	0.0	-0.18602980546433967	0.0	0.0
0.0	0.0	0.0	-0.09589406303839483	0.0	0.0	-0.06899223745905962	0.0	0.2812135018825448	-0.11772317086559828
0.0	0.3760686862613838	0.0	0.0	0.0	0.16498187221393018	0.0	0.0	-0.5721061831214117	-0.581887274592435
-0.5847304588962391	-0.2344498995245752	0.0	0.0	0.0	-0.3002938529115865	0.0	0.0	0.0	0.0
-0.31810365075579683	-0.45599504152153814	0.0	0.0	0.0	0.0	-0.48973163632090255	-0.17266636375276567	0.0	-0.13146076093040068
0.0	0.0	-0.8403824985961008	-0.5242995511113986	0.0	0.0	0.0	0.0	0.0	0.0
0.0	0.0	-0.27594599710242496	-1.266385003063169	0.0	0.0	0.0	0.0	-0.2251567030658096	0.0
0.0	0.0	0.0	0.0	-1.71549379741783	0.0	-1.1155030967717414	0.0	0.0	0.0
-0.36305114296092267	0.0	0.0	0.0	0.0	-0.9078798036658711	0.0	0.0	0.0	-0.5282689701320674
0.0	-0.17883805531026617	0.0	0.0	-0.32175058520065897	0.0	-0.030250498449102214	0.0	-0.2535015509270382	0.0
0.0	0.9796055287700804	0.0	0.0	0.0	0.0	0.0	-2.372335406383661	0.0	0.0
0.0	0.0	0.0	-0.10850900417913542	0.0	0.0	-0.07806822180196481	0.0	-0.09257629333519923	-0.1332097487028129
0.0	0.5280611086906152	0.0	0.0	0.0	0.23166116599931133	0.0	0.0	-0.8033293820636571	-2.09882105200795
-0.53515959887078	-0.24165777948529157	0.0	0.0	0.0	-0.3095260259648356	0.0	0.0	0.0	0.0
-0.1768124019032682	0.9871140242027633	0.0	0.0	0.0	0.0	-0.2722088435646118	-0.09597360618305811	0.0	-0.07307018589981361
0.0	0.0	0.06674884810261483	-0.40188545904368206	0.0	0.0	0.0	0.0	0.0	0.0
0.0	0.0	-0.20515848167025733	-0.13029465426978937	0.0	0.0	0.0	0.0	-0.16739799752093065	0.0
0.0	0.0	0.0	0.0	-0.3703252773534478	0.0	-0.8233477475773477	0.0	0.0	0.0
-0.22373057157475373	0.0	0.0	0.0	0.0	0.6161416601928825	0.0	0.0	0.0	-0.3255461962436941
0.0	-0.12988908853362638	0.0	0.0	-0.23368566703753144	0.0	0.7387082252542331	0.0	-0.18411677164934753	0.0
0.0	0.44360738259172416	0.0	0.0	0.0	0.0	0.0	0.6539621090234851	0.0	0.0
0.0	0.0	0.0	-0.10034787622248409	0.0	0.0	-0.07219659158755186	0.0	0.23058150310317926	-0.12319084001904798
0.0	0.3282192412047494	0.0	0.0	0.0	0.14399025201730933	0.0	0.0	-0.49931372691355286	-0.16541180922047882
-1.0219841016177043	-0.2697824470821906	0.0	0.0	0.0	-0.3455493504007037	0.0	0.0	0.0	0.0
-0.26758424077392995	-0.08058987699968856	0.0	0.0	0.0	0.0	-0.4119552472175299	-0.1452444753218132	0.0	-0.11058291164388137
0.0	0.0	-0.8271022870243413	-0.5178080498788542	0.0	0.0	0.0	0.0	0.0	0.0
0.0	0.0	-0.2877419543973164	-1.5007337463846273	0.0	0.0	0.0	0.0	-0.23478155315210025	0.0
0.0	0.0	0.0	0.0	-1.6565743166273148	0.0	-1.099385198558131	0.0	0.0	0.0
-0.34781229739785136	0.0	0.0	0.0	0.0	-0.6714818618481785	0.0	0.0	0.0	-0.5060952091959345
0.0	-0.18255027856123535	0.0	0.0	-0.3284293091519044	0.0	-0.1803979107785768	0.0	-0.2587635984810415	0.0
0.0	0.8168948037303846	0.0	0.0	0.0	0.0	0.0	-1.4607042667594117	0.0	0.0
0.0	0.0	0.0	-0.14989563988139804	0.0	0.0	-0.10784437798442675	0.0	-0.9598664215520756	-0.18401754463882383
0.0	0.43211071342783436	0.0	0.0	0.0	0.18956758993614076	0.0	0.0	-0.6573618596184974	-1.327376487281815
-0.07781900894109395	-0.20409663798684627	0.0	0.0	0.0	-0.2614160462924275	0.0	0.0	0.0	0.0
-0.2016611436944304	0.8042064920544313	0.0	0.0	0.0	0.0	-0.31046434597393047	-0.1094614799585312	0.0	-0.08333927428112545
0.0	0.0	0.5682994853313779	-0.3331116668056492	0.0	0.0	0.0	0.0	0.0	0.0
0.0	0.0	-0.16900031078854114	0.42393872861933835	0.0	0.0	0.0	0.0	-0.13789492579637316	0.0
0.0	0.0	0.0	0.0	0.16235719731874054	0.0	-0.7156974064181859	0.0	0.0	0.0
-0.26827480061329306	0.0	0.0	0.0	0.0	0.11320055316581756	0.0	0.0	0.0	-0.3903616759791454
0.0	-0.09632489129831377	0.0	0.0	-0.17329974926675012	0.0	1.0400446980360358	0.0	-0.13653978340704517	0.0
0.0	0.6757653251804216	0.0	0.0	0.0	0.0	0.0	-0.6904150462436294	0.0	0.0
0.0	0.0	0.0	-0.11643744843133863	0.0	0.0	-0.08377244468289444	0.0	-0.1412826413273569	-0.14294300608942279
0.0	0.43785252671182234	0.0	0.0	0.0	0.19208653166168696	0.0	0.0	-0.6660967716228832	-1.3152961098630698
-0.40877766413036176	-0.22398752555649618	0.0	0.0	0.0	-0.2868931792672499	0.0	0.0	0.0	0.0
-0.31241707514451383	-0.15645021745536403	0.0	0.0	0.0	0.0	-0.48097695534644846	-0.169579695835964	0.0	-0.12911070441526368
0.0	0.0	-1.0099789221814106	-0.554097344014777	0.0	0.0	0.0	0.0	0.0	0.0
0.0	0.0	-0.27030798570642584	-1.242059563972135	0.0	0.0	0.0	0.0	-0.22055639695120616	0.0
0.0	0.0	0.0	0.0	-2.0621297533433594	0.0	-1.2242274452173494	0.0	0.0	0.0
-0.3083768887314356	0.0	0.0	0.0	0.0	-0.33769336208121137	0.0	0.0	0.0	-0.4487134790268962
0.0	-0.13249021669621147	0.0	0.0	-0.23836540092885397	0.0	0.17242850138514554	0.0	-0.18780385056681473	0.0
0.0	0.8400129785935347	0.0	0.0	0.0	0.0	0.0	-1.5554323874457172	0.0	0.0
0.0	0.0	0.0	-0.14189470579348676	0.0	0.0	-0.102088001343399	0.0	-0.783319288177508	-0.1741952959941038
0.0	0.478722459238174	0.0	0.0	0.0	0.21001622969766748	0.0	0.0	-0.7282714273607163	-1.755707551098812
-0.47290755911355986	-0.23060404017966749	0.0	0.0	0.0	-0.295367905309219	0.0	0.0	0.0	0.0
-0.2078560037809317	0.7989725139541854	0.0	0.0	0.0	0.0	-0.32000154857985197	-0.11282404421251542	0.0	-0.0858993864297723
0.0	0.0	0.5765793769940358	-0.32537787712070043	0.0	0.0	0.0	0.0	0.0	0.0
0.0	0.0	-0.18642125275739732	0.1806318340930515	0.0	0.0	0.0	0.0	-0.1521094529110844	0.0
0.0	0.0	0.0	0.0	0.7643984991415125	0.0	-0.5733631270246465	0.0	0.0	0.0
-0.33386667358088146	0.0	0.0	0.0	0.0	-0.26302689065304685	0.0	0.0	0.0	-0.4858031911855881
0.0	-0.0948319051579896	0.0	0.0	-0.170613692523892	0.0	1.201634802271303	0.0	-0.13442348717787775	0.0
0.0	0.6527867606972477	0.0	0.0	0.0	0.0	0.0	-0.549353416615761	0.0	0.0
0.0	0.0	0.0	-0.10484498136297606	0.0	0.0	-0.0754320926801164	0.0	0.15780177261809114	-0.12871165601203313
0.0	0.31644804781548747	0.0	0.0	0.0	0.13882621258914254	0.0	0.0	-0.48140643293578744	-0.008041401328428899
-0.6071265833183997	-0.23835580680325846	0.0	0.0	0.0	-0.30529671257674174	0.0	0.0	0.0	0.0
-0.27870590154623615	-0.1412460311026582	0.0	0.0	0.0	0.0	-0.4290774308695773	-0.15128130237451526	0.0	-0.11517909274542917
0.0	0.0	-0.9858991949751263	-0.5412195863416357	0.0	0.0	0.0	0.0	0.0	0.0
0.0	0.0	-0.2947202033100544	-1.58048182740428	0.0	0.0	0.0	0.0	-0.240475419107262	0.0
0.0	0.0	0.0	0.0	-1.7538299152495869	0.0	-1.1374789796708265	0.0	0.0	0.0
-0.341352992821555	0.0	0.0	0.0	0.0	-0.6833221708989097	0.0	0.0	0.0	-0.4966963951653265
0.0	-0.1561650990368519	0.0	0.0	-0.280959284173907	0.0	0.11548409111583535	0.0	-0.2213628119464567	0.0
0.0	0.97640737260591	0.0	0.0	0.0	0.0	0.0	-2.3899075228038447	0.0	0.0
0.0	0.0	0.0	-0.12451588207845558	0.0	0.0	-0.08958457939509236	0.0	-0.43432227404521273	-0.15286039611788754
0.0	0.500887455361496	0.0	0.0	0.0	0.21974004529740215	0.0	0.0	-0.761990616950995	-1.9185184344521544
0.12466339704546137	-0.1865274833080654	0.0	0.0	0.0	-0.23891269200825255	0.0	0.0	0.0	0.0
-0.25885135620234295	0.5282253621924646	0.0	0.0	0.0	0.0	-0.3985106676256784	-0.14050427375397226	0.0	-0.10697392555343405
0.0	0.0	0.5349393312177668	-0.3280825010183649	0.0	0.0	0.0	0.0	0.0	0.0
0.0	0.0	-0.19762916241483108	0.02081521911140194	0.0	0.0	0.0	0.0	-0.16125448858192457	0.0
0.0	0.0	0.0	0.0	0.15873343777978932	0.0	-0.684607920795738	0.0	0.0	0.0
-0.2800242158725976	0.0	0.0	0.0	0.0	0.27253442545757034	0.0	0.0	0.0	-0.4074580317379121
0.0	-0.15266327775050295	0.0	0.0	-0.2746590979736256	0.0	0.6049116611150164	0.0	-0.21639900753906324	0.0
0.0	0.5139612550338652	0.0	0.0	0.0	0.0	0.0	0.3154129099499896	0.0	0.0
0.0	0.0	0.0	-0.09728419233974187	0.0	0.0	-0.06999238416072695	0.0	0.3006271262750597	-0.1194297460599586
0.0	0.31756638107089463	0.0	0.0	0.0	0.13931682699277823	0.0	0.0	-0.483107732176012	0.022824262608540202
-1.013491951302453	-0.2652310218087845	0.0	0.0	0.0	-0.3397196825937997	0.0	0.0	0.0	0.0
-0.3181941563193107	-0.5413333388889658	0.0	0.0	0.0	0.0	-0.48987097278438063	-0.17271549008789008	0.0	-0.13149816361414762
0.0	0.0	-0.7337956826889781	-0.5067265059352088	0.0	0.0	0.0	0.0	0.0	0.0
0.0	0.0	-0.2763379988503136	-1.301833518629699	0.0	0.0	0.0	0.0	-0.22547655485593318	0.0
0.0	0.0	0.0	0.0	-1.9352819149923075	0.0	-1.167435785145034	0.0	0.0	0.0
-0.39733858236787384	0.0	0.0	0.0	0.0	-1.1873589214581188	0.0	0.0	0.0	-0.5781599859163791
0.0	-0.17943511750335658	0.0	0.0	-0.3228247699411201	0.0	-0.17585099518944558	0.0	-0.25434788193687685	0.0
0.0	1.0278739930641834	0.0	0.0	0.0	0.0	0.0	-2.656538494366373	0.0	0.0
0.0	0.0	0.0	-0.1347338100698822	0.0	0.0	-0.09693600128699634	0.0	-0.6486299594984508	-0.1654043101487851
0.0	0.4913082396391123	0.0	0.0	0.0	0.21553762961655618	0.0	0.0	-0.7474179371602067	-1.820424733867633
-0.09642528717945864	-0.2089740408304406	0.0	0.0	0.0	-0.2676632406613521	0.0	0.0	0.0	0.0
-0.17528008296923356	1.2391911840845835	0.0	0.0	0.0	0.0	-0.2698497852603537	-0.09514186490055272	0.0	-0.07243693377404378
0.0	0.0	0.35393038869512417	-0.3720127791247754	0.0	0.0	0.0	0.0	0.0	0.0
0.0	0.0	-0.15849654149907874	0.5523625910860155	0.0	0.0	0.0	0.0	-0.1293244298014578	0.0
0.0	0.0	0.0	0.0	1.5001072401849975	0.0	-0.39402423641797035	0.0	0.0	0.0
-0.2135019153068053	0.0	0.0	0.0	0.0	0.8139723778542712	0.0	0.0	0.0	-0.3106626686270749
0.0	-0.1025343694317455	0.0	0.0	-0.18447132692541005	0.0	1.2084761267548196	0.0	-0.14534167031272385	0.0
0.0	0.3282053158107624	0.0	0.0	0.0	0.0	0.0	1.3322294984829735	0.0	0.0
0.0	0.0	0.0	-0.12552332273772043	0.0	0.0	-0.09030939574959475	0.0	-0.2732244647835651	-0.15409716829240788
0.0	0.30238108901347904	0.0	0.0	0.0	0.13265501758063677	0.0	0.0	-0.4600066344352826	-0.009918897250453806
-0.5797549802665164	-0.2347671583716353	0.0	0.0	0.0	-0.30070021214546616	0.0	0.0	0.0	0.0
-0.2977376827910646	-0.05437892313890236	0.0	0.0	0.0	0.0	-0.45837752016118527	-0.16161173541253576	0.0	-0.1230442412225423
0.0	0.0	-1.3823521662234233	-0.6116146046520446	0.0	0.0	0.0	0.0	0.0	0.0
0.0	0.0	-0.27952290079996084	-1.4144079474592817	0.0	0.0	0.0	0.0	-0.22807525905929316	0.0
0.0	0.0	0.0	0.0	-0.9792954031259753	0.0	-0.9486227352009737	0.0	0.0	0.0
-0.3609008758285482	0.0	0.0	0.0	0.0	-0.6530687948619951	0.0	0.0	0.0	-0.5251401563945204
0.0	-0.16436758938709606	0.0	0.0	-0.29571652398908577	0.0	0.08707381114251744	0.0	-0.23298977815140398	0.0
0.0	0.7274955270958681	0.0	0.0	0.0	0.0	0.0	-0.9063040024516782	0.0	0.0
0.0	0.0	0.0	-0.1470891011735461	0.0	0.0	-0.10582517701582626	0.0	-0.8744475638060201	-0.18057213180118983
0.0	0.40015435794178766	0.0	0.0	0.0	0.17554829093617705	0.0	0.0	-0.6087472601277913	-0.96898252936902
-0.5924014586659891	-0.24291385459761666	0.0	0.0	0.0	-0.3111348628028608	0.0	0.0	0.0	0.0
-0.25053534731001526	0.2077318907614476	0.0	0.0	0.0	0.0	-0.38570788264404576	-0.13599035191446404	0.0	-0.1035372191393708
0.0	0.0	0.6740830380353308	-0.3052506965006386	0.0	0.0	0.0	0.0	0.0	0.0
0.0	0.0	-0.19784348436318333	0.032096448761556706	0.0	0.0	0.0	0.0	-0.1614293634624894	0.0
0.0	0.0	0.0	0.0	-1.3321749572577217	0.0	-1.051669804048902	0.0	0.0	0.0
-0.24299246716181294	0.0	0.0	0.0	0.0	0.30570509570981996	0.0	0.0	0.0	-0.3535738224937578
0.0	-0.13064849875388307	0.0	0.0	-0.23505193487326165	0.0	0.5393769845869246	0.0	-0.18519322972361438	0.0
0.0	0.8853238026980766	0.0	0.0	0.0	0.0	0.0	-1.8794857169990995	0.0	0.0
0.0	0.0	0.0	-0.09424893560802312	0.0	0.0	-0.06780862901938829	0.0	0.3315468683144793	-0.11570355034431754
0.0	0.40719496452449583	0.0	0.0	0.0	0.17863701514526892	0.0	0.0	-0.6194580018248361	-0.8932702178361625
-1.025467990411893	-0.2705938584783281	0.0	0.0	0.0	-0.34658864218516006	0.0	0.0	0.0	0.0
-0.22075143723778803	0.41412367336909184	0.0	0.0	0.0	0.0	-0.3398545169846117	-0.11982367341740145	0.0	-0.09122860377995949
0.0	0.0	-0.9199369401049908	-0.5260278984097401	0.0	0.0	0.0	0.0	0.0	0.0
0.0	0.0	-0.30674939856418865	-1.768516070540664	0.0	0.0	0.0	0.0	-0.2502905784949535	0.0
0.0	0.0	0.0	0.0	-0.5388257691937139	0.0	-0.8602217098729626	0.0	0.0	0.0
-0.3640911237437545	0.0	0.0	0.0	0.0	-0.8378174050264044	0.0	0.0	0.0	-0.5297822268391614
0.0	-0.13553118590804317	0.0	0.0	-0.24383646032830086	0.0	0.5064542264639246	0.0	-0.1921144007468829	0.0
0.0	0.6562798724976387	0.0	0.0	0.0	0.0	0.0	-0.5580098508177938	0.0	0.0
0.0	0.0	0.0	-0.13365429157211084	0.0	0.0	-0.09615932758916931	0.0	-0.6107481518529908	-0.16407905249946816
0.0	0.4473882959871257	0.0	0.0	0.0	0.19626988732386558	0.0	0.0	-0.6806033571550497	-1.4382711779100599
-0.13806216027809914	-0.20692355254984313	0.0	0.0	0.0	-0.2650368841247134	0.0	0.0	0.0	0.0
-0.2411730209889173	0.28375277453605907	0.0	0.0	0.0	0.0	-0.37129425558221296	-0.13090848995440812	0.0	-0.09966810748558755
0.0	0.0	0.855615255866677	-0.2781749008638933	0.0	0.0	0.0	0.0	0.0	0.0
0.0	0.0	-0.1907191290754701	0.13254119416830812	0.0	0.0	0.0	0.0	-0.15561628276954653	0.0
0.0	0.0	0.0	0.0	-1.6414189824202352	0.0	-1.1106748347936795	0.0	0.0	0.0
-0.2803331811547187	0.0	0.0	0.0	0.0	0.16443938982251938	0.0	0.0	0.0	-0.40790760137722387
0.0	-0.15628837954738609	0.0	0.0	-0.28118108023593297	0.0	0.22136819362928573	0.0	-0.2215375611102478	0.0
0.0	0.9681862644176756	0.0	0.0	0.0	0.0	0.0	-2.376172599112417	0.0	0.0
0.0	0.0	0.0	-0.10780265637957617	0.0	0.0	-0.07756003064213916	0.0	0.05785192940594652	-0.13234260948623014
0.0	0.3528316203720775	0.0	0.0	0.0	0.15478773806974455	0.0	0.0	-0.536756074062792	-0.38872342936603177
-0.8543207657618317	-0.2538199689769073	0.0	0.0	0.0	-0.32510389889071095	0.0	0.0	0.0	0.0
-0.2823269351550914	0.0024543769977185548	0.0	0.0	0.0	0.0	-0.4346521380765658	-0.15324679602660657	0.0	-0.11667553528057036
0.0	0.0	-0.5363437777568852	-0.467799824041569	0.0	0.0	0.0	0.0	0.0	0.0
0.0	0.0	-0.29446550158619916	-1.5418973378382848	0.0	0.0	0.0	0.0	-0.240267596558609	0.0
0.0	0.0	0.0	0.0	0.20765576835334731	0.0	-0.6622152192974172	0.0	0.0	0.0
-0.4052202853331012	0.0	0.0	0.0	0.0	-1.2794240644299113	0.0	0.0	0.0	-0.5896285054047634
0.0	-0.17163188262921086	0.0	0.0	-0.3087858374395406	0.0	0.34034991717711527	0.0	-0.24328685726060184	0.0
0.0	0.5363352736687574	0.0	0.0	0.0	0.0	0.0	0.20533095386615696	0.0	0.0
0.0	0.0	0.0	-0.12314634580159725	0.0	0.0	-0.08859924861414531	0.0	-0.41593412071370806	-0.15117910169757837
0.0	0.5174034771153476	0.0	0.0	0.0	0.22698564773658678	0.0	0.0	-0.7871161286224955	-2.0566908234525125
0.050708042945554865	-0.19849946562832216	0.0	0.0	0.0	-0.25424693913409724	0.0	0.0	0.0	0.0
-0.2806072852146597	0.1004820550277481	0.0	0.0	0.0	0.0	-0.4320046771712105	-0.1523133716492487	0.0	-0.11596486600919939
0.0	0.0	-0.03543206163310719	-0.42901416549374144	0.0	0.0	0.0	0.0	0.0	0.0
0.0	0.0	-0.17670618592202977	0.2656481326064981	0.0	0.0	0.0	0.0	-0.1441824945870489	0.0
0.0	0.0	0.0	0.0	-1.2387803943903535	0.0	-0.998478112455102	0.0	0.0	0.0
-0.1384009417668279	0.0	0.0	0.0	0.0	1.586108818946295	0.0	0.0	0.0	-0.20138463792232159
0.0	-0.18527430104261466	0.0	0.0	-0.3333301443011291	0.0	-0.004471856478718839	0.0	-0.26262487913851545	0.0
0.0	0.9117182533198718	0.0	0.0	0.0	0.0	0.0	-2.0071509724839975	0.0	0.0
0.0	0.0	0.0	-0.11574296431977386	0.0	0.0	-0.08327278900851304	0.0	-0.06184226783843383	-0.14209043118396228
0.0	0.23645432861545906	0.0	0.0	0.0	0.10373285320797018	0.0	0.0	-0.3597135001362571	0.7359100841173409
-1.145063997128367	-0.28157042794285436	0.0	0.0	0.0	-0.3606479202779994	0.0	0.0	0.0	0.0
-0.21082876434511483	0.528094149487393	0.0	0.0	0.0	0.0	-0.32457821688286775	-0.11443765586301223	0.0	-0.08712792110676477
0.0	0.0	-0.7093934038398836	-0.5077084704800788	0.0	0.0	0.0	0.0	0.0	0.0
0.0	0.0	-0.26276044416038274	-1.1059643097701435	0.0	0.0	0.0	0.0	-0.21439801962881827	0.0
0.0	0.0	0.0	0.0	-0.4069242943143452	0.0	-0.8332696966624579	0.0	0.0	0.0
-0.3310847354115743	0.0	0.0	0.0	0.0	-0.5543469697108516	0.0	0.0	0.0	-0.48175524466299813
0.0	-0.1277418714197242	0.0	0.0	-0.2298225722294812	0.0	0.5733980663217811	0.0	-0.1810731081091299	0.0
0.0	0.5711200330134132	0.0	0.0	0.0	0.0	0.0	-0.06561378096431913	0.0	0.0
0.0	0.0	0.0	-0.1409706286448551	0.0	0.0	-0.10142316195659193	0.0	-0.7361896771622274	-0.17306086401140847
0.0	0.43203703586492526	0.0	0.0	0.0	0.1895352674835863	0.0	0.0	-0.6572497753348612	-1.329271976324045
-0.3607278916585659	-0.22237273864926524	0.0	0.0	0.0	-0.2848248884171072	0.0	0.0	0.0	0.0
-0.275879012135323	0.021979003943613518	0.0	0.0	0.0	0.0	-0.42472533628149134	-0.14974686944941729	0.0	-0.11401084135270932
0.0	0.0	-0.03519174906619571	-0.3971666047044914	0.0	0.0	0.0	0.0	0.0	0.0
0.0	0.0	-0.26356272222851995	-1.0188407491244535	0.0	0.0	0.0	0.0	-0.2150526342514639	0.0
0.0	0.0	0.0	0.0	-1.8021902359206576	0.0	-1.154998942717041	0.0	0.0	0.0
-0.2887426826454263	0.0	0.0	0.0	0.0	-0.03238120441203152	0.0	0.0	0.0	-0.42014411068990315
0.0	-0.14555270897988415	0.0	0.0	-0.26186635283285015	0.0	0.26934662043441693	0.0	-0.20631983167127602	0.0
0.0	0.9621753435412972	0.0	0.0	0.0	0.0	0.0	-2.308697543707839	0.0	0.0
0.0	0.0	0.0	-0.10596158744752115	0.0	0.0	-0.0762354495271646	0.0	0.035483656748215076	-0.1300824437825736
0.0	0.4045673466153481	0.0	0.0	0.0	0.17748427539864525	0.0	0.0	-0.6154606563727366	-0.8837355073482829
-0.7687191302963758	-0.25152831281548854	0.0	0.0	0.0	-0.32216864381209287	0.0	0.0	0.0	0.0
-0.23554334088663123	0.45130396979366394	0.0	0.0	0.0	0.0	-0.36262716722310356	-0.12785270486661213	0.0	-0.09734156383139538
0.0	0.0	-0.5253211874484579	-0.47937881423508855	0.0	0.0	0.0	0.0	0.0	0.0
0.0	0.0	-0.2579257483973952	-1.0146418708682532	0.0	0.0	0.0	0.0	-0.21045317473253058	0.0
0.0	0.0	0.0	0.0	0.1400814576947924	0.0	-0.6915781596957362	0.0	0.0	0.0
-0.3477037785967937	0.0	0.0	0.0	0.0	-0.748706537873642	0.0	0.0	0.0	-0.5059373055055422
0.0	-0.14819462706918438	0.0	0.0	-0.26661947257467367	0.0	0.49982694824232066	0.0	-0.21006472999226197	0.0
0.0	0.41023901750181235	0.0	0.0	0.0	0.0	0.0	0.9047662389707034	0.0	0.0
0.0	0.0	0.0	-0.13703620544669	0.0	0.0	-0.09859248974444927	0.0	-0.6810942978309797	-0.16823081760666164
0.0	0.4935138553954254	0.0	0.0	0.0	0.21650523641327887	0.0	0.0	-0.7507732987148237	-1.917778906384235
-0.44301919141149115	-0.23210214302021281	0.0	0.0	0.0	-0.29728674201999356	0.0	0.0	0.0	0.0
-0.26371715721679256	0.008813893464007516	0.0	0.0	0.0	0.0	-0.40600173755573604	-0.14314542598819957	0.0	-0.10898478554317532
0.0	0.0	0.38411153922809627	-0.33421450301614336	0.0	0.0	0.0	0.0	0.0	0.0
0.0	0.0	-0.24823299976179622	-0.7875016706358906	0.0	0.0	0.0	0.0	-0.202544426827675	0.0
0.0	0.0	0.0	0.0	-0.9751040261121998	0.0	-0.9265202180041247	0.0	0.0	0.0
-0.22509711579136646	0.0	0.0	0.0	0.0	0.5314969974280181	0.0	0.0	0.0	-0.32753462933348504
0.0	-0.20158237228231707	0.0	0.0	-0.36267027247331834	0.0	-0.12364093772622842	0.0	-0.2857414431423059	0.0
0.0	0.8553647034192079	0.0	0.0	0.0	0.0	0.0	-1.6908540503819067	0.0	0.0
0.0	0.0	0.0	-0.12592332855551466	0.0	0.0	-0.0905971851652462	0.0	-0.39406308544316226	-0.154588230530709
0.0	0.37776066221593063	0.0	0.0	0.0	0.16572414449269168	0.0	0.0	-0.5746801541555654	-0.7217416714367224
-0.6545302603656298	-0.2452480758079808	0.0	0.0	0.0	-0.3141246370882395	0.0	0.0	0.0	0.0
-0.21017735749666666	0.3691487513168673	0.0	0.0	0.0	0.0	-0.32357535337896515	-0.11408407283566263	0.0	-0.08685871816059045
0.0	0.0	-0.4635651421695355	-0.4779311054223755	0.0	0.0	0.0	0.0	0.0	0.0
0.0	0.0	-0.2343034180236199	-0.6370805702397708	0.0	0.0	0.0	0.0	-0.1911786569589809	0.0
0.0	0.0	0.0	0.0	-0.27475340601804277	0.0	-0.7750999938421073	0.0	0.0	0.0
-0.3145715538830747	0.0	0.0	0.0	0.0	-0.436841722721394	0.0	0.0	0.0	-0.45772722114950837
0.0	-0.17488440471223693	0.0	0.0	-0.31463750520553213	0.0	0.2696644893733523	0.0	-0.24789728198838748	0.0
0.0	0.7436644778261853	0.0	0.0	0.0	0.0	0.0	-1.0824506046146352	0.0	0.0
0.0	0.0	0.0	-0.1230613354313023	0.0	0.0	-0.0885380867917338	0.0	-0.3641358910765248	-0.15107473975867947
0.0	0.48168786060064567	0.0	0.0	0.0	0.21131715552988706	0.0	0.0	-0.7327826363948222	-1.7668749117030533
-0.5788014575555833	-0.24022009531743482	0.0	0.0	0.0	-0.30768457617572853	0.0	0.0	0.0	0.0
-0.24326108012172593	0.12633164999175683	0.0	0.0	0.0	0.0	-0.37450889525521125	-0.1320418864964038	0.0	-0.10053102698309882
0.0	0.0	-0.807659133502467	-0.51925248534791	0.0	0.0	0.0	0.0	0.0	0.0
0.0	0.0	-0.27511592636563836	-1.278448038383345	0.0	0.0	0.0	0.0	-0.22447941115953524	0.0
0.0	0.0	0.0	0.0	-1.3865283476953385	0.0	-1.0239735736985187	0.0	0.0	0.0
-0.28090903459468375	0.0	0.0	0.0	0.0	0.16731050233505584	0.0	0.0	0.0	-0.4087455150143945
0.0	-0.20227708493269228	0.0	0.0	-0.3639201418113445	0.0	-0.1966731571099989	0.0	-0.2867261929150162	0.0
0.0	0.9099303654506133	0.0	0.0	0.0	0.0	0.0	-2.031133269353058	0.0	0.0
0.0	0.0	0.0	-0.12735875781900427	0.0	0.0	-0.09162992351696989	0.0	-0.41153258339567744	-0.15635041766823396
0.0	0.31346423850027855	0.0	0.0	0.0	0.137517211161647	0.0	0.0	-0.47686722023117045	-0.06698148926364467
-0.7461030086510647	-0.2505667436355661	0.0	0.0	0.0	-0.3209370232634576	0.0	0.0	0.0	0.0
-0.23728601674636496	0.3672036694431555	0.0	0.0	0.0	0.0	-0.365310077332235	-0.12879862769140532	0.0	-0.09806174888438463
0.0	0.0	-0.39907587005156464	-0.46249794575284575	0.0	0.0	0.0	0.0	0.0	0.0
0.0	0.0	-0.24764970320553054	-0.8217375009704477	0.0	0.0	0.0	0.0	-0.20206848903224586	0.0
0.0	0.0	0.0	0.0	-0.3668771147150822	0.0	-0.8271843010531097	0.0	0.0	0.0
-0.3314758089979699	0.0	0.0	0.0	0.0	-0.6076905119387866	0.0	0.0	0.0	-0.48232428856972204
0.0	-0.1216782757707548	0.0	0.0	-0.2189134542283301	0.0	0.7123801894912272	0.0	-0.17247800848930114	0.0
0.0	0.6581074030536581	0.0	0.0	0.0	0.0	0.0	-0.5534935009623783	0.0	0.0
0.0	0.0	0.0	-0.11593726821667479	0.0	0.0	-0.08341258348764406	0.0	-0.20681167151188884	-0.14232896598090336
0.0	0.4918061662120747	0.0	0.0	0.0	0.2157560707184971	0.0	0.0	-0.7481754234427371	-1.8189346694960136
-0.9354181465250709	-0.265154929073722	0.0	0.0	0.0	-0.33962221963631145	0.0	0.0	0.0	0.0
-0.2487173235160796	0.0811262111821196	0.0	0.0	0.0	0.0	-0.3829089717690557	-0.1350035303015431	0.0	-0.10278589550390638
0.0	0.0	-0.8451200898710566	-0.5401011241796146	0.0	0.0	0.0	0.0	0.0	0.0
0.0	0.0	-0.23491322187352787	-0.6974181768224563	0.0	0.0	0.0	0.0	-0.19167622324297798	0.0
0.0	0.0	0.0	0.0	-1.9535664514640976	0.0	-1.1875856391357509	0.0	0.0	0.0
-0.31978130884365175	0.0	0.0	0.0	0.0	-0.2753912150258784	0.0	0.0	0.0	-0.46530783875952014
0.0	-0.15157332461765813	0.0	0.0	-0.2726981447652847	0.0	0.078560320883999	0.0	-0.2148540074598878	0.0
0.0	0.9970398278519513	0.0	0.0	0.0	0.0	0.0	-2.539139553357192	0.0	0.0
0.0	0.0	0.0	-0.1394550106531697	0.0	0.0	-0.1003327307759075	0.0	-0.6559586248203931	-0.17120023416479618
0.0	0.3501360149898191	0.0	0.0	0.0	0.15360517212112465	0.0	0.0	-0.5326553005531	-0.47242610970712096
-0.046723075662202795	-0.20032133854321268	0.0	0.0	0.0	-0.2565804749480906	0.0	0.0	0.0	0.0
-0.20968517294588584	0.8499994724085546	0.0	0.0	0.0	0.0	-0.32281761814124293	-0.1138169155223885	0.0	-0.08665531604492752
0.0	0.0	-0.5543086572865448	-0.48549325442114366	0.0	0.0	0.0	0.0	0.0	0.0
0.0	0.0	-0.25417305409311836	-0.9828061479849911	0.0	0.0	0.0	0.0	-0.20739118330653725	0.0
0.0	0.0	0.0	0.0	0.4038898662650885	0.0	-0.6562373682973975	0.0	0.0	0.0
-0.29232138564201154	0.0	0.0	0.0	0.0	-0.08149596089320732	0.0	0.0	0.0	-0.42535141490328804
0.0	-0.09988194527888045	0.0	0.0	-0.17969930554604482	0.0	0.9093583717112657	0.0	-0.14158187972843747	0.0
0.0	0.51352165502999	0.0	0.0	0.0	0.0	0.0	0.2725665114826894	0.0	0.0
0.0	0.0	0.0	-0.152578295504121	0.0	0.0	-0.10977444964767122	0.0	-0.9801256000606677	-0.1873108739257571
0.0	0.43820088342960245	0.0	0.0	0.0	0.19223935625356942	0.0	0.0	-0.6666267201122275	-1.4532541361618785
-1.3738362954417256	-0.29334913250219197	0.0	0.0	0.0	-0.37573460865621305	0.0	0.0	0.0	0.0
-0.29427563351475794	-0.039364563639933015	0.0	0.0	0.0	0.0	-0.4530475748647987	-0.15973253830727627	0.0	-0.12161350117551527
0.0	0.0	-0.08138394445886044	-0.4249969988441256	0.0	0.0	0.0	0.0	0.0	0.0
0.0	0.0	-0.2081941388022756	-0.19524735105569158	0.0	0.0	0.0	0.0	-0.16987492619052735	0.0
0.0	0.0	0.0	0.0	-1.5406188508041003	0.0	-1.0970999767255414	0.0	0.0	0.0
-0.3946635403417425	0.0	0.0	0.0	0.0	-0.7920074439067195	0.0	0.0	0.0	-0.5742675819848577
0.0	-0.13795398998185754	0.0	0.0	-0.24819536832036043	0.0	0.3672600785197886	0.0	-0.195548706656991	0.0
0.0	0.7606169114648486	0.0	0.0	0.0	0.0	0.0	-1.1045783399724143	0.0	0.0
0.0	0.0	0.0	-0.10649196819858871	0.0	0.0	-0.07661703889319987	0.0	0.12352378412888787	-0.13073355920936233
0.0	0.2606474742586211	0.0	0.0	0.0	0.11434642091187348	0.0	0.0	-0.39651807525046834	0.6239197186623826
-0.46549883558969474	-0.22971673384208086	0.0	0.0	0.0	-0.29423140391012664	0.0	0.0	0.0	0.0
-0.23008183302688434	0.293404769494486	0.0	0.0	0.0	0.0	-0.35421898588164946	-0.12488820351458713	0.0	-0.09508451969699508
0.0	0.0	-0.8648676274587975	-0.5181624287926814	0.0	0.0	0.0	0.0	0.0	0.0
0.0	0.0	-0.30363736439877503	-1.702132081520153	0.0	0.0	0.0	0.0	-0.24775133038166192	0.0
0.0	0.0	0.0	0.0	-1.2240459445207996	0.0	-1.0287211042694455	0.0	0.0	0.0
-0.32748225225942684	0.0	0.0	0.0	0.0	-0.5329347945332302	0.0	0.0	0.0	-0.4765133383872537
0.0	-0.12576925247137005	0.0	0.0	-0.22627359994889062	0.0	0.5029807488492495	0.0	-0.17827693610911413	0.0
0.0	0.9354768016654131	0.0	0.0	0.0	0.0	0.0	-2.193773310367058	0.0	0.0
0.0	0.0	0.0	-0.12253854400714335	0.0	0.0	-0.08816195766617269	0.0	-0.383972482004291	-0.15043294127602794
0.0	0.4916129119328445	0.0	0.0	0.0	0.21567128978893416	0.0	0.0	-0.7478814293610672	-1.8494919456169348
-0.32254292411475993	-0.2237661722743426	0.0	0.0	0.0	-0.2866096601440286	0.0	0.0	0.0	0.0
-0.20497739081443778	0.8856131931103518	0.0	0.0	0.0	0.0	-0.31556982377862397	-0.11126153578988296	0.0	-0.08470975955783829
0.0	0.0	0.07528935529131298	-0.4052650260133121	0.0	0.0	0.0	0.0	0.0	0.0
0.0	0.0	-0.1921166099534038	0.04176803691771558	0.0	0.0	0.0	0.0	-0.1567565500333484	0.0
0.0	0.0	0.0	0.0	-1.4025896102705857	0.0	-1.0732405852549571	0.0	0.0	0.0
-0.24342635894591264	0.0	0.0	0.0	0.0	0.4767882683583773	0.0	0.0	0.0	-0.3542051703641039
0.0	-0.12214191908553812	0.0	0.0	-0.2197476027969728	0.0	0.5383119858087296	0.0	-0.17313521927797032	0.0
0.0	0.42579074892763874	0.0	0.0	0.0	0.0	0.0	0.7849245807223604	0.0	0.0
0.0	0.0	0.0	-0.11685836603193442	0.0	0.0	-0.08407527935410214	0.0	-0.122670698181506	-0.14345974042151002
0.0	0.3333221003453448	0.0	0.0	0.0	0.1462288836434327	0.0	0.0	-0.5070766100585302	-0.2613113155149507
-0.9876564149849083	-0.2651258915704261	0.0	0.0	0.0	-0.33958502711133554	0.0	0.0	0.0	0.0
-0.3327461289643155	-0.5154761234179764	0.0	0.0	0.0	0.0	-0.5122742408959	-0.1806142872128926	0.0	-0.13751196883897132
0.0	0.0	-0.6987432776666734	-0.4928788627338814	0.0	0.0	0.0	0.0	0.0	0.0
0.0	0.0	-0.29849906179952923	-1.643291191556316	0.0	0.0	0.0	0.0	-0.24355875906427027	0.0
0.0	0.0	0.0	0.0	-0.24833944140635245	0.0	-0.78625398235888	0.0	0.0	0.0
-0.35135996621121496	0.0	0.0	0.0	0.0	-0.8489976132356959	0.0	0.0	0.0	-0.5112573561461425
0.0	-0.14414040045674742	0.0	0.0	-0.25932544456243334	0.0	0.38088731602665027	0.0	-0.20431789533629688	0.0
0.0	0.9551435824579211	0.0	0.0	0.0	0.0	0.0	-2.2147304816391324	0.0	0.0
0.0	0.0	0.0	-0.1436631473465115	0.0	0.0	-0.1033603297409339	0.0	-0.8585214212431549	-0.17636630158627692
0.0	0.5166584293878335	0.0	0.0	0.0	0.2266587942295958	0.0	0.0	-0.78598270159918	-2.1217419548461307
-0.2451821045929854	-0.22156367925154055	0.0	0.0	0.0	-0.28378860917676735	0.0	0.0	0.0	0.0
-0.09628239220965659	1.5693475374275343	0.0	0.0	0.0	0.0	-0.1482300922158366	-0.05226199233098887	0.0	-0.03979003860536511
0.0	0.0	0.4572072848712092	-0.3555884343818955	0.0	0.0	0.0	0.0	0.0	0.0
0.0	0.0	-0.15722982442711225	0.5973203628175114	0.0	0.0	0.0	0.0	-0.12829085858594463	0.0
0.0	0.0	0.0	0.0	-1.530155284883998	0.0	-1.0918800273122984	0.0	0.0	0.0
-0.23290628113242842	0.0	0.0	0.0	0.0	0.7796616771120632	0.0	0.0	0.0	-0.33889760067319485
0.0	-0.1427702268257359	0.0	0.0	-0.2568603418926485	0.0	0.42302142272778276	0.0	-0.202375684882833	0.0
0.0	0.4688838511240416	0.0	0.0	0.0	0.0	0.0	0.43067183172044143	0.0	0.0
0.0	0.0	0.0	-0.11255496513039977	0.0	0.0	-0.0809791413089206	0.0	0.03770184500889506	-0.13817672306274303
0.0	0.2199653496810384	0.0	0.0	0.0	0.09649911449246865	0.0	0.0	-0.3346291281947333	0.840865082497833
-0.5434748121727935	-0.23322202902662414	0.0	0.0	0.0	-0.298721141797383	0.0	0.0	0.0	0.0
-0.18743842421438434	0.6502759432691534	0.0	0.0	0.0	0.0	-0.28856797456370953	-0.10174140114315022	0.0	-0.07746153750915157
0.0	0.0	-1.004267407079686	-0.5518493483021476	0.0	0.0	0.0	0.0	0.0	0.0
0.0	0.0	-0.27389610382027935	-1.305560455113039	0.0	0.0	0.0	0.0	-0.2234841032894362	0.0
0.0	0.0	0.0	0.0	-0.12010689663128282	0.0	-0.7683191712402473	0.0	0.0	0.0
-0.4009898905605309	0.0	0.0	0.0	0.0	-1.0151619375016134	0.0	0.0	0.0	-0.5834729366010636
0.0	-0.1219899960742561	0.0	0.0	-0.21947427552498572	0.0	0.6558372803096887	0.0	-0.17291986959238645	0.0
0.0	0.8717272184926024	0.0	0.0	0.0	0.0	0.0	-1.8577151301381587	0.0	0.0
0.0	0.0	0.0	-0.1491072387794133	0.0	0.0	-0.10727715250333167	0.0	-0.9112891412182085	-0.18304967369145958
0.0	0.41591815658733877	0.0	0.0	0.0	0.18246389201852511	0.0	0.0	-0.6327284290048311	-1.1883252840876624
-0.10245964913611583	-0.20707138087614135	0.0	0.0	0.0	-0.26522622921619593	0.0	0.0	0.0	0.0
-0.2292470109714779	0.5217448956150612	0.0	0.0	0.0	0.0	-0.35293374828610596	-0.12443506288465359	0.0	-0.09473951786383641
0.0	0.0	0.3282535598667846	-0.37459490631247816	0.0	0.0	0.0	0.0	0.0	0.0
0.0	0.0	-0.16291100316845478	0.5303377225081383	0.0	0.0	0.0	0.0	-0.1329263868717688	0.0
0.0	0.0	0.0	0.0	-2.002275129549282	0.0	-1.1993591397161396	0.0	0.0	0.0
-0.22973093675326642	0.0	0.0	0.0	0.0	0.5264997176073712	0.0	0.0	0.0	-0.33427721608684163
0.0	-0.15123951076901276	0.0	0.0	-0.27209757459601397	0.0	0.2619146354477633	0.0	-0.21438082892858631	0.0
0.0	0.6712014849050966	0.0	0.0	0.0	0.0	0.0	-0.6380427171245944	0.0	0.0
0.0	0.0	0.0	-0.093353288512494	0.0	0.0	-0.06716424400600617	0.0	0.37535165025833983	-0.11460402016777223
0.0	0.3860156776901375	0.0	0.0	0.0	0.16934563162481367	0.0	0.0	-0.5872383531417851	-0.6914283313216034
-0.8450064822452213	-0.25597541126735207	0.0	0.0	0.0	-0.3278646851885033	0.0	0.0	0.0	0.0
-0.2801639234981023	-0.12718201656882333	0.0	0.0	0.0	0.0	-0.43132210638519214	-0.15207271532467254	0.0	-0.11578164060927842
0.0	0.0	-1.2955070230454708	-0.5972827861449772	0.0	0.0	0.0	0.0	0.0	0.0
0.0	0.0	-0.27987942597053495	-1.3921635205762715	0.0	0.0	0.0	0.0	-0.22836616392042308	0.0
0.0	0.0	0.0	0.0	-0.0005355695746693812	0.0	-0.7315262826859635	0.0	0.0	0.0
-0.34858424042682207	0.0	0.0	0.0	0.0	-0.7272111456343483	0.0	0.0	0.0	-0.5072184491493724
0.0	-0.13672330506658817	0.0	0.0	-0.24598122217009863	0.0	0.5633031012194193	0.0	-0.19380422037199962	0.0
0.0	0.977085163150224	0.0	0.0	0.0	0.0	0.0	-2.3925521161642007	0.0	0.0
0.0	0.0	0.0	-0.13218898657384454	0.0	0.0	-0.09510509474943804	0.0	-0.5755351273751828	-0.16228018878240935
0.0	0.4732552512515642	0.0	0.0	0.0	0.20761775771006116	0.0	0.0	-0.7199542672040308	-1.6656545414805621
-0.4379603887774801	-0.2320750033792894	0.0	0.0	0.0	-0.2972519803615068	0.0	0.0	0.0	0.0
-0.17666092652695511	0.9344937976940861	0.0	0.0	0.0	0.0	-0.27197564195335117	-0.0958913854906394	0.0	-0.07300758659237083
0.0	0.0	0.8392708803971661	-0.2682777122255867	0.0	0.0	0.0	0.0	0.0	0.0
0.0	0.0	-0.2250428064533269	-0.35720602825970804	0.0	0.0	0.0	0.0	-0.18362250904803176	0.0
0.0	0.0	0.0	0.0	-1.5194499068696774	0.0	-1.0930714668918649	0.0	0.0	0.0
-0.2687486538208601	0.0	0.0	0.0	0.0	0.2154132147950938	0.0	0.0	0.0	-0.39105117097402037
0.0	-0.1361801303599631	0.0	0.0	-0.2450039873225176	0.0	0.5173517673428014	0.0	-0.1930342744546449	0.0
0.0	0.522508437102168	0.0	0.0	0.0	0.0	0.0	0.18911866524036336	0.0	0.0
0.0	0.0	0.0	-0.09056687453194268	0.0	0.0	-0.06515952203559107	0.0	0.4206002599225319	-0.1111833132048876
0.0	0.3510520349724117	0.0	0.0	0.0	0.15400703140171484	0.0	0.0	-0.5340488244359679	-0.3421694836040481
-1.1109061180445439	-0.27254379937745354	0.0	0.0	0.0	-0.3490862131661486	0.0	0.0	0.0	0.0
-0.2558655151179243	-0.15791597329929974	0.0	0.0	0.0	0.0	-0.39391386140672346	-0.13888356200934043	0.0	-0.10573998516940414
0.0	0.0	-0.41120999709597594	-0.46014598650540417	0.0	0.0	0.0	0.0	0.0	0.0
0.0	0.0	-0.259490193835421	-1.030133095965268	0.0	0.0	0.0	0.0	-0.21172967586192185	0.0
0.0	0.0	0.0	0.0	-0.10257403329344661	0.0	-0.7401221959332794	0.0	0.0	0.0
-0.4350897017829125	0.0	0.0	0.0	0.0	-1.6390667681019124	0.0	0.0	0.0	-0.6330909381014318
0.0	-0.16435614892394693	0.0	0.0	-0.29569594125736903	0.0	0.3069620280002673	0.0	-0.23297356138396824	0.0
0.0	0.9913387102641589	0.0	0.0	0.0	0.0	0.0	-2.498955891681456	0.0	0.0
0.0	0.0	0.0	-0.13734210904150762	0.0	0.0	-0.09881257608540228	0.0	-0.721802512996727	-0.16860635640458177
0.0	0.556533172335879	0.0	0.0	0.0	0.24415190116976082	0.0	0.0	-0.8466433942448262	-2.5174946265226272
0.019497756124972287	-0.2080610291954691	0.0	0.0	0.0	-0.26649381477473555	0.0	0.0	0.0	0.0
-0.19492615911016142	0.9593053747179815	0.0	0.0	0.0	0.0	-0.30009560291419685	-0.10580573663294014	0.0	-0.0805559481665119
0.0	0.0	-0.2351239515878738	-0.4458581078198526	0.0	0.0	0.0	0.0	0.0	0.0
0.0	0.0	-0.21987863472752497	-0.37345303381513517	0.0	0.0	0.0	0.0	-0.1794088299511915	0.0
0.0	0.0	0.0	0.0	-1.429619222130142	0.0	-1.0418277910666254	0.0	0.0	0.0
-0.04279556048217463	0.0	0.0	0.0	0.0	2.637500496541561	0.0	0.0	0.0	-0.06227102462138889
0.0	-0.1888655853055701	0.0	0.0	-0.3397912848633162	0.0	0.038502619403889105	0.0	-0.2677154966186687	0.0
0.0	0.4732392777485864	0.0	0.0	0.0	0.0	0.0	0.49617847189819386	0.0	0.0
0.0	0.0	0.0	-0.10109199215193004	0.0	0.0	-0.07273195552223934	0.0	0.2987345893637352	-0.12410434481726375
0.0	0.09143544079793414	0.0	0.0	0.0	0.04011285906177336	0.0	0.0	-0.13909900756951535	2.1862952061766503
-0.784380641174336	-0.2617379396290509	0.0	0.0	0.0	-0.3352455876659874	0.0	0.0	0.0	0.0
-0.30169040586524737	-0.06044174254934587	0.0	0.0	0.0	0.0	-0.4644628748386422	-0.16375726979580738	0.0	-0.12467775904556826
0.0	0.0	-0.6850053022072975	-0.5114957697092667	0.0	0.0	0.0	0.0	0.0	0.0
0.0	0.0	-0.24152889447131318	-0.7977697179115459	0.0	0.0	0.0	0.0	-0.19707424693718387	0.0
0.0	0.0	0.0	0.0	-0.8243924002124654	0.0	-0.9261778407057207	0.0	0.0	0.0
-0.12645094469161605	0.0	0.0	0.0	0.0	1.5209976277903279	0.0	0.0	0.0	-0.18399641929141958
0.0	-0.13898541312767485	0.0	0.0	-0.2500510192341466	0.0	0.32007108567075315	0.0	-0.19701074093528326	0.0
0.0	0.8570676761415286	0.0	0.0	0.0	0.0	0.0	-1.6657921646402594	0.0	0.0
0.0	0.0	0.0	-0.14867795613262408	0.0	0.0	-0.1069682994902679	0.0	-0.8158294406082497	-0.18252267011296516
0.0	0.2585749081236022	0.0	0.0	0.0	0.11343718317490074	0.0	0.0	-0.39336511956952597	0.38504472453733873
-0.6635518523891162	-0.24605828021042297	0.0	0.0	0.0	-0.31516238290151843	0.0	0.0	0.0	0.0
-0.26499574671624276	0.11628074522072374	0.0	0.0	0.0	0.0	-0.4079701705688773	-0.14383944317120892	0.0	-0.10951318044878543
0.0	0.0	-0.024980556512965046	-0.38034453734263485	0.0	0.0	0.0	0.0	0.0	0.0
0.0	0.0	-0.3049379997770507	-1.635890362618079	0.0	0.0	0.0	0.0	-0.24881257706303564	0.0
0.0	0.0	0.0	0.0	-1.297648685977057	0.0	-1.0233134882828814	0.0	0.0	0.0
-0.2799804367938091	0.0	0.0	0.0	0.0	-0.06909241517750275	0.0	0.0	0.0	-0.4073943296140836
0.0	-0.16616945376631137	0.0	0.0	-0.29895828882184994	0.0	0.19478218523710922	0.0	-0.23554390687920082	0.0
0.0	0.6792425533447788	0.0	0.0	0.0	0.0	0.0	-0.6523660268572713	0.0	0.0
0.0	0.0	0.0	-0.10544470109817981	0.0	0.0	-0.07586356888488933	0.0	0.0019279264861611356	-0.129447894592628
0.0	0.4388391868083284	0.0	0.0	0.0	0.1925193808615994	0.0	0.0	-0.6675977589756509	-1.2393158065293206
-0.6811884485334325	-0.24807443134390172	0.0	0.0	0.0	-0.31774475889379705	0.0	0.0	0.0	0.0
-0.23977362614188252	0.21571289327003718	0.0	0.0	0.0	0.0	-0.3691398385339676	-0.13014889974185398	0.0	-0.09908978808876145
0.0	0.0	0.05512381969472191	-0.4068246425494064	0.0	0.0	0.0	0.0	0.0	0.0
0.0	0.0	-0.19686224954791387	-0.0504589953741752	0.0	0.0	0.0	0.0	-0.16062873001152672	0.0
0.0	0.0	0.0	0.0	-0.8076503755684263	0.0	-0.9197735265559754	0.0	0.0	0.0
-0.2809490911272805	0.0	0.0	0.0	0.0	-0.1331720320871781	0.0	0.0	0.0	-0.4088038005304498
0.0	-0.1432571292358768	0.0	0.0	-0.2577363362951075	0.0	0.39301607781717285	0.0	-0.20306586525807077	0.0
0.0	0.8356498847382593	0.0	0.0	0.0	0.0	0.0	-1.596866426075577	0.0	0.0
0.0	0.0	0.0	-0.13076027083588285	0.0	0.0	-0.09407718653143417	0.0	-0.495609907286668	-0.16052624342219354
0.0	0.4668565592566402	0.0	0.0	0.0	0.20481064235159413	0.0	0.0	-0.7102200580344826	-1.6417517053315844
-0.1938917401342657	-0.20967044380704408	0.0	0.0	0.0	-0.26855522454979663	0.0	0.0	0.0	0.0
-0.23991319165142025	0.442715027991918	0.0	0.0	0.0	0.0	-0.3693547044910148	-0.1302246557697396	0.0	-0.09914746547800195
0.0	0.0	-0.9260541685085707	-0.5441210891055427	0.0	0.0	0.0	0.0	0.0	0.0
0.0	0.0	-0.2600751075525777	-1.0667563358366765	0.0	0.0	0.0	0.0	-0.2122069331713804	0.0
0.0	0.0	0.0	0.0	-1.9949496538385292	0.0	-1.1912079377132354	0.0	0.0	0.0
-0.3110635544215886	0.0	0.0	0.0	0.0	-0.016177748701890815	0.0	0.0	0.0	-0.4526227963358877
0.0	-0.16254025344988365	0.0	0.0	-0.2924289328433632	0.0	0.01846568747749877	0.0	-0.23039954368847387	0.0
0.0	0.724234635287815	0.0	0.0	0.0	0.0	0.0	-0.9405351668907798	0.0	0.0
0.0	0.0	0.0	-0.13052590673801073	0.0	0.0	-0.09390857021693097	0.0	-0.45928691296325286	-0.16023852921065249
0.0	0.3085279472168817	0.0	0.0	0.0	0.1353516530934539	0.0	0.0	-0.4693577336185127	-0.021326115900676346
-1.1759912693667207	-0.28067464962816113	0.0	0.0	0.0	-0.35950056759403853	0.0	0.0	0.0	0.0
-0.29853993889902014	-0.23541458145455463	0.0	0.0	0.0	0.0	-0.4596126213477451	-0.16204719927668823	0.0	-0.12337578472467538
0.0	0.0	0.06552720510208587	-0.39744911271449157	0.0	0.0	0.0	0.0	0.0	0.0
0.0	0.0	-0.21781798469255517	-0.33168344788532966	0.0	0.0	0.0	0.0	-0.177727453258222	0.0
0.0	0.0	0.0	0.0	-0.47741302689375686	0.0	-0.8505215896722922	0.0	0.0	0.0
-0.3453838887088867	0.0	0.0	0.0	0.0	-0.7936294140165878	0.0	0.0	0.0	-0.5025616768491786
0.0	-0.12688166896062564	0.0	0.0	-0.2282749673635826	0.0	0.6397973334031425	0.0	-0.17985377782109685	0.0
0.0	0.8706603661600496	0.0	0.0	0.0	0.0	0.0	-1.748760430686139	0.0	0.0
0.0	0.0	0.0	-0.10880300635536348	0.0	0.0	-0.0782797455117036	0.0	-0.037903604065048	-0.1335706768701083
0.0	0.49735518365965986	0.0	0.0	0.0	0.2181904326340065	0.0	0.0	-0.7566170387858598	-1.8055189927214577
0.30802255147395274	-0.17782355539628253	0.0	0.0	0.0	-0.227764314238016	0.0	0.0	0.0	0.0
-0.21048509042596578	0.738452380127157	0.0	0.0	0.0	0.0	-0.3240491189288336	-0.11425110998152002	0.0	-0.0869858930765428
0.0	0.0	-1.0020632632586755	-0.5476754166708374	0.0	0.0	0.0	0.0	0.0	0.0
0.0	0.0	-0.28430935786600775	-1.4310696707243094	0.0	0.0	0.0	0.0	-0.23198074384136502	0.0
0.0	0.0	0.0	0.0	-1.4255830320068417	0.0	-1.0643544147113349	0.0	0.0	0.0
-0.20334238257657003	0.0	0.0	0.0	0.0	0.8859822453838588	0.0	0.0	0.0	-0.29587972138539087
0.0	-0.14745277754297675	0.0	0.0	-0.2652847984821042	0.0	0.2746752580665468	0.0	-0.209013164065078	0.0
0.0	0.7008141098694585	0.0	0.0	0.0	0.0	0.0	-0.8297904526181321	0.0	0.0
0.0	0.0	0.0	-0.1280544341412392	0.0	0.0	-0.09213043694290599	0.0	-0.4307256479327076	-0.1572044561765077
0.0	0.3423935925616531	0.0	0.0	0.0	0.15020856029372529	0.0	0.0	-0.5208768996776466	-0.40971685381695955
-0.6320657202874277	-0.24005252144135408	0.0	0.0	0.0	-0.30746994010636935	0.0	0.0	0.0	0.0
-0.2682105315307714	0.11928661126315543	0.0	0.0	0.0	0.0	-0.41291944362468175	-0.14558442535815777	0.0	-0.11084173501564222
0.0	0.0	0.3541330584524236	-0.36429618344549536	0.0	0.0	0.0	0.0	0.0	0.0
0.0	0.0	-0.17947719708263507	0.24234363931380098	0.0	0.0	0.0	0.0	-0.1464434867508485	0.0
0.0	0.0	0.0	0.0	-1.0837076804160635	0.0	-0.9829973659742883	0.0	0.0	0.0
-0.3513776701947159	0.0	0.0	0.0	0.0	-0.6285699357822879	0.0	0.0	0.0	-0.5112831168834728
0.0	-0.14754137041736634	0.0	0.0	-0.26544418742832143	0.0	0.32045491788673997	0.0	-0.2091387437747202	0.0
0.0	0.7663239552813529	0.0	0.0	0.0	0.0	0.0	-1.1622784224669191	0.0	0.0
0.0	0.0	0.0	-0.12298825321681287	0.0	0.0	-0.08848550683697612	0.0	-0.29765613611615693	-0.15098502127402072
0.0	0.4243485259401125	0.0	0.0	0.0	0.18616230714875703	0.0	0.0	-0.6455533905315849	-1.1371618897546496
-0.7597386152405501	-0.25232508898864153	0.0	0.0	0.0	-0.32318919015239606	0.0	0.0	0.0	0.0
-0.1996546598903096	0.49912427779197166	0.0	0.0	0.0	0.0	-0.30737529435723643	-0.1083723624285588	0.0	-0.08251006692353137
0.0	0.0	-0.6520499749844875	-0.49001662271637353	0.0	0.0	0.0	0.0	0.0	0.0
0.0	0.0	-0.2854651485182351	-1.455257063761109	0.0	0.0	0.0	0.0	-0.23292380522084646	0.0
0.0	0.0	0.0	0.0	-0.4630365799229823	0.0	-0.8381596806744954	0.0	0.0	0.0
-0.3387777933612749	0.0	0.0	0.0	0.0	-0.5677480815342426	0.0	0.0	0.0	-0.49294927029561286
0.0	-0.1426501598482157	0.0	0.0	-0.2566443273524916	0.0	0.4064420779536292	0.0	-0.20220549087706788	0.0
0.0	0.7997532120947602	0.0	0.0	0.0	0.0	0.0	-1.4225206144751281	0.0	0.0
0.0	0.0	0.0	-0.15083724355375538	0.0	0.0	-0.10852182705788599	0.0	-0.9700998084772295	-0.18517349284350273
0.0	0.435469694989058	0.0	0.0	0.0	0.1910411799662279	0.0	0.0	-0.662471814768635	-1.408304660160346
-0.6196148872213367	-0.23980832903226978	0.0	0.0	0.0	-0.3071571676141465	0.0	0.0	0.0	0.0
-0.26551247504101994	0.22239557910735586	0.0	0.0	0.0	0.0	-0.4087656918004797	-0.1441199228220251	0.0	-0.10972672562064405
0.0	0.0	-0.15524701406206343	-0.4184836541891059	0.0	0.0	0.0	0.0	0.0	0.0
0.0	0.0	-0.25896120757842833	-0.9419238086532415	0.0	0.0	0.0	0.0	-0.21129805227309556	0.0
0.0	0.0	0.0	0.0	-1.9158157286636368	0.0	-1.189722485329404	0.0	0.0	0.0
-0.3388089755231307	0.0	0.0	0.0	0.0	-0.4178916290342627	0.0	0.0	0.0	-0.49299464287975
0.0	-0.13197481448224838	0.0	0.0	-0.23743813204489841	0.0	0.41512669186093065	0.0	-0.18707327194156523	0.0
0.0	0.7568360687941122	0.0	0.0	0.0	0.0	0.0	-1.1088909579565938	0.0	0.0
0.0	0.0	0.0	-0.09410666445189292	0.0	0.0	-0.06770627017592809	0.0	0.3173305293459878	-0.11552889290368269
0.0	0.3678358737562517	0.0	0.0	0.0	0.16137012555619623	0.0	0.0	-0.5595817610923156	-0.45096250721621667
-0.9983972843205186	-0.26816584096927565	0.0	0.0	0.0	-0.34347872943105484	0.0	0.0	0.0	0.0
-0.28112265216561505	-0.1942424559945799	0.0	0.0	0.0	0.0	-0.43279810252045564	-0.15259311234762918	0.0	-0.116177848574379
0.0	0.0	-0.5785206446791343	-0.48881333574908276	0.0	0.0	0.0	0.0	0.0	0.0
0.0	0.0	-0.25591835236630145	-0.9544712363105547	0.0	0.0	0.0	0.0	-0.2088152503674212	0.0
0.0	0.0	0.0	0.0	0.5580746698667316	0.0	-0.6040027382776463	0.0	0.0	0.0
-0.33646176449736925	0.0	0.0	0.0	0.0	-0.822436059849929	0.0	0.0	0.0	-0.4895792597435093
0.0	-0.1273279197092486	0.0	0.0	-0.2290778246708071	0.0	0.8154647458459979	0.0	-0.18048633478265635	0.0
0.0	0.9563224796178376	0.0	0.0	0.0	0.0	0.0	-2.269380178192524	0.0	0.0
0.0	0.0	0.0	-0.1131447611332241	0.0	0.0	-0.08140347775468125	0.0	-0.18622714031562904	-0.13890077889494337
0.0	0.5663769373215306	0.0	0.0	0.0	0.24847037499195498	0.0	0.0	-0.8616185278287244	-2.5379517267414244
0.4653148076233473	-0.16754623351389314	0.0	0.0	0.0	-0.21460066353083465	0.0	0.0	0.0	0.0
-0.15000083005200787	1.2745772549065584	0.0	0.0	0.0	0.0	-0.23093149599611992	-0.08142031008899005	0.0	-0.06198993067818264
0.0	0.0	-0.1630782514706668	-0.41322882094471647	0.0	0.0	0.0	0.0	0.0	0.0
0.0	0.0	-0.276807028745336	-1.2471966381412818	0.0	0.0	0.0	0.0	-0.22585925736262452	0.0
0.0	0.0	0.0	0.0	-1.3799247156629582	0.0	-1.0504761195179395	0.0	0.0	0.0
-0.20554135556799907	0.0	0.0	0.0	0.0	1.2972688510184192	0.0	0.0	0.0	-0.299079406113158
0.0	-0.15277705020914864	0.0	0.0	-0.27486378793788097	0.0	0.3023193756603838	0.0	-0.2165602791133343	0.0
0.0	0.7163253476149041	0.0	0.0	0.0	0.0	0.0	-0.97704175881884	0.0	0.0
0.0	0.0	0.0	-0.12071553827334171	0.0	0.0	-0.0868503723553562	0.0	-0.16659396552369676	-0.14819495063625945
0.0	0.12176391455068668	0.0	0.0	0.0	0.05341800400979597	0.0	0.0	-0.18523714135320773	1.8276646674254526
-0.7244533054560639	-0.24306692975882413	0.0	0.0	0.0	-0.3113309282737237	0.0	0.0	0.0	0.0
-0.2275675543876207	0.49952749715331135	0.0	0.0	0.0	0.0	-0.3503481664514174	-0.12352345542360661	0.0	-0.09404545905646695
0.0	0.0	-0.0005962428536456787	-0.4127484629337792	0.0	0.0	0.0	0.0	0.0	0.0
0.0	0.0	-0.20556678017551572	-0.21607074551786964	0.0	0.0	0.0	0.0	-0.1677311465655843	0.0
0.0	0.0	0.0	0.0	-0.6367309947765729	0.0	-0.880763600008258	0.0	0.0	0.0
-0.45574365142736	0.0	0.0	0.0	0.0	-1.280801116319681	0.0	0.0	0.0	-0.6631441163364505
0.0	-0.1403669300027066	0.0	0.0	-0.25253652972706087	0.0	0.37029958695845044	0.0	-0.19896903034882465	0.0
0.0	0.7153173488395839	0.0	0.0	0.0	0.0	0.0	-0.8994238983723586	0.0	0.0
0.0	0.0	0.0	-0.15280655118220599	0.0	0.0	-0.10993867117969153	0.0	-0.9053804835519341	-0.18759108921063333
0.0	0.3014797698472367	0.0	0.0	0.0	0.1322596075692709	0.0	0.0	-0.45863547462642074	0.0019482967066890566
-0.13923385009504297	-0.20602576220528354	0.0	0.0	0.0	-0.2638869543434623	0.0	0.0	0.0	0.0
-0.2456943137376289	0.35202200407678597	0.0	0.0	0.0	0.0	-0.37825494305263807	-0.13336264342459603	0.0	-0.1015365946397668
0.0	0.0	-0.8305700344273441	-0.5192576567245988	0.0	0.0	0.0	0.0	0.0	0.0
0.0	0.0	-0.2853320457610263	-1.396049429292182	0.0	0.0	0.0	0.0	-0.23281520071744075	0.0
0.0	0.0	0.0	0.0	-1.0376309318656045	0.0	-0.9876188291804416	0.0	0.0	0.0
-0.29765724382148034	0.0	0.0	0.0	0.0	-0.14495021795260876	0.0	0.0	0.0	-0.433115522963243
0.0	-0.12007033622689964	0.0	0.0	-0.2160205828631997	0.0	0.6560636859774676	0.0	-0.17019876670568285	0.0
0.0	0.860316197996808	0.0	0.0	0.0	0.0	0.0	-1.7366721540393768	0.0	0.0
0.0	0.0	0.0	-0.10153788038058909	0.0	0.0	-0.07305275563829582	0.0	0.10906864929957982	-0.12465173403476276
0.0	0.4422682164879873	0.0	0.0	0.0	0.1940237011017431	0.0	0.0	-0.6728142770041585	-1.2634728401187445
-1.2309420226616448	-0.2855728230710979	0.0	0.0	0.0	-0.36577436586988094	0.0	0.0	0.0	0.0
-0.2803491180382519	0.018754045302720512	0.0	0.0	0.0	0.0	-0.4316072198221793	-0.15217323874764652	0.0	-0.11585817483046822
0.0	0.0	0.8273201517540997	-0.26687187615499075	0.0	0.0	0.0	0.0	0.0	0.0
0.0	0.0	-0.23421789506647397	-0.5274561919054013	0.0	0.0	0.0	0.0	-0.1911088749463059	0.0
0.0	0.0	0.0	0.0	-1.1233843478264438	0.0	-0.9893248347894871	0.0	0.0	0.0
-0.3411210022437241	0.0	0.0	0.0	0.0	-0.568295595900573	0.0	0.0	0.0	-0.49635882998750724
0.0	-0.1530227550240156	0.0	0.0	-0.2753058396468023	0.0	0.29779641727174755	0.0	-0.21690856377529263	0.0
0.0	0.6224729878243297	0.0	0.0	0.0	0.0	0.0	-0.30382199806578036	0.0	0.0
0.0	0.0	0.0	-0.11317441392739563	0.0	0.0	-0.08142481184515554	0.0	-0.10048799893155724	-0.13893718178417647
0.0	0.39001862406831833	0.0	0.0	0.0	0.17110172994400538	0.0	0.0	-0.5933279597943023	-0.7446637997263008
0.6173179249463345	-0.14924070976664588	0.0	0.0	0.0	-0.19115413501121284	0.0	0.0	0.0	0.0
-0.17227753742742588	0.7802310879159132	0.0	0.0	0.0	0.0	-0.2652272619481445	-0.09351208599209244	0.0	-0.07119609004051103
0.0	0.0	-0.49503904626001216	-0.4609994246871416	0.0	0.0	0.0	0.0	0.0	0.0
0.0	0.0	-0.29459135657347213	-1.5610659646170917	0.0	0.0	0.0	0.0	-0.24037028728178061	0.0
0.0	0.0	0.0	0.0	-1.1692655093729272	0.0	-0.9946871562439655	0.0	0.0	0.0
-0.3299724927384662	0.0	0.0	0.0	0.0	-0.3370128753707695	0.0	0.0	0.0	-0.48013684102248677
0.0	-0.1628077868055692	0.0	0.0	-0.2929102566511131	0.0	0.17813348693206676	0.0	-0.23077877013708037	0.0
0.0	0.9537447370279634	0.0	0.0	0.0	0.0	0.0	-2.3547841236291873	0.0	0.0
0.0	0.0	0.0	-0.13739390197073512	0.0	0.0	-0.0988498391855228	0.0	-0.698393972959752	-0.16866993935918698
0.0	0.45995080639925706	0.0	0.0	0.0	0.2017810786652789	0.0	0.0	-0.6997144667604693	-1.6213568591797818
-0.4152272105496193	-0.22329918225950138	0.0	0.0	0.0	-0.28601151857471135	0.0	0.0	0.0	0.0
-0.23756837322318494	0.6733571379436266	0.0	0.0	0.0	0.0	-0.36574477495073227	-0.12895189052261993	0.0	-0.09817843662816934
0.0	0.0	0.17566479422295456	-0.3857452858442565	0.0	0.0	0.0	0.0	0.0	0.0
0.0	0.0	-0.20059783323918878	-0.06916557967383374	0.0	0.0	0.0	0.0	-0.1636767601217141	0.0
0.0	0.0	0.0	0.0	-0.07214429093134944	0.0	-0.7464512696719842	0.0	0.0	0.0
-0.37592010144480853	0.0	0.0	0.0	0.0	-0.6119952634213224	0.0	0.0	0.0	-0.5469943524280997
0.0	-0.14043570249050513	0.0	0.0	-0.252660259478855	0.0	0.6266975249458808	0.0	-0.19906651481480028	0.0
0.0	0.3763126931172014	0.0	0.0	0.0	0.0	0.0	1.1064534531424999	0.0	0.0
0.0	0.0	0.0	-0.11087554236656368	0.0	0.0	-0.07977085864318	0.0	0.003257670356868081	-0.13611500029578205
0.0	0.32236723483456425	0.0	0.0	0.0	0.14142296842675287	0.0	0.0	-0.4904111802502505	-0.06089991443100318
-0.7686856323535177	-0.24725427823237142	0.0	0.0	0.0	-0.31669427033168507	0.0	0.0	0.0	0.0
-0.35180650751159315	-0.5500237563650202	0.0	0.0	0.0	0.0	-0.5416183567294527	-0.19096024283990354	0.0	-0.14538893554932883
0.0	0.0	-1.1638279877314348	-0.5673289343789367	0.0	0.0	0.0	0.0	0.0	0.0
0.0	0.0	-0.302874555886467	-1.7363937111624996	0.0	0.0	0.0	0.0	-0.2471289207380893	0.0
0.0	0.0	0.0	0.0	-1.409772313811919	0.0	-1.0481327799805327	0.0	0.0	0.0
-0.3662292792910755	0.0	0.0	0.0	0.0	-0.8693370422176379	0.0	0.0	0.0	-0.5328934172344137
0.0	-0.16942549969187842	0.0	0.0	-0.30481629639285535	0.0	-0.034757827025110766	0.0	-0.24015932662635087	0.0
0.0	0.8250453433571062	0.0	0.0	0.0	0.0	0.0	-1.4308769132724293	0.0	0.0
0.0	0.0	0.0	-0.13926515985467058	0.0	0.0	-0.10019614013664553	0.0	-0.7546479614333484	-0.17096716615951488
0.0	0.47940731305958284	0.0	0.0	0.0	0.210316676051689	0.0	0.0	-0.7293132825325931	-1.7089433674940142
0.08859081560996707	-0.19281447874573715	0.0	0.0	0.0	-0.24696535522988095	0.0	0.0	0.0	0.0
-0.24689930686343162	0.4584579272945125	0.0	0.0	0.0	0.0	-0.3801100718883264	-0.13401671256490638	0.0	-0.10203457481967845
0.0	0.0	1.0244948249724306	-0.26735084642029666	0.0	0.0	0.0	0.0	0.0	0.0
0.0	0.0	-0.14486701078587425	0.8714893115478028	0.0	0.0	0.0	0.0	-0.11820348500811749	0.0
0.0	0.0	0.0	0.0	0.06331784269696472	0.0	-0.7292488920775148	0.0	0.0	0.0
-0.2150705103422872	0.0	0.0	0.0	0.0	0.7597062488960111	0.0	0.0	0.0	-0.3129451021079068
0.0	-0.11396211366563878	0.0	0.0	-0.20503117582557615	0.0	0.9914948333119751	0.0	-0.16154040878515663	0.0
0.0	0.8729817432561944	0.0	0.0	0.0	0.0	0.0	-1.810154843699657	0.0	0.0
0.0	0.0	0.0	-0.07891927765915206	0.0	0.0	-0.05677950617420015	0.0	0.7309737672087	-0.09688428369896157
0.0	0.3416301604957774	0.0	0.0	0.0	0.14987364155111885	0.0	0.0	-0.5197155049079234	-0.17617673571260428
-0.4730839386701611	-0.22726513711577487	0.0	0.0	0.0	-0.2910912898464365	0.0	0.0	0.0	0.0
-0.2793893239299509	0.022192908277893553	0.0	0.0	0.0	0.0	-0.4301295834037584	-0.1516522634044277	0.0	-0.11546152655713347
0.0	0.0	-0.6383193106436844	-0.4818341075588072	0.0	0.0	0.0	0.0	0.0	0.0
0.0	0.0	-0.3016774983434414	-1.6664291257494364	0.0	0.0	0.0	0.0	-0.2461521878534022	0.0
0.0	0.0	0.0	0.0	-1.766819150154415	0.0	-1.1386178681145904	0.0	0.0	0.0
-0.35991970751989677	0.0	0.0	0.0	0.0	-0.9167910124796346	0.0	0.0	0.0	-0.5237124766254656
0.0	-0.159603958520738	0.0	0.0	-0.2871461947251518	0.0	0.06399765564394277	0.0	-0.2262373684890945	0.0
0.0	0.6608811442878612	0.0	0.0	0.0	0.0	0.0	-0.5309214449856081	0.0	0.0
0.0	0.0	0.0	-0.1296525177938235	0.0	0.0	-0.09328019912155505	0.0	-0.5759459186878106	-0.1591663239807259
0.0	0.5545959648962212	0.0	0.0	0.0	0.24330204548664408	0.0	0.0	-0.8436963571882852	-2.478499788878353
-0.1875645429754902	-0.21579547222489395	0.0	0.0	0.0	-0.27640043321279417	0.0	0.0	0.0	0.0
-0.26250348110798505	0.2853287830443655	0.0	0.0	0.0	0.0	-0.4041332409656539	-0.1424866437328451	0.0	-0.1084832169996902
0.0	0.0	0.47665115418370174	-0.3524088002886938	0.0	0.0	0.0	0.0	0.0	0.0
0.0	0.0	-0.1572300906185404	0.587923400835348	0.0	0.0	0.0	0.0	-0.12829107578345783	0.0
0.0	0.0	0.0	0.0	0.3307383839668425	0.0	-0.6612811789966789	0.0	0.0	0.0
-0.16421083697032185	0.0	0.0	0.0	0.0	1.252866597538948	0.0	0.0	0.0	-0.23894013670733408
0.0	-0.12166435517563345	0.0	0.0	-0.2188884094490248	0.0	0.806456625141649	0.0	-0.17245827615410567	0.0
0.0	0.9382162681279239	0.0	0.0	0.0	0.0	0.0	-2.1799464123162307	0.0	0.0
0.0	0.0	0.0	-0.12014270026722883	0.0	0.0	-0.08643823656205384	0.0	-0.15039688476811652	-0.14749171308082357
0.0	0.2811943286397035	0.0	0.0	0.0	0.12336035540771681	0.0	0.0	-0.4277756163979977	0.2615485253678016
-0.7482804233727247	-0.24923333681347937	0.0	0.0	0.0	-0.31922913653407536	0.0	0.0	0.0	0.0
-0.2938707413204495	0.009159734204802539	0.0	0.0	0.0	0.0	-0.4524242292465352	-0.15951276320335334	0.0	-0.12144617384106908
0.0	0.0	-0.8027924993237855	-0.5077363233719755	0.0	0.0	0.0	0.0	0.0	0.0
0.0	0.0	-0.30438921745294784	-1.714717993908619	0.0	0.0	0.0	0.0	-0.248364800976072	0.0
0.0	0.0	0.0	0.0	-2.06032915337033	0.0	-1.2118190189192939	0.0	0.0	0.0
-0.32874259953194934	0.0	0.0	0.0	0.0	-0.49217349797225785	0.0	0.0	0.0	-0.4783472462775695
0.0	-0.15361438915437634	0.0	0.0	-0.27637025866734016	0.0	0.06466000246869785	0.0	-0.21774720054847616	0.0
0.0	0.591278695791962	0.0	0.0	0.0	0.0	0.0	-0.10760138918850082	0.0	0.0
0.0	0.0	0.0	-0.12666392723008957	0.0	0.0	-0.09113001856492893	0.0	-0.45971474142960234	-0.1554974174141025
0.0	0.4433196970573201	0.0	0.0	0.0	0.19448498713608342	0.0	0.0	-0.6744138745168565	-1.3376819362702874
-0.21284779045106306	-0.2159044080519819	0.0	0.0	0.0	-0.2765399630624665	0.0	0.0	0.0	0.0
-0.23984244663079357	0.4094336607350897	0.0	0.0	0.0	0.0	-0.36924579007072844	-0.13018625543879025	0.0	-0.09911822911362347
0.0	0.0	0.3766283152058847	-0.3373848610474006	0.0	0.0	0.0	0.0	0.0	0.0
0.0	0.0	-0.24291736176592948	-0.6856662748019688	0.0	0.0	0.0	0.0	-0.19820715961449467	0.0
0.0	0.0	0.0	0.0	1.1552562009928786	0.0	-0.47277392651642386	0.0	0.0	0.0
-0.21400301890924317	0.0	0.0	0.0	0.0	0.6435529413543832	0.0	0.0	0.0	-0.3113918151650265
0.0	-0.10829107069928225	0.0	0.0	-0.19482830602833032	0.0	1.1201696448489136	0.0	-0.15350174953642384	0.0
0.0	0.9015378091583829	0.0	0.0	0.0	0.0	0.0	-1.9848628704538662	0.0	0.0
0.0	0.0	0.0	-0.10984173337933492	0.0	0.0	-0.07902707125036049	0.0	-0.01839837150657897	-0.13484585736670213
0.0	0.38459982676160503	0.0	0.0	0.0	0.16872449579112514	0.0	0.0	-0.5850844458897768	-0.7434787751528471
-0.6646224756311552	-0.2442936527536614	0.0	0.0	0.0	-0.3129021696149311	0.0	0.0	0.0	0.0
-0.26107054948187725	0.20526928943939526	0.0	0.0	0.0	0.0	-0.40192719287937	-0.14170884978801446	0.0	-0.107891038062159
0.0	0.0	-0.5932933609589589	-0.4863923485633988	0.0	0.0	0.0	0.0	0.0	0.0
0.0	0.0	-0.2691255229710573	-1.1638300149725955	0.0	0.0	0.0	0.0	-0.21959157262402107	0.0
0.0	0.0	0.0	0.0	-1.3804291835433102	0.0	-1.0416134364858365	0.0	0.0	0.0
-0.31962667863867245	0.0	0.0	0.0	0.0	-0.4183142093217407	0.0	0.0	0.0	-0.46508283922234883
0.0	-0.16861579040453842	0.0	0.0	-0.30335953465055127	0.0	0.1026635230780375	0.0	-0.2390115700161338	0.0
0.0	0.5531874005539275	0.0	0.0	0.0	0.0	0.0	0.0864335232024187	0.0	0.0
0.0	0.0	0.0	-0.12075308054932829	0.0	0.0	-0.08687738263667655	0.0	-0.3174685592548969	-0.1482410389511208
0.0	0.44989936363572897	0.0	0.0	0.0	0.19737149630397208	0.0	0.0	-0.6844233968990755	-1.4028165343165648
-0.5300220908483919	-0.2330417481139612	0.0	0.0	0.0	-0.29849022999072516	0.0	0.0	0.0	0.0
-0.29978777433168224	-0.07838019837174037	0.0	0.0	0.0	0.0	-0.46153370740521366	-0.16272452318104363	0.0	-0.12389147008416096
0.0	0.0	-0.386578310150933	-0.4776625238885631	0.0	0.0	0.0	0.0	0.0	0.0
0.0	0.0	-0.20066043556209193	-0.11106008895282637	0.0	0.0	0.0	0.0	-0.16372784016192898	0.0
0.0	0.0	0.0	0.0	-1.1812632352510293	0.0	-1.0179013985182959	0.0	0.0	0.0
-0.31838248718179407	0.0	0.0	0.0	0.0	-0.24835492716033136	0.0	0.0	0.0	-0.46327243935909046
0.0	-0.12690632514680109	0.0	0.0	-0.22831932672723704	0.0	0.5048236261035052	0.0	-0.17988872777302167	0.0
0.0	0.9485155812184698	0.0	0.0	0.0	0.0	0.0	-2.206151062165838	0.0	0.0
0.0	0.0	0.0	-0.11080906278928408	0.0	0.0	-0.0797230290420918	0.0	-0.01624033885235554	-0.13603338745774823
0.0	0.37585387104759566	0.0	0.0	0.0	0.16488763247144292	0.0	0.0	-0.5717793887975916	-0.5874841184204662
-0.7347288864988253	-0.24564158594984142	0.0	0.0	0.0	-0.31462866236996806	0.0	0.0	0.0	0.0
-0.2886236618220206	0.03498650303794815	0.0	0.0	0.0	0.0	-0.4443461678267242	-0.15666465336505753	0.0	-0.11927774521132255
0.0	0.0	-0.8474548525393067	-0.527412050994978	0.0	0.0	0.0	0.0	0.0	0.0
0.0	0.0	-0.2706048853111632	-1.2247390390564226	0.0	0.0	0.0	0.0	-0.22079865064158818	0.0
0.0	0.0	0.0	0.0	-1.399605003252339	0.0	-1.0668863293826738	0.0	0.0	0.0
-0.38372245958474227	0.0	0.0	0.0	0.0	-1.0725726808511111	0.0	0.0	0.0	-0.5583474187359725
0.0	-0.13209451874126377	0.0	0.0	-0.2376534940120278	0.0	0.3355486848348227	0.0	-0.18724295179667397	0.0
0.0	0.6318208894221046	0.0	0.0	0.0	0.0	0.0	-0.35123164382003647	0.0	0.0
0.0	0.0	0.0	-0.13495312896689968	0.0	0.0	-0.09709379313503004	0.0	-0.6469236483265701	-0.16567355430394518
0.0	0.5116475832460664	0.0	0.0	0.0	0.2244605288380708	0.0	0.0	-0.7783597960898857	-2.0500475303041004
-0.622572722220617	-0.24819685068616312	0.0	0.0	0.0	-0.31790155902906314	0.0	0.0	0.0	0.0
-0.2718106627878604	0.2028840654569869	0.0	0.0	0.0	0.0	-0.4184619709339886	-0.14753857323328368	0.0	-0.11232953936300435
0.0	0.0	-0.16715863064980674	-0.43940707842154625	0.0	0.0	0.0	0.0	0.0	0.0
0.0	0.0	-0.2071459282695968	-0.18718401244176786	0.0	0.0	0.0	0.0	-0.16901964425081792	0.0
0.0	0.0	0.0	0.0	-0.17884590025551073	0.0	-0.7852647281107086	0.0	0.0	0.0
-0.16989976748597838	0.0	0.0	0.0	0.0	1.1841504302890913	0.0	0.0	0.0	-0.24721799376116038
0.0	-0.11674271468996023	0.0	0.0	-0.21003380239313096	0.0	0.7999000126328697	0.0	-0.1654818890867171	0.0
0.0	0.8843521027436362	0.0	0.0	0.0	0.0	0.0	-1.8541017275831024	0.0	0.0
0.0	0.0	0.0	-0.10743487158937834	0.0	0.0	-0.0772954230660789	0.0	0.1102441478151972	-0.1318911029974406
0.0	0.2582625062062333	0.0	0.0	0.0	0.11330013200554358	0.0	0.0	-0.39288986843834967	0.5538379574966872
-1.2865481299006993	-0.2902479416197833	0.0	0.0	0.0	-0.37176246552208825	0.0	0.0	0.0	0.0
-0.29704027071215305	-0.3632229777827133	0.0	0.0	0.0	0.0	-0.45730383000458436	-0.1612331807891707	0.0	-0.12275602597459424
0.0	0.0	-0.8420846032530696	-0.5160568744871918	0.0	0.0	0.0	0.0	0.0	0.0
0.0	0.0	-0.29921370932381114	-1.6407151195845606	0.0	0.0	0.0	0.0	-0.24414187199981227	0.0
0.0	0.0	0.0	0.0	-2.3104781047328258	0.0	-1.275295412386422	0.0	0.0	0.0
-0.3219992019731753	0.0	0.0	0.0	0.0	-0.6444212920579245	0.0	0.0	0.0	-0.46853505382856214
0.0	-0.14658868948610698	0.0	0.0	-0.26373020297120797	0.0	0.07568774889014052	0.0	-0.20778832597245844	0.0
0.0	0.9565284541596983	0.0	0.0	0.0	0.0	0.0	-2.2558834981734766	0.0	0.0
0.0	0.0	0.0	-0.1270136721429214	0.0	0.0	-0.09138164711534848	0.0	-0.4941580004001307	-0.15592677746860545
0.0	0.5123924780002141	0.0	0.0	0.0	0.22478731523542644	0.0	0.0	-0.7794929903977107	-2.0415277874805655
0.7420724315087905	-0.14487346398436252	0.0	0.0	0.0	-0.18556037248355484	0.0	0.0	0.0	0.0
-0.16678999676523762	1.3371083901727316	0.0	0.0	0.0	0.0	-0.2567790022017198	-0.09053345405927982	0.0	-0.06892828748818638
0.0	0.0	0.5541065506543363	-0.3369556707185349	0.0	0.0	0.0	0.0	0.0	0.0
0.0	0.0	-0.16484123552694416	0.5107155148797289	0.0	0.0	0.0	0.0	-0.13450134993900653	0.0
0.0	0.0	0.0	0.0	1.7156622426347226	0.0	-0.3355650022282107	0.0	0.0	0.0
-0.23031620710704442	0.0	0.0	0.0	0.0	0.8869451751114049	0.0	0.0	0.0	-0.3351288321002704
0.0	-0.11522043767512652	0.0	0.0	-0.207295047940056	0.0	1.2497756658570336	0.0	-0.16332407327099804	0.0
0.0	0.5388407260099644	0.0	0.0	0.0	0.0	0.0	0.08380446448796985	0.0	0.0
0.0	0.0	0.0	-0.09844632485037366	0.0	0.0	-0.07082849559027708	0.0	0.3325969127731119	-0.12085642378934836
0.0	0.2549818134031526	0.0	0.0	0.0	0.11186088736597573	0.0	0.0	-0.38789901249598635	0.5830125798094934
-0.5493434644682973	-0.22778888472503606	0.0	0.0	0.0	-0.29176212906563515	0.0	0.0	0.0	0.0
-0.2947247471798922	-0.32796191081395487	0.0	0.0	0.0	0.0	-0.4537390009757462	-0.15997631678415378	0.0	-0.12179910364823923
0.0	0.0	-1.1330728939581514	-0.5618996680830984	0.0	0.0	0.0	0.0	0.0	0.0
0.0	0.0	-0.3039670107223813	-1.76167835664811	0.0	0.0	0.0	0.0	-0.24802030358721783	0.0
0.0	0.0	0.0	0.0	-0.67413818570518	0.0	-0.8511956449642833	0.0	0.0	0.0
-0.45726506643419695	0.0	0.0	0.0	0.0	-1.6899724298407321	0.0	0.0	0.0	-0.6653578990345309
0.0	-0.20818948949037955	0.0	0.0	-0.37455724935022144	0.0	-0.22542685693931075	0.0	-0.2951069803401621	0.0
0.0	0.9061315022752213	0.0	0.0	0.0	0.0	0.0	-1.961200445129573	0.0	0.0
0.0	0.0	0.0	-0.14712385986556312	0.0	0.0	-0.10585018461126462	0.0	-0.9608114480317943	-0.18061480288331663
0.0	0.5312104142910685	0.0	0.0	0.0	0.23304277088458347	0.0	0.0	-0.8081203611384371	-2.2696229748350683
0.012604001679633159	-0.20761506637486307	0.0	0.0	0.0	-0.2659226057704806	0.0	0.0	0.0	0.0
-0.19743036233249292	0.8154452122153802	0.0	0.0	0.0	0.0	-0.3039509108895648	-0.10716501579704467	0.0	-0.08159084500076667
0.0	0.0	0.2049929472002494	-0.39432402985881826	0.0	0.0	0.0	0.0	0.0	0.0
0.0	0.0	-0.16407678449255753	0.5356582403665966	0.0	0.0	0.0	0.0	-0.1338776000880752	0.0
0.0	0.0	0.0	0.0	-0.633649921359704	0.0	-0.8893492190381308	0.0	0.0	0.0
-0.06092580159941436	0.0	0.0	0.0	0.0	2.183391192048698	0.0	0.0	0.0	-0.08865200148635141
0.0	-0.12393622993603122	0.0	0.0	-0.22297577794781784	0.0	0.842142859870298	0.0	-0.17567864093761695	0.0
0.0	0.7837880829847634	0.0	0.0	0.0	0.0	0.0	-1.3305463298869094	0.0	0.0
0.0	0.0	0.0	-0.07107419736054826	0.0	0.0	-0.05113526057966366	0.0	0.9283959013938619	-0.08725336704797874
0.0	0.25472143200397585	0.0	0.0	0.0	0.111746657672584	0.0	0.0	-0.38750289919572795	0.6570099984740634
-1.006774056875856	-0.2772359471460154	0.0	0.0	0.0	-0.3550961246001445	0.0	0.0	0.0	0.0
-0.2936661246567819	-0.15252291019925313	0.0	0.0	0.0	0.0	-0.4521092147747478	-0.15940169746992097	0.0	-0.12136161315702514
0.0	0.0	-1.05960161384658	-0.5598200489251017	0.0	0.0	0.0	0.0	0.0	0.0
0.0	0.0	-0.2768390725286236	-1.3121948386817581	0.0	0.0	0.0	0.0	-0.2258854033211619	0.0
0.0	0.0	0.0	0.0	-2.0877432932713824	0.0	-1.2084068084271051	0.0	0.0	0.0
-0.15841751562081932	0.0	0.0	0.0	0.0	0.8459337115813895	0.0	0.0	0.0	-0.23051038249147907
0.0	-0.17112706689273424	0.0	0.0	-0.30787761486717996	0.0	-0.06208991448099899	0.0	-0.24257128488476057	0.0
0.0	0.6445557729772866	0.0	0.0	0.0	0.0	0.0	-0.4215764282233636	0.0	0.0
0.0	0.0	0.0	-0.12005421486404494	0.0	0.0	-0.08637457458179466	0.0	-0.31264231836989465	-0.1473830850604011
0.0	0.4615808454548669	0.0	0.0	0.0	0.20249617913761497	0.0	0.0	-0.7021942143611392	-1.5550013832797296
-0.14506241026398814	-0.210236141729349	0.0	0.0	0.0	-0.2692797955946873	0.0	0.0	0.0	0.0
-0.25622360368301883	0.2019942679005482	0.0	0.0	0.0	0.0	-0.39446515120963793	-0.13907793214715372	0.0	-0.10588797025268108
0.0	0.0	0.7078568171706697	-0.2841987419906742	0.0	0.0	0.0	0.0	0.0	0.0
0.0	0.0	-0.24024777718232265	-0.6623672455648073	0.0	0.0	0.0	0.0	-0.19602892593938498	0.0
0.0	0.0	0.0	0.0	0.8246622396444594	0.0	-0.5434206938538534	0.0	0.0	0.0
-0.21523287821981194	0.0	0.0	0.0	0.0	0.5414226774005978	0.0	0.0	0.0	-0.31318136058857976
0.0	-0.12235663059897203	0.0	0.0	-0.22013389393046132	0.0	0.8223499925067626	0.0	-0.17343957117646844	0.0
0.0	0.9778832069225188	0.0	0.0	0.0	0.0	0.0	-2.419376109829549	0.0	0.0
0.0	0.0	0.0	-0.13846912491956131	0.0	0.0	-0.09962342239449734	0.0	-0.6709421355086852	-0.1699899236305031
0.0	0.4400662472183432	0.0	0.0	0.0	0.19305769402395379	0.0	0.0	-0.6694644627807771	-1.4138824543452153
-0.8365325114036217	-0.2567877210266088	0.0	0.0	0.0	-0.32890512763637614	0.0	0.0	0.0	0.0
-0.28236054003088035	0.12118045077577777	0.0	0.0	0.0	0.0	-0.4347038739518673	-0.15326503672171665	0.0	-0.11668942296319107
0.0	0.0	-0.4030120431076364	-0.4522226455073093	0.0	0.0	0.0	0.0	0.0	0.0
0.0	0.0	-0.2774653169710558	-1.284128483889364	0.0	0.0	0.0	0.0	-0.22639638422123623	0.0
0.0	0.0	0.0	0.0	-1.6438522599981982	0.0	-1.0995540271696187	0.0	0.0	0.0
-0.3178713986346861	0.0	0.0	0.0	0.0	-0.22607806759815285	0.0	0.0	0.0	-0.4625287639137385
0.0	-0.17691761789695915	0.0	0.0	-0.31829549360675424	0.0	-0.05290309203037202	0.0	-0.25077934584665396	0.0
0.0	0.5088504515036232	0.0	0.0	0.0	0.0	0.0	0.3672393385803625	0.0	0.0
0.0	0.0	0.0	-0.1274323381082682	0.0	0.0	-0.09168286181813638	0.0	-0.420402436859016	-0.15644074760828344
0.0	0.34104054270360645	0.0	0.0	0.0	0.14961497537976048	0.0	0.0	-0.5188185305069627	-0.3118829818121449
-0.467112355509157	-0.22817820357783072	0.0	0.0	0.0	-0.29226078595801985	0.0	0.0	0.0	0.0
-0.28744233312672907	-0.10771323793079046	0.0	0.0	0.0	0.0	-0.44252747120503066	-0.1560234292554689	0.0	-0.11878954468667291
0.0	0.0	-0.4022219475919997	-0.47849358809747067	0.0	0.0	0.0	0.0	0.0	0.0
0.0	0.0	-0.205376349746317	-0.20382137589289395	0.0	0.0	0.0	0.0	-0.1675757658459797	0.0
0.0	0.0	0.0	0.0	-0.02518040307010727	0.0	-0.727011854173982	0.0	0.0	0.0
-0.3275826303306594	0.0	0.0	0.0	0.0	-0.48886734141457633	0.0	0.0	0.0	-0.4766593966529883
0.0	-0.1550181731820971	0.0	0.0	-0.27889583037315463	0.0	0.42581983794215883	0.0	-0.2197370534775769	0.0
0.0	0.9154219245189293	0.0	0.0	0.0	0.0	0.0	-2.0226480686701946	0.0	0.0
0.0	0.0	0.0	-0.12562941064256786	0.0	0.0	-0.09038572207982686	0.0	-0.39259011644775865	-0.15422740580819783
0.0	0.4690464884577683	0.0	0.0	0.0	0.20577136743405142	0.0	0.0	-0.7135515559292388	-1.5990837039735704
-0.318934584267091	-0.2210677031983726	0.0	0.0	0.0	-0.2831533410010944	0.0	0.0	0.0	0.0
-0.24761984465374673	0.4038513488122165	0.0	0.0	0.0	0.0	-0.3812193648821153	-0.13440781980276603	0.0	-0.10233234708971962
0.0	0.0	-0.2823207167504307	-0.44142131463327877	0.0	0.0	0.0	0.0	0.0	0.0
0.0	0.0	-0.25306829997485075	-0.9140280819049498	0.0	0.0	0.0	0.0	-0.2064897649218553	0.0
0.0	0.0	0.0	0.0	-1.2299261013627123	0.0	-1.0007781162062266	0.0	0.0	0.0
-0.2675943630592556	0.0	0.0	0.0	0.0	0.2923123401750909	0.0	0.0	0.0	-0.38937158394148097
0.0	-0.17750576974303237	0.0	0.0	-0.3193536475904385	0.0	0.027806053372555373	0.0	-0.2516130465089738	0.0
0.0	0.5703285179827586	0.0	0.0	0.0	0.0	0.0	-0.02695257996225786	0.0	0.0
0.0	0.0	0.0	-0.12983977744544	0.0	0.0	-0.09341492552631334	0.0	-0.452475413678629	-0.15939621099630324
0.0	0.32647711801248713	0.0	0.0	0.0	0.1432259800734151	0.0	0.0	-0.4966634678346576	-0.21136692067899143
-0.5070604173007558	-0.22818869544630266	0.0	0.0	0.0	-0.2922742244095358	0.0	0.0	0.0	0.0
-0.2658976518692608	-0.019878241906720384	0.0	0.0	0.0	0.0	-0.40935868492683686	-0.1443289964437083	0.0	-0.10988590530567122
0.0	0.0	-0.23074267544034677	-0.4211670817471093	0.0	0.0	0.0	0.0	0.0	0.0
0.0	0.0	-0.285344302114313	-1.3828508053521904	0.0	0.0	0.0	0.0	-0.23282520122524525	0.0
0.0	0.0	0.0	0.0	-2.2381128133627124	0.0	-1.2615372445399904	0.0	0.0	0.0
-0.40119565006357216	0.0	0.0	0.0	0.0	-1.1925089624205645	0.0	0.0	0.0	-0.5837723334295104
0.0	-0.14050162312398592	0.0	0.0	-0.2527788584110702	0.0	0.17437061317673974	0.0	-0.1991599567994857	0.0
0.0	1.002021246152042	0.0	0.0	0.0	0.0	0.0	-2.552601902837875	0.0	0.0
0.0	0.0	0.0	-0.12288193591912416	0.0	0.0	-0.08840901546706506	0.0	-0.39599480635298834	-0.15085450214692142
0.0	0.5158574425436787	0.0	0.0	0.0	0.22630740015187795	0.0	0.0	-0.7847641754552049	-2.0509216300681636
-0.7695548085799353	-0.2614910817400467	0.0	0.0	0.0	-0.3349294011085992	0.0	0.0	0.0	0.0
-0.22558279226795352	0.7045354482587574	0.0	0.0	0.0	0.0	-0.34729255612357957	-0.12244612840361511	0.0	-0.09322522848728816
0.0	0.0	-0.2877908935773206	-0.44571895941657763	0.0	0.0	0.0	0.0	0.0	0.0
0.0	0.0	-0.24377558965850152	-0.7466820156784555	0.0	0.0	0.0	0.0	-0.19890742620578322	0.0
0.0	0.0	0.0	0.0	0.26599216338611154	0.0	-0.6814070485448032	0.0	0.0	0.0
-0.1531804420816268	0.0	0.0	0.0	0.0	1.1847130624272286	0.0	0.0	0.0	-0.22289001412549123
0.0	-0.11332847955473667	0.0	0.0	-0.20389119392612998	0.0	0.9275739766736001	0.0	-0.16064223736657743	0.0
0.0	0.40268569437905843	0.0	0.0	0.0	0.0	0.0	0.9400482849283136	0.0	0.0
0.0	0.0	0.0	-0.10961144820625014	0.0	0.0	-0.07886138957162712	0.0	0.014679727448302149	-0.13456315059717025
0.0	0.31936029347470735	0.0	0.0	0.0	0.14010381893808235	0.0	0.0	-0.48583677720340396	-0.10881703010852051
-1.8316031699195232	-0.33459282753615005	0.0	0.0	0.0	-0.42856136659116156	0.0	0.0	0.0	0.0
-0.30034432298945646	-0.4215298134424068	0.0	0.0	0.0	0.0	-0.4623905334247088	-0.16302661727132217	0.0	-0.1241214715628361
0.0	0.0	-0.49681484161732936	-0.47047955361225563	0.0	0.0	0.0	0.0	0.0	0.0
0.0	0.0	-0.2694975842299448	-1.184414542652569	0.0	0.0	0.0	0.0	-0.21989515407571555	0.0
0.0	0.0	0.0	0.0	-1.9566201840987079	0.0	-1.186197219015533	0.0	0.0	0.0
-0.2581848607282002	0.0	0.0	0.0	0.0	-0.07107100807565225	0.0	0.0	0.0	-0.3756799919929137
0.0	-0.15530204430493058	0.0	0.0	-0.27940654773548995	0.0	0.028304257695872637	0.0	-0.22013943858390586	0.0
0.0	0.8655563831365102	0.0	0.0	0.0	0.0	0.0	-1.7170320374408603	0.0	0.0
0.0	0.0	0.0	-0.1362384526060041	0.0	0.0	-0.0980185360326725	0.0	-0.6497989861203881	-0.16725146611192956
0.0	0.44462794951841006	0.0	0.0	0.0	0.1950589193677319	0.0	0.0	-0.6764040942544104	-1.4104929709579004
0.2661507604030746	-0.18167064465056165	0.0	0.0	0.0	-0.23269183716297737	0.0	0.0	0.0	0.0
-0.15382751986637652	1.1874279439643294	0.0	0.0	0.0	0.0	-0.2368228180857302	-0.0834974337368542	0.0	-0.0635713635025035
0.0	0.0	0.1362194173058744	-0.3962502967270695	0.0	0.0	0.0	0.0	0.0	0.0
0.0	0.0	-0.18952581798414858	0.10957021888339002	0.0	0.0	0.0	0.0	-0.15464260678266825	0.0
0.0	0.0	0.0	0.0	0.279410943867729	0.0	-0.6902285211080035	0.0	0.0	0.0
-0.22277318474075083	0.0	0.0	0.0	0.0	0.5241803348795665	0.0	0.0	0.0	-0.32415312045637684
0.0	-0.09214680947424536	0.0	0.0	-0.16578289123797085	0.0	1.18965881208919	0.0	-0.13061738495295835	0.0
0.0	0.639763775038769	0.0	0.0	0.0	0.0	0.0	-0.5225808160347103	0.0	0.0
0.0	0.0	0.0	-0.09957959452631886	0.0	0.0	-0.07164384127603302	0.0	0.212566469566694	-0.12224766841358208
0.0	0.44553863385731335	0.0	0.0	0.0	0.19545843789378048	0.0	0.0	-0.6777895011234	-1.3683607554590653
-0.6165595666188787	-0.24077100691684125	0.0	0.0	0.0	-0.3083902082409797	0.0	0.0	0.0	0.0
-0.24592098948291566	0.15319490131423508	0.0	0.0	0.0	0.0	-0.3786039182479551	-0.1334856828068748	0.0	-0.10163027154630046
0.0	0.0	-0.845710109608253	-0.5285667569602452	0.0	0.0	0.0	0.0	0.0	0.0
0.0	0.0	-0.2666727453007138	-1.1450512549175005	0.0	0.0	0.0	0.0	-0.21759024142368846	0.0
0.0	0.0	0.0	0.0	-2.098153965133446	0.0	-1.2236733912216955	0.0	0.0	0.0
-0.3260880305194162	0.0	0.0	0.0	0.0	-0.3927380969625305	0.0	0.0	0.0	-0.47448463224760534
0.0	-0.14857384719977268	0.0	0.0	-0.26730173395760465	0.0	0.15308519178633406	0.0	-0.21060227157467357	0.0
0.0	0.9535086577060758	0.0	0.0	0.0	0.0	0.0	-2.285338215338957	0.0	0.0
0.0	0.0	0.0	-0.12037261080026015	0.0	0.0	-0.08660364870110238	0.0	-0.28449730662732775	-0.14777395992808678
0.0	0.41068311837911653	0.0	0.0	0.0	0.18016727324579468	0.0	0.0	-0.6247644643430162	-1.0093896676820513
-0.25794734457218893	-0.21229651331501323	0.0	0.0	0.0	-0.2719188111077812	0.0	0.0	0.0	0.0
-0.25176896452842	0.47457827643999717	0.0	0.0	0.0	0.0	-0.3876070792660512	-0.13665995818543472	0.0	-0.10404702862393041
0.0	0.0	-0.6650446184378284	-0.5135842335191328	0.0	0.0	0.0	0.0	0.0	0.0
0.0	0.0	-0.22691317554184384	-0.5407687701273622	0.0	0.0	0.0	0.0	-0.1851486269910667	0.0
0.0	0.0	0.0	0.0	0.9917901791505783	0.0	-0.5062764239808486	0.0	0.0	0.0
-0.34918733874873953	0.0	0.0	0.0	0.0	-0.7027698646658912	0.0	0.0	0.0	-0.5080960063078744
0.0	-0.1177667325288307	0.0	0.0	-0.21187613029331348	0.0	0.9544895624996963	0.0	-0.16693342640007164	0.0
0.0	0.49587038010672707	0.0	0.0	0.0	0.0	0.0	0.41541773000369075	0.0	0.0
0.0	0.0	0.0	-0.12267941851944392	0.0	0.0	-0.08826331167596867	0.0	-0.3464749573521668	-0.15060588414398762
0.0	0.5035696950441749	0.0	0.0	0.0	0.22091674769444059	0.0	0.0	-0.766071057474585	-1.951393269681717
-1.0109314965068066	-0.27206804637024906	0.0	0.0	0.0	-0.3484768475666861	0.0	0.0	0.0	0.0
-0.3029120772749899	-0.27571687743299	0.0	0.0	0.0	0.0	-0.4663436804726491	-0.16442039189302246	0.0	-0.12518263175844058
0.0	0.0	-0.44559038990817157	-0.45705919660937117	0.0	0.0	0.0	0.0	0.0	0.0
0.0	0.0	-0.28327069933751836	-1.3386282051959275	0.0	0.0	0.0	0.0	-0.23113325580986063	0.0
0.0	0.0	0.0	0.0	-1.9687711572648878	0.0	-1.18294539689011	0.0	0.0	0.0
-0.2639756434389895	0.0	0.0	0.0	0.0	0.30770106652152296	0.0	0.0	0.0	-0.38410605228276246
0.0	-0.16613133359561374	0.0	0.0	-0.2988897061747806	0.0	0.06311432393628469	0.0	-0.23548987183404957	0.0
0.0	1.0185012535910192	0.0	0.0	0.0	0.0	0.0	-2.6154583725971703	0.0	0.0
0.0	0.0	0.0	-0.1025937149167396	0.0	0.0	-0.0738123896002691	0.0	0.14905834708446242	-0.12594791635895192
0.0	0.2805711966678514	0.0	0.0	0.0	0.12308698651764903	0.0	0.0	-0.42682765750904766	0.39746311868624873
-0.7590163062994971	-0.24811628921256523	0.0	0.0	0.0	-0.31779837231261754	0.0	0.0	0.0	0.0
-0.2390682855928007	0.504157640381263	0.0	0.0	0.0	0.0	-0.36805394222172905	-0.1297660415523048	0.0	-0.09879829629016983
0.0	0.0	0.3621194290121057	-0.34834772088275384	0.0	0.0	0.0	0.0	0.0	0.0
0.0	0.0	-0.21946041873265293	-0.37419923713331293	0.0	0.0	0.0	0.0	-0.17906758878239926	0.0
0.0	0.0	0.0	0.0	-0.5431159439709949	0.0	-0.8719954054198104	0.0	0.0	0.0
-0.39982181959998614	0.0	0.0	0.0	0.0	-1.2761941110962765	0.0	0.0	0.0	-0.5817732982571773
0.0	-0.11657020608661085	0.0	0.0	-0.20972343923254128	0.0	0.6430346846261169	0.0	-0.165237359484662	0.0
0.0	0.3744181248647692	0.0	0.0	0.0	0.0	0.0	1.1189979906472005	0.0	0.0
0.0	0.0	0.0	-0.13660520620718955	0.0	0.0	-0.09828240170631512	0.0	-0.6653573535170493	-0.16770170667417003
0.0	0.5460630936959487	0.0	0.0	0.0	0.2395586626488536	0.0	0.0	-0.8307154615386497	-2.430067330520046
-0.5110318022108444	-0.23874125612033673	0.0	0.0	0.0	-0.30579041319577505	0.0	0.0	0.0	0.0
-0.3056776954914838	0.08620113581424438	0.0	0.0	0.0	0.0	-0.47060144592546443	-0.16592156687116505	0.0	-0.1263255619773156
0.0	0.0	-1.0213157516799336	-0.5338557558045834	0.0	0.0	0.0	0.0	0.0	0.0
0.0	0.0	-0.3306423866034536	-2.1121917519967965	0.0	0.0	0.0	0.0	-0.2697859379848572	0.0
0.0	0.0	0.0	0.0	-1.180828718933123	0.0	-1.0285274148814214	0.0	0.0	0.0
-0.17048534174699953	0.0	0.0	0.0	0.0	1.2999445482057266	0.0	0.0	0.0	-0.24807005198436996
0.0	-0.10798770826888712	0.0	0.0	-0.19428252152324726	0.0	0.6291657398804538	0.0	-0.15307173565339016	0.0
0.0	0.8708120939669763	0.0	0.0	0.0	0.0	0.0	-1.7430579099165526	0.0	0.0
0.0	0.0	0.0	-0.11898062401081586	0.0	0.0	-0.08560216560533697	0.0	-0.18500438600316937	-0.1460651044112359
0.0	0.2032389603993956	0.0	0.0	0.0	0.08916122351702477	0.0	0.0	-0.3091835883800397	1.08599987047878
-0.34180853268484523	-0.2191186160849926	0.0	0.0	0.0	-0.2806568635868405	0.0	0.0	0.0	0.0
-0.28389636473159163	0.17163953215435557	0.0	0.0	0.0	0.0	-0.4370683295058804	-0.15409868093109128	0.0	-0.11732412389583205
0.0	0.0	0.9345410004809945	-0.2712537169949877	0.0	0.0	0.0	0.0	0.0	0.0
0.0	0.0	-0.17437616009599158	0.3286503957619433	0.0	0.0	0.0	0.0	-0.14228132211650127	0.0
0.0	0.0	0.0	0.0	-1.6311461586782958	0.0	-1.1255591826359994	0.0	0.0	0.0
-0.3209120862441421	0.0	0.0	0.0	0.0	-0.37765118140245657	0.0	0.0	0.0	-0.46695321193734246
0.0	-0.1257355505573912	0.0	0.0	-0.22621296626258558	0.0	0.30901917388986866	0.0	-0.1782291639084601	0.0
0.0	0.6711467563003655	0.0	0.0	0.0	0.0	0.0	-0.5872177580717532	0.0	0.0
0.0	0.0	0.0	-0.1456755237512082	0.0	0.0	-0.10480816025693002	0.0	-0.7954479027747138	-0.17883677080855978
0.0	0.44882129251586156	0.0	0.0	0.0	0.19689854495696235	0.0	0.0	-0.682783347684523	-1.4796714711259402
-0.7030253836322289	-0.24278935536302565	0.0	0.0	0.0	-0.31097539864904505	0.0	0.0	0.0	0.0
-0.3264597092944504	-0.3138430466902431	0.0	0.0	0.0	0.0	-0.5025960791262748	-0.1772020245027964	0.0	-0.13491401841820505
0.0	0.0	-0.40962954591933465	-0.4470846808939618	0.0	0.0	0.0	0.0	0.0	0.0
0.0	0.0	-0.2944500531644796	-1.5253863097191485	0.0	0.0	0.0	0.0	-0.24025499149914636	0.0
0.0	0.0	0.0	0.0	-1.370415574855363	0.0	-1.0724427084711448	0.0	0.0	0.0
-0.3707410421839284	0.0	0.0	0.0	0.0	-0.8211114995140916	0.0	0.0	0.0	-0.5394583995601795
0.0	-0.11005665546378798	0.0	0.0	-0.198004799589589	0.0	0.5683187546067937	0.0	-0.15600445219285147	0.0
0.0	1.0230522492791718	0.0	0.0	0.0	0.0	0.0	-2.6205015024157787	0.0	0.0
0.0	0.0	0.0	-0.11821466370936969	0.0	0.0	-0.08505108545160077	0.0	-0.2555128995344489	-0.14512478263753747
0.0	0.43778528544971806	0.0	0.0	0.0	0.19205703282352984	0.0	0.0	-0.6659944787619881	-1.2134202127822704
-0.26857019268702453	-0.21610181026912295	0.0	0.0	0.0	-0.276792804596964	0.0	0.0	0.0	0.0
-0.19770508680337667	1.0763156915257945	0.0	0.0	0.0	0.0	-0.3043738587694261	-0.10731413598258387	0.0	-0.08170437871187868
0.0	0.0	0.2905060667086299	-0.374665509953588	0.0	0.0	0.0	0.0	0.0	0.0
0.0	0.0	-0.17957332866002437	0.2566992759166957	0.0	0.0	0.0	0.0	-0.14652192481210966	0.0
0.0	0.0	0.0	0.0	-1.5356654688447129	0.0	-1.112837007022445	0.0	0.0	0.0
-0.32004501656686873	0.0	0.0	0.0	0.0	-0.15978124959308104	0.0	0.0	0.0	-0.4656915549660677
0.0	-0.10812836091564551	0.0	0.0	-0.1945355720908461	0.0	0.6683898663017449	0.0	-0.1532711096850155	0.0
0.0	0.2679122357379276	0.0	0.0	0.0	0.0	0.0	1.7080610126463651	0.0	0.0
0.0	0.0	0.0	-0.10864563700766171	0.0	0.0	-0.07816652407690976	0.0	0.06511279998192498	-0.1333774843196885
0.0	0.33855114526271607	0.0	0.0	0.0	0.14852287315086815	0.0	0.0	-0.5150314572402719	-0.2588742537313682
-1.098003428076351	-0.2762539286893542	0.0	0.0	0.0	-0.3538383117088655	0.0	0.0	0.0	0.0
-0.2933971998256549	-0.06222041164122838	0.0	0.0	0.0	0.0	-0.45169519564204624	-0.15925572532341087	0.0	-0.12125047622776
0.0	0.0	-0.7268897651492543	-0.503990238266355	0.0	0.0	0.0	0.0	0.0	0.0
0.0	0.0	-0.28072607807519623	-1.3970779872922254	0.0	0.0	0.0	0.0	-0.22905698530769078	0.0
0.0	0.0	0.0	0.0	-0.8625391202703856	0.0	-0.9528826086581228	0.0	0.0	0.0
-0.3183002879489804	0.0	0.0	0.0	0.0	-0.6581092413824873	0.0	0.0	0.0	-0.4631528327832511
0.0	-0.10789479111541019	0.0	0.0	-0.19411535269301974	0.0	0.5520922068730164	0.0	-0.15294002631181147	0.0
0.0	0.6690410603802442	0.0	0.0	0.0	0.0	0.0	-0.5660359201850855	0.0	0.0
0.0	0.0	0.0	-0.1558913004678897	0.0	0.0	-0.11215803438609091	0.0	-1.1215494235309948	-0.19137804385339027
0.0	0.5512649982762513	0.0	0.0	0.0	0.24184074565147837	0.0	0.0	-0.838629020638676	-2.5577552195604114
-0.11614725180338326	-0.20995887611119218	0.0	0.0	0.0	-0.2689246614661376	0.0	0.0	0.0	0.0
-0.2764001549415758	0.34148832268577145	0.0	0.0	0.0	0.0	-0.4255276537608936	-0.15002974527664462	0.0	-0.11422621087047696
0.0	0.0	-0.2753254804565253	-0.4420274346074135	0.0	0.0	0.0	0.0	0.0	0.0
0.0	0.0	-0.24828967903737148	-0.7935767354076786	0.0	0.0	0.0	0.0	-0.20259067398818717	0.0
0.0	0.0	0.0	0.0	-1.6033206928487183	0.0	-1.130235040615894	0.0	0.0	0.0
-0.16473109591984236	0.0	0.0	0.0	0.0	1.4170691967674425	0.0	0.0	0.0	-0.23969715583478735
0.0	-0.10582224807550908	0.0	0.0	-0.19038660528081583	0.0	0.6783463267080145	0.0	-0.15000221269006042	0.0
0.0	0.8926806197643287	0.0	0.0	0.0	0.0	0.0	-1.8989129391859667	0.0	0.0
0.0	0.0	0.0	-0.0958028522329032	0.0	0.0	-0.06892661465247574	0.0	0.37176480949852486	-0.11761119703844505
0.0	0.1965578559479775	0.0	0.0	0.0	0.08623021340871263	0.0	0.0	-0.2990197504792164	1.2292717376315587
-0.6905980309406622	-0.24277147940668922	0.0	0.0	0.0	-0.31095250232956	0.0	0.0	0.0	0.0
-0.30939291090048116	-0.016245972539985942	0.0	0.0	0.0	0.0	-0.47632114929010666	-0.16793818231618013	0.0	-0.1278609264521549
0.0	0.0	-0.6202058436042142	-0.4832862188130012	0.0	0.0	0.0	0.0	0.0	0.0
0.0	0.0	-0.2896242459796425	-1.4918541586239633	0.0	0.0	0.0	0.0	-0.23631739919203304	0.0
0.0	0.0	0.0	0.0	-1.7130555027947092	0.0	-1.1432593945149327	0.0	0.0	0.0
-0.3620222843969491	0.0	0.0	0.0	0.0	-0.7787444814238083	0.0	0.0	0.0	-0.5267718971589069
0.0	-0.12887406009063263	0.0	0.0	-0.23185951211227263	0.0	0.29573270540152863	0.0	-0.1826779767346547	0.0
0.0	0.5946401394930607	0.0	0.0	0.0	0.0	0.0	-0.11305491549109714	0.0	0.0
0.0	0.0	0.0	-0.13451938587334739	0.0	0.0	-0.09678173099522266	0.0	-0.6212464675848736	-0.16514107491266541
0.0	0.4543320888838592	0.0	0.0	0.0	0.1993161392300204	0.0	0.0	-0.6911668180218091	-1.4610839725733482
-0.4216064640935049	-0.2278631709910204	0.0	0.0	0.0	-0.2918572782172283	0.0	0.0	0.0	0.0
-0.29562607270914476	0.03508423313651099	0.0	0.0	0.0	0.0	-0.4551266229827552	-0.16046555543741603	0.0	-0.12217158896753692
0.0	0.0	-0.39747451756198515	-0.46655789663010866	0.0	0.0	0.0	0.0	0.0	0.0
0.0	0.0	-0.23584844718625675	-0.6394662027011844	0.0	0.0	0.0	0.0	-0.1924393154793171	0.0
0.0	0.0	0.0	0.0	-0.7290085819694994	0.0	-0.9316959939329874	0.0	0.0	0.0
-0.2594181334046869	0.0	0.0	0.0	0.0	0.16175720522710701	0.0	0.0	0.0	-0.3774745041417703
0.0	-0.08925644950067455	0.0	0.0	-0.1605827954791372	0.0	0.9011441907014723	0.0	-0.12652032219544596	0.0
0.0	0.9276729324729289	0.0	0.0	0.0	0.0	0.0	-2.0872400511235325	0.0	0.0
0.0	0.0	0.0	-0.11191365193655388	0.0	0.0	-0.08051774014649694	0.0	-0.07374572824299674	-0.1373894227825656
0.0	0.4265277856685848	0.0	0.0	0.0	0.1871183515182526	0.0	0.0	-0.648868657159288	-1.1296871286399648
