0.6410941625754063	0.0	0.0	0.0	0.0	0.0	0.0	0.0	0.0	0.0
0.0	-0.15124556875806783	0.0	0.0	0.0	-0.13265506968690302	-0.056536094464365666	0.0	0.0	0.0
0.0	0.0	-1.1046749559973297	0.0	0.0	0.0	0.0	0.0	0.0	0.0
0.0	0.0	0.0	-1.2731979830332047	0.0	0.0	0.0	0.0	0.0	0.0
0.0	0.0	0.0	0.0	0.21757031730610885	-0.1700283566267157	0.0	0.0	0.0	-1.00365794779065
0.0	-0.3901099762636669	0.0	0.0	-0.39831611262634586	0.2864168583659693	0.2403002429051847	0.0	0.0	0.0
0.0	-0.3337776579425545	0.0	0.0	0.0	-0.32009047944783137	-0.12240238809847635	-0.304663299804073	0.0	0.0
0.0	0.0	0.0	0.0	0.0	0.0	0.18390620196233073	-0.9294987934680733	-0.34329338989004615	0.0
0.0	0.0	0.0	0.0	0.0	0.0	0.0	-0.830626938394807	-0.5637691229465011	0.0
0.0	0.0	0.0	0.0	-0.23770497081525518	0.0	0.0	0.0	0.0	-0.5875241914104574
-1.8205875321506153	0.0	0.0	0.0	0.0	0.0	0.0	0.0	0.0	0.0
0.0	-1.574557717219783	0.0	0.0	0.0	-0.19209585222885833	-0.08186908554235074	0.0	0.0	0.0
0.0	0.0	-0.5274578103392775	0.0	0.0	0.0	0.0	0.0	0.0	0.0
0.0	0.0	0.0	-0.9135196441649329	0.0	0.0	0.0	0.0	0.0	0.0
0.0	0.0	0.0	0.0	-0.08460075985990799	-0.1771523590743851	0.0	0.0	0.0	-1.0457101196667848
0.0	-0.5750624602181807	0.0	0.0	-0.5871591541064155	-0.7893390805196242	0.35422741607275365	0.0	0.0	0.0
0.0	-0.3941056187928449	0.0	0.0	0.0	-0.3779445791850969	-0.7410783455357421	-0.35972904547559326	0.0	0.0
0.0	0.0	0.0	0.0	0.0	0.0	0.1323458332974329	0.18306621641089071	-0.2470468601151622	0.0
0.0	0.0	0.0	0.0	0.0	0.0	0.0	-0.6542274850421491	0.19539489134577748	0.0
0.0	0.0	0.0	0.0	-0.28713344030539495	0.0	0.0	0.0	0.0	-1.3577306672059273
-0.36156563408481196	0.0	0.0	0.0	0.0	0.0	0.0	0.0	0.0	0.0
0.0	0.7405261799317836	0.0	0.0	0.0	-0.09238494807063144	-0.03937342284418104	0.0	0.0	0.0
0.0	0.0	-1.9361362997161045	0.0	0.0	0.0	0.0	0.0	0.0	0.0
0.0	0.0	0.0	-0.6525959892643933	0.0	0.0	0.0	0.0	0.0	0.0
0.0	0.0	0.0	0.0	0.6018088332366183	-0.14542874011260418	0.0	0.0	0.0	-0.8584492242764052
0.0	-0.51292462242619	0.0	0.0	-0.523714219338626	-0.2571357734147379	0.3159517030083783	0.0	0.0	0.0
0.0	-0.2139086016306192	0.0	0.0	0.0	-0.20513687847178866	0.73036253400514	-0.19525003809714425	0.0	0.0
0.0	0.0	0.0	0.0	0.0	0.0	0.19523836946909315	-1.2189006794273687	-0.36444688094520444	0.0
0.0	0.0	0.0	0.0	0.0	0.0	0.0	-0.8600692468361174	-0.7011935393568081	0.0
0.0	0.0	0.0	0.0	-0.17395609893160777	0.0	0.0	0.0	0.0	0.4366391226107811
-1.6555827893435577	0.0	0.0	0.0	0.0	0.0	0.0	0.0	0.0	0.0
0.0	-0.8143842621908004	0.0	0.0	0.0	-0.15906754195798137	-0.0677927922361098	0.0	0.0	0.0
0.0	0.0	-0.6103484977649272	0.0	0.0	0.0	0.0	0.0	0.0	0.0
0.0	0.0	0.0	-0.9284306834263308	0.0	0.0	0.0	0.0	0.0	0.0
0.0	0.0	0.0	0.0	-0.30920071340955413	-0.20223189212587858	0.0	0.0	0.0	-1.1937517356265943
0.0	-0.5899907022641918	0.0	0.0	-0.6024014183444708	-0.897328616146122	0.36342292607780735	0.0	0.0	0.0
0.0	-0.3032462116514039	0.0	0.0	0.0	-0.29081103233980443	-0.0033308846958457483	-0.2767950139751465	0.0	0.0
0.0	0.0	0.0	0.0	0.0	0.0	0.12809723573404122	0.24368140932139726	-0.23911610278206213	0.0
0.0	0.0	0.0	0.0	0.0	0.0	0.0	-0.6117720133675537	0.34603703831664406	0.0
0.0	0.0	0.0	0.0	-0.2741072046968893	0.0	0.0	0.0	0.0	-1.2086483200626779
-0.998478168645301	0.0	0.0	0.0	0.0	0.0	0.0	0.0	0.0	0.0
0.0	-0.4671873074503537	0.0	0.0	0.0	-0.1471220813806136	-0.062701771672656	0.0	0.0	0.0
0.0	0.0	-2.120128902840264	0.0	0.0	0.0	0.0	0.0	0.0	0.0
0.0	0.0	0.0	-0.47690346118375393	0.0	0.0	0.0	0.0	0.0	0.0
0.0	0.0	0.0	0.0	0.6812372836844736	-0.1179742998841058	0.0	0.0	0.0	-0.6963888028022958
0.0	-0.3455449162485562	0.0	0.0	-0.3528136068094191	0.6042108741328027	0.2128490229971933	0.0	0.0	0.0
0.0	-0.3539094555569746	0.0	0.0	0.0	-0.3393967349661545	-0.2637690820176526	-0.32303906506650587	0.0	0.0
0.0	0.0	0.0	0.0	0.0	0.0	0.18148739288886886	-0.8575534244687444	-0.33877825577566967	0.0
0.0	0.0	0.0	0.0	0.0	0.0	0.0	-0.7976132009694906	-0.45010628286466087	0.0
0.0	0.0	0.0	0.0	-0.26766444414069773	0.0	0.0	0.0	0.0	-0.9416542213459731
-1.285058075925676	0.0	0.0	0.0	0.0	0.0	0.0	0.0	0.0	0.0
0.0	-1.1827172697557917	0.0	0.0	0.0	-0.17634157409045773	-0.07515478989460253	0.0	0.0	0.0
0.0	0.0	-0.8076377803600403	0.0	0.0	0.0	0.0	0.0	0.0	0.0
0.0	0.0	0.0	-0.6503190552112019	0.0	0.0	0.0	0.0	0.0	0.0
0.0	0.0	0.0	0.0	0.3871827473545862	-0.1366557329440618	0.0	0.0	0.0	-0.8066631660834015
0.0	-0.47257728043816916	0.0	0.0	-0.4825181531180273	-0.12881855069634351	0.29109851629123834	0.0	0.0	0.0
0.0	-0.40060826959192664	0.0	0.0	0.0	-0.3841805765996336	-0.6677642267279279	-0.3656644908320431	0.0	0.0
0.0	0.0	0.0	0.0	0.0	0.0	0.12939679775429005	0.22129051001746133	-0.24154196469723002	0.0
0.0	0.0	0.0	0.0	0.0	0.0	0.0	-0.700606103910248	0.060661904440610266	0.0
0.0	0.0	0.0	0.0	-0.2831841628485188	0.0	0.0	0.0	0.0	-1.2163643265659858
-1.0556458825199322	0.0	0.0	0.0	0.0	0.0	0.0	0.0	0.0	0.0
0.0	-0.3171684464686335	0.0	0.0	0.0	-0.13937743794404697	-0.05940109199297249	0.0	0.0	0.0
0.0	0.0	-1.8199856443780476	0.0	0.0	0.0	0.0	0.0	0.0	0.0
0.0	0.0	0.0	-0.49655309773809675	0.0	0.0	0.0	0.0	0.0	0.0
0.0	0.0	0.0	0.0	0.2324457930296816	-0.15039734882799183	0.0	0.0	0.0	-0.8877783534028416
0.0	-0.4353761393170038	0.0	0.0	-0.444534469494844	0.07288108095563683	0.26818332880132884	0.0	0.0	0.0
0.0	-0.32125376331993843	0.0	0.0	0.0	-0.3080801505989267	-0.11507300761169414	-0.29323182447512397	0.0	0.0
0.0	0.0	0.0	0.0	0.0	0.0	0.20117080634870407	-1.235075473179319	-0.37552082160071054	0.0
0.0	0.0	0.0	0.0	0.0	0.0	0.0	-0.7562001447412532	-0.3968051492745423	0.0
0.0	0.0	0.0	0.0	-0.29370787964719625	0.0	0.0	0.0	0.0	-1.4047888649263427
-1.78409583995999	0.0	0.0	0.0	0.0	0.0	0.0	0.0	0.0	0.0
0.0	-1.2870809222467479	0.0	0.0	0.0	-0.1813566829830269	-0.07729217273845901	0.0	0.0	0.0
0.0	0.0	0.2710874767412317	0.0	0.0	0.0	0.0	0.0	0.0	0.0
0.0	0.0	0.0	-1.095906745098925	0.0	0.0	0.0	0.0	0.0	0.0
0.0	0.0	0.0	0.0	0.2755213181899829	-0.16547136030798945	0.0	0.0	0.0	-0.9767585195771346
0.0	-0.4802671152423723	0.0	0.0	-0.49036974700774316	-0.29657769536391465	0.29583530664212604	0.0	0.0	0.0
0.0	-0.3362085622547803	0.0	0.0	0.0	-0.3224216999722622	-0.2604892497433856	-0.3068821641038462	0.0	0.0
0.0	0.0	0.0	0.0	0.0	0.0	0.15314426142084517	-0.23350495420033002	-0.28587079763703616	0.0
0.0	0.0	0.0	0.0	0.0	0.0	0.0	-0.6248789366831454	0.20625101980649688	0.0
0.0	0.0	0.0	0.0	-0.2200779725133494	0.0	0.0	0.0	0.0	-0.3088244493784602
-1.3853730688000048	0.0	0.0	0.0	0.0	0.0	0.0	0.0	0.0	0.0
0.0	-0.42551281508676464	0.0	0.0	0.0	-0.14568278526761266	-0.062088359903329185	0.0	0.0	0.0
0.0	0.0	-1.9428422395360758	0.0	0.0	0.0	0.0	0.0	0.0	0.0
0.0	0.0	0.0	-1.0948965094720515	0.0	0.0	0.0	0.0	0.0	0.0
0.0	0.0	0.0	0.0	-0.37189117472555955	-0.2092590537579369	0.0	0.0	0.0	-1.2352322672411464
0.0	-0.34236037021680205	0.0	0.0	-0.3495620724395555	0.38516208569312216	0.2108874038858275	0.0	0.0	0.0
0.0	-0.31128939798072325	0.0	0.0	0.0	-0.2985243927375911	0.034281535094586646	-0.2841366188720542	0.0	0.0
0.0	0.0	0.0	0.0	0.0	0.0	0.19150692560363644	-1.028039678777652	-0.35748148227953336	0.0
0.0	0.0	0.0	0.0	0.0	0.0	0.0	-0.7055632169020605	-0.1990689116112898	0.0
0.0	0.0	0.0	0.0	-0.3088466240392378	0.0	0.0	0.0	0.0	-1.7540055700724513
-0.4553440338390176	0.0	0.0	0.0	0.0	0.0	0.0	0.0	0.0	0.0
0.0	-1.3123032380936612	0.0	0.0	0.0	-0.18376235920448422	-0.07831744481006547	0.0	0.0	0.0
0.0	0.0	-0.05683944963365617	0.0	0.0	0.0	0.0	0.0	0.0	0.0
0.0	0.0	0.0	-0.41401689132306174	0.0	0.0	0.0	0.0	0.0	0.0
0.0	0.0	0.0	0.0	0.5529875671122334	-0.1486557315985226	0.0	0.0	0.0	-0.8774977860372257
0.0	-0.39728545655445546	0.0	0.0	-0.40564253232734354	0.15438425801342096	0.24472020076771436	0.0	0.0	0.0
0.0	-0.33551649345832574	0.0	0.0	0.0	-0.3217580107540157	-0.2489247108063298	-0.3062504622562181	0.0	0.0
0.0	0.0	0.0	0.0	0.0	0.0	0.1794970606909314	-0.7516874930792429	-0.33506294938607223	0.0
0.0	0.0	0.0	0.0	0.0	0.0	0.0	-0.6381615418202178	0.06077907319456079	0.0
0.0	0.0	0.0	0.0	-0.19698797282748545	0.0	0.0	0.0	0.0	0.07793584973859648
-2.412081911110869	0.0	0.0	0.0	0.0	0.0	0.0	0.0	0.0	0.0
0.0	-0.16898288629067904	0.0	0.0	0.0	-0.13394157721548083	-0.05708438946233644	0.0	0.0	0.0
0.0	0.0	-1.9823136966848396	0.0	0.0	0.0	0.0	0.0	0.0	0.0
0.0	0.0	0.0	-1.2291060919849168	0.0	0.0	0.0	0.0	0.0	0.0
0.0	0.0	0.0	0.0	-0.2825244444867181	-0.19103116977638604	0.0	0.0	0.0	-1.1276351523101724
0.0	-0.3758972724623912	0.0	0.0	-0.3838044382973419	0.280787639511894	0.23154549069787986	0.0	0.0	0.0
0.0	-0.2992921900569793	0.0	0.0	0.0	-0.287019152812253	0.14754626006198213	-0.2731858890448574	0.0	0.0
0.0	0.0	0.0	0.0	0.0	0.0	0.17913378714417436	-0.8113800318888521	-0.3343848351844142	0.0
0.0	0.0	0.0	0.0	0.0	0.0	0.0	-0.7434078122685446	-0.2698409059629991	0.0
0.0	0.0	0.0	0.0	-0.3365539189105945	0.0	0.0	0.0	0.0	-2.141319958511962
0.37436844724386265	0.0	0.0	0.0	0.0	0.0	0.0	0.0	0.0	0.0
0.0	-1.282823295461976	0.0	0.0	0.0	-0.18097334888036246	-0.0771288000675856	0.0	0.0	0.0
0.0	0.0	-0.27104064040594933	0.0	0.0	0.0	0.0	0.0	0.0	0.0
0.0	0.0	0.0	-0.22655577396806992	0.0	0.0	0.0	0.0	0.0	0.0
0.0	0.0	0.0	0.0	0.814178862291514	-0.14876402873761235	0.0	0.0	0.0	-0.8781370516663646
0.0	-0.45116792164383546	0.0	0.0	-0.46065843896650316	-0.050018759203038554	0.2779107630120311	0.0	0.0	0.0
0.0	-0.414914042132007	0.0	0.0	0.0	-0.39789971412205605	-0.8500738971677309	-0.3787224165637214	0.0	0.0
0.0	0.0	0.0	0.0	0.0	0.0	0.1716937946593317	-0.6101313178367997	-0.3204967758714323	0.0
0.0	0.0	0.0	0.0	0.0	0.0	0.0	-0.7363556381932646	-0.21835259407216892	0.0
0.0	0.0	0.0	0.0	-0.0999150360997089	0.0	0.0	0.0	0.0	1.5623612621893437
-1.670413250994534	0.0	0.0	0.0	0.0	0.0	0.0	0.0	0.0	0.0
0.0	-0.43181107632231885	0.0	0.0	0.0	-0.14412369289102914	-0.061423892317663285	0.0	0.0	0.0
0.0	0.0	-2.1764946795442466	0.0	0.0	0.0	0.0	0.0	0.0	0.0
0.0	0.0	0.0	-1.5072612540023835	0.0	0.0	0.0	0.0	0.0	0.0
0.0	0.0	0.0	0.0	-0.44187242736444315	-0.23597638082300762	0.0	0.0	0.0	-1.3929415939945122
0.0	-0.47444168400743636	0.0	0.0	-0.48442177524322844	-0.3595373679549845	0.2922469530342797	0.0	0.0	0.0
0.0	-0.2855471724612508	0.0	0.0	0.0	-0.27383777542661375	0.14378313320218483	-0.2606398053962616	0.0	0.0
0.0	0.0	0.0	0.0	0.0	0.0	0.18171334430872643	-0.8174450993408261	-0.339200033986767	0.0
0.0	0.0	0.0	0.0	0.0	0.0	0.0	-0.6373710851660174	0.0545629892322852	0.0
0.0	0.0	0.0	0.0	-0.21988291661694548	0.0	0.0	0.0	0.0	-0.44680340319685863
-0.9274613152927207	0.0	0.0	0.0	0.0	0.0	0.0	0.0	0.0	0.0
0.0	-0.973254400938456	0.0	0.0	0.0	-0.16808902142112608	-0.07163764502869811	0.0	0.0	0.0
0.0	0.0	-0.23436929682700036	0.0	0.0	0.0	0.0	0.0	0.0	0.0
0.0	0.0	0.0	0.17715763046321986	0.0	0.0	0.0	0.0	0.0	0.0
0.0	0.0	0.0	0.0	-0.0006540426247091391	-0.1854477045335496	0.0	0.0	0.0	-1.094676595406111
0.0	-0.45591908054036684	0.0	0.0	-0.46550954059753996	-0.19961766411864149	0.2808373855194902	0.0	0.0	0.0
0.0	-0.3115516666160389	0.0	0.0	0.0	-0.29877590655592084	-0.13544323854140194	-0.28437601065268714	0.0	0.0
0.0	0.0	0.0	0.0	0.0	0.0	0.20616677428179495	-1.2943320714641413	-0.38484667765794145	0.0
0.0	0.0	0.0	0.0	0.0	0.0	0.0	-0.6673317721222477	-0.13606314026512736	0.0
0.0	0.0	0.0	0.0	-0.24818668408844954	0.0	0.0	0.0	0.0	-0.7786606487696925
-1.3196776367470568	0.0	0.0	0.0	0.0	0.0	0.0	0.0	0.0	0.0
0.0	-0.8072044351557169	0.0	0.0	0.0	-0.1618474237406387	-0.06897754649717973	0.0	0.0	0.0
0.0	0.0	-1.6615243341143626	0.0	0.0	0.0	0.0	0.0	0.0	0.0
0.0	0.0	0.0	-1.335790357431387	0.0	0.0	0.0	0.0	0.0	0.0
0.0	0.0	0.0	0.0	-0.2016063433603097	-0.19034181008478607	0.0	0.0	0.0	-1.1235659408734013
0.0	-0.37858744607018385	0.0	0.0	-0.38655120090005396	0.20932945334289665	0.23320258590370135	0.0	0.0	0.0
0.0	-0.32540807448037196	0.0	0.0	0.0	-0.3120641064434113	-0.039081185527761075	-0.2970237683528307	0.0	0.0
0.0	0.0	0.0	0.0	0.0	0.0	0.14339296898771353	-0.03791740762733031	-0.26766828896979394	0.0
0.0	0.0	0.0	0.0	0.0	0.0	0.0	-0.6011025827799293	0.3195867821629182	0.0
0.0	0.0	0.0	0.0	-0.3111221426393519	0.0	0.0	0.0	0.0	-1.750985910167704
-0.9778376442532754	0.0	0.0	0.0	0.0	0.0	0.0	0.0	0.0	0.0
0.0	-0.8223927805982887	0.0	0.0	0.0	-0.16112497529864533	-0.06866964711980521	0.0	0.0	0.0
0.0	0.0	-1.1182749887875152	0.0	0.0	0.0	0.0	0.0	0.0	0.0
0.0	0.0	0.0	-0.022878573916410346	0.0	0.0	0.0	0.0	0.0	0.0
0.0	0.0	0.0	0.0	0.45431147893366836	-0.1502619521696278	0.0	0.0	0.0	-0.8869791224100391
0.0	-0.42081192885973756	0.0	0.0	-0.42966389441144903	0.15700865778684814	0.25921205525399993	0.0	0.0	0.0
0.0	-0.41518377188758776	0.0	0.0	0.0	-0.3981583831034292	-0.8549844853628804	-0.3789686186549492	0.0	0.0
0.0	0.0	0.0	0.0	0.0	0.0	0.20806190756437998	-1.3326194069919297	-0.38838427846710455	0.0
0.0	0.0	0.0	0.0	0.0	0.0	0.0	-0.7713985987789029	-0.4718375082574693	0.0
0.0	0.0	0.0	0.0	-0.22125523452022788	0.0	0.0	0.0	0.0	-0.2964211104554566
-1.8581884628093486	0.0	0.0	0.0	0.0	0.0	0.0	0.0	0.0	0.0
0.0	-0.7863591031763499	0.0	0.0	0.0	-0.16027636060378847	-0.06830797710850812	0.0	0.0	0.0
0.0	0.0	-1.3928067016021028	0.0	0.0	0.0	0.0	0.0	0.0	0.0
0.0	0.0	0.0	-0.8944573163695484	0.0	0.0	0.0	0.0	0.0	0.0
0.0	0.0	0.0	0.0	0.03959213399889461	-0.1626802197265518	0.0	0.0	0.0	-0.960282735869414
0.0	-0.49219075359821457	0.0	0.0	-0.502544204384479	-0.40245087717913375	0.3031800385576357	0.0	0.0	0.0
0.0	-0.19024721325829477	0.0	0.0	0.0	-0.18244576968043222	0.8673654288260567	-0.17365255699582152	0.0	0.0
0.0	0.0	0.0	0.0	0.0	0.0	0.14298627757519938	-0.0024835735391539604	-0.2669091276573889	0.0
0.0	0.0	0.0	0.0	0.0	0.0	0.0	-0.41151290383512734	0.9193326749602674	0.0
0.0	0.0	0.0	0.0	-0.3078281964701455	0.0	0.0	0.0	0.0	-1.6453036174969076
-1.0109460030562505	0.0	0.0	0.0	0.0	0.0	0.0	0.0	0.0	0.0
0.0	-0.2875396820902074	0.0	0.0	0.0	-0.13806003428968636	-0.058839629414675076	0.0	0.0	0.0
0.0	0.0	-1.4527674281139458	0.0	0.0	0.0	0.0	0.0	0.0	0.0
0.0	0.0	0.0	-0.45317086667405343	0.0	0.0	0.0	0.0	0.0	0.0
0.0	0.0	0.0	0.0	0.6623630401032925	-0.14255978511657422	0.0	0.0	0.0	-0.8415141109767997
0.0	-0.4358779086746313	0.0	0.0	-0.4450467937934416	0.09203614466748022	0.2684924090757557	0.0	0.0	0.0
0.0	-0.32152408938316235	0.0	0.0	0.0	-0.30833939143523054	-0.11970840681834916	-0.2934785708599854	0.0	0.0
0.0	0.0	0.0	0.0	0.0	0.0	0.20384812081267786	-1.2442806039347039	-0.3805185016589799	0.0
0.0	0.0	0.0	0.0	0.0	0.0	0.0	-0.6664263169325023	-0.1240942134049694	0.0
0.0	0.0	0.0	0.0	-0.17514864321879775	0.0	0.0	0.0	0.0	0.42413620807514807
-0.568971466768041	0.0	0.0	0.0	0.0	0.0	0.0	0.0	0.0	0.0
0.0	-1.4718446358541106	0.0	0.0	0.0	-0.1883021599136977	-0.08025225666724718	0.0	0.0	0.0
0.0	0.0	-0.6812160656486999	0.0	0.0	0.0	0.0	0.0	0.0	0.0
0.0	0.0	0.0	-0.5826548132393725	0.0	0.0	0.0	0.0	0.0	0.0
0.0	0.0	0.0	0.0	-0.42923329985875086	-0.20637320500045914	0.0	0.0	0.0	-1.2181974319993805
0.0	-0.5437071853738585	0.0	0.0	-0.5551443071498232	-0.7094002875326367	0.3349131697835047	0.0	0.0	0.0
0.0	-0.3634021041452998	0.0	0.0	0.0	-0.3485001197061533	-0.4671152320482851	-0.3317037002629616	0.0	0.0
0.0	0.0	0.0	0.0	0.0	0.0	0.12409865061870172	0.3564127525823279	-0.2316520378165427	0.0
0.0	0.0	0.0	0.0	0.0	0.0	0.0	-0.5964254675405736	0.4101691011067694	0.0
0.0	0.0	0.0	0.0	-0.30749750916360613	0.0	0.0	0.0	0.0	-1.7276023523682704
-1.9115374253155193	0.0	0.0	0.0	0.0	0.0	0.0	0.0	0.0	0.0
0.0	0.5731942779031587	0.0	0.0	0.0	-0.09963049222307079	-0.042461392038384296	0.0	0.0	0.0
0.0	0.0	-2.1247549340204106	0.0	0.0	0.0	0.0	0.0	0.0	0.0
0.0	0.0	0.0	-1.118322361724636	0.0	0.0	0.0	0.0	0.0	0.0
0.0	0.0	0.0	0.0	0.6836083492396506	-0.14033506240120655	0.0	0.0	0.0	-0.8283818271671572
0.0	-0.4564819173098946	0.0	0.0	-0.46608421688813034	0.1140941107094855	0.2811840821452184	0.0	0.0	0.0
0.0	-0.3372464649252569	0.0	0.0	0.0	-0.3234170414982976	-0.11964796107976539	-0.30782953384216855	0.0	0.0
0.0	0.0	0.0	0.0	0.0	0.0	0.18199254882955596	-0.8606438846197341	-0.33972121851129883	0.0
0.0	0.0	0.0	0.0	0.0	0.0	0.0	-0.7672495772624164	-0.3562955552445767	0.0
0.0	0.0	0.0	0.0	-0.1725063521220728	0.0	0.0	0.0	0.0	0.4689955722619401
0.03645099886106973	0.0	0.0	0.0	0.0	0.0	0.0	0.0	0.0	0.0
0.0	-1.2250440094626067	0.0	0.0	0.0	-0.1766424358143494	-0.0752830137678612	0.0	0.0	0.0
0.0	0.0	0.15822646925847206	0.0	0.0	0.0	0.0	0.0	0.0	0.0
0.0	0.0	0.0	-0.37912567412982456	0.0	0.0	0.0	0.0	0.0	0.0
0.0	0.0	0.0	0.0	-0.577620956218895	-0.22166982122387582	0.0	0.0	0.0	-1.3084916085210119
0.0	-0.5594090381140099	0.0	0.0	-0.5711764553260629	-0.7413740968542025	0.34458520909830975	0.0	0.0	0.0
0.0	-0.42739250348276897	0.0	0.0	0.0	-0.4098664727755787	-1.014080194471852	-0.3901124216198867	0.0	0.0
0.0	0.0	0.0	0.0	0.0	0.0	0.17121343431258015	-0.5114611743894959	-0.3196000984889105	0.0
0.0	0.0	0.0	0.0	0.0	0.0	0.0	-0.5604042120414126	0.3386546917188538	0.0
0.0	0.0	0.0	0.0	-0.30240542722422925	0.0	0.0	0.0	0.0	-1.6803064518562054
-2.0036774168464992	0.0	0.0	0.0	0.0	0.0	0.0	0.0	0.0	0.0
0.0	-0.3638063195066954	0.0	0.0	0.0	-0.1434706761925133	-0.06114558396622797	0.0	0.0	0.0
0.0	0.0	-2.119551713309188	0.0	0.0	0.0	0.0	0.0	0.0	0.0
0.0	0.0	0.0	-1.5685513791939643	0.0	0.0	0.0	0.0	0.0	0.0
0.0	0.0	0.0	0.0	1.1915607376165807	-0.09626783575983747	0.0	0.0	0.0	-0.5682580270365586
0.0	-0.33740774528727135	0.0	0.0	-0.34450526684816585	0.6318700498461343	0.20783668217657253	0.0	0.0	0.0
0.0	-0.25848443207537747	0.0	0.0	0.0	-0.24788479343649725	0.3927683642092155	-0.23593766134466623	0.0	0.0
0.0	0.0	0.0	0.0	0.0	0.0	0.21027854028815554	-1.441727360723505	-0.39252201473573783	0.0
0.0	0.0	0.0	0.0	0.0	0.0	0.0	-0.7579344324399193	-0.4380699336886964	0.0
0.0	0.0	0.0	0.0	-0.17120137861154008	0.0	0.0	0.0	0.0	0.5770584744217025
0.04759619040825292	0.0	0.0	0.0	0.0	0.0	0.0	0.0	0.0	0.0
0.0	-0.7566726304801328	0.0	0.0	0.0	-0.15758437605276954	-0.06716068365615659	0.0	0.0	0.0
0.0	0.0	-0.5006630294761711	0.0	0.0	0.0	0.0	0.0	0.0	0.0
0.0	0.0	0.0	0.14301055529439077	0.0	0.0	0.0	0.0	0.0	0.0
0.0	0.0	0.0	0.0	-0.06412192410645035	-0.16185458261136113	0.0	0.0	0.0	-0.955409094383416
0.0	-0.5196595719852093	0.0	0.0	-0.5305908415485383	-0.44295492109832163	0.3201003024122876	0.0	0.0	0.0
0.0	-0.30658065110967053	0.0	0.0	0.0	-0.2940087368580321	0.01198957803314582	-0.2798386009384395	0.0	0.0
0.0	0.0	0.0	0.0	0.0	0.0	0.13717244042276164	0.08354606302770051	-0.2560565743283943	0.0
0.0	0.0	0.0	0.0	0.0	0.0	0.0	-0.5812702064060448	0.4066036400781528	0.0
0.0	0.0	0.0	0.0	-0.3416179197609054	0.0	0.0	0.0	0.0	-2.1604358694778987
-2.120562002916394	0.0	0.0	0.0	0.0	0.0	0.0	0.0	0.0	0.0
0.0	-1.3569083417406378	0.0	0.0	0.0	-0.1836615632020854	-0.07827448669073614	0.0	0.0	0.0
0.0	0.0	-1.8546256503870777	0.0	0.0	0.0	0.0	0.0	0.0	0.0
0.0	0.0	0.0	-1.139380335710121	0.0	0.0	0.0	0.0	0.0	0.0
0.0	0.0	0.0	0.0	0.8240761516302995	-0.1282168017331554	0.0	0.0	0.0	-0.7568491200694205
0.0	-0.5116265812396336	0.0	0.0	-0.5223888732800351	-0.3506097504417417	0.31515213460098224	0.0	0.0	0.0
0.0	-0.37149157260816174	0.0	0.0	0.0	-0.35625786435184564	-0.6564487481406474	-0.3390875502508498	0.0	0.0
0.0	0.0	0.0	0.0	0.0	0.0	0.20794148149758113	-1.395792296704623	-0.3881594819552883	0.0
0.0	0.0	0.0	0.0	0.0	0.0	0.0	-0.8667757128964954	-0.7722750917191834	0.0
0.0	0.0	0.0	0.0	-0.1584547018358335	0.0	0.0	0.0	0.0	0.7081310241890948
-0.7287418857334306	0.0	0.0	0.0	0.0	0.0	0.0	0.0	0.0	0.0
0.0	-0.4960992020827213	0.0	0.0	0.0	-0.1461705187161072	-0.06229622639785971	0.0	0.0	0.0
0.0	0.0	0.8653061194513565	0.0	0.0	0.0	0.0	0.0	0.0	0.0
0.0	0.0	0.0	0.044391302930382404	0.0	0.0	0.0	0.0	0.0	0.0
0.0	0.0	0.0	0.0	-0.14607747231185653	-0.17787576512331932	0.0	0.0	0.0	-1.0499803028579728
0.0	-0.5449530807358606	0.0	0.0	-0.5564164104733138	-0.6192553728167232	0.3356806173658275	0.0	0.0	0.0
0.0	-0.24859523402771855	0.0	0.0	0.0	-0.2384011204910346	0.4098264724395686	-0.22691106643059228	0.0	0.0
0.0	0.0	0.0	0.0	0.0	0.0	0.1540737702687606	-0.17406990014826373	-0.2876058899826387	0.0
0.0	0.0	0.0	0.0	0.0	0.0	0.0	-0.376449167972687	0.9863837298204311	0.0
0.0	0.0	0.0	0.0	-0.31005151653877466	0.0	0.0	0.0	0.0	-1.709688038238284
-1.692982060210396	0.0	0.0	0.0	0.0	0.0	0.0	0.0	0.0	0.0
0.0	-1.2131198599312139	0.0	0.0	0.0	-0.17936162786023957	-0.07644190274764948	0.0	0.0	0.0
0.0	0.0	-1.6702604803455756	0.0	0.0	0.0	0.0	0.0	0.0	0.0
0.0	0.0	0.0	-1.471820478801267	0.0	0.0	0.0	0.0	0.0	0.0
0.0	0.0	0.0	0.0	0.6151151912814057	-0.1391944182248684	0.0	0.0	0.0	-0.8216487350177324
0.0	-0.4064656775811157	0.0	0.0	-0.41501586337468516	0.13081008903022687	0.2503750403689932	0.0	0.0	0.0
0.0	-0.3211304930652632	0.0	0.0	0.0	-0.3079619352721014	-0.18026529774492284	-0.29311930669071457	0.0	0.0
0.0	0.0	0.0	0.0	0.0	0.0	0.19959691714023992	-1.1121844485031471	-0.3725828795633033	0.0
0.0	0.0	0.0	0.0	0.0	0.0	0.0	-0.5616755029433723	0.22309740711764614	0.0
0.0	0.0	0.0	0.0	-0.20729500970819523	0.0	0.0	0.0	0.0	-0.06078466749608258
-0.4292249599406852	0.0	0.0	0.0	0.0	0.0	0.0	0.0	0.0	0.0
0.0	-0.9358066461775988	0.0	0.0	0.0	-0.16597069761496644	-0.07073483931540103	0.0	0.0	0.0
0.0	0.0	-0.6113693998176131	0.0	0.0	0.0	0.0	0.0	0.0	0.0
0.0	0.0	0.0	0.37598521799648	0.0	0.0	0.0	0.0	0.0	0.0
0.0	0.0	0.0	0.0	0.020936432810936823	-0.1518242908670075	0.0	0.0	0.0	-0.8962014290997905
0.0	-0.46829724830506103	0.0	0.0	-0.47814808861082475	-0.1546452493893984	0.2884620988094851	0.0	0.0	0.0
0.0	-0.34488428598374127	0.0	0.0	0.0	-0.330741659387994	-0.2901173055240308	-0.3148011321850132	0.0	0.0
0.0	0.0	0.0	0.0	0.0	0.0	0.15848786949655985	-0.3349698082321328	-0.2958455853874333	0.0
0.0	0.0	0.0	0.0	0.0	0.0	0.0	-0.6285606588210214	0.17363508555254295	0.0
0.0	0.0	0.0	0.0	-0.35537736139104203	0.0	0.0	0.0	0.0	-2.3508201947744376
-1.7159084010434333	0.0	0.0	0.0	0.0	0.0	0.0	0.0	0.0	0.0
0.0	-0.40563711646966444	0.0	0.0	0.0	-0.1421136942863621	-0.06056725358342637	0.0	0.0	0.0
0.0	0.0	-2.3706896724031146	0.0	0.0	0.0	0.0	0.0	0.0	0.0
0.0	0.0	0.0	-0.7517073480518243	0.0	0.0	0.0	0.0	0.0	0.0
0.0	0.0	0.0	0.0	0.9970630026729367	-0.12769886093853622	0.0	0.0	0.0	-0.7537917747811529
0.0	-0.527319728722273	0.0	0.0	-0.5384121330798103	-0.3732739663175051	0.3248188116445767	0.0	0.0	0.0
0.0	-0.28979626978893114	0.0	0.0	0.0	-0.2779126305538907	0.06071254151936545	-0.2645182675468426	0.0	0.0
0.0	0.0	0.0	0.0	0.0	0.0	0.1897032577705093	-0.9963607376953467	-0.3541146178776647	0.0
0.0	0.0	0.0	0.0	0.0	0.0	0.0	-0.6916525416229826	-0.1480929339452486	0.0
0.0	0.0	0.0	0.0	-0.09925908311949579	0.0	0.0	0.0	0.0	1.6145094927174182
-0.1599323435769091	0.0	0.0	0.0	0.0	0.0	0.0	0.0	0.0	0.0
0.0	-0.6002739205876741	0.0	0.0	0.0	-0.14896397671072606	-0.0634867666873395	0.0	0.0	0.0
0.0	0.0	0.7493687431285416	0.0	0.0	0.0	0.0	0.0	0.0	0.0
0.0	0.0	0.0	-0.8701866826626472	0.0	0.0	0.0	0.0	0.0	0.0
0.0	0.0	0.0	0.0	-0.19440742732777827	-0.1999729265569169	0.0	0.0	0.0	-1.1804173201675814
0.0	-0.6213598910022099	0.0	0.0	-0.6344304718796833	-1.0065766839679706	0.3827457430579852	0.0	0.0	0.0
0.0	-0.3238351858317689	0.0	0.0	0.0	-0.31055571704205703	-0.22775093884267028	-0.2955880777531015	0.0	0.0
0.0	0.0	0.0	0.0	0.0	0.0	0.16487726351034315	-0.4810011491877845	-0.30777251719794463	0.0
0.0	0.0	0.0	0.0	0.0	0.0	0.0	-0.6543863465296247	0.0670459407489168	0.0
0.0	0.0	0.0	0.0	-0.23825387650101704	0.0	0.0	0.0	0.0	-0.6557880048894307
-1.8180152696478387	0.0	0.0	0.0	0.0	0.0	0.0	0.0	0.0	0.0
0.0	-0.7309209003833246	0.0	0.0	0.0	-0.15881126326998343	-0.0676835691498904	0.0	0.0	0.0
0.0	0.0	-1.7717620315926066	0.0	0.0	0.0	0.0	0.0	0.0	0.0
0.0	0.0	0.0	-0.993833429382939	0.0	0.0	0.0	0.0	0.0	0.0
0.0	0.0	0.0	0.0	0.31276213461203783	-0.1584569078489431	0.0	0.0	0.0	-0.9353530087576799
0.0	-0.3730267699269699	0.0	0.0	-0.3808735534680333	0.29559711898449126	0.22977731634066859	0.0	0.0	0.0
0.0	-0.29575476543442214	0.0	0.0	0.0	-0.28362678691687077	0.1046034050876683	-0.26995702266428645	0.0	0.0
0.0	0.0	0.0	0.0	0.0	0.0	0.18630155158617975	-0.9203043206658134	-0.34776473280055553	0.0
0.0	0.0	0.0	0.0	0.0	0.0	0.0	-0.6763518866551839	-0.08645137496238631	0.0
0.0	0.0	0.0	0.0	-0.248130192920967	0.0	0.0	0.0	0.0	-0.7238334060973415
-0.0047490376648084975	0.0	0.0	0.0	0.0	0.0	0.0	0.0	0.0	0.0
0.0	-1.4590575153024947	0.0	0.0	0.0	-0.18793362959902454	-0.08009519320384152	0.0	0.0	0.0
0.0	0.0	-0.3646240858365801	0.0	0.0	0.0	0.0	0.0	0.0	0.0
0.0	0.0	0.0	-0.43263999144768617	0.0	0.0	0.0	0.0	0.0	0.0
0.0	0.0	0.0	0.0	0.23279657412424923	-0.16475969033903903	0.0	0.0	0.0	-0.9725576131241648
0.0	-0.5200508653278068	0.0	0.0	-0.5309903659201342	-0.47839115173850677	0.32034133158609635	0.0	0.0	0.0
0.0	-0.3842337632402357	0.0	0.0	0.0	-0.3684775375731677	-0.726934842432814	-0.3507182803261634	0.0	0.0
0.0	0.0	0.0	0.0	0.0	0.0	0.18813435581875793	-0.8855380116713774	-0.35118598543528434	0.0
0.0	0.0	0.0	0.0	0.0	0.0	0.0	-0.6144086582273968	0.1017740747114756	0.0
0.0	0.0	0.0	0.0	-0.23093452686222338	0.0	0.0	0.0	0.0	-0.4734426787970334
-1.601031306193978	0.0	0.0	0.0	0.0	0.0	0.0	0.0	0.0	0.0
0.0	-0.28559960187960143	0.0	0.0	0.0	-0.13872342474561525	-0.0591223589445127	0.0	0.0	0.0
0.0	0.0	-1.8482770605220165	0.0	0.0	0.0	0.0	0.0	0.0	0.0
0.0	0.0	0.0	-1.2130214682110765	0.0	0.0	0.0	0.0	0.0	0.0
0.0	0.0	0.0	0.0	-0.2741000736576546	-0.1959449967357463	0.0	0.0	0.0	-1.1566409109946325
0.0	-0.39792858007961734	0.0	0.0	-0.4062991842410795	0.14655610475734315	0.2451163524908633	0.0	0.0	0.0
0.0	-0.30200393598332154	0.0	0.0	0.0	-0.28961969851400565	0.14851127678428377	-0.27566109804249467	0.0	0.0
0.0	0.0	0.0	0.0	0.0	0.0	0.15442752656954034	-0.23234752361530253	-0.288266238564654	0.0
0.0	0.0	0.0	0.0	0.0	0.0	0.0	-0.5366913520345554	0.4794360047782908	0.0
0.0	0.0	0.0	0.0	-0.3133244622900349	0.0	0.0	0.0	0.0	-1.7958709461074152
-1.383574039264802	0.0	0.0	0.0	0.0	0.0	0.0	0.0	0.0	0.0
0.0	-0.8066760263345834	0.0	0.0	0.0	-0.15926007294698627	-0.06787484677203813	0.0	0.0	0.0
0.0	0.0	-0.15307832393979526	0.0	0.0	0.0	0.0	0.0	0.0	0.0
0.0	0.0	0.0	0.047291487944318256	0.0	0.0	0.0	0.0	0.0	0.0
0.0	0.0	0.0	0.0	0.8512834684697775	-0.11636361631655201	0.0	0.0	0.0	-0.6868811218717541
0.0	-0.5136727712812725	0.0	0.0	-0.5244781058366756	-0.2563144216080788	0.316412548314944	0.0	0.0	0.0
0.0	-0.3824659400737709	0.0	0.0	0.0	-0.3667822073092407	-0.6686290483424625	-0.34910465872343194	0.0	0.0
0.0	0.0	0.0	0.0	0.0	0.0	0.20089152474211308	-1.1409485917951327	-0.3749994931819974	0.0
0.0	0.0	0.0	0.0	0.0	0.0	0.0	-0.6290496311866678	0.005447038539888482	0.0
0.0	0.0	0.0	0.0	-0.18995920383359197	0.0	0.0	0.0	0.0	0.24999675227257923
-1.7541146420967952	0.0	0.0	0.0	0.0	0.0	0.0	0.0	0.0	0.0
0.0	-0.540394563258028	0.0	0.0	0.0	-0.1469921164200984	-0.06264638207237846	0.0	0.0	0.0
0.0	0.0	-2.155264261170583	0.0	0.0	0.0	0.0	0.0	0.0	0.0
0.0	0.0	0.0	-0.7558970237941236	0.0	0.0	0.0	0.0	0.0	0.0
0.0	0.0	0.0	0.0	-0.05555733705417698	-0.1600126390818476	0.0	0.0	0.0	-0.9445363123401451
0.0	-0.5445164087584196	0.0	0.0	-0.5559705529071655	-0.47273478561891524	0.335411635825663	0.0	0.0	0.0
0.0	-0.3872888368695885	0.0	0.0	0.0	-0.3714073321819377	-0.6717785940074801	-0.3535068696487694	0.0	0.0
0.0	0.0	0.0	0.0	0.0	0.0	0.18676337166354115	-0.8643616706698591	-0.34862680149745107	0.0
0.0	0.0	0.0	0.0	0.0	0.0	0.0	-0.6288298257164716	0.061663822229918626	0.0
0.0	0.0	0.0	0.0	-0.3412958167788304	0.0	0.0	0.0	0.0	-2.151826962414911
-0.7970800491467229	0.0	0.0	0.0	0.0	0.0	0.0	0.0	0.0	0.0
0.0	-0.8481805376480817	0.0	0.0	0.0	-0.16225222024331873	-0.06915006620086218	0.0	0.0	0.0
0.0	0.0	1.076781383266372	0.0	0.0	0.0	0.0	0.0	0.0	0.0
0.0	0.0	0.0	-0.6968453050743495	0.0	0.0	0.0	0.0	0.0	0.0
0.0	0.0	0.0	0.0	1.072811268571128	-0.09677074919134004	0.0	0.0	0.0	-0.571226667518607
0.0	-0.4835256910962903	0.0	0.0	-0.4936968684499116	-0.13238488796904083	0.2978425267002264	0.0	0.0	0.0
0.0	-0.29811920532114083	0.0	0.0	0.0	-0.28589426851414296	0.011284361907747842	-0.27211522001792743	0.0	0.0
0.0	0.0	0.0	0.0	0.0	0.0	0.1776342662013214	-0.7405576674762123	-0.3315857146425821	0.0
0.0	0.0	0.0	0.0	0.0	0.0	0.0	-0.6544436214872302	0.016730522614759158	0.0
0.0	0.0	0.0	0.0	-0.18735781392828316	0.0	0.0	0.0	0.0	0.3289550628608846
-2.097217921682406	0.0	0.0	0.0	0.0	0.0	0.0	0.0	0.0	0.0
0.0	-1.471349738135941	0.0	0.0	0.0	-0.1882609595365438	-0.08023469753120935	0.0	0.0	0.0
0.0	0.0	-1.475977270116721	0.0	0.0	0.0	0.0	0.0	0.0	0.0
0.0	0.0	0.0	-0.926140154768956	0.0	0.0	0.0	0.0	0.0	0.0
0.0	0.0	0.0	0.0	-0.04513986932989688	-0.15898291466384826	0.0	0.0	0.0	-0.9384579668414109
0.0	-0.5767085534860926	0.0	0.0	-0.5888398736762526	-0.8150427938537511	0.3552413778686357	0.0	0.0	0.0
0.0	-0.3034732900283038	0.0	0.0	0.0	-0.2910287989422253	-0.12571330551036683	-0.27700228503111507	0.0	0.0
0.0	0.0	0.0	0.0	0.0	0.0	0.1606061717172474	-0.43601562735969174	-0.2997997704143221	0.0
0.0	0.0	0.0	0.0	0.0	0.0	0.0	-0.7144014821238415	-0.10551404340153915	0.0
0.0	0.0	0.0	0.0	-0.3364138115698252	0.0	0.0	0.0	0.0	-2.0751024008689822
1.0693767808324426	0.0	0.0	0.0	0.0	0.0	0.0	0.0	0.0	0.0
0.0	0.39847555849722593	0.0	0.0	0.0	-0.10767554846759896	-0.04589010426842044	0.0	0.0	0.0
0.0	0.0	-1.506714102708516	0.0	0.0	0.0	0.0	0.0	0.0	0.0
0.0	0.0	0.0	-0.666084784127166	0.0	0.0	0.0	0.0	0.0	0.0
0.0	0.0	0.0	0.0	0.9168088277234874	-0.11966749983763464	0.0	0.0	0.0	-0.706383568524162
0.0	-0.4783575238376278	0.0	0.0	-0.48841998650090485	-0.0356766370191508	0.29465903506146895	0.0	0.0	0.0
0.0	-0.2551442031467845	0.0	0.0	0.0	-0.24468153685602576	0.42716706517477143	-0.23288878990803663	0.0	0.0
0.0	0.0	0.0	0.0	0.0	0.0	0.1916565199535511	-1.0904483988926974	-0.3577607265406982	0.0
0.0	0.0	0.0	0.0	0.0	0.0	0.0	-0.7761703880642632	-0.4224195221192744	0.0
0.0	0.0	0.0	0.0	-0.1617238567019192	0.0	0.0	0.0	0.0	0.675225082772492
-1.7302372018615606	0.0	0.0	0.0	0.0	0.0	0.0	0.0	0.0	0.0
0.0	-0.9135597416048484	0.0	0.0	0.0	-0.16272276933921975	-0.06935060891814221	0.0	0.0	0.0
0.0	0.0	-1.2312373481516037	0.0	0.0	0.0	0.0	0.0	0.0	0.0
0.0	0.0	0.0	-0.4599579363384296	0.0	0.0	0.0	0.0	0.0	0.0
0.0	0.0	0.0	0.0	-0.20232523413443412	-0.1821511398789021	0.0	0.0	0.0	-1.075217351185416
0.0	-0.5950589978107729	0.0	0.0	-0.6075763277356397	-0.8280793445629819	0.3665448986626242	0.0	0.0	0.0
0.0	-0.3814163343068206	0.0	0.0	0.0	-0.36577564259413875	-0.6918278124866113	-0.34814660671233083	0.0	0.0
0.0	0.0	0.0	0.0	0.0	0.0	0.18071463386755446	-0.7888662928060136	-0.3373357646515831	0.0
0.0	0.0	0.0	0.0	0.0	0.0	0.0	-0.7113694472170944	-0.17497387784743315	0.0
0.0	0.0	0.0	0.0	-0.30664766376248864	0.0	0.0	0.0	0.0	-1.6661770637456985
-0.7948226268826636	0.0	0.0	0.0	0.0	0.0	0.0	0.0	0.0	0.0
0.0	-0.8210629738524913	0.0	0.0	0.0	-0.16171966951840946	-0.06892309908862441	0.0	0.0	0.0
0.0	0.0	-1.1825374299952207	0.0	0.0	0.0	0.0	0.0	0.0	0.0
0.0	0.0	0.0	-1.1281258968161922	0.0	0.0	0.0	0.0	0.0	0.0
0.0	0.0	0.0	0.0	0.511315361341904	-0.152940307659262	0.0	0.0	0.0	-0.902789148616913
0.0	-0.4518318642494852	0.0	0.0	-0.4613363478993181	-0.1135710797298355	0.27831973888837447	0.0	0.0	0.0
0.0	-0.27713115935738225	0.0	0.0	0.0	-0.2657668767149925	0.1977141177584023	-0.2529578942125592	0.0	0.0
0.0	0.0	0.0	0.0	0.0	0.0	0.1740449989837333	-0.6533475301918203	-0.3248857137878016	0.0
0.0	0.0	0.0	0.0	0.0	0.0	0.0	-0.5970872479806092	0.2117932466937558	0.0
0.0	0.0	0.0	0.0	-0.1879370926080197	0.0	0.0	0.0	0.0	0.2077945565003612
-1.6477147709489102	0.0	0.0	0.0	0.0	0.0	0.0	0.0	0.0	0.0
0.0	-0.7748393791216153	0.0	0.0	0.0	-0.15857706284619186	-0.06758375557085171	0.0	0.0	0.0
0.0	0.0	-1.4244254651498423	0.0	0.0	0.0	0.0	0.0	0.0	0.0
0.0	0.0	0.0	-0.45722870478617267	0.0	0.0	0.0	0.0	0.0	0.0
0.0	0.0	0.0	0.0	-0.1434881859659036	-0.18810197191174627	0.0	0.0	0.0	-1.1103444322454512
0.0	-0.4730501242037547	0.0	0.0	-0.483000943361926	-0.21957203168739603	0.2913897789572554	0.0	0.0	0.0
0.0	-0.3712991695059599	0.0	0.0	0.0	-0.35607335109948884	-0.47459631267055413	-0.3389119298562115	0.0	0.0
0.0	0.0	0.0	0.0	0.0	0.0	0.1606751344439438	-0.39657356085504536	-0.29992850151730316	0.0
0.0	0.0	0.0	0.0	0.0	0.0	0.0	-0.6945885957137508	-0.04327622712092883	0.0
0.0	0.0	0.0	0.0	-0.28475941458987253	0.0	0.0	0.0	0.0	-1.3433139004826269
-0.7233621228752255	0.0	0.0	0.0	0.0	0.0	0.0	0.0	0.0	0.0
0.0	-0.7555995829515731	0.0	0.0	0.0	-0.1575423358378353	-0.06714276659072944	0.0	0.0	0.0
0.0	0.0	-1.7225717474198259	0.0	0.0	0.0	0.0	0.0	0.0	0.0
0.0	0.0	0.0	-0.7463073719520222	0.0	0.0	0.0	0.0	0.0	0.0
0.0	0.0	0.0	0.0	0.09113893582953146	-0.17544749301127818	0.0	0.0	0.0	-1.035646490234005
0.0	-0.5005244078826453	0.0	0.0	-0.51105316078272	-0.34953004981454094	0.3083134093266084	0.0	0.0	0.0
0.0	-0.3420492661568862	0.0	0.0	0.0	-0.3280228948630827	-0.36424439560132993	-0.31221340207514375	0.0	0.0
0.0	0.0	0.0	0.0	0.0	0.0	0.20374389386831093	-1.267215242016218	-0.3803239436687228	0.0
0.0	0.0	0.0	0.0	0.0	0.0	0.0	-0.7389569479120938	-0.35251574851293593	0.0
0.0	0.0	0.0	0.0	-0.2448993949990052	0.0	0.0	0.0	0.0	-0.7083909325284155
-1.3467434005153591	0.0	0.0	0.0	0.0	0.0	0.0	0.0	0.0	0.0
0.0	-0.2884475586096955	0.0	0.0	0.0	-0.13760216521189003	-0.058644490778091474	0.0	0.0	0.0
0.0	0.0	-0.7819583807328998	0.0	0.0	0.0	0.0	0.0	0.0	0.0
0.0	0.0	0.0	-0.9477324769601408	0.0	0.0	0.0	0.0	0.0	0.0
0.0	0.0	0.0	0.0	0.13525582577977133	-0.17259382534850615	0.0	0.0	0.0	-1.0188016163146376
0.0	-0.4762664771968395	0.0	0.0	-0.486284953766658	-0.19117381503884845	0.2933709905450993	0.0	0.0	0.0
0.0	-0.30588869910571903	0.0	0.0	0.0	-0.2933451596429931	0.1243643667956247	-0.2792070056958777	0.0	0.0
0.0	0.0	0.0	0.0	0.0	0.0	0.12293039175059742	0.38996242277398085	-0.22947127641305953	0.0
0.0	0.0	0.0	0.0	0.0	0.0	0.0	-0.5175342119168166	0.6636589832746358	0.0
0.0	0.0	0.0	0.0	-0.24354150763371551	0.0	0.0	0.0	0.0	-0.6819178879375429
-1.1334729548820979	0.0	0.0	0.0	0.0	0.0	0.0	0.0	0.0	0.0
0.0	-0.978008441087375	0.0	0.0	0.0	-0.16718615553567648	-0.07125285377187764	0.0	0.0	0.0
0.0	0.0	-1.55895126157262	0.0	0.0	0.0	0.0	0.0	0.0	0.0
0.0	0.0	0.0	-0.4921455232899321	0.0	0.0	0.0	0.0	0.0	0.0
0.0	0.0	0.0	0.0	0.2531520512201501	-0.15211986530381708	0.0	0.0	0.0	-0.8979461712037148
0.0	-0.5158640085347462	0.0	0.0	-0.5267154367375799	-0.4081618288086169	0.31776230832189334	0.0	0.0	0.0
0.0	-0.33380944030970405	0.0	0.0	0.0	-0.3201209585194432	-0.3439940821488644	-0.3046923098969326	0.0	0.0
0.0	0.0	0.0	0.0	0.0	0.0	0.20687611325033203	-1.332839070464796	-0.3861707840583339	0.0
0.0	0.0	0.0	0.0	0.0	0.0	0.0	-0.7410855539282041	-0.3715409604441805	0.0
0.0	0.0	0.0	0.0	-0.2684351418965458	0.0	0.0	0.0	0.0	-1.0217092797862284
-1.8256724495968633	0.0	0.0	0.0	0.0	0.0	0.0	0.0	0.0	0.0
0.0	-0.3541980837602947	0.0	0.0	0.0	-0.14097404557584775	-0.060081548157271875	0.0	0.0	0.0
0.0	0.0	-1.1688936647729777	0.0	0.0	0.0	0.0	0.0	0.0	0.0
0.0	0.0	0.0	-0.21995122779516363	0.0	0.0	0.0	0.0	0.0	0.0
0.0	0.0	0.0	0.0	0.2545903829880992	-0.1690967090283985	0.0	0.0	0.0	-0.998158538544203
0.0	-0.454739631556979	0.0	0.0	-0.46430528138170646	-0.09656333915175576	0.28011086762851783	0.0	0.0	0.0
0.0	-0.2892548114275511	0.0	0.0	0.0	-0.2773933757075253	0.18277801666533366	-0.26402403886748343	0.0	0.0
0.0	0.0	0.0	0.0	0.0	0.0	0.15955132658726515	-0.35266478509347876	-0.29783071577333303	0.0
0.0	0.0	0.0	0.0	0.0	0.0	0.0	-0.568184778991907	0.3599391311646023	0.0
0.0	0.0	0.0	0.0	-0.21851741295558752	0.0	0.0	0.0	0.0	-0.29220535102563266
-0.26419435860607665	0.0	0.0	0.0	0.0	0.0	0.0	0.0	0.0	0.0
0.0	-0.6971541800401876	0.0	0.0	0.0	-0.1545735753592424	-0.06587751435984258	0.0	0.0	0.0
0.0	0.0	-1.4425360466630115	0.0	0.0	0.0	0.0	0.0	0.0	0.0
0.0	0.0	0.0	-0.8015120618134164	0.0	0.0	0.0	0.0	0.0	0.0
0.0	0.0	0.0	0.0	-0.03245580242137469	-0.17941115182525624	0.0	0.0	0.0	-1.0590435150003699
0.0	-0.5294752584345379	0.0	0.0	-0.5406130053155402	-0.5022006170468727	0.32614657649285766	0.0	0.0	0.0
0.0	-0.3348423379947233	0.0	0.0	0.0	-0.32111150029883123	-0.27029736471211463	-0.3056351112186798	0.0	0.0
0.0	0.0	0.0	0.0	0.0	0.0	0.1750063864547719	-0.7687051605374096	-0.32668031321081764	0.0
0.0	0.0	0.0	0.0	0.0	0.0	0.0	-0.8568585600032624	-0.6115527416410287	0.0
0.0	0.0	0.0	0.0	-0.26861717682855046	0.0	0.0	0.0	0.0	-1.0790573752950365
-2.108293226188154	0.0	0.0	0.0	0.0	0.0	0.0	0.0	0.0	0.0
0.0	-0.6198299538113925	0.0	0.0	0.0	-0.15223023536834435	-0.06487880928660092	0.0	0.0	0.0
0.0	0.0	-1.6646027664795922	0.0	0.0	0.0	0.0	0.0	0.0	0.0
0.0	0.0	0.0	-1.1526266378539267	0.0	0.0	0.0	0.0	0.0	0.0
0.0	0.0	0.0	0.0	0.18251596427674122	-0.1697170947662759	0.0	0.0	0.0	-1.0018206046187672
0.0	-0.4790916285487867	0.0	0.0	-0.489169533430235	-0.2451817525690523	0.29511122944547025	0.0	0.0	0.0
0.0	-0.2998898599651421	0.0	0.0	0.0	-0.28759231414556274	0.06874755738581806	-0.2737314261174611	0.0	0.0
0.0	0.0	0.0	0.0	0.0	0.0	0.15530217138278438	-0.3372797815489814	-0.289898917504703	0.0
0.0	0.0	0.0	0.0	0.0	0.0	0.0	-0.7198050627009559	-0.10171752138662972	0.0
0.0	0.0	0.0	0.0	-0.23706118245077928	0.0	0.0	0.0	0.0	-0.5770557238785368
-0.4262784266419164	0.0	0.0	0.0	0.0	0.0	0.0	0.0	0.0	0.0
0.0	0.027174155242210007	0.0	0.0	0.0	-0.12425532466452124	-0.052956217877795614	0.0	0.0	0.0
0.0	0.0	-0.22241929608360955	0.0	0.0	0.0	0.0	0.0	0.0	0.0
0.0	0.0	0.0	-0.16192329661277993	0.0	0.0	0.0	0.0	0.0	0.0
0.0	0.0	0.0	0.0	-0.19037669617991546	-0.1999851278505403	0.0	0.0	0.0	-1.1804893430087204
0.0	-0.429631224272901	0.0	0.0	-0.4386687076149452	0.034312443576277385	0.26464457161857347	0.0	0.0	0.0
0.0	-0.3232911370923385	0.0	0.0	0.0	-0.31003397804094857	-0.06494311239025219	-0.2950914846460887	0.0	0.0
0.0	0.0	0.0	0.0	0.0	0.0	0.18799127772934077	-0.9818343706922003	-0.3509189049246168	0.0
0.0	0.0	0.0	0.0	0.0	0.0	0.0	-0.7636501797149821	-0.36851446697235707	0.0
0.0	0.0	0.0	0.0	-0.26613799248640796	0.0	0.0	0.0	0.0	-1.082274493125952
-1.855368786395489	0.0	0.0	0.0	0.0	0.0	0.0	0.0	0.0	0.0
0.0	-1.316824728601818	0.0	0.0	0.0	-0.18206580409206483	-0.0775943921568489	0.0	0.0	0.0
0.0	0.0	-1.6166783110311806	0.0	0.0	0.0	0.0	0.0	0.0	0.0
0.0	0.0	0.0	-1.0129902438555027	0.0	0.0	0.0	0.0	0.0	0.0
0.0	0.0	0.0	0.0	0.5722132314024334	-0.13503385511108879	0.0	0.0	0.0	-0.7970894066840646
0.0	-0.5102182872106934	0.0	0.0	-0.5209509551616244	-0.3684518793806855	0.3142846525630262	0.0	0.0	0.0
0.0	-0.35310103698302614	0.0	0.0	0.0	-0.3386214671111256	-0.42399717086376865	-0.3223011622605474	0.0	0.0
0.0	0.0	0.0	0.0	0.0	0.0	0.16079076527857752	-0.3116121984614555	-0.3001443468818078	0.0
0.0	0.0	0.0	0.0	0.0	0.0	0.0	-0.4932708954584873	0.5914183743877275	0.0
0.0	0.0	0.0	0.0	-0.22037773829321025	0.0	0.0	0.0	0.0	-0.2525547553292551
0.9118187677296699	0.0	0.0	0.0	0.0	0.0	0.0	0.0	0.0	0.0
0.0	0.004802524440846501	0.0	0.0	0.0	-0.1261033508184648	-0.05374382578044546	0.0	0.0	0.0
0.0	0.0	-0.8428434376428446	0.0	0.0	0.0	0.0	0.0	0.0	0.0
0.0	0.0	0.0	-0.6540725360429396	0.0	0.0	0.0	0.0	0.0	0.0
0.0	0.0	0.0	0.0	-0.2176240177214612	-0.18399000814950803	0.0	0.0	0.0	-1.0860719803269863
0.0	-0.37675313269624994	0.0	0.0	-0.3846783019307899	0.32927471691774735	0.23207268414230006	0.0	0.0	0.0
0.0	-0.3183352163137735	0.0	0.0	0.0	-0.30528128408325605	-0.02262940356166121	-0.2905678529947904	0.0	0.0
0.0	0.0	0.0	0.0	0.0	0.0	0.20346339824581178	-1.1999349938321742	-0.3798003490750137	0.0
0.0	0.0	0.0	0.0	0.0	0.0	0.0	-0.5856818247142186	0.13216327458192226	0.0
0.0	0.0	0.0	0.0	-0.3388157015176328	0.0	0.0	0.0	0.0	-2.161834317267979
-1.7413667854048769	0.0	0.0	0.0	0.0	0.0	0.0	0.0	0.0	0.0
0.0	-1.3922637756230842	0.0	0.0	0.0	-0.18553448638473596	-0.07907270542620363	0.0	0.0	0.0
0.0	0.0	-2.205126536456558	0.0	0.0	0.0	0.0	0.0	0.0	0.0
0.0	0.0	0.0	-0.29106047564232007	0.0	0.0	0.0	0.0	0.0	0.0
0.0	0.0	0.0	0.0	1.3213026182721932	-0.08961195503679649	0.0	0.0	0.0	-0.5289691241749459
0.0	-0.4937444266544867	0.0	0.0	-0.5041305596425367	-0.1812912784820533	0.30413707128054435	0.0	0.0	0.0
0.0	-0.36717414728745934	0.0	0.0	0.0	-0.35211748314897423	-0.5676898664131507	-0.33514672013965885	0.0	0.0
0.0	0.0	0.0	0.0	0.0	0.0	0.18380315094686847	-0.8209688891198251	-0.34310102697866973	0.0
0.0	0.0	0.0	0.0	0.0	0.0	0.0	-0.6388660314221725	0.0416336050272741	0.0
0.0	0.0	0.0	0.0	-0.1264137180755684	0.0	0.0	0.0	0.0	1.2753520891198995
-0.31395867205894046	0.0	0.0	0.0	0.0	0.0	0.0	0.0	0.0	0.0
0.0	-0.26013170739665137	0.0	0.0	0.0	-0.13469785003642962	-0.05740670440851157	0.0	0.0	0.0
0.0	0.0	0.9934346023396657	0.0	0.0	0.0	0.0	0.0	0.0	0.0
0.0	0.0	0.0	-0.9246594763023952	0.0	0.0	0.0	0.0	0.0	0.0
0.0	0.0	0.0	0.0	-0.0606882088918339	-0.17485974621682984	0.0	0.0	0.0	-1.0321770881105015
0.0	-0.598701248351035	0.0	0.0	-0.6112951946313376	-0.830873923932277	0.36878845494880075	0.0	0.0	0.0
0.0	-0.2761861818165703	0.0	0.0	0.0	-0.26486064974950163	0.1256909221924205	-0.2520953440418882	0.0	0.0
0.0	0.0	0.0	0.0	0.0	0.0	0.1879735774678388	-0.9824696918704416	-0.35088586426199575	0.0
0.0	0.0	0.0	0.0	0.0	0.0	0.0	-0.7198435445038589	-0.2302367809091266	0.0
0.0	0.0	0.0	0.0	-0.2833591223263546	0.0	0.0	0.0	0.0	-1.295422251295315
-2.166289218569865	0.0	0.0	0.0	0.0	0.0	0.0	0.0	0.0	0.0
0.0	-0.6323047916760609	0.0	0.0	0.0	-0.15389451382165345	-0.06558810599175792	0.0	0.0	0.0
0.0	0.0	-1.5662678814952968	0.0	0.0	0.0	0.0	0.0	0.0	0.0
0.0	0.0	0.0	-0.7388069298290952	0.0	0.0	0.0	0.0	0.0	0.0
0.0	0.0	0.0	0.0	0.23193726154079483	-0.1546690184579067	0.0	0.0	0.0	-0.9129935307971184
0.0	-0.41028602948761045	0.0	0.0	-0.41891657807784155	0.12827434716246255	0.2527283036715793	0.0	0.0	0.0
0.0	-0.294212796246919	0.0	0.0	0.0	-0.2821480490661587	0.164993838600906	-0.2685495545199034	0.0	0.0
0.0	0.0	0.0	0.0	0.0	0.0	0.15256050734092047	-0.27575059194322904	-0.2847811176000326	0.0
0.0	0.0	0.0	0.0	0.0	0.0	0.0	-0.696784444648748	-0.018313747746467438	0.0
0.0	0.0	0.0	0.0	-0.28292600951460384	0.0	0.0	0.0	0.0	-1.2484304438568201
0.495337003841126	0.0	0.0	0.0	0.0	0.0	0.0	0.0	0.0	0.0
0.0	-0.7213108076087476	0.0	0.0	0.0	-0.15710855187369946	-0.06695789275792836	0.0	0.0	0.0
0.0	0.0	-0.39165832567164344	0.0	0.0	0.0	0.0	0.0	0.0	0.0
0.0	0.0	0.0	-0.8601665201728119	0.0	0.0	0.0	0.0	0.0	0.0
0.0	0.0	0.0	0.0	0.35328877066074127	-0.1429541661741749	0.0	0.0	0.0	-0.8438420972655105
0.0	-0.4473200709990593	0.0	0.0	-0.45672964707691005	-0.028957612367240596	0.2755405610155109	0.0	0.0	0.0
0.0	-0.31113392187030814	0.0	0.0	0.0	-0.298375292216507	-0.07466194778467905	-0.2839947044457509	0.0	0.0
0.0	0.0	0.0	0.0	0.0	0.0	0.1930121749164989	-1.0706081732393185	-0.3602912958351853	0.0
0.0	0.0	0.0	0.0	0.0	0.0	0.0	-0.7335159218626056	-0.2931741351445108	0.0
0.0	0.0	0.0	0.0	-0.2767194799615501	0.0	0.0	0.0	0.0	-1.1300854932075035
-1.8237774117441705	0.0	0.0	0.0	0.0	0.0	0.0	0.0	0.0	0.0
0.0	-1.175961017544155	0.0	0.0	0.0	-0.17574556431481247	-0.07490077725070514	0.0	0.0	0.0
0.0	0.0	-2.345885064651233	0.0	0.0	0.0	0.0	0.0	0.0	0.0
0.0	0.0	0.0	-0.8886920111349864	0.0	0.0	0.0	0.0	0.0	0.0
0.0	0.0	0.0	0.0	-0.2218199417915666	-0.17978139264920465	0.0	0.0	0.0	-1.0612290042500727
0.0	-0.5349420953015738	0.0	0.0	-0.5461948395205911	-0.6029763860100796	0.3295140428664523	0.0	0.0	0.0
0.0	-0.31915292864197503	0.0	0.0	0.0	-0.3060654645847248	-0.09449250114592898	-0.2913142388905271	0.0	0.0
0.0	0.0	0.0	0.0	0.0	0.0	0.11744901687407606	0.45171203624999395	-0.21923932260975834	0.0
0.0	0.0	0.0	0.0	0.0	0.0	0.0	-0.6244602068738349	0.3478535595173839	0.0
0.0	0.0	0.0	0.0	-0.330638373554783	0.0	0.0	0.0	0.0	-2.0283551799162947
0.027619447653425944	0.0	0.0	0.0	0.0	0.0	0.0	0.0	0.0	0.0
0.0	-0.3831895228911002	0.0	0.0	0.0	-0.14212861990578116	-0.0605736147140745	0.0	0.0	0.0
0.0	0.0	0.9093119228537114	0.0	0.0	0.0	0.0	0.0	0.0	0.0
0.0	0.0	0.0	-0.017828658640824724	0.0	0.0	0.0	0.0	0.0	0.0
0.0	0.0	0.0	0.0	1.0832479890312827	-0.1022512527738742	0.0	0.0	0.0	-0.6035774535147427
0.0	-0.4181618613745839	0.0	0.0	-0.42695808158145254	0.3012051514661065	0.2575796646484156	0.0	0.0	0.0
0.0	-0.37346446752835416	0.0	0.0	0.0	-0.35814985701785357	-0.40747038441154776	-0.34088835585377003	0.0	0.0
0.0	0.0	0.0	0.0	0.0	0.0	0.15915527954018255	-0.4276040440764081	-0.29709142404799593	0.0
0.0	0.0	0.0	0.0	0.0	0.0	0.0	-0.8241402011126071	-0.4460331967015024	0.0
0.0	0.0	0.0	0.0	-0.174836993984832	0.0	0.0	0.0	0.0	0.509492286616914
-2.011723642704738	0.0	0.0	0.0	0.0	0.0	0.0	0.0	0.0	0.0
0.0	-0.9558688764371702	0.0	0.0	0.0	-0.16495110053552986	-0.07030029854033175	0.0	0.0	0.0
0.0	0.0	-1.6130050780784437	0.0	0.0	0.0	0.0	0.0	0.0	0.0
0.0	0.0	0.0	-1.1204041069191146	0.0	0.0	0.0	0.0	0.0	0.0
0.0	0.0	0.0	0.0	-0.2027119760634689	-0.17834638042652043	0.0	0.0	0.0	-1.052758291181689
0.0	-0.5758436615110267	0.0	0.0	-0.5879567883149155	-0.734393218796435	0.35470862104532735	0.0	0.0	0.0
0.0	-0.3737048774460925	0.0	0.0	0.0	-0.3583804084762921	-0.6673678809689821	-0.3411077955828857	0.0	0.0
0.0	0.0	0.0	0.0	0.0	0.0	0.2018584860381524	-1.1303512002701632	-0.37680449713329317	0.0
0.0	0.0	0.0	0.0	0.0	0.0	0.0	-0.5586897368143513	0.22362946378421503	0.0
0.0	0.0	0.0	0.0	-0.3228852736961207	0.0	0.0	0.0	0.0	-1.906909546857763
-0.2861337009669769	0.0	0.0	0.0	0.0	0.0	0.0	0.0	0.0	0.0
0.0	-0.44120382556178317	0.0	0.0	0.0	-0.14418366432780658	-0.06144945146759112	0.0	0.0	0.0
0.0	0.0	-0.19813726289321207	0.0	0.0	0.0	0.0	0.0	0.0	0.0
0.0	0.0	0.0	-0.2210344089687446	0.0	0.0	0.0	0.0	0.0	0.0
0.0	0.0	0.0	0.0	0.4789984406111066	-0.1524076843695935	0.0	0.0	0.0	-0.8996451342391949
0.0	-0.5291830748793279	0.0	0.0	-0.5403146755496643	-0.4938701781322309	0.3259665970420311	0.0	0.0	0.0
0.0	-0.22536860796173194	0.0	0.0	0.0	-0.21612694576272876	0.5492009705089529	-0.2057104247094	0.0	0.0
0.0	0.0	0.0	0.0	0.0	0.0	0.1780956107841332	-0.7635152138975847	-0.33244689574496444	0.0
0.0	0.0	0.0	0.0	0.0	0.0	0.0	-0.6130830609192848	0.14540830934887952	0.0
0.0	0.0	0.0	0.0	-0.18890927309177044	0.0	0.0	0.0	0.0	0.19399082850106097
-2.280720782901151	0.0	0.0	0.0	0.0	0.0	0.0	0.0	0.0	0.0
0.0	-1.3914998945556813	0.0	0.0	0.0	-0.18603395772273743	-0.0792855744768486	0.0	0.0	0.0
0.0	0.0	-2.0047884943448144	0.0	0.0	0.0	0.0	0.0	0.0	0.0
0.0	0.0	0.0	-1.062019207684572	0.0	0.0	0.0	0.0	0.0	0.0
0.0	0.0	0.0	0.0	-0.4661968582081475	-0.20826587026799573	0.0	0.0	0.0	-1.2293696186625782
0.0	-0.484439551119068	0.0	0.0	-0.49462995192356113	-0.4404109087557074	0.2984054468991868	0.0	0.0	0.0
0.0	-0.319854593000497	0.0	0.0	0.0	-0.3067383558810302	-0.28903625766020213	-0.2919546993100169	0.0	0.0
0.0	0.0	0.0	0.0	0.0	0.0	0.22123147245004088	-1.5525650115999148	-0.41296759607540073	0.0
0.0	0.0	0.0	0.0	0.0	0.0	0.0	-0.6034164799290632	0.006383059786119083	0.0
0.0	0.0	0.0	0.0	-0.3225199742895468	0.0	0.0	0.0	0.0	-1.9611412850361398
-0.08647932731367058	0.0	0.0	0.0	0.0	0.0	0.0	0.0	0.0	0.0
0.0	-0.004342318174303861	0.0	0.0	0.0	-0.12665845072895976	-0.053980403101244266	0.0	0.0	0.0
0.0	0.0	-0.2999482902743824	0.0	0.0	0.0	0.0	0.0	0.0	0.0
0.0	0.0	0.0	-0.8710408373278402	0.0	0.0	0.0	0.0	0.0	0.0
0.0	0.0	0.0	0.0	1.104121223847272	-0.12151896703116283	0.0	0.0	0.0	-0.7173125676671572
0.0	-0.3774530373121223	0.0	0.0	-0.38539292935066166	0.4504248340570084	0.23250381192533048	0.0	0.0	0.0
0.0	-0.29856957991596034	0.0	0.0	0.0	-0.2863261746545225	0.20564224334332248	-0.27252630987652193	0.0	0.0
0.0	0.0	0.0	0.0	0.0	0.0	0.1602145049476134	-0.3759942515470709	-0.2990686552500686	0.0
0.0	0.0	0.0	0.0	0.0	0.0	0.0	-0.5992682841442005	0.2592656812300063	0.0
0.0	0.0	0.0	0.0	-0.10728727955189175	0.0	0.0	0.0	0.0	1.5040811491376085
-1.5630567548376928	0.0	0.0	0.0	0.0	0.0	0.0	0.0	0.0	0.0
0.0	-1.3748698530151715	0.0	0.0	0.0	-0.18315833745533133	-0.07806001755342734	0.0	0.0	0.0
0.0	0.0	-2.0235487735728395	0.0	0.0	0.0	0.0	0.0	0.0	0.0
0.0	0.0	0.0	-0.7186630499391624	0.0	0.0	0.0	0.0	0.0	0.0
0.0	0.0	0.0	0.0	-0.505690592754593	-0.22771571337068738	0.0	0.0	0.0	-1.344179818564436
0.0	-0.5826888320764698	0.0	0.0	-0.5949459500790044	-0.9162657538998584	0.35892511446945785	0.0	0.0	0.0
0.0	-0.3950545419828352	0.0	0.0	0.0	-0.3788545900010258	-0.8721313876651453	-0.3605951971290775	0.0	0.0
0.0	0.0	0.0	0.0	0.0	0.0	0.20261322048841063	-1.2613447169989418	-0.3782133422137272	0.0
0.0	0.0	0.0	0.0	0.0	0.0	0.0	-0.8244189816143619	-0.6177014148728174	0.0
0.0	0.0	0.0	0.0	-0.25355672577145	0.0	0.0	0.0	0.0	-0.9452978433271308
-0.5011731408155411	0.0	0.0	0.0	0.0	0.0	0.0	0.0	0.0	0.0
0.0	0.4235416066348514	0.0	0.0	0.0	-0.10841729540598741	-0.046206228447287945	0.0	0.0	0.0
0.0	0.0	-0.5006131216023872	0.0	0.0	0.0	0.0	0.0	0.0	0.0
0.0	0.0	0.0	-1.1901649688062967	0.0	0.0	0.0	0.0	0.0	0.0
0.0	0.0	0.0	0.0	0.2952451841605064	-0.15343141267498425	0.0	0.0	0.0	-0.9056880853708076
0.0	-0.43276670278668894	0.0	0.0	-0.44187014230984095	0.01038528389376725	0.2665759660825233	0.0	0.0	0.0
0.0	-0.11633444631153982	0.0	0.0	0.0	-0.1115639342839646	1.6008154283096585	-0.10618696443802553	0.0	0.0
0.0	0.0	0.0	0.0	0.0	0.0	0.1289366722782414	0.07729271987661157	-0.24068305927282316	0.0
0.0	0.0	0.0	0.0	0.0	0.0	0.0	-0.7457675768938689	-0.0800123950113565	0.0
0.0	0.0	0.0	0.0	-0.2623331931238102	0.0	0.0	0.0	0.0	-0.9310077487638224
-1.4730276471905748	0.0	0.0	0.0	0.0	0.0	0.0	0.0	0.0	0.0
0.0	-1.3637821938751675	0.0	0.0	0.0	-0.1847741744892315	-0.0787486690720102	0.0	0.0	0.0
0.0	0.0	-2.3205249557318712	0.0	0.0	0.0	0.0	0.0	0.0	0.0
0.0	0.0	0.0	-0.0468041800486354	0.0	0.0	0.0	0.0	0.0	0.0
0.0	0.0	0.0	0.0	0.1616677027872111	-0.15935299459141847	0.0	0.0	0.0	-0.9406425063381908
0.0	-0.5175082785760438	0.0	0.0	-0.5283942947284224	-0.5379617731767307	0.31877514704524473	0.0	0.0	0.0
0.0	-0.26190974817733503	0.0	0.0	0.0	-0.2511696480313026	0.17520460819252537	-0.23906419807251997	0.0	0.0
0.0	0.0	0.0	0.0	0.0	0.0	0.18952160181926364	-1.0155131970683204	-0.3537755249779614	0.0
0.0	0.0	0.0	0.0	0.0	0.0	0.0	-0.7122448149068914	-0.21234680191691782	0.0
0.0	0.0	0.0	0.0	-0.27413089742610564	0.0	0.0	0.0	0.0	-1.123282006007091
-0.5682294673538784	0.0	0.0	0.0	0.0	0.0	0.0	0.0	0.0	0.0
0.0	-0.027372423859092665	0.0	0.0	0.0	-0.12733575487234008	-0.054269062487739134	0.0	0.0	0.0
0.0	0.0	-0.44182440163846914	0.0	0.0	0.0	0.0	0.0	0.0	0.0
0.0	0.0	0.0	-1.4600484336801076	0.0	0.0	0.0	0.0	0.0	0.0
0.0	0.0	0.0	0.0	0.158053936094954	-0.15617381028160773	0.0	0.0	0.0	-0.9218761448715675
0.0	-0.4132595241009606	0.0	0.0	-0.4219526214691146	0.16853717544898017	0.2545599191680831	0.0	0.0	0.0
0.0	-0.2722330183803476	0.0	0.0	0.0	-0.26106959318976647	0.3867800337002266	-0.2484870024154044	0.0	0.0
0.0	0.0	0.0	0.0	0.0	0.0	0.15136458494019298	-0.2059534965814844	-0.2825487173296204	0.0
0.0	0.0	0.0	0.0	0.0	0.0	0.0	-0.5773110442359818	0.36331984182455784	0.0
0.0	0.0	0.0	0.0	-0.30228702807996527	0.0	0.0	0.0	0.0	-1.5475481065385184
-1.9271655604868392	0.0	0.0	0.0	0.0	0.0	0.0	0.0	0.0	0.0
0.0	-1.5315903120386323	0.0	0.0	0.0	-0.19141271125219925	-0.08157793856334698	0.0	0.0	0.0
0.0	0.0	-2.730768929354798	0.0	0.0	0.0	0.0	0.0	0.0	0.0
0.0	0.0	0.0	0.29227204709205035	0.0	0.0	0.0	0.0	0.0	0.0
0.0	0.0	0.0	0.0	0.732106148305264	-0.11946365074636833	0.0	0.0	0.0	-0.7051802706469235
0.0	-0.501151943770488	0.0	0.0	-0.5116938971662727	-0.2886776075076204	0.30869995936494526	0.0	0.0	0.0
0.0	-0.3860129860499704	0.0	0.0	0.0	-0.37018380001662493	-0.7405700203839465	-0.35234230721772297	0.0	0.0
0.0	0.0	0.0	0.0	0.0	0.0	0.19179470866149223	-1.0230517452189116	-0.3580186801577456	0.0
0.0	0.0	0.0	0.0	0.0	0.0	0.0	-0.7560614954238813	-0.35951987487441356	0.0
0.0	0.0	0.0	0.0	-0.22150629740406283	0.0	0.0	0.0	0.0	-0.23868520267224613
-0.16771187086911965	0.0	0.0	0.0	0.0	0.0	0.0	0.0	0.0	0.0
0.0	0.24373252509447463	0.0	0.0	0.0	-0.11380581489763246	-0.04850275467671705	0.0	0.0	0.0
0.0	0.0	1.4355351517589472	0.0	0.0	0.0	0.0	0.0	0.0	0.0
0.0	0.0	0.0	-0.8539676807404754	0.0	0.0	0.0	0.0	0.0	0.0
0.0	0.0	0.0	0.0	-0.07017116320974948	-0.17559802609919775	0.0	0.0	0.0	-1.0365350698397446
0.0	-0.4843586184192047	0.0	0.0	-0.4945473167684629	-0.15375123740517752	0.29835559391254346	0.0	0.0	0.0
0.0	-0.3287472965001527	0.0	0.0	0.0	-0.31526639740525375	-0.11214163175629821	-0.300071720710085	0.0	0.0
0.0	0.0	0.0	0.0	0.0	0.0	0.18238953942404443	-0.8542481272007896	-0.34046227153442804	0.0
0.0	0.0	0.0	0.0	0.0	0.0	0.0	-0.7292841927562168	-0.23807649908402584	0.0
0.0	0.0	0.0	0.0	-0.30148413859221385	0.0	0.0	0.0	0.0	-1.57410388407326
-1.6216833343463306	0.0	0.0	0.0	0.0	0.0	0.0	0.0	0.0	0.0
0.0	-0.8572000529388004	0.0	0.0	0.0	-0.16134923932625003	-0.06876522591886311	0.0	0.0	0.0
0.0	0.0	-0.9006086263231806	0.0	0.0	0.0	0.0	0.0	0.0	0.0
0.0	0.0	0.0	-0.5703645051971571	0.0	0.0	0.0	0.0	0.0	0.0
0.0	0.0	0.0	0.0	0.609700301742729	-0.14480392741012815	0.0	0.0	0.0	-0.8547610263360029
0.0	-0.5317113032742603	0.0	0.0	-0.5428960863501416	-0.4309959797139293	0.32752393711121053	0.0	0.0	0.0
0.0	-0.36548868182707966	0.0	0.0	0.0	-0.3505011333590235	-0.4533513588461637	-0.3336082724435777	0.0	0.0
0.0	0.0	0.0	0.0	0.0	0.0	0.14532536512199168	-0.15134479763655495	-0.27127544746944393	0.0
0.0	0.0	0.0	0.0	0.0	0.0	0.0	-0.7999593148421401	-0.3153922637716907	0.0
0.0	0.0	0.0	0.0	-0.17057600386428698	0.0	0.0	0.0	0.0	0.4895837914595307
-0.9701696373657138	0.0	0.0	0.0	0.0	0.0	0.0	0.0	0.0	0.0
0.0	-0.9471506142019507	0.0	0.0	0.0	-0.1645968585524027	-0.07014932460267079	0.0	0.0	0.0
0.0	0.0	-2.3152727718989166	0.0	0.0	0.0	0.0	0.0	0.0	0.0
0.0	0.0	0.0	-0.7694638245771719	0.0	0.0	0.0	0.0	0.0	0.0
0.0	0.0	0.0	0.0	-0.20263983920947712	-0.18909534003708925	0.0	0.0	0.0	-1.1162081707056848
0.0	-0.5893327210090179	0.0	0.0	-0.6017295961617826	-0.848368723962068	0.36301762227871026	0.0	0.0	0.0
0.0	-0.344539721736647	0.0	0.0	0.0	-0.3304112246437008	-0.4577851613732068	-0.3144866231757484	0.0	0.0
0.0	0.0	0.0	0.0	0.0	0.0	0.19900927228690912	-1.2185203945353353	-0.37148593671092095	0.0
0.0	0.0	0.0	0.0	0.0	0.0	0.0	-0.8323583797755187	-0.6285864571431139	0.0
0.0	0.0	0.0	0.0	-0.2835902522542616	0.0	0.0	0.0	0.0	-1.3274186916608526
-1.3058416936332278	0.0	0.0	0.0	0.0	0.0	0.0	0.0	0.0	0.0
0.0	-0.983510251372085	0.0	0.0	0.0	-0.1696273511377026	-0.07229326380285415	0.0	0.0	0.0
0.0	0.0	0.48304420912964985	0.0	0.0	0.0	0.0	0.0	0.0	0.0
0.0	0.0	0.0	-0.18404266627051458	0.0	0.0	0.0	0.0	0.0	0.0
0.0	0.0	0.0	0.0	0.6184683880241666	-0.12841429404152455	0.0	0.0	0.0	-0.7580148945840646
0.0	-0.39687503272272484	0.0	0.0	-0.4052234750482915	0.20830063457379835	0.2444673875805113	0.0	0.0	0.0
0.0	-0.2908625200622624	0.0	0.0	0.0	-0.27893515723619094	0.15866127162032173	-0.26549151221723927	0.0	0.0
0.0	0.0	0.0	0.0	0.0	0.0	0.15519800530119995	-0.3038434532378862	-0.2897044731255732	0.0
0.0	0.0	0.0	0.0	0.0	0.0	0.0	-0.6448773184008164	0.13508578687319697	0.0
0.0	0.0	0.0	0.0	-0.24494216071788355	0.0	0.0	0.0	0.0	-0.6150105410694218
-1.7820048410953877	0.0	0.0	0.0	0.0	0.0	0.0	0.0	0.0	0.0
0.0	-0.6107160234599678	0.0	0.0	0.0	-0.15216834417947286	-0.06485243195998379	0.0	0.0	0.0
0.0	0.0	-1.516526858494977	0.0	0.0	0.0	0.0	0.0	0.0	0.0
0.0	0.0	0.0	-0.8515078259889752	0.0	0.0	0.0	0.0	0.0	0.0
0.0	0.0	0.0	0.0	0.12014142814183593	-0.16919976710004894	0.0	0.0	0.0	-0.998766878557293
0.0	-0.4232581337010663	0.0	0.0	-0.4321615562564957	0.08793019556711013	0.2607188703916109	0.0	0.0	0.0
0.0	-0.36386035210881595	0.0	0.0	0.0	-0.34893957635298833	-0.4308758279245072	-0.3321219767214697	0.0	0.0
0.0	0.0	0.0	0.0	0.0	0.0	0.19301456872464148	-1.010495617949239	-0.3602957643006489	0.0
0.0	0.0	0.0	0.0	0.0	0.0	0.0	-0.6582025078241783	-0.05557283263153212	0.0
0.0	0.0	0.0	0.0	-0.2685084457948862	0.0	0.0	0.0	0.0	-1.0569785992991685
-0.26242823568875595	0.0	0.0	0.0	0.0	0.0	0.0	0.0	0.0	0.0
0.0	-1.1381559155427645	0.0	0.0	0.0	-0.17545992986979875	-0.07477904307195353	0.0	0.0	0.0
0.0	0.0	-1.7701447398079562	0.0	0.0	0.0	0.0	0.0	0.0	0.0
0.0	0.0	0.0	-0.6265935839515184	0.0	0.0	0.0	0.0	0.0	0.0
0.0	0.0	0.0	0.0	0.20602228660714048	-0.1646300679625757	0.0	0.0	0.0	-0.9717924670571795
0.0	-0.4750726541530654	0.0	0.0	-0.4850660181257031	-0.30695645681244527	0.2926356185093664	0.0	0.0	0.0
0.0	-0.26390781625572235	0.0	0.0	0.0	-0.2530857815829692	0.24904681610454715	-0.240887981059515	0.0	0.0
0.0	0.0	0.0	0.0	0.0	0.0	0.17207914170937494	-0.6639461296433313	-0.3212160941634851	0.0
0.0	0.0	0.0	0.0	0.0	0.0	0.0	-0.6868658214058998	-0.06372867128102788	0.0
0.0	0.0	0.0	0.0	-0.24732335292241298	0.0	0.0	0.0	0.0	-0.7238356525783174
-2.343177083304761	0.0	0.0	0.0	0.0	0.0	0.0	0.0	0.0	0.0
0.0	-0.2574122737788924	0.0	0.0	0.0	-0.13601340851188698	-0.05796738059237247	0.0	0.0	0.0
0.0	0.0	-0.12116625894829536	0.0	0.0	0.0	0.0	0.0	0.0	0.0
0.0	0.0	0.0	-0.8750390454611412	0.0	0.0	0.0	0.0	0.0	0.0
0.0	0.0	0.0	0.0	-0.11694153465050228	-0.1864692812135332	0.0	0.0	0.0	-1.1007068457389664
0.0	-0.4710016540095343	0.0	0.0	-0.48090938268868316	-0.16335326933569827	0.29012796071315466	0.0	0.0	0.0
0.0	-0.3425103893396664	0.0	0.0	0.0	-0.3284651088254266	-0.31732390134592403	-0.3126343029567305	0.0	0.0
0.0	0.0	0.0	0.0	0.0	0.0	0.21476185274361612	-1.4767844930938472	-0.400890908847784	0.0
0.0	0.0	0.0	0.0	0.0	0.0	0.0	-0.7303353565732077	-0.3686153010528965	0.0
0.0	0.0	0.0	0.0	-0.28173286255247604	0.0	0.0	0.0	0.0	-1.29376127800406
0.6422486602480489	0.0	0.0	0.0	0.0	0.0	0.0	0.0	0.0	0.0
0.0	-0.8294797013182493	0.0	0.0	0.0	-0.16244350302239333	-0.06923158876379697	0.0	0.0	0.0
0.0	0.0	-2.45093483678537	0.0	0.0	0.0	0.0	0.0	0.0	0.0
0.0	0.0	0.0	-0.34523888127927105	0.0	0.0	0.0	0.0	0.0	0.0
0.0	0.0	0.0	0.0	0.538751252705187	-0.13079739881482305	0.0	0.0	0.0	-0.7720820895719568
0.0	-0.45667596879326533	0.0	0.0	-0.46628235033051474	-0.12988505890331292	0.28130361412703725	0.0	0.0	0.0
0.0	-0.22510156691004934	0.0	0.0	0.0	-0.21587085522991054	0.6583357993219974	-0.20546667679502412	0.0	0.0
0.0	0.0	0.0	0.0	0.0	0.0	0.13095392505463424	0.17421031197169023	-0.24444861767424592	0.0
0.0	0.0	0.0	0.0	0.0	0.0	0.0	-0.5651922910834551	0.4817674166561656	0.0
0.0	0.0	0.0	0.0	-0.2545567604128377	0.0	0.0	0.0	0.0	-0.7668216556290968
-1.607548609291632	0.0	0.0	0.0	0.0	0.0	0.0	0.0	0.0	0.0
0.0	-1.429650407670206	0.0	0.0	0.0	-0.18742217548592674	-0.079877217229606	0.0	0.0	0.0
0.0	0.0	0.9454107984707771	0.0	0.0	0.0	0.0	0.0	0.0	0.0
0.0	0.0	0.0	-1.3351893264699983	0.0	0.0	0.0	0.0	0.0	0.0
0.0	0.0	0.0	0.0	-0.13056926105671252	-0.18028517654467632	0.0	0.0	0.0	-1.0642027829814003
0.0	-0.5129226449055616	0.0	0.0	-0.5237122002199741	-0.5389363957509741	0.3159504848937023	0.0	0.0	0.0
0.0	-0.3020208476418178	0.0	0.0	0.0	-0.28963591667824623	-0.11830820055225011	-0.2756765345510806	0.0	0.0
0.0	0.0	0.0	0.0	0.0	0.0	0.18814701071322593	-0.9747736065468903	-0.35120960802970613	0.0
0.0	0.0	0.0	0.0	0.0	0.0	0.0	-0.7217088476367057	-0.23680332377921742	0.0
0.0	0.0	0.0	0.0	-0.30135165354631005	0.0	0.0	0.0	0.0	-1.5814487637509094
-1.321434154052839	0.0	0.0	0.0	0.0	0.0	0.0	0.0	0.0	0.0
0.0	-0.6567260405847848	0.0	0.0	0.0	-0.15466010842698966	-0.06591439377729717	0.0	0.0	0.0
0.0	0.0	-1.7100144107086894	0.0	0.0	0.0	0.0	0.0	0.0	0.0
0.0	0.0	0.0	0.5943305770521827	0.0	0.0	0.0	0.0	0.0	0.0
0.0	0.0	0.0	0.0	0.9513206207216276	-0.09958375387398954	0.0	0.0	0.0	-0.5878315125157965
0.0	-0.4425074902374482	0.0	0.0	-0.4518158315446211	0.07010408544448232	0.27257610382040875	0.0	0.0	0.0
0.0	-0.2713684399756623	0.0	0.0	0.0	-0.26024046844312576	0.3313188293052782	-0.24769783842122203	0.0	0.0
0.0	0.0	0.0	0.0	0.0	0.0	0.13955834541020848	0.00790746463632952	-0.26051028715785046	0.0
0.0	0.0	0.0	0.0	0.0	0.0	0.0	-0.608719879701483	0.3106245047542946	0.0
0.0	0.0	0.0	0.0	-0.22503577014312473	0.0	0.0	0.0	0.0	-0.25291897379209494
-1.2870579738044146	0.0	0.0	0.0	0.0	0.0	0.0	0.0	0.0	0.0
0.0	-1.5046158604594355	0.0	0.0	0.0	-0.1898272088103095	-0.08090221530573061	0.0	0.0	0.0
0.0	0.0	-0.7174386134825426	0.0	0.0	0.0	0.0	0.0	0.0	0.0
0.0	0.0	0.0	-1.0922095041572866	0.0	0.0	0.0	0.0	0.0	0.0
0.0	0.0	0.0	0.0	-0.10818470525085866	-0.16984901217455284	0.0	0.0	0.0	-1.00259929799613
0.0	-0.5133185890708375	0.0	0.0	-0.5241164732463661	-0.440594093008716	0.31619437888483776	0.0	0.0	0.0
0.0	-0.41114444036546305	0.0	0.0	0.0	-0.39428469194166743	-0.8955133860054499	-0.37528162510924895	0.0	0.0
0.0	0.0	0.0	0.0	0.0	0.0	0.17414519406230503	-0.6804131900318509	-0.32507274558882937	0.0
0.0	0.0	0.0	0.0	0.0	0.0	0.0	-0.7804676377781546	-0.36715807202440826	0.0
0.0	0.0	0.0	0.0	-0.32983643791643275	0.0	0.0	0.0	0.0	-1.9962322914417534
-0.2840590579019575	0.0	0.0	0.0	0.0	0.0	0.0	0.0	0.0	0.0
0.0	0.1666093711476817	0.0	0.0	0.0	-0.11921154057641527	-0.050806613989033154	0.0	0.0	0.0
0.0	0.0	-1.6347689378113932	0.0	0.0	0.0	0.0	0.0	0.0	0.0
0.0	0.0	0.0	-0.16685122109278971	0.0	0.0	0.0	0.0	0.0	0.0
0.0	0.0	0.0	0.0	0.998150790314502	-0.12061539710065593	0.0	0.0	0.0	-0.7119788976833388
0.0	-0.3616432632842436	0.0	0.0	-0.3692505897145447	0.5675844408082439	0.222765295172794	0.0	0.0	0.0
0.0	-0.3166640714077724	0.0	0.0	0.0	-0.3036786676065093	0.013768194807991518	-0.28904247671690697	0.0	0.0
0.0	0.0	0.0	0.0	0.0	0.0	0.20511828935874432	-1.2934283909730504	-0.3828894954659217	0.0
0.0	0.0	0.0	0.0	0.0	0.0	0.0	-0.7132569843803233	-0.2768347669060228	0.0
0.0	0.0	0.0	0.0	-0.14872296069276628	0.0	0.0	0.0	0.0	0.8721667658098213
-2.1477442349536546	0.0	0.0	0.0	0.0	0.0	0.0	0.0	0.0	0.0
0.0	-1.6704902279769338	0.0	0.0	0.0	-0.19796051025769226	-0.08436853664589263	0.0	0.0	0.0
0.0	0.0	-0.9428212708379958	0.0	0.0	0.0	0.0	0.0	0.0	0.0
0.0	0.0	0.0	-0.8243461636587317	0.0	0.0	0.0	0.0	0.0	0.0
0.0	0.0	0.0	0.0	0.026092253447072552	-0.17024502884399634	0.0	0.0	0.0	-1.0049369391145297
0.0	-0.4910369472378016	0.0	0.0	-0.501366127195567	-0.395425277838758	0.30246931602926486	0.0	0.0	0.0
0.0	-0.3541533805126287	0.0	0.0	0.0	-0.33963065732179054	-0.42294942238120437	-0.32326171322801617	0.0	0.0
0.0	0.0	0.0	0.0	0.0	0.0	0.14542165669216317	-0.07463110763474234	-0.2714551926829782	0.0
0.0	0.0	0.0	0.0	0.0	0.0	0.0	-0.623478628679679	0.24101858713261304	0.0
0.0	0.0	0.0	0.0	-0.28638973501305875	0.0	0.0	0.0	0.0	-1.332546404650015
0.023689358748278044	0.0	0.0	0.0	0.0	0.0	0.0	0.0	0.0	0.0
0.0	0.5520411984525222	0.0	0.0	0.0	-0.10255562699788101	-0.043708051486379754	0.0	0.0	0.0
0.0	0.0	-1.2568481015796313	0.0	0.0	0.0	0.0	0.0	0.0	0.0
0.0	0.0	0.0	-0.2573483893473303	0.0	0.0	0.0	0.0	0.0	0.0
0.0	0.0	0.0	0.0	0.4619932452729698	-0.14135059686388135	0.0	0.0	0.0	-0.8343764109821178
0.0	-0.36460639616842977	0.0	0.0	-0.37227605341308545	0.5159739638457019	0.22459052804340637	0.0	0.0	0.0
0.0	-0.26827855504750886	0.0	0.0	0.0	-0.25727729003811256	0.41050224346247344	-0.244877474278131	0.0	0.0
0.0	0.0	0.0	0.0	0.0	0.0	0.20176737510842443	-1.3109554053122265	-0.37663442249965595	0.0
0.0	0.0	0.0	0.0	0.0	0.0	0.0	-0.8399884003450405	-0.6634981355193819	0.0
0.0	0.0	0.0	0.0	-0.2580887970794233	0.0	0.0	0.0	0.0	-0.8419401600698089
-2.306789724482851	0.0	0.0	0.0	0.0	0.0	0.0	0.0	0.0	0.0
0.0	-0.8158081340671482	0.0	0.0	0.0	-0.15986029512925853	-0.06813065469612761	0.0	0.0	0.0
0.0	0.0	-0.9923452273561884	0.0	0.0	0.0	0.0	0.0	0.0	0.0
0.0	0.0	0.0	-1.0144306376968353	0.0	0.0	0.0	0.0	0.0	0.0
0.0	0.0	0.0	0.0	0.12332268794557977	-0.15623140418556622	0.0	0.0	0.0	-0.9222161151012341
0.0	-0.49517825520442926	0.0	0.0	-0.5055945494119236	-0.24625106749574743	0.30502028209236604	0.0	0.0	0.0
0.0	-0.3933676175170924	0.0	0.0	0.0	-0.3772368410349617	-0.5957577656519102	-0.35905541769200733	0.0	0.0
0.0	0.0	0.0	0.0	0.0	0.0	0.13005248574923833	0.3392859317081063	-0.24276592208471448	0.0
0.0	0.0	0.0	0.0	0.0	0.0	0.0	-0.41833919748286585	0.9486254956096678	0.0
0.0	0.0	0.0	0.0	-0.301335977682099	0.0	0.0	0.0	0.0	-1.5331178077671668
0.969806211598526	0.0	0.0	0.0	0.0	0.0	0.0	0.0	0.0	0.0
0.0	-0.7066617815152931	0.0	0.0	0.0	-0.15756657013686243	-0.06715309497563254	0.0	0.0	0.0
0.0	0.0	-1.0966560884333474	0.0	0.0	0.0	0.0	0.0	0.0	0.0
0.0	0.0	0.0	-0.035523266741492865	0.0	0.0	0.0	0.0	0.0	0.0
0.0	0.0	0.0	0.0	0.5015096126402435	-0.14037821586720658	0.0	0.0	0.0	-0.8286365571427031
0.0	-0.3716001878277502	0.0	0.0	-0.379416962581674	0.3655851217945346	0.22889856920313073	0.0	0.0	0.0
0.0	-0.3196493495581816	0.0	0.0	0.0	-0.3065415288307739	-0.11714287613806396	-0.29176735859708713	0.0	0.0
0.0	0.0	0.0	0.0	0.0	0.0	0.21200837888768864	-1.3798810831496258	-0.39575106384044395	0.0
0.0	0.0	0.0	0.0	0.0	0.0	0.0	-0.6165902817141249	0.0010667983086630752	0.0
0.0	0.0	0.0	0.0	-0.24700212979696698	0.0	0.0	0.0	0.0	-0.6704356052776923
-1.2163598595321665	0.0	0.0	0.0	0.0	0.0	0.0	0.0	0.0	0.0
0.0	-0.502324141548443	0.0	0.0	0.0	-0.14597836593106728	-0.06221433304819543	0.0	0.0	0.0
0.0	0.0	-0.31981940965689754	0.0	0.0	0.0	0.0	0.0	0.0	0.0
0.0	0.0	0.0	-1.165312429371045	0.0	0.0	0.0	0.0	0.0	0.0
0.0	0.0	0.0	0.0	-0.12357014991459302	-0.17455628249045183	0.0	0.0	0.0	-1.0303857764323316
0.0	-0.5335432116077607	0.0	0.0	-0.5447665296878802	-0.4934135237097841	0.3286523574139579	0.0	0.0	0.0
0.0	-0.32693747908743465	0.0	0.0	0.0	-0.31353079494785485	-0.13362957593436595	-0.29841976788496083	0.0	0.0
0.0	0.0	0.0	0.0	0.0	0.0	0.14346159105864892	-0.08976157972854626	-0.267796384178663	0.0
0.0	0.0	0.0	0.0	0.0	0.0	0.0	-0.7089366171078785	-0.020894824669255078	0.0
0.0	0.0	0.0	0.0	-0.3156624776952002	0.0	0.0	0.0	0.0	-1.7888658551933911
-1.3678206157415667	0.0	0.0	0.0	0.0	0.0	0.0	0.0	0.0	0.0
0.0	-1.3993659533354232	0.0	0.0	0.0	-0.18644873851557844	-0.07946234937238342	0.0	0.0	0.0
0.0	0.0	-1.7769848927528367	0.0	0.0	0.0	0.0	0.0	0.0	0.0
0.0	0.0	0.0	0.1779633120821904	0.0	0.0	0.0	0.0	0.0	0.0
0.0	0.0	0.0	0.0	0.6295990259294786	-0.13212368822451254	0.0	0.0	0.0	-0.7799110243068131
0.0	-0.4353481617445683	0.0	0.0	-0.4445059034017643	0.044041741997350004	0.26816609515476447	0.0	0.0	0.0
0.0	-0.40427086546430735	0.0	0.0	0.0	-0.38769298086312015	-0.7732418660378697	-0.3690076101744418	0.0	0.0
0.0	0.0	0.0	0.0	0.0	0.0	0.17208534106167095	-0.6447387139134939	-0.32122766634888245	0.0
0.0	0.0	0.0	0.0	0.0	0.0	0.0	-0.7828503648461719	-0.366580304056898	0.0
0.0	0.0	0.0	0.0	-0.22245356385673865	0.0	0.0	0.0	0.0	-0.2784842547007478
-1.8701549532917672	0.0	0.0	0.0	0.0	0.0	0.0	0.0	0.0	0.0
0.0	-0.6106357808841363	0.0	0.0	0.0	-0.15257505761901977	-0.06502576864053751	0.0	0.0	0.0
0.0	0.0	-0.9339519418862965	0.0	0.0	0.0	0.0	0.0	0.0	0.0
0.0	0.0	0.0	-1.1818411897652745	0.0	0.0	0.0	0.0	0.0	0.0
0.0	0.0	0.0	0.0	-0.07540940302860055	-0.16596949717219664	0.0	0.0	0.0	-0.9796989645286007
0.0	-0.48692494235517075	0.0	0.0	-0.497167624466575	-0.3586139937738551	0.29993640010235806	0.0	0.0	0.0
0.0	-0.1937763282270648	0.0	0.0	0.0	-0.18583016667495644	0.7903835559262994	-0.1768738385471424	0.0	0.0
0.0	0.0	0.0	0.0	0.0	0.0	0.17988804286147678	-0.8646302785207935	-0.3357927866252784	0.0
0.0	0.0	0.0	0.0	0.0	0.0	0.0	-0.721948175419149	-0.20510084527254382	0.0
0.0	0.0	0.0	0.0	-0.33619744473388014	0.0	0.0	0.0	0.0	-2.0857616875624245
-0.3537466736598258	0.0	0.0	0.0	0.0	0.0	0.0	0.0	0.0	0.0
0.0	-0.4267819429982762	0.0	0.0	0.0	-0.145204705543194	-0.06188460771711403	0.0	0.0	0.0
0.0	0.0	-1.5433929080055735	0.0	0.0	0.0	0.0	0.0	0.0	0.0
0.0	0.0	0.0	0.42151678870477055	0.0	0.0	0.0	0.0	0.0	0.0
0.0	0.0	0.0	0.0	0.9132372841079961	-0.12715236902656987	0.0	0.0	0.0	-0.7505658955117763
0.0	-0.3817337832157687	0.0	0.0	-0.38976372264288217	0.3658309756639475	0.23514066907600828	0.0	0.0	0.0
0.0	-0.3019691056809022	0.0	0.0	0.0	-0.28958629649342277	0.17015590959689808	-0.2756293058760157	0.0	0.0
0.0	0.0	0.0	0.0	0.0	0.0	0.1424037354710647	-0.11207746901859061	-0.26582170998714066	0.0
0.0	0.0	0.0	0.0	0.0	0.0	0.0	-0.7748391261014742	-0.2246571707666755	0.0
0.0	0.0	0.0	0.0	-0.15178490454772292	0.0	0.0	0.0	0.0	0.8122676262154626
-1.6796107991054166	0.0	0.0	0.0	0.0	0.0	0.0	0.0	0.0	0.0
0.0	-1.0919777303919098	0.0	0.0	0.0	-0.17153383039318612	-0.07310578375807912	0.0	0.0	0.0
0.0	0.0	-1.423186461222579	0.0	0.0	0.0	0.0	0.0	0.0	0.0
0.0	0.0	0.0	-0.9354972764449497	0.0	0.0	0.0	0.0	0.0	0.0
0.0	0.0	0.0	0.0	-0.21271247177263164	-0.18646548005564775	0.0	0.0	0.0	-1.1006844079386007
0.0	-0.5223597068730083	0.0	0.0	-0.5333477749711995	-0.4770708882537702	0.3217635335750208	0.0	0.0	0.0
0.0	-0.40446000789742903	0.0	0.0	0.0	-0.3878743671562444	-0.8087400510184675	-0.3691802543177408	0.0	0.0
0.0	0.0	0.0	0.0	0.0	0.0	0.1726560366393543	-0.6689669930621283	-0.32229297038630866	0.0
0.0	0.0	0.0	0.0	0.0	0.0	0.0	-0.8107198627981848	-0.4567502389016514	0.0
0.0	0.0	0.0	0.0	-0.3063375691407459	0.0	0.0	0.0	0.0	-1.6700601997969218
-0.4133953922923208	0.0	0.0	0.0	0.0	0.0	0.0	0.0	0.0	0.0
0.0	-0.8173875083132036	0.0	0.0	0.0	-0.16131425111308925	-0.06875031433705123	0.0	0.0	0.0
0.0	0.0	-0.03873487086943017	0.0	0.0	0.0	0.0	0.0	0.0	0.0
0.0	0.0	0.0	-0.053492440422038705	0.0	0.0	0.0	0.0	0.0	0.0
0.0	0.0	0.0	0.0	0.6984969380679354	-0.13521355528344747	0.0	0.0	0.0	-0.7981501562542266
0.0	-0.45465839637959327	0.0	0.0	-0.464222337386337	-0.06802513348989936	0.2800608283215379	0.0	0.0	0.0
0.0	-0.3013951041804249	0.0	0.0	0.0	-0.28903583300037744	-0.013339394760643497	-0.2751053726915544	0.0	0.0
0.0	0.0	0.0	0.0	0.0	0.0	0.19032775172287728	-0.9667079665176688	-0.3552803460781641	0.0
0.0	0.0	0.0	0.0	0.0	0.0	0.0	-0.6149958039807514	0.0913016602335074	0.0
0.0	0.0	0.0	0.0	-0.1854713164490436	0.0	0.0	0.0	0.0	0.28094781658599155
-1.6960078121814735	0.0	0.0	0.0	0.0	0.0	0.0	0.0	0.0	0.0
0.0	-1.2580314909797568	0.0	0.0	0.0	-0.17994796575727978	-0.07669179334597599	0.0	0.0	0.0
0.0	0.0	-1.4321279337621402	0.0	0.0	0.0	0.0	0.0	0.0	0.0
0.0	0.0	0.0	-1.0348851248260758	0.0	0.0	0.0	0.0	0.0	0.0
0.0	0.0	0.0	0.0	-0.20854880245847818	-0.1978612870310432	0.0	0.0	0.0	-1.1679525534953674
0.0	-0.4918064632723781	0.0	0.0	-0.5021518303412076	-0.4291852235663653	0.3029433231074719	0.0	0.0	0.0
0.0	-0.3298696463542596	0.0	0.0	0.0	-0.31634272319986734	-0.277231687456912	-0.30109617157415597	0.0	0.0
0.0	0.0	0.0	0.0	0.0	0.0	0.18226970563199177	-0.7761569146270403	-0.3402385806079766	0.0
0.0	0.0	0.0	0.0	0.0	0.0	0.0	-0.5708664151648514	0.2621959889980313	0.0
0.0	0.0	0.0	0.0	-0.27014615262892644	0.0	0.0	0.0	0.0	-1.1393294036122794
-0.8829738592211869	0.0	0.0	0.0	0.0	0.0	0.0	0.0	0.0	0.0
0.0	-0.08448190687037327	0.0	0.0	0.0	-0.13006238401685255	-0.055431121075076105	0.0	0.0	0.0
0.0	0.0	-1.1698804469932946	0.0	0.0	0.0	0.0	0.0	0.0	0.0
0.0	0.0	0.0	-0.5812076383486491	0.0	0.0	0.0	0.0	0.0	0.0
0.0	0.0	0.0	0.0	0.162502803155634	-0.17062063787811937	0.0	0.0	0.0	-1.0071541162950821
0.0	-0.3850188895735424	0.0	0.0	-0.3931179326698212	0.29266919248344136	0.23716423141425733	0.0	0.0	0.0
0.0	-0.30039051708891773	0.0	0.0	0.0	-0.28807244088554934	0.09990087845605378	-0.2741884125207456	0.0	0.0
0.0	0.0	0.0	0.0	0.0	0.0	0.20013382604429522	-1.1966347635553054	-0.3735851148102312	0.0
0.0	0.0	0.0	0.0	0.0	0.0	0.0	-0.697333918578383	-0.20700932947097553	0.0
0.0	0.0	0.0	0.0	-0.25508395408848106	0.0	0.0	0.0	0.0	-0.8545040326409847
-2.271488532836073	0.0	0.0	0.0	0.0	0.0	0.0	0.0	0.0	0.0
0.0	-0.5145780327419966	0.0	0.0	0.0	-0.14751554088656496	-0.06286945967620439	0.0	0.0	0.0
0.0	0.0	-1.5694203657376082	0.0	0.0	0.0	0.0	0.0	0.0	0.0
0.0	0.0	0.0	-0.9849780148581888	0.0	0.0	0.0	0.0	0.0	0.0
0.0	0.0	0.0	0.0	0.21473581817321005	-0.1508449890540436	0.0	0.0	0.0	-0.8904207224731611
0.0	-0.46241310047303735	0.0	0.0	-0.4721401651195622	-0.07391713702177971	0.2848375769070521	0.0	0.0	0.0
0.0	-0.3399280712469831	0.0	0.0	0.0	-0.32598868352641497	-0.1968878122092712	-0.3102772322165552	0.0	0.0
0.0	0.0	0.0	0.0	0.0	0.0	0.15333660373959246	-0.25651352521361037	-0.2862298385280856	0.0
0.0	0.0	0.0	0.0	0.0	0.0	0.0	-0.6690807736023582	0.06604014953700998	0.0
0.0	0.0	0.0	0.0	-0.29402608446832135	0.0	0.0	0.0	0.0	-1.4105504935484363
0.131166870169366	0.0	0.0	0.0	0.0	0.0	0.0	0.0	0.0	0.0
0.0	-0.8396538318088829	0.0	0.0	0.0	-0.16122030652990293	-0.0687102762153121	0.0	0.0	0.0
0.0	0.0	-1.0216136965765779	0.0	0.0	0.0	0.0	0.0	0.0	0.0
0.0	0.0	0.0	-0.4788831122559256	0.0	0.0	0.0	0.0	0.0	0.0
0.0	0.0	0.0	0.0	0.6010287005037108	-0.14293222227882543	0.0	0.0	0.0	-0.8437125649603708
0.0	-0.4670540978325885	0.0	0.0	-0.4768787879168323	-0.06561168445212773	0.2876963420263236	0.0	0.0	0.0
0.0	-0.40899281714386543	0.0	0.0	0.0	-0.3922213000632608	-0.7624062022542016	-0.37331768110332686	0.0	0.0
0.0	0.0	0.0	0.0	0.0	0.0	0.16593690181054796	-0.526122494421964	-0.3097505191372655	0.0
0.0	0.0	0.0	0.0	0.0	0.0	0.0	-0.7889970099752032	-0.36180949509323235	0.0
0.0	0.0	0.0	0.0	-0.18987047559168416	0.0	0.0	0.0	0.0	0.19823460257435
-1.5452566419227298	0.0	0.0	0.0	0.0	0.0	0.0	0.0	0.0	0.0
0.0	-0.038445333089667466	0.0	0.0	0.0	-0.12515503108974715	-0.05333966260830478	0.0	0.0	0.0
0.0	0.0	-2.092857550240657	0.0	0.0	0.0	0.0	0.0	0.0	0.0
0.0	0.0	0.0	-0.7622591840139461	0.0	0.0	0.0	0.0	0.0	0.0
0.0	0.0	0.0	0.0	-0.36654772571710836	-0.20132709472324542	0.0	0.0	0.0	-1.1884108200151662
0.0	-0.5589110416289829	0.0	0.0	-0.5706679832641142	-0.6269053076184892	0.34427845284084596	0.0	0.0	0.0
0.0	-0.3221616710990197	0.0	0.0	0.0	-0.3089508279177499	-0.17403747140842027	-0.2940605383608817	0.0	0.0
0.0	0.0	0.0	0.0	0.0	0.0	0.1958865880434585	-1.0927021554480847	-0.36565689534063606	0.0
0.0	0.0	0.0	0.0	0.0	0.0	0.0	-0.6732972033538991	-0.11448294127684956	0.0
0.0	0.0	0.0	0.0	-0.301411146197781	0.0	0.0	0.0	0.0	-1.6244281947085817
-1.0919526990281558	0.0	0.0	0.0	0.0	0.0	0.0	0.0	0.0	0.0
0.0	-1.5931194610544905	0.0	0.0	0.0	-0.19447460489531274	-0.08288288309848972	0.0	0.0	0.0
0.0	0.0	-0.8459093482519914	0.0	0.0	0.0	0.0	0.0	0.0	0.0
0.0	0.0	0.0	-0.7255938318114173	0.0	0.0	0.0	0.0	0.0	0.0
0.0	0.0	0.0	0.0	0.42126746400423754	-0.14883672487167907	0.0	0.0	0.0	-0.8785661686335413
0.0	-0.4939402840442483	0.0	0.0	-0.5043305369793538	-0.3492534463623135	0.3042577156659693	0.0	0.0	0.0
0.0	-0.3574158425409114	0.0	0.0	0.0	-0.34275933597946484	-0.46089801231252947	-0.3262396011224575	0.0	0.0
0.0	0.0	0.0	0.0	0.0	0.0	0.15545331773123758	-0.26324894661172094	-0.29018105884510553	0.0
0.0	0.0	0.0	0.0	0.0	0.0	0.0	-0.6137832627979032	0.23218287602192558	0.0
0.0	0.0	0.0	0.0	-0.22620877142354193	0.0	0.0	0.0	0.0	-0.36933144786701266
-0.5136770340846155	0.0	0.0	0.0	0.0	0.0	0.0	0.0	0.0	0.0
0.0	0.43314116132552694	0.0	0.0	0.0	-0.10637314231794776	-0.045335033457471086	0.0	0.0	0.0
0.0	0.0	-1.9403626575866229	0.0	0.0	0.0	0.0	0.0	0.0	0.0
0.0	0.0	0.0	0.006320469147575558	0.0	0.0	0.0	0.0	0.0	0.0
0.0	0.0	0.0	0.0	0.13128074240277343	-0.15361404440443865	0.0	0.0	0.0	-0.9067661395873057
0.0	-0.4102187858325098	0.0	0.0	-0.4188479199226336	0.31359039832909463	0.2526868828732462	0.0	0.0	0.0
0.0	-0.35609217080343836	0.0	0.0	0.0	-0.34148994388266896	-0.19183273011242674	-0.32503138903935475	0.0	0.0
0.0	0.0	0.0	0.0	0.0	0.0	0.15891123877382837	-0.3645785746811578	-0.296635878878452	0.0
0.0	0.0	0.0	0.0	0.0	0.0	0.0	-0.6845081267948748	-0.004540695954260877	0.0
0.0	0.0	0.0	0.0	-0.32068088944041695	0.0	0.0	0.0	0.0	-1.8237476280018623
-2.078684896330191	0.0	0.0	0.0	0.0	0.0	0.0	0.0	0.0	0.0
0.0	-1.1402602141999403	0.0	0.0	0.0	-0.17337703265194965	-0.07389133577101267	0.0	0.0	0.0
0.0	0.0	-0.510914149880155	0.0	0.0	0.0	0.0	0.0	0.0	0.0
0.0	0.0	0.0	-1.5731072589151314	0.0	0.0	0.0	0.0	0.0	0.0
0.0	0.0	0.0	0.0	0.6982687199206445	-0.12449984056756182	0.0	0.0	0.0	-0.7349083233135749
0.0	-0.556798796814456	0.0	0.0	-0.5685113064431428	-0.5394714242203369	0.3429773506571301	0.0	0.0	0.0
0.0	-0.37442380936961345	0.0	0.0	0.0	-0.35906985924872753	-0.6419005815113972	-0.34176401737287765	0.0	0.0
0.0	0.0	0.0	0.0	0.0	0.0	0.1839601299655315	-0.8624916484069644	-0.3433940560276274	0.0
0.0	0.0	0.0	0.0	0.0	0.0	0.0	-0.7269290598609237	-0.23681853566630376	0.0
0.0	0.0	0.0	0.0	-0.20703176948559548	0.0	0.0	0.0	0.0	-0.027379473549149713
0.03624209549209989	0.0	0.0	0.0	0.0	0.0	0.0	0.0	0.0	0.0
0.0	-0.7348436585919883	0.0	0.0	0.0	-0.15765727703031646	-0.06719175323052615	0.0	0.0	0.0
0.0	0.0	-1.891081439289497	0.0	0.0	0.0	0.0	0.0	0.0	0.0
0.0	0.0	0.0	0.2738725597433702	0.0	0.0	0.0	0.0	0.0	0.0
0.0	0.0	0.0	0.0	0.044953815779380624	-0.16635560506024563	0.0	0.0	0.0	-0.981978115243418
0.0	-0.4463679008871209	0.0	0.0	-0.45575744764438403	-0.07277940677837158	0.2749540425383951	0.0	0.0	0.0
0.0	-0.3188238126275515	0.0	0.0	0.0	-0.30574984458936566	-0.13772646558140164	-0.2910138306139794	0.0	0.0
0.0	0.0	0.0	0.0	0.0	0.0	0.1961720165883836	-1.0538243086188772	-0.36618969810483426	0.0
0.0	0.0	0.0	0.0	0.0	0.0	0.0	-0.5765312593564555	0.18968788725819122	0.0
0.0	0.0	0.0	0.0	-0.30028970410397127	0.0	0.0	0.0	0.0	-1.5373575343342312
-1.941311971836448	0.0	0.0	0.0	0.0	0.0	0.0	0.0	0.0	0.0
0.0	-0.9286786590822103	0.0	0.0	0.0	-0.16533067662612902	-0.07046206958885011	0.0	0.0	0.0
0.0	0.0	-0.6023291747747321	0.0	0.0	0.0	0.0	0.0	0.0	0.0
0.0	0.0	0.0	-1.1113727507387638	0.0	0.0	0.0	0.0	0.0	0.0
0.0	0.0	0.0	0.0	0.6632670692937815	-0.14115361700703352	0.0	0.0	0.0	-0.8332136614102095
0.0	-0.5077547578078826	0.0	0.0	-0.5184356043252615	-0.35520506447232825	0.3127671658287228	0.0	0.0	0.0
0.0	-0.3100224944919832	0.0	0.0	0.0	-0.2973094410010829	-0.06457757335884207	-0.2829802233248146	0.0	0.0
0.0	0.0	0.0	0.0	0.0	0.0	0.15887018982839576	-0.382996495306048	-0.29655925377566256	0.0
0.0	0.0	0.0	0.0	0.0	0.0	0.0	-0.6801020921533785	0.009521482709977215	0.0
0.0	0.0	0.0	0.0	-0.16872912313718552	0.0	0.0	0.0	0.0	0.5251282874550793
0.42521535225816565	0.0	0.0	0.0	0.0	0.0	0.0	0.0	0.0	0.0
0.0	-0.6552485105011332	0.0	0.0	0.0	-0.15292027834065788	-0.06517289781830399	0.0	0.0	0.0
0.0	0.0	-2.397378664244069	0.0	0.0	0.0	0.0	0.0	0.0	0.0
0.0	0.0	0.0	0.0953502870172005	0.0	0.0	0.0	0.0	0.0	0.0
0.0	0.0	0.0	0.0	-0.3624652019748867	-0.2060662534441613	0.0	0.0	0.0	-1.2163855320599992
0.0	-0.5315646083075503	0.0	0.0	-0.5427463055897482	-0.5896848371116769	0.32743357583290894	0.0	0.0	0.0
0.0	-0.3070684973286275	0.0	0.0	0.0	-0.2944765780283647	-0.035976271440732566	-0.2802838938911809	0.0	0.0
0.0	0.0	0.0	0.0	0.0	0.0	0.16042209690035547	-0.4668036090718146	-0.29945616227490135	0.0
0.0	0.0	0.0	0.0	0.0	0.0	0.0	-0.7902440116089723	-0.3440706812359744	0.0
0.0	0.0	0.0	0.0	-0.2878006759629647	0.0	0.0	0.0	0.0	-1.4257435784506276
-1.8049388436027802	0.0	0.0	0.0	0.0	0.0	0.0	0.0	0.0	0.0
0.0	-0.8223247354607837	0.0	0.0	0.0	-0.1625780379686267	-0.06928892604044203	0.0	0.0	0.0
0.0	0.0	1.0185899267909457	0.0	0.0	0.0	0.0	0.0	0.0	0.0
0.0	0.0	0.0	-0.8167037805280389	0.0	0.0	0.0	0.0	0.0	0.0
0.0	0.0	0.0	0.0	0.3882001678988575	-0.16012256642678332	0.0	0.0	0.0	-0.9451852008879918
0.0	-0.382649012470296	0.0	0.0	-0.39069820415067846	0.24330549603881957	0.2357044326953939	0.0	0.0	0.0
0.0	-0.3100256476476465	0.0	0.0	0.0	-0.2973124648556881	0.039301309267862905	-0.28298310144078886	0.0	0.0
0.0	0.0	0.0	0.0	0.0	0.0	0.15831357340165628	-0.38900354840764195	-0.29552023095878655	0.0
0.0	0.0	0.0	0.0	0.0	0.0	0.0	-0.7154999018305784	-0.09996965519584756	0.0
0.0	0.0	0.0	0.0	-0.21534308272912336	0.0	0.0	0.0	0.0	-0.22571467841374226
-0.05888980335820504	0.0	0.0	0.0	0.0	0.0	0.0	0.0	0.0	0.0
0.0	-0.7587191143600938	0.0	0.0	0.0	-0.15818981875374874	-0.06741871650643597	0.0	0.0	0.0
0.0	0.0	-1.6631607326938163	0.0	0.0	0.0	0.0	0.0	0.0	0.0
0.0	0.0	0.0	-0.20651903205504496	0.0	0.0	0.0	0.0	0.0	0.0
0.0	0.0	0.0	0.0	-0.20000243115858615	-0.18927625943305365	0.0	0.0	0.0	-1.1172761172133827
0.0	-0.47526748063064267	0.0	0.0	-0.48526494286464095	-0.26576359434699415	0.29275562787271203	0.0	0.0	0.0
0.0	-0.32767790376638767	0.0	0.0	0.0	-0.3142408571249999	-0.1728289678139574	-0.2990956076860329	0.0	0.0
0.0	0.0	0.0	0.0	0.0	0.0	0.16919474849910873	-0.5596177945947622	-0.3158318650708147	0.0
0.0	0.0	0.0	0.0	0.0	0.0	0.0	-0.6471946887190221	0.07276771045158559	0.0
0.0	0.0	0.0	0.0	-0.29949711606085416	0.0	0.0	0.0	0.0	-1.571061365469185
-2.1383634709882196	0.0	0.0	0.0	0.0	0.0	0.0	0.0	0.0	0.0
0.0	-0.2136361972267784	0.0	0.0	0.0	-0.1352145693473267	-0.057626924350662224	0.0	0.0	0.0
0.0	0.0	-0.26494019126371127	0.0	0.0	0.0	0.0	0.0	0.0	0.0
0.0	0.0	0.0	-0.3744197901527846	0.0	0.0	0.0	0.0	0.0	0.0
0.0	0.0	0.0	0.0	0.7902055056871163	-0.11575240959516062	0.0	0.0	0.0	-0.6832732384819599
0.0	-0.3734848047967964	0.0	0.0	-0.381341223304483	0.5282608822327878	0.23005945701169817	0.0	0.0	0.0
0.0	-0.38870784546456005	0.0	0.0	0.0	-0.3727681516696914	-0.460205707794082	-0.3548021026600478	0.0	0.0
0.0	0.0	0.0	0.0	0.0	0.0	0.15480024277769958	-0.3036524809528618	-0.2889619791606789	0.0
0.0	0.0	0.0	0.0	0.0	0.0	0.0	-0.7560061494427289	-0.21395788709014021	0.0
0.0	0.0	0.0	0.0	-0.2341796498964746	0.0	0.0	0.0	0.0	-0.42509259571285446
