0.012300348494789878	0.009756749475420082	0.013927141760205224	0.0	0.0
-0.030795370708020995	0.06504881872911991	0.014247882836492113	0.0960957215578884	0.0
-0.04722596624676694	0.015895622899499844	0.06515340047197965	0.0	0.08781631306096142
0.0	-0.3312485106659283	0.0	-0.2584009127376172	0.0
0.0	0.0	-0.36941154029069895	0.0	-0.3007411420083383
0.009589259217606741	0.012750172863824448	0.01669267479218994	0.0	0.0
-0.033053609163419345	0.06463317557250045	0.018444143702934703	0.08860518903223485	0.0
-0.042624194622547976	0.017303246547675302	0.05630479101036176	0.0	0.07929981708666141
0.0	-0.336067575620117	0.0	-0.3030160435274942	0.0
0.0	0.0	-0.36599907477913807	0.0	-0.2525603728052877
0.011892607640069594	0.011750914167441671	0.016086875534858804	0.0	0.0
-0.03224359080490028	0.06714211453640348	0.017434285867411484	0.08819297969078266	0.0
-0.04540710948983971	0.01786143791935093	0.057670003900006366	0.0	0.08834903390500295
0.0	-0.3391486741553258	0.0	-0.3396053369711968	0.0
0.0	0.0	-0.3657289248803615	0.0	-0.2636838543952591
0.01485639491048521	0.010206094198888677	0.013441441106364431	0.0	0.0
-0.034925776802001963	0.07130961125069288	0.016674358313257902	0.09976018551905674	0.0
-0.045202445813411866	0.015699896516098665	0.06735467356683203	0.0	0.08347894237959136
0.0	-0.3401856517436556	0.0	-0.36852638696082834	0.0
0.0	0.0	-0.375919607788921	0.0	-0.36552707458016237
0.014642000876259817	0.011448467834896331	0.01437011279992958	0.0	0.0
-0.03688504656635502	0.06223871843520329	0.01923492379253079	0.11931514119108835	0.0
-0.043028654102982754	0.016324116891560374	0.06042577656426826	0.0	0.085661761466418
0.0	-0.32989986573521113	0.0	-0.2758481754740631	0.0
0.0	0.0	-0.37050997606312286	0.0	-0.3090850163808698
0.020362504284320584	0.009213932421288314	0.011415293568030418	0.0	0.0
-0.040283995417064976	0.05740201702767192	0.01841401535132886	0.17470127412990408	0.0
-0.044440803443347464	0.01477847648823353	0.059611035832663334	0.0	0.11146979356594758
0.0	-0.3184893721175674	0.0	-0.23778715556792657	0.0
0.0	0.0	-0.3641416317767054	0.0	-0.2832549555192555
0.018387999210476055	0.010255940246139973	0.012738701799717145	0.0	0.0
-0.03915474765343505	0.034961177532157994	0.0192681832754993	0.22379066187976873	0.0
-0.043908718553929096	0.015719506296854785	0.04687936869797154	0.0	0.12628837849057004
0.0	-0.28986156793914397	0.0	-0.07884962262630546	0.0
0.0	0.0	-0.3477157314770787	0.0	-0.15879533548384067
0.019114360369956604	0.010628648721324399	0.015370957343984323	0.0	0.0
-0.03227167155664347	-0.0066877782875451874	0.01809942799019935	0.314841790545452	0.0
-0.0515226079740691	0.021021951364607137	0.045343141104829475	0.0	0.14756009963742772
0.0	-0.23976956628932314	0.0	0.061095281402752395	0.0
0.0	0.0	-0.34697425077903093	0.0	-0.18532505675866426
0.0189932350532106	0.008951896786500237	0.013577328398264893	0.0	0.0
-0.030194718587227096	0.005193181990758494	0.014704767621441081	0.26909973881785115	0.0
-0.05353056301805257	0.018965346889097047	0.03187700388725392	0.0	0.2023211117646024
0.0	-0.2514937531642736	0.0	0.07275588972584707	0.0
0.0	0.0	-0.3187618177426357	0.0	-0.07207332783471865
0.01531552617974212	0.010603380146203344	0.01615893343244483	0.0	0.0
-0.029169979505600876	0.005924357069223951	0.01594142052760211	0.22656515019706291	0.0
-0.0514432239109452	0.020452710550655857	0.03397972951477882	0.0	0.16260704094162304
0.0	-0.2564542842798969	0.0	0.10819099206790217	0.0
0.0	0.0	-0.3272611556091345	0.0	-0.06484026863326109
0.017264114010423867	0.011658940950662057	0.0177153317234651	0.0	0.0
-0.02973359053391784	0.009005212071870577	0.01835657078075907	0.22146313791647884	0.0
-0.05252816958519065	0.0235921903929842	0.048426342367158336	0.0	0.12933924476802
0.0	-0.2662358597866145	0.0	0.06559721686279474	0.0
0.0	0.0	-0.3551417505951115	0.0	-0.22651020894927051
0.018483438250012876	0.010783413168128038	0.014688571533958705	0.0	0.0
-0.03481195132093031	-0.0005216573756154086	0.01889436316513429	0.3115349001960337	0.0
-0.04840391162766269	0.019112440679369503	0.04970711826154911	0.0	0.12747156351184344
0.0	-0.24589508607534336	0.0	0.039281582086180544	0.0
0.0	0.0	-0.3539979707760386	0.0	-0.21359120709408463
0.017305054145979284	0.012337201044029886	0.014634580391736193	0.0	0.0
-0.04071676221231981	-0.016360733044770315	0.023247960517683266	0.40931907565384723	0.0
-0.04139975921119691	0.017196546522052235	0.032401932224253305	0.0	0.1350588230637259
0.0	-0.22311869702608028	0.0	-0.0045670588424414635	0.0
0.0	0.0	-0.3342240968642307	0.0	-0.07004625333334116
0.020155951019371163	0.010730685123386362	0.012251765987253358	0.0	0.0
-0.04416184934542349	-0.05635501984351533	0.02273675667232221	0.7243602639868704	0.0
-0.04032364303071639	0.015103333897387257	0.03998945188531272	0.0	0.13196885122253338
0.0	-0.16293288113018983	0.0	-0.2627542905320016	0.0
0.0	0.0	-0.34193516504759397	0.0	-0.1218952204802857
0.020522499399324587	0.008643548130415691	0.011985940943830702	0.0	0.0
-0.034669199257324146	-0.09441375000359696	0.015789692410826114	0.8285112144436502	0.0
-0.05028377307596268	0.016660556998825467	0.04135289634693537	0.0	0.17549453345382268
0.0	-0.10985424600903096	0.0	-0.2980113919065346	0.0
0.0	0.0	-0.33287337966160724	0.0	-0.1224537171739889
0.01918617882742847	0.008803774038126119	0.015530516701846088	0.0	0.0
-0.024827513366553557	-0.12395483540915017	0.0134348253314011	0.7203178654217794	0.0
-0.05914991413509751	0.023285454473008678	0.030224655000656298	0.0	0.22300134031816304
0.0	-0.07811143328748806	0.0	-0.09650667845531881	0.0
0.0	0.0	-0.31680158457717134	0.0	-0.09197757888474362
0.015936869522597444	0.009394384967740968	0.017494782085078594	0.0	0.0
-0.02300033186936499	-0.12598570936251552	0.01318415000808564	0.6241426782666537	0.0
-0.05824264235106113	0.024287952405596967	0.002567920833822956	0.0	0.2833633801853919
0.0	-0.07734843470020565	0.0	0.03800760907490741	0.0
0.0	0.0	-0.2766601475746842	0.0	0.01564019674390682
0.015149546809960418	0.0061292167802854385	0.016482564119115136	0.0	0.0
-0.016477864165532263	-0.12264547272737875	0.008546763178457192	0.4706022092245168	0.0
-0.06420221666513583	0.02422604808110506	-0.003866039649764813	0.0	0.3376952114121643
0.0	-0.07810596769869067	0.0	0.2498119279836093	0.0
0.0	0.0	-0.25828998701723876	0.0	0.004164090642208574
0.016468323593155365	0.004024731215749178	0.017085188415993283	0.0	0.0
-0.012828855970255999	-0.11668740508978383	0.006976998734196793	0.38153655024684957	0.0
-0.06903302413154415	0.027313000576472606	-0.02989474703324314	0.0	0.4843524847394119
0.0	-0.08813776865029761	0.0	0.3579718190910076	0.0
0.0	0.0	-0.2168159317266509	0.0	-0.08957615635187066
0.017365700797835434	0.0034519307143264662	0.01813671009602872	0.0	0.0
-0.011872266661756893	-0.09251751847377643	0.006949629203693346	0.30183759657296266	0.0
-0.07076875698063849	0.03013709300542228	-0.0811537171546464	0.0	0.7842031625032889
0.0	-0.12484543561083934	0.0	0.4048745884600782	0.0
0.0	0.0	-0.1397280820738275	0.0	-0.3796851744249794
0.014915026565138975	0.005071310037221954	0.021258709316502037	0.0	0.0
-0.012833970659740448	-0.0721179906704765	0.00846777998737591	0.2475879491492371	0.0
-0.06770632942923815	0.03249896973794322	-0.11338619841481015	0.0	0.8771099572727846
0.0	-0.15823837561729062	0.0	0.40955824307871663	0.0
0.0	0.0	-0.09684385389764906	0.0	-0.4541339759743205
0.010232318842398294	0.00803406258686362	0.025780186862729718	0.0	0.0
-0.014424799545537423	-0.036188559827167024	0.010859631125744505	0.16640094744054978	0.0
-0.062105518729478525	0.034014749778731895	-0.14888149539576825	0.0	0.8921082337040339
0.0	-0.21357345463771857	0.0	0.36607933960329486	0.0
0.0	0.0	-0.05214814907761442	0.0	-0.41953110583936737
0.0027853582520156045	0.017325091858784454	0.035639621871214534	0.0	0.0
-0.0192362405255595	-0.03385101837169692	0.0191464623420762	0.1531300979454317	0.0
-0.05087955472846018	0.036842020947311434	-0.1748208759915263	0.0	0.6967581173139265
0.0	-0.23145817622096845	0.0	0.319086853254146	0.0
0.0	0.0	-0.03818361562173086	0.0	-0.10486735403950653
-0.004163040803870255	0.02909068298724832	0.040862843514362306	0.0	0.0
-0.025939769245765326	-0.00974881678771472	0.03131804086035039	0.11289107144353477	0.0
-0.03815464261974051	0.033512564906000526	-0.19073716883999667	0.0	0.49143376290150415
0.0	-0.2739985507869364	0.0	0.17336682833499634	0.0
0.0	0.0	-0.039558242749803206	0.0	0.20771158602244144
-0.009402724231873522	0.032831005649213985	0.03662913304045923	0.0	0.0
-0.029366889980105382	0.014416472685692211	0.03524976812080715	0.08187276198693788	0.0
-0.03021357666138442	0.026383490290347814	-0.17833260528415237	0.0	0.34653550295107843
0.0	-0.30212605739249704	0.0	0.029734146300783748	0.0
0.0	0.0	-0.05913737656884805	0.0	0.40678841251780784
-0.01313190458250249	0.045567754912667575	0.047743867015026566	0.0	0.0
-0.0289252450327025	0.011682383348788461	0.04695771293402918	0.05948908939993278	0.0
-0.02748979327195735	0.03246632739549294	-0.18237367667084708	0.0	0.2691896361307926
0.0	-0.321419293707816	0.0	-0.10591182847799993	0.0
0.0	0.0	-0.0856249687298381	0.0	0.4913751891696752
-0.014409151193718134	0.04285001780248923	0.03582447992375021	0.0	0.0
-0.03234856845413095	0.04707341193022696	0.046387102678461634	0.037781439321716875	0.0
-0.02292370324626497	0.023914359798998183	-0.14803569506759284	0.0	0.19494272418802658
0.0	-0.3556766945038948	0.0	-0.5008752488691623	0.0
0.0	0.0	-0.1217538399612387	0.0	0.5518463364075072
-0.01823345711510689	0.046719444585656335	0.02347009118117532	0.0	0.0
-0.0360086623617871	0.06102471212848293	0.05289750695263373	0.028326632730718806	0.0
-0.015950003091045377	0.01704593340092818	-0.10491375014070342	0.0	0.10234279482958773
0.0	-0.3701447545625861	0.0	-0.7480463617245456	0.0
0.0	0.0	-0.18176374073530474	0.0	0.580778023627395
-0.016160414933449038	0.04946688554018124	0.02731868253608659	0.0	0.0
-0.036508374633805636	0.05508413186929742	0.05715079687461848	0.03085809296319005	0.0
-0.017205776982186602	0.019594576493139358	-0.059114629971067756	0.0	0.06524168127209036
0.0	-0.36857305003081253	0.0	-0.7199631532056172	0.0
0.0	0.0	-0.26344731408596206	0.0	0.4018452976828123
-0.016105586049245432	0.04321128463178699	0.025689491467008118	0.0	0.0
-0.03581123703193213	0.0644639638668402	0.04928360223702459	0.02869333442634185	0.0
-0.01796099085270426	0.017982298907239458	-0.012882401868253927	0.0	0.041685449978280505
0.0	-0.37211961966272133	0.0	-0.7895770647570014	0.0
0.0	0.0	-0.3198188743947965	0.0	0.16724235078568833
-0.014530069052989992	0.04804540240058177	0.019599816024917196	0.0	0.0
-0.03996164449043446	0.061525538497127774	0.05982776685407677	0.03152748843892144	0.0
-0.015082937604649403	0.016427715582882762	-0.00035501940787230346	0.0	0.02836564642951843
0.0	-0.3715349953338076	0.0	-0.7812057253049818	0.0
0.0	0.0	-0.3474516803063876	0.0	-0.006851038914781699
-0.007145707475043325	0.037349203489874964	0.0021258302654957317	0.0	0.0
-0.05000668351899348	0.07607917043454987	0.058755163335249404	0.042113060825937125	0.0
-0.011155592106469756	0.009535476749505245	0.04575473869827761	0.0	0.01426014984841561
0.0	-0.36989767185601774	0.0	-0.7621382626836702	0.0
0.0	0.0	-0.39357885929560404	0.0	-0.48833882338497886
0.0006390815242749426	0.03382537367908954	-0.004702258718797664	0.0	0.0
-0.057773168408091644	0.07604351838926038	0.06497426069396536	0.06043761817972336	0.0
-0.009884828708902803	0.00808753380109236	0.05130975332465645	0.0	0.012918449763736751
0.0	-0.36378201667456445	0.0	-0.6700206714247325	0.0
0.0	0.0	-0.40285982637685264	0.0	-0.632405414492152
0.001204419053213432	0.031915439815406614	-0.007721919281101541	0.0	0.0
-0.05916583012180086	0.07735231759011926	0.06320258653763335	0.06347789099002749	0.0
-0.00895030563679062	0.006955583294309853	0.05331258170030359	0.0	0.012861007147813016
0.0	-0.3618354868765987	0.0	-0.639414822225415	0.0
0.0	0.0	-0.3992390048358096	0.0	-0.5728010590488761
0.0030777846037737806	0.027345945387875083	-0.004666299006218764	0.0	0.0
-0.05985892135175148	0.06686078220484756	0.055721631546077996	0.09335921173349557	0.0
-0.009839651534251011	0.00666356220153716	0.06709546095056351	0.0	0.011415766415611272
0.0	-0.34158277001885917	0.0	-0.37731042278980625	0.0
0.0	0.0	-0.4126685960545794	0.0	-0.810148452925387
0.0011136665546928465	0.024546994029185962	-0.007274582304148126	0.0	0.0
-0.05958079872772577	0.06083604896114922	0.04896548663450658	0.10538928739533822	0.0
-0.008451324248469252	0.0050528955225329015	0.08073941194013215	0.0	0.008722576075345594
0.0	-0.3277807750300755	0.0	-0.23388670485485893	0.0
0.0	0.0	-0.4196412233341133	0.0	-0.9538759002482216
0.008792965482389073	0.01778607271018459	-0.009965590537235959	0.0	0.0
-0.067180383307552	0.06529064289188952	0.04379216898318498	0.14243854935963013	0.0
-0.007260449865084127	0.003443097407887145	0.08569003079152575	0.0	0.009669459331640233
0.0	-0.3239137222321096	0.0	-0.24553726949550392	0.0
0.0	0.0	-0.4156685330227318	0.0	-0.868833274263985
0.005754886957480706	0.02053688832160899	-0.0016434479454994512	0.0	0.0
-0.060897044888317334	0.058033291643442037	0.04379300397683943	0.13697595565657836	0.0
-0.01106210225637749	0.005787326534406852	0.0744455135000646	0.0	0.013841271993189882
0.0	-0.3202408994850782	0.0	-0.2020254075600537	0.0
0.0	0.0	-0.40929945917033966	0.0	-0.748656198378693
0.01004978016694337	0.01857103319753955	-0.00189342823474435	0.0	0.0
-0.06429334893301929	0.05307596614765608	0.04418737768907514	0.1788116504094329	0.0
-0.011264075537244083	0.0056319596578120745	0.0806183739898505	0.0	0.01284775001643733
0.0	-0.3108719715380967	0.0	-0.1755089772889484	0.0
0.0	0.0	-0.41903028729080205	0.0	-0.9464742497548714
0.004947534687332847	0.024692509797667475	0.005009834833831611	0.0	0.0
-0.056834309773952284	0.03205458225056343	0.04876905183403231	0.18136514635242645	0.0
-0.014504576110166586	0.009054626976899424	0.07274102251438372	0.0	0.013030185100766764
0.0	-0.29349516390893404	0.0	-0.04493337531524366	0.0
0.0	0.0	-0.42308799776372336	0.0	-1.0408255034293947
0.007152372364061173	0.021755563947087775	0.0009246453023689174	0.0	0.0
-0.06054881073342336	0.04079754962033147	0.046899728062884234	0.18395656943204391	0.0
-0.012604982256205812	0.007102949809813193	0.07764652480082293	0.0	0.012400662736312658
0.0	-0.29954781902591987	0.0	-0.09228557797958731	0.0
0.0	0.0	-0.42236898156201325	0.0	-1.0226650938328554
0.006410125027907124	0.026247363679069928	0.00485603371903487	0.0	0.0
-0.058164625885850606	0.011301439316207307	0.05393716505511869	0.2485719567020293	0.0
-0.014396775211123989	0.009712391961688133	0.06316879642033475	0.0	0.015117279281730409
0.0	-0.2674167163864632	0.0	0.021694501344994344	0.0
0.0	0.0	-0.41628022184242536	0.0	-0.8900829766762774
0.006283202035032714	0.025647229364960788	0.006922008358588123	0.0	0.0
-0.05683869863984742	0.015525389377266857	0.05151604707071638	0.2326177311664446	0.0
-0.01563645897300147	0.010310236210085626	0.06759110228531029	0.0	0.014459886311727076
0.0	-0.27339364506972835	0.0	0.010779220032990979	0.0
0.0	0.0	-0.42196963608500976	0.0	-1.0163646504553272
0.009775231090126749	0.02336427298007142	-0.00021051513874817166	0.0	0.0
-0.06309179987210582	0.003450683521350473	0.054326722519397484	0.3281527086870692	0.0
-0.012251746312124511	0.007674858617495694	0.06348372754385541	0.0	0.015753528800367303
0.0	-0.25040224913091397	0.0	-0.004094953742836804	0.0
0.0	0.0	-0.4107737284454307	0.0	-0.7796508196100739
0.008850709680831279	0.02392514443623665	0.00748863029719731	0.0	0.0
-0.058083996065617656	-0.029886950276096905	0.05077071266324942	0.43941158512795175	0.0
-0.016555099463268202	0.010527381624323418	0.05875621722295906	0.0	0.020371163645171022
0.0	-0.20871217948369608	0.0	0.003739626687633058	0.0
0.0	0.0	-0.4080329670578936	0.0	-0.7350839587786935
0.005161520053402813	0.029581835893234685	0.008500618816675347	0.0	0.0
-0.05574208658356651	-0.06611467907965597	0.05755665012042993	0.5159761188101308	0.0
-0.01579675832240588	0.011866210871309218	0.04497282909409911	0.0	0.02118170276963043
0.0	-0.1668640945527518	0.0	0.016670888803911765	0.0
0.0	0.0	-0.3988158277359958	0.0	-0.5787919683546104
0.005378127617516715	0.02551306324743023	0.013421718496828987	0.0	0.0
-0.05169565833291639	-0.09210581001146495	0.046681800539017895	0.6401501548641958	0.0
-0.02009381071685324	0.013200416529459915	0.05516690469913388	0.0	0.02360593993876051
0.0	-0.12791639848108782	0.0	-0.07023066527461186	0.0
0.0	0.0	-0.403906325642392	0.0	-0.6666044903971611
0.00382465601552541	0.026200491978098414	0.021001453584026403	0.0	0.0
-0.04432838827122876	-0.10305617168775927	0.04175620879725129	0.5927017779872884	0.0
-0.02626022260778866	0.017995723958034712	0.06126360159486243	0.0	0.02315834686205142
0.0	-0.12007116772801732	0.0	0.010511158485722816	0.0
0.0	0.0	-0.4154390940976789	0.0	-0.8846596643759156
0.0035233942325209183	0.02929235176304203	0.02497989196921723	0.0	0.0
-0.042809844261464766	-0.11840110770367357	0.045372416160562964	0.6196201408261577	0.0
-0.02754735914015698	0.021240269850743905	0.046143466111324714	0.0	0.02941706860907727
0.0	-0.10680665837673232	0.0	-0.0029951638434849714	0.0
0.0	0.0	-0.4031093819752564	0.0	-0.6618736853390668
0.001689639791814121	0.02814782942993789	0.024986701338432792	0.0	0.0
-0.04072982835358371	-0.13194575137337783	0.041164371554708916	0.6406859213287441	0.0
-0.02810137645643626	0.020661807104143677	0.05327535748602837	0.0	0.026800705498086518
0.0	-0.0859048084973475	0.0	0.0020649552044318398	0.0
0.0	0.0	-0.4074854826037985	0.0	-0.7348879898149737
-0.0020549997698889183	0.030064811370834294	0.03466090191907565	0.0	0.0
-0.03198556772579331	-0.14289536945672932	0.036415339444131625	0.5100363696239985	0.0
-0.03380317805267083	0.02799752441416136	0.046014449480675866	0.0	0.03143958226752445
0.0	-0.0829541710792441	0.0	0.18779886009655747	0.0
0.0	0.0	-0.40158475388587933	0.0	-0.6393899045026368
-0.002163455064638539	0.0289778913946977	0.03931178587553335	0.0	0.0
-0.027528661068654814	-0.14510022374314258	0.032691339371327933	0.4531229364743442	0.0
-0.03824088541797269	0.033037514335365635	0.04131447005064756	0.0	0.0381482990858833
0.0	-0.08551151650606227	0.0	0.26279085404772495	0.0
0.0	0.0	-0.39465768998611683	0.0	-0.5408203495126678
-0.004876964718701818	0.02740127084090167	0.04080663152540844	0.0	0.0
-0.024301385536494937	-0.12894411189649488	0.0286043099357443	0.3512410472990047	0.0
-0.03921250368916238	0.03357815366467467	0.048025070548104176	0.0	0.0335112684300146
0.0	-0.10682460750156612	0.0	0.36916700700779354	0.0
0.0	0.0	-0.4005141109542542	0.0	-0.624963891492508
-0.009435103952717253	0.025324413548729344	0.036537637486249074	0.0	0.0
-0.023584089796451085	-0.10685131541021775	0.024898124789810475	0.28098879174035035	0.0
-0.036063638299116844	0.02769802852774089	0.05072867298571834	0.0	0.03220607556807254
0.0	-0.12702931097536913	0.0	0.42958389225790694	0.0
0.0	0.0	-0.39333148231064047	0.0	-0.5121730996203897
-0.009699457355434149	0.021368451815218736	0.03476960802622227	0.0	0.0
-0.02105027470349363	-0.07523868942088821	0.02032461888811311	0.20534243055266996	0.0
-0.038414091786813945	0.026982799911111244	0.05797991004674116	0.0	0.032543333782594455
0.0	-0.16530221266881653	0.0	0.4512929588562124	0.0
0.0	0.0	-0.39501202044254935	0.0	-0.5375374326996174
-0.005160295366247915	0.023439877809126406	0.03556902059192868	0.0	0.0
-0.023782909309765635	-0.04213018024230787	0.024225489034248995	0.1706097946264651	0.0
-0.03949843155636946	0.029269764194373375	0.051117163724923274	0.0	0.03831777149522428
0.0	-0.2167427463445154	0.0	0.34930530172406415	0.0
0.0	0.0	-0.39161931352350593	0.0	-0.4968372773543345
-0.0016677773075206015	0.016762564892267604	0.03202427946382689	0.0	0.0
-0.019820441042618805	-0.00847536755554909	0.017428543485891262	0.11572849071937798	0.0
-0.0464971888466081	0.029744472895868065	0.06576473016030049	0.0	0.04117749826297716
0.0	-0.25631237377771454	0.0	0.2625898005441618	0.0
0.0	0.0	-0.39884501948548634	0.0	-0.6098440607512983
-0.0013019438360927645	0.017344686009760135	0.03769430915071702	0.0	0.0
-0.017742976191551414	0.011866132518077444	0.01806605845712731	0.07414805604981367	0.0
-0.04891995335443502	0.03623721191166811	0.05519402351873007	0.0	0.048114774794511664
0.0	-0.29405710996095263	0.0	0.09981565546870305	0.0
0.0	0.0	-0.39104500227033745	0.0	-0.503682648033856
0.0011930777297184253	0.014571101143920481	0.037439645312759944	0.0	0.0
-0.015850519884874608	0.03202747770024941	0.01603913156803546	0.05128353894349266	0.0
-0.05296612222664264	0.03899126425792832	0.055618016527879316	0.0	0.055619470749282286
0.0	-0.3225553519636321	0.0	-0.10563365389472862	0.0
0.0	0.0	-0.3882106279250683	0.0	-0.4759631934862712
-0.005660453566792942	0.025891279580402354	0.05065384287335875	0.0	0.0
-0.018656840636143597	0.03816171792948919	0.025416009060259162	0.03382513847303507	0.0
-0.04428302337269273	0.043887244992837054	0.038652121148443436	0.0	0.03930421990792595
0.0	-0.350883554241476	0.0	-0.42217854024252527	0.0
0.0	0.0	-0.3940343231987771	0.0	-0.533347760646501
-0.0034341986084859134	0.022468427769733415	0.04758263070824103	0.0	0.0
-0.017797748143847845	0.04124670153744667	0.02270455918348754	0.03412879103500679	0.0
-0.04705022825534707	0.0436658131759991	0.052875319946516224	0.0	0.03458989876956724
0.0	-0.35088638642920966	0.0	-0.4226412856016357	0.0
0.0	0.0	-0.4075794185311631	0.0	-0.7485182723665591
0.0003878538695937655	0.018826645950726646	0.03988219428432559	0.0	0.0
-0.01839176595666748	0.04638880524862399	0.020075007607667117	0.039345141285659566	0.0
-0.049698153302887065	0.039464294039645964	0.050621983454408326	0.0	0.051317808348798316
0.0	-0.34805730553806574	0.0	-0.38918832241328477	0.0
0.0	0.0	-0.3900219453529305	0.0	-0.49424742593948984
0.003370576785875573	0.017595054842699864	0.04718080663691114	0.0	0.0
-0.015602515283090913	0.029966714193422395	0.020177669510786762	0.041330492685838875	0.0
-0.05507074043824771	0.05181185048312626	0.039176723761423365	0.0	0.06529682711257735
0.0	-0.34070077803572785	0.0	-0.2939650105690096	0.0
0.0	0.0	-0.3821720148293563	0.0	-0.41234194337799773
0.004762511297252928	0.015128196069259659	0.05473235231928706	0.0	0.0
-0.013107074425610845	0.021318184269113694	0.019675632206352895	0.03631331826998501	0.0
-0.05879130810167236	0.06420485265828464	0.027602623085706265	0.0	0.07836052614292495
0.0	-0.3427528461987902	0.0	-0.3132688856202297	0.0
0.0	0.0	-0.37351396435755224	0.0	-0.33059491712405514
0.005877868338568751	0.013163270191610467	0.05179037920389603	0.0	0.0
-0.012655165253794622	0.03452525591496994	0.01813816526622132	0.02907771553125478	0.0
-0.06019953695040674	0.06276976241026838	0.030872268884265197	0.0	0.08290810411497196
0.0	-0.3568296131193385	0.0	-0.5072752632443176	0.0
0.0	0.0	-0.3722963291098182	0.0	-0.32415331243665046
0.0024437733108718107	0.017110785950114952	0.05372785257116612	0.0	0.0
-0.013983392817079877	0.03928376347413681	0.020284559790931737	0.02636358832541975	0.0
-0.05592791325538526	0.059021935195670054	0.02850145419290098	0.0	0.07108392512208764
0.0	-0.36289747887520885	0.0	-0.6067969202416506	0.0
0.0	0.0	-0.37452841623101085	0.0	-0.33078863604481096
0.001336086127892627	0.01909528870008409	0.059001467998424845	0.0	0.0
-0.014013798882411053	0.03154636005457487	0.022148164041862362	0.027084411196291566	0.0
-0.05495462333695308	0.06318556694093297	0.01759539672691515	0.0	0.07482023900982891
0.0	-0.3601518335208585	0.0	-0.5597484274691742	0.0
0.0	0.0	-0.36760584287135956	0.0	-0.26207278146109303
-0.0034061224285890923	0.0257106690237565	0.07112327419366969	0.0	0.0
-0.014512671602457422	0.023701989739154078	0.027002642670913762	0.02382196064314468	0.0
-0.05041305000737274	0.06823916038777232	0.006234720508104335	0.0	0.059076356966904685
0.0	-0.36384781418860895	0.0	-0.6204391201712488	0.0
0.0	0.0	-0.37355085307895336	0.0	-0.3015040140936724
-0.0018981392832922578	0.024533698815592968	0.06196224281208996	0.0	0.0
-0.015675602462483958	0.03730330807733043	0.02577585978309456	0.022899704188374826	0.0
-0.050513997411691526	0.06042719808847328	0.023207031319377704	0.0	0.052099932731321
0.0	-0.37068509620940304	0.0	-0.7515948337815269	0.0
0.0	0.0	-0.38568412541489955	0.0	-0.436955627855838
0.0005154154846854636	0.021703555378130502	0.05885975167436126	0.0	0.0
-0.015174348575133832	0.04216432845438528	0.023942078907397153	0.021668429443181765	0.0
-0.05307684569492484	0.060924041735575106	0.021235543372831536	0.0	0.06490645922058537
0.0	-0.3748190541399896	0.0	-0.8384369187002527	0.0
0.0	0.0	-0.3757791943826641	0.0	-0.33551018198689475
0.0015853344266854585	0.020010433547329655	0.04599834433834482	0.0	0.0
-0.01732852518980209	0.053873235229172034	0.021798872819028235	0.026374785526881	0.0
-0.051797604636799936	0.04740388240137791	0.04526700556998025	0.0	0.05217992987989308
0.0	-0.37064419568817997	0.0	-0.7555719777758882	0.0
0.0	0.0	-0.39247044205370135	0.0	-0.5302360971263621
0.0028067922441418897	0.022044546327436472	0.04217744321864478	0.0	0.0
-0.020581400574897858	0.05603312050788011	0.02449942530503695	0.031130921553790554	0.0
-0.049530576123910534	0.04289297321368166	0.04087112752138383	0.0	0.05835067090074435
0.0	-0.36984592003166045	0.0	-0.7458579270673641	0.0
0.0	0.0	-0.3849719475210176	0.0	-0.4372548126886122
0.0006398297930406971	0.022862443482083238	0.04362090331309839	0.0	0.0
-0.02026239428939983	0.04950948418398293	0.02459330234733922	0.034390011747949985	0.0
-0.048011229163521976	0.04239364040502596	0.047885263012319344	0.0	0.04508145888345662
0.0	-0.3610669419601132	0.0	-0.5856444265582064	0.0
0.0	0.0	-0.39772646066537093	0.0	-0.5982098686512739
0.0017115425984943198	0.017497174396903285	0.03986490497728781	0.0	0.0
-0.01747163367262022	0.05448487850794306	0.019081531900390455	0.0321088891200301	0.0
-0.051759523823124355	0.041124610225046564	0.05013788195560867	0.0	0.05606673350335964
0.0	-0.36000722079558367	0.0	-0.5642475339791515	0.0
0.0	0.0	-0.38771419155453096	0.0	-0.4699448941213299
-0.0011512617311832951	0.024621288178752084	0.04787161924530164	0.0	0.0
-0.019595729631234137	0.04199972021921028	0.025752536670302535	0.035019721241504286	0.0
-0.047165019578857825	0.045093131360386667	0.029527994558972842	0.0	0.05750013052202167
0.0	-0.3563772952916929	0.0	-0.5082277371873106	0.0
0.0	0.0	-0.3769788836161361	0.0	-0.33799391431044185
0.005653203597005801	0.015316050418528704	0.0370555594344529	0.0	0.0
-0.01709524900427138	0.05282422457118005	0.017836979738788734	0.03628463334894975	0.0
-0.055495520275371316	0.042124583063350866	0.04956226314485384	0.0	0.07050935230641499
0.0	-0.356536691521058	0.0	-0.5125440574211118	0.0
0.0	0.0	-0.3812422780408912	0.0	-0.4088153251026119
0.002712900265904497	0.01835392373758629	0.03725221985389099	0.0	0.0
-0.019461626439325416	0.0652375650174227	0.020271845086609844	0.028588430461189696	0.0
-0.050588828638105904	0.03833545041865068	0.05554530577846133	0.0	0.051409024741568055
0.0	-0.37210812639873586	0.0	-0.7891884346605827	0.0
0.0	0.0	-0.3944366549157268	0.0	-0.557819511008681
0.002907711019187811	0.018592427374402296	0.037652642962016404	0.0	0.0
-0.019530474288318375	0.06476497075880097	0.020598237760132917	0.028574594064634706	0.0
-0.05068459087674197	0.038888842964603834	0.06191094533751901	0.0	0.043698853058380005
0.0	-0.3724846617471223	0.0	-0.7971625306143931	0.0
0.0	0.0	-0.40520316925238664	0.0	-0.7198845494736691
0.006052509158786731	0.017267246587834923	0.03120612589105509	0.0	0.0
-0.022344106309443654	0.06392195523683167	0.02039967923026338	0.040425952837190283	0.0
-0.050500324459381754	0.03354179636844397	0.06460021862870675	0.0	0.05070843229708136
0.0	-0.36248146965185546	0.0	-0.6188725709910667	0.0
0.0	0.0	-0.4006184323453519	0.0	-0.6529728019912472
0.00859094405364752	0.01779009125132843	0.0294424581547951	0.0	0.0
-0.02504832714109083	0.06402527725850221	0.02250651048188654	0.04703145960259862	0.0
-0.049911388291320136	0.03262577888091924	0.054771650966943274	0.0	0.06611566172816419
0.0	-0.3619818333581742	0.0	-0.6191841756523854	0.0
0.0	0.0	-0.3865635242661747	0.0	-0.4699631125426934
0.007820081625701497	0.02111287695917694	0.033000982260547644	0.0	0.0
-0.026526533445539655	0.05424796303211623	0.026908055744630757	0.05345658261323914	0.0
-0.04775312131219192	0.035239958124574595	0.04599816831552744	0.0	0.06464771621692368
0.0	-0.3558465710587254	0.0	-0.525313549195971	0.0
0.0	0.0	-0.38461722264039394	0.0	-0.44230843026506883
0.01094788141222068	0.017696634184938387	0.026621148265772703	0.0	0.0
-0.028539452206710468	0.05124157428962841	0.024402268293923352	0.07681950519250709	0.0
-0.04836823419821715	0.030086841460876812	0.05803035169249485	0.0	0.06456218756659855
0.0	-0.3406804112379615	0.0	-0.34292512421566446	0.0
0.0	0.0	-0.3908242948688177	0.0	-0.5257325341851733
0.013569795444613078	0.018698622073229827	0.02515945540371946	0.0	0.0
-0.03353518885300657	0.054072203290591925	0.029169492267340565	0.08835216630603855	0.0
-0.045521234196901864	0.028805402084691515	0.04831405023803747	0.0	0.07532471975141225
0.0	-0.3440206608272533	0.0	-0.4020631788903774	0.0
0.0	0.0	-0.3814706188239075	0.0	-0.4189926261342353
0.01879759779728031	0.013537318162577982	0.019910609164611022	0.0	0.0
-0.03144615932318402	0.04449950760742591	0.022594657641705766	0.13031431643185415	0.0
-0.05209216287991893	0.027229667902268568	0.05512244766976634	0.0	0.10549227345422839
0.0	-0.3226036571391971	0.0	-0.21571066798918084	0.0
0.0	0.0	-0.3748317986265167	0.0	-0.38684117235840454
0.01623143731292613	0.01749048482070612	0.02436809628986725	0.0	0.0
-0.033023147364597535	0.05042166210483073	0.028440331117482624	0.1001166710238554	0.0
-0.04830611163028444	0.030265654254067034	0.034937363675358935	0.0	0.11287840795845216
0.0	-0.33954801786458405	0.0	-0.3610784847907199	0.0
0.0	0.0	-0.35884386811477276	0.0	-0.23483114245642087
0.015541534737755353	0.01707452027505905	0.02451683792641286	0.0	0.0
-0.0315487300092279	0.05117495349506726	0.02675619472050088	0.09388905163258558	0.0
-0.049217754713572905	0.030366592676643125	0.03695253334286985	0.0	0.11147841860646471
0.0	-0.3402475579022197	0.0	-0.36115918407329795	0.0
0.0	0.0	-0.35950161283365584	0.0	-0.23879593418833256
0.01582340097522833	0.015400786914241944	0.025347811467138458	0.0	0.0
-0.026573148146190852	0.038711024387012904	0.022507018123712166	0.10144227447496289	0.0
-0.05451471423110389	0.033590811189856545	0.042171046181278565	0.0	0.11764987240448846
0.0	-0.3254187040283717	0.0	-0.2039063609246622	0.0
0.0	0.0	-0.3619593786307419	0.0	-0.27148316123449445
0.01199066312967513	0.019577358463515552	0.028269053902154045	0.0	0.0
-0.030275436071326347	0.050567502509398614	0.02820800238021059	0.07759131056919927	0.0
-0.047490954671487	0.032190270370231935	0.034568570472488507	0.0	0.09471581004054454
0.0	-0.3447988184973031	0.0	-0.3975006070231143	0.0
0.0	0.0	-0.3629954489370697	0.0	-0.2464068973302227
0.01353215847443616	0.021057544783288973	0.029629459192345484	0.0	0.0
-0.0317346982855591	0.04850702032808671	0.03189288797497689	0.08099119747316567	0.0
-0.04731922348750708	0.03459623854942036	0.018217309234710266	0.0	0.12032723641054799
0.0	-0.3469423681373769	0.0	-0.43139001817279776	0.0
0.0	0.0	-0.34548190473056317	0.0	-0.13171581616081743
0.012203194657431624	0.022854779189292358	0.02780499914130247	0.0	0.0
-0.03701167702901068	0.0506009819512373	0.03682094206958037	0.09037452854912971	0.0
-0.04082508806283818	0.029547113627604357	0.025717084877529852	0.0	0.08560448716170564
0.0	-0.34504332482764744	0.0	-0.4185090556772665	0.0
0.0	0.0	-0.36224259417087756	0.0	-0.22518458646481188
0.013126484547900844	0.020274928565243242	0.02724764325416736	0.0	0.0
-0.0334176961103852	0.05454391350920593	0.031319311797277545	0.0803824561690703	0.0
-0.04526349829544381	0.030861399853260744	0.03062377278514733	0.0	0.09695759060126181
0.0	-0.34930996575463436	0.0	-0.46389517442321226	0.0
0.0	0.0	-0.36046911132887594	0.0	-0.22565200060151086
0.018706569958478123	0.016666318172269094	0.02265512794107635	0.0	0.0
-0.034989949107293555	0.04914508897826461	0.0294258741385136	0.11822266787851647	0.0
-0.04841282899008596	0.029619540959095667	0.02242997265638291	0.0	0.15139698576029958
0.0	-0.3359393357008775	0.0	-0.342578266277903	0.0
0.0	0.0	-0.339013570396191	0.0	-0.12963599709818296
0.02410641851162075	0.013193715293985124	0.015321753577758418	0.0	0.0
-0.0458819688444767	0.047121135139413906	0.03164830708480431	0.2214082345652917	0.0
-0.04193625538404339	0.021044077217587734	0.014171590672304194	0.0	0.1915602749218003
0.0	-0.3174005929567994	0.0	-0.29245099931309193	0.0
0.0	0.0	-0.32029160296055686	0.0	-0.06492123081107914
0.023388621631957332	0.013448224029000306	0.0152143201532963	0.0	0.0
-0.04674843159240617	0.005835103538588654	0.03210625131513663	0.4057156116856065	0.0
-0.040444908002732274	0.020207761518613566	0.00923127707878374	0.0	0.1940987302371512
0.0	-0.25929866595269896	0.0	-0.15424443389997355	0.0
0.0	0.0	-0.3133063267504435	0.0	-0.027377480663214885
0.02587409642515133	0.011403707309661068	0.013553550102424438	0.0	0.0
-0.04576869198876142	-0.049024539804563325	0.028645433892682898	0.8062575283777987	0.0
-0.04355527407392235	0.019831677658646123	0.015534464842817867	0.0	0.21959205960195333
0.0	-0.18033177928153563	0.0	-0.4205808387657475	0.0
0.0	0.0	-0.31540622455243655	0.0	-0.07854328775172897
0.022197823206314388	0.01485516324521099	0.01917078909753405	0.0	0.0
-0.03905337333447309	-0.12399735317282314	0.030359149173487098	1.0666484699521828	0.0
-0.0472530330909076	0.026723450525873337	0.004796616654026892	0.0	0.22152099336153486
0.0	-0.08976807420517735	0.0	-0.59472528005538	0.0
0.0	0.0	-0.30895513327303625	0.0	-0.044858612594405434
0.017541710023962903	0.02202341476550409	0.027870051487289087	0.0	0.0
-0.03786839822530512	-0.16770107785143504	0.03980181399881243	1.111540754932868	0.0
-0.04449616153313142	0.03402360114198392	-0.03074910575691994	0.0	0.23495514423070468
0.0	-0.04744071850735044	0.0	-0.5965400995367185	0.0
0.0	0.0	-0.28058242657829224	0.0	0.07301784060095207
0.015541489022639049	0.02677639476581919	0.03758318594255739	0.0	0.0
-0.03248402581420011	-0.2008365619260126	0.04259335539514876	1.041136474300265	0.0
-0.048267085826167754	0.04604207477143504	-0.052244734119764956	0.0	0.2684990882527398
0.0	-0.023403791913071313	0.0	-0.4695836713496833	0.0
0.0	0.0	-0.2646810652521229	0.0	0.08622884743697262
0.009313783969802966	0.031646530027719895	0.043281313242015874	0.0	0.0
-0.03136736899908685	-0.2101411634817287	0.04437435486978676	0.8958943373321298	0.0
-0.044103715062035045	0.04539007841339969	-0.06805064912098799	0.0	0.2371058722627745
0.0	-0.015263776724018055	0.0	-0.25892024400750013	0.0
0.0	0.0	-0.250686948095562	0.0	0.1849118038541055
-0.00014266912518591524	0.05325310699178019	0.06430150029390964	0.0	0.0
-0.03156984200238939	-0.23950200413849468	0.06556323397498028	0.734802167066871	0.0
-0.035852670248963735	0.05416780855916503	-0.08747483582533658	0.0	0.13026816967899246
0.0	-0.011603932684755566	0.0	-0.03146563854823059	0.0
0.0	0.0	-0.28127506619820386	0.0	0.230163743284058
