1.01688227444225	0.011322798955557701	0.01946998087404827	0.0012511446825574958	0.0014385507130844147
-0.030418417564106646	0.9892337168157603	0.01997835775398248	0.2230420434356277	0.0014925418564812817
-0.061640989095995316	0.02449682341261494	1.0157934912156341	0.002739187947709165	0.1463585707549874
0.003971750846680951	-0.26348761724344194	-0.002639537307166623	0.9804755077064526	-0.00013285935743530264
0.008688855829698253	-0.0034911029458966347	-0.2792443086828641	-0.00026303450051032295	0.8194856404431926
1.0171527827725253	0.012176774103169134	0.018840859339819514	0.002027418389292976	0.0017245296824307116
-0.03539545083226305	0.9597210102816293	0.023591520544660308	0.33000571168925663	0.0021960485002370314
-0.05556138394316345	0.022253166666233726	0.9932958117226093	0.003760981360079279	0.18257504152725823
0.004184456090771227	-0.23441935522241863	-0.0028312726981737403	0.976985042210949	-0.00017486509545178858
0.007649944816990564	-0.0031165137638552894	-0.2745861762817039	-0.0003494099012482377	0.9277394555315583
1.016214591922413	0.0115848892808879	0.01754148387238783	0.0025173827517429234	0.0015270417059437013
-0.036251460167124834	0.9351520636793332	0.022627615751859894	0.4233933648065981	0.002011525934252068
-0.053193836853199034	0.01965060224209845	0.9961911874787398	0.004329349896801794	0.17442425151120755
0.003763237452484053	-0.20238512464107922	-0.002381666262545986	0.9712213960025957	-0.0001400013468095193
0.007350088588448033	-0.002773525430895391	-0.2767826382216081	-0.00040394452149037155	0.9458212564336173
1.0152803987628494	0.010393544385267368	0.016171762979157	0.0022006206190663125	0.0016809280005488049
-0.03422405658620321	0.9366408140776842	0.019161588509968647	0.415226034094031	0.0020329213401499594
-0.05408650849528318	0.018007781271606377	0.9866195314961785	0.0038706487294548403	0.20911547979982634
0.003527964769137165	-0.20223919778082283	-0.0020052240153646326	1.0096363386886709	-0.0001393906537538632
0.007238878754526118	-0.0024606131583987593	-0.26922033885514834	-0.000346465083723501	1.0046008780638047
1.0104729710285072	0.01437560599532035	0.021379311096834143	0.003071543685582573	0.001663006995441113
-0.034249536537384176	0.9231543923228018	0.024515290218019903	0.4186648577766937	0.0019513546535607496
-0.049427381253153053	0.02087780272647359	0.9892062028515235	0.004528302629477468	0.15672907096390531
0.0033633481154169698	-0.19256722623632494	-0.002443939289968113	1.0688351357516033	-0.0001266976092571953
0.006866729734303431	-0.002969088724008112	-0.2798201761020318	-0.000419267135965129	1.0162109941819994
1.0108303990761047	0.015703871447407088	0.025512482662525565	0.003550871019207452	0.0016891717615928233
-0.031047058960757285	0.9081462668922392	0.025527351962261996	0.44056552533884724	0.0017336191251803284
-0.05350826819916843	0.025774068152027485	0.9989494693401494	0.005916571555810307	0.1318786958125695
0.002836775768518679	-0.17809394144968627	-0.00236816925882162	1.0895455615017302	-0.00010547643940834323
0.007604910528119485	-0.003757869011351146	-0.28305458787766996	-0.0005656701402885211	0.9155894849747889
1.007238894995705	0.019623334322005893	0.0322360942898918	0.003888096363668103	0.002014236261125478
-0.02916696177535876	0.9068310296387411	0.028936645984091763	0.3906594012799735	0.0018554151859963598
-0.05206941090955858	0.03049281107152385	0.9880319619008919	0.006153354420415903	0.12413766470883587
0.0027826360017249863	-0.18815747140020048	-0.002811951272796223	1.1755814746283784	-0.00011706997768866356
0.0074333893473782706	-0.004467468240194922	-0.2835955901089518	-0.000585303089933431	0.9461806317437362
1.0031152447864429	0.02272346831959199	0.03702896698095967	0.0033406104506884526	0.002268983830645936
-0.027786365125733486	0.9242394214567813	0.030555102110386395	0.2958297059429742	0.0019153051911461397
-0.04968361874008964	0.032738063866356526	0.9773842807048964	0.004911988820277338	0.12202816239981021
0.0030428200451658727	-0.22041259703930788	-0.0034152296415460026	1.245284854502587	-0.00013771658502333833
0.007083353428917347	-0.004774965006328083	-0.28389804997896223	-0.0004608442554021597	1.0066580271949062
0.9981237938123455	0.03183933338650552	0.04948176449643848	0.0033618143543273638	0.002111266170966894
-0.02752328561065495	0.9336586890021251	0.03968743606115724	0.21366433022700393	0.0017297744799904535
-0.04565664067828673	0.039854689873311824	0.9713954159182979	0.004303952014196644	0.08350957610309809
0.003375582112490401	-0.24835828101813917	-0.0049798985894103365	1.2474268441027767	-0.00014066313673693348
0.006683007206448065	-0.005959802625880972	-0.2864131529320393	-0.0004170211382313327	0.9369174233362807
0.9965922076281191	0.03225454846963782	0.05345222063527244	0.002956640192294857	0.0015430642041021347
-0.025335815454994026	0.9376765438273522	0.03823874641100938	0.1864102898769887	0.001125372555730142
-0.04704588072770488	0.042841451465303715	0.9901988089613526	0.004007149811294589	0.055254592795524415
0.003188676573885295	-0.2559402650090268	-0.004910700640554655	1.2600065177757014	-9.546181527922415e-5
0.006909509688834289	-0.006414522502535075	-0.2811095299512514	-0.00039630461800727046	0.7636568121695123
0.9949438126556464	0.035188127968087846	0.06713811371869222	0.002089840769880641	0.0015800297375446921
-0.02121777217128132	0.9486978074871912	0.037799194092515906	0.12094978721805355	0.0009044471533297509
-0.05042267612590312	0.05522635303525125	0.9879683965282702	0.003365031794403381	0.04390262088587277
0.0028833480964177566	-0.2759786208866406	-0.005260395341739832	1.1908832361999973	-8.463331692377951e-5
0.007336337601581144	-0.008166964218868533	-0.2715734596702285	-0.00033475453953618617	0.6603141936210047
0.9945827408204453	0.036037492911301316	0.061937143269542805	0.0011765036980980956	0.0010954610275562653
-0.023823751197792953	0.9942143118944256	0.04034459522847875	0.06469333142231254	0.0007201650515796713
-0.04794343574376971	0.05032186283955256	1.0018762730627633	0.0016738334957725476	0.03250297941511763
0.0034243504986124357	-0.28458188638247817	-0.00590537155227866	0.8743047595395623	-7.391263949169807e-5
0.006840923292636726	-0.007245983855168649	-0.2622795410155227	-0.0001690244830975518	0.5624498288882718
0.9954976352552268	0.03810509643895386	0.060899119224487604	0.001036219846488419	0.0010439502660994039
-0.026135958033732733	1.0060521586566291	0.04467130961423693	0.05285387712786528	0.0007719423536454093
-0.04659590755389744	0.04952873379255929	0.9998058655077662	0.001370884256118407	0.03137562897492206
0.0037359477904833627	-0.2778460672615652	-0.006499570495035134	0.7455292731552994	-7.987252235802655e-5
0.006628175281588586	-0.007102216188249855	-0.26035065415047964	-0.0001397935947213963	0.5501959959493716
0.9977458194573098	0.0351688411265885	0.05447636251340623	0.0008399924426675609	0.0008503116769801222
-0.028018193137887004	1.0220781436033997	0.04390734627034609	0.04579933116800977	0.0006892692498622413
-0.047137725904618955	0.04584419912129034	1.012568002372876	0.0011106457061415276	0.028374256917408087
0.003949708189122603	-0.27043237599078734	-0.006279645993929717	0.6435827986869376	-7.150347471639174e-5
0.006588178140227163	-0.006444387224632475	-0.2540278645003111	-0.00011323289220004779	0.4937520806733789
0.9983553646050203	0.03220906701891063	0.04822867834635343	0.0007757696116157467	0.0006099957800089317
-0.029488802654533353	1.0312356415645292	0.04193787193788723	0.0462029674092636	0.000532631583922142
-0.04636660491161809	0.04061751844109268	1.028455292764395	0.0009883583728328843	0.02271158157218865
0.0041426550429349285	-0.26969645942204323	-0.005954235025531773	0.6258592888096053	-5.5629403427197646e-5
0.006305499222753391	-0.005547123815644345	-0.2441218685356383	-9.927691083129464e-5	0.4200086457539771
0.9991896782089189	0.030371320167329713	0.04492460915118409	0.0006301249064553788	0.0007663597756715434
-0.03009871931841196	1.042378922157463	0.040218834405166604	0.03931569090302319	0.0006878797551134151
-0.046459449757582594	0.03847073751642227	1.0233427725270638	0.0008064230591797936	0.031525320310041634
0.004162112269779028	-0.2622421954768194	-0.00562086521409394	0.5515930936659673	-7.032005949988984e-5
0.006540327331782669	-0.005430508351716101	-0.26007147978149625	-8.324927801626678e-5	0.5246375372477515
1.0021496303972937	0.024364185263605467	0.03759933433764789	0.0005156270103074101	0.0009142396848985895
-0.029758107438913717	1.0526305074574696	0.03331335115468548	0.04022753482491684	0.0008106231752752144
-0.04961701214956732	0.03450413298267374	1.0267355157959301	0.0007370840205430593	0.04622621488052477
0.004095872951979496	-0.26171423972929575	-0.004628885585065579	0.5376859086936306	-8.16443494674711e-5
0.00712132022693257	-0.004956303682001728	-0.2728226631496288	-7.673816551966028e-5	0.6228834874294843
1.0066710892720152	0.01570865936539276	0.022763969657053962	0.0003684991922148761	0.0006296187299623382
-0.03411269253016037	1.0745702119172542	0.02489593812154096	0.04464095997339733	0.0006866367112015447
-0.049610459318190414	0.022309602412586615	1.0476871906082492	0.0005253204998125205	0.05355341950329415
0.004633768281951226	-0.258638582343011	-0.0033946173287083097	0.49699656782007917	-6.827946551154866e-5
0.007107393829431707	-0.0031880141770043724	-0.27731743726077196	-5.47331106734647e-5	0.6392493771259181
1.007602824157731	0.014226280655946	0.020323875742824626	0.00048371419992915277	0.0006466270934717966
-0.03507521423442629	1.0626286586023481	0.023308072880909338	0.06637351550659472	0.0007407032741648235
-0.0491581477384323	0.020014800220075624	1.045228301748359	0.0006831716342619448	0.062285778052058906
0.004892749995271582	-0.2724657360090816	-0.0032637923006371763	0.6214535753328071	-7.400455821008484e-5
0.007085530543197938	-0.002882509220305751	-0.2820888479644349	-7.018084566217525e-5	0.6925919236528981
1.0073316832151964	0.01364595338628033	0.020600694639957007	0.0004161467343878622	0.0005905241198252281
-0.03283333052590437	1.0659610522355143	0.021481519249008756	0.059397012839792436	0.0006146311351571468
-0.05144018623943891	0.020612497235362348	1.0530945505591418	0.0006304147841106333	0.05564382785136988
0.0045705544012339255	-0.27122987604297566	-0.0029989581025593563	0.603530153332122	-6.176724448156532e-5
0.007356488214187107	-0.002942988208629982	-0.27756241335801934	-6.478117090592816e-5	0.6357221991234725
1.0098150663844685	0.01456493598136566	0.018463329908532673	0.0006754204445470792	0.0006035255663048231
-0.041237337656908415	1.0542305002498074	0.027429635161375223	0.0909711521361434	0.0008973415573799003
-0.04467686038523094	0.018108818537089587	1.0402350127398383	0.0008433882273610142	0.06420126374428883
0.005754825102572483	-0.274044447678352	-0.003843636324311592	0.6623984026937391	-8.899335712720812e-5
0.0064557436957254355	-0.002620117434747986	-0.2835942793105855	-8.631531346797359e-5	0.7170680166052902
1.0133054889889994	0.013963928462451383	0.01676653989410648	0.0009469359381758247	0.000591338176046674
-0.0458289588167855	1.0395296000875	0.030155562816819748	0.13377678550488592	0.001067595733075577
-0.04300192068370212	0.017127711634818077	1.036802174981705	0.0011672513131446849	0.06932876454029359
0.006347684402570386	-0.2735635105664528	-0.004196367889149566	0.7208086220153783	-0.00010423014339269732
0.00620673216616327	-0.002482569965816417	-0.28342657059984977	-0.00011861741086946487	0.7252102921558088
1.0136470483716744	0.01236553172396345	0.016280575773115813	0.000843150432075751	0.0005499898459611872
-0.04216823590695898	1.0385570103080557	0.025408289735467604	0.13524792035440936	0.0008611662759288943
-0.047315945244699585	0.017206102178423333	1.0477888190906588	0.001177312785702364	0.06596352170506098
0.005848448616967511	-0.2753494968577333	-0.0035356819810419687	0.7481241137266821	-8.441796874660533e-5
0.006776401805528506	-0.002473419670370902	-0.2794808433063945	-0.00011916333390220302	0.6663876265815686
1.016214325875238	0.01092976724763093	0.013993919001489384	0.0012164459363904461	0.0005629027350512089
-0.04507811018053176	1.0110834894283056	0.024889303035135896	0.22140223951319815	0.001008959341444092
-0.04603184276039586	0.015168528236661226	1.0426158899989577	0.0016952706944582067	0.07928668470859532
0.005998863297005302	-0.26498160063891224	-0.003325101817566043	0.835938710458374	-9.332786835790363e-5
0.006611471208715904	-0.0021966730795473927	-0.2829040524181814	-0.00016988418068834832	0.7192682351876594
1.015210025224005	0.011443376060581028	0.015494075918787154	0.0016860388537151827	0.000564467273679134
-0.041954956113374894	0.9813440373561217	0.02452249712792392	0.29298473991357626	0.0009042987088861074
-0.04792267363624321	0.016490279239129817	1.0467931343885808	0.0024392077342784146	0.07124618256037984
0.0052291877774311955	-0.24807569957424314	-0.003067953095149012	0.9293337178077222	-7.789309329271285e-5
0.006859626420896256	-0.0023903682194181862	-0.2797703373559691	-0.00024331291216912743	0.6742145761533823
1.013347294695785	0.012624936048277177	0.017290572711381236	0.0022733514719058823	0.0004547829274231738
-0.04055355474223695	0.9564012139655732	0.02585827210294047	0.3556420336970015	0.0006908193065396826
-0.047358306680130254	0.017497235556793056	1.0569758779545244	0.0031583394019137345	0.05041874120525855
0.004649211993679417	-0.22665901006922234	-0.0029712797218663656	0.9810620979555537	-5.505932948709439e-5
0.006676944677724672	-0.0025068281426731927	-0.27009892361007914	-0.0003136937502794257	0.5685565875887213
1.012124697765349	0.014057195692875654	0.020815244562712415	0.002982232538291652	0.0005546558366072256
-0.03647931701289339	0.929581604194593	0.026351732907971534	0.41492770809825086	0.0007161941855463052
-0.05019329255734678	0.02084510677610472	1.0526746514773144	0.004440418785686628	0.05085815668272148
0.003719703786631113	-0.19961152949905192	-0.002698205473892115	1.025498683972003	-5.059182455359815e-5
0.007072994917776281	-0.0029970646603822903	-0.26884377608801285	-0.00044028245431992213	0.5638683394771371
1.0147204868825819	0.012266241975528846	0.02111910422545918	0.0027463057684446145	0.0007533615957980629
-0.03084450006109806	0.9193734592845648	0.021683291556721326	0.43711201739072375	0.0007901812195792888
-0.05887348824440746	0.0238276654583511	1.0504510163601437	0.005367251220491892	0.0685211527672705
0.0029545389937259987	-0.18702260550063154	-0.002089669019989568	1.0462819704277926	-5.2192002777517316e-5
0.00831201057895914	-0.003436778546495973	-0.2711911716354796	-0.0005305641486706425	0.5920441677100502
1.0166023209746278	0.01050980745432692	0.02126939701978542	0.002189658021999344	0.001626241652071897
-0.024394458412340937	0.9174316425069989	0.016848441226839206	0.4119555274868276	0.0013178482789971413
-0.0669353141559072	0.027140705582173213	1.0167572595944248	0.005734479318123847	0.1510142462843153
0.0023180537559371744	-0.1876039688923192	-0.0016225203908108582	1.1247944094223536	-8.410639143187695e-5
0.009413855330872287	-0.003902799325088125	-0.2778517152324323	-0.0005467177545483703	0.8023221255690093
1.0143187112451915	0.011338906865489242	0.022178230717810533	0.0023449154042529535	0.0017513741492994703
-0.025032585086478452	0.9160377766153631	0.01758437964993674	0.40927371248114713	0.0014211870694626552
-0.06370785776730464	0.026321841914388466	1.0085041288197978	0.0055247148227243765	0.15692386214228257
0.0023536385819002553	-0.18585651960362878	-0.0016772449644936425	1.1452006901627614	-8.908303993013234e-5
0.008938551347212303	-0.0037780193381774935	-0.27887538514067545	-0.0005213011035032356	0.8637500119566816
1.0196940600526396	0.008361816378597672	0.018474929132550326	0.0017180649835044082	0.001943810462479793
-0.021920586429962474	0.9207376726991157	0.013630264524602975	0.407918135856324	0.001466462956450882
-0.07227095044107398	0.02658132609068352	1.0055268290897172	0.00555329567444332	0.2077174850591928
0.0020966427691285344	-0.18943387868940204	-0.001323999329711386	1.1286062712059082	-9.403341016199149e-5
0.009859882094043218	-0.003705264091444862	-0.269430811822394	-0.0005113078008957828	0.8247618164702109
1.0205862298346045	0.007226302825238735	0.015895854085189554	0.0015264399302873377	0.0026641523140501083
-0.021690730104220714	0.9220888812727769	0.011788729992479811	0.4187276009125366	0.002020963250642771
-0.07208802178076076	0.023516424008224728	0.9700013967488282	0.005077460884863612	0.32835797922531146
0.0020458830620469146	-0.18655533277028588	-0.001135421969466005	1.1173624000211477	-0.000127242390296229
0.008880542604114305	-0.0029605442298285545	-0.24142187743419907	-0.00041812319531613074	0.8900018352880992
1.0189566883419099	0.008509763449369604	0.01701986376847484	0.002238354746014977	0.0031901199329601587
-0.024219577006886484	0.900368730825793	0.013883070541809053	0.5069915293235344	0.002673560905813388
-0.06693561438277537	0.022949666785390753	0.9505275900722696	0.006186986197187605	0.36588571080298077
0.0019155270640665648	-0.15223930895311133	-0.0011248274079632414	1.0416266839080643	-0.00014118367338062862
0.007766969779466781	-0.0027344053074272456	-0.22656523222592156	-0.0004806752492398647	0.9418870413229289
1.01930019692696	0.009200319547860096	0.017762314329348987	0.002782198735331129	0.004203636595505933
-0.025116490062100462	0.8856767826970178	0.015172520889707192	0.5693980334214903	0.0037008677594514428
-0.06530794833130882	0.023727019107582577	0.9234767247769603	0.007391393543826008	0.45225351495331534
0.0017157622265321984	-0.12847907840612655	-0.0010672576586067684	0.9657231156791579	-0.00017035956446883466
0.006663044148807584	-0.002493782410305123	-0.19501203269115472	-0.0005085747393480666	0.9186308813144554
1.013118813848173	0.013391432490111314	0.0274524342892765	0.0032606776541292404	0.006575604393279977
-0.021928602961180294	0.8825472400778243	0.018366113171697777	0.4734226519873458	0.0045387657392116365
-0.062489849084520065	0.03205594745544101	0.8998246058438698	0.008108631870632266	0.45615621205048823
0.001620769805078963	-0.14334414969523238	-0.0014083766102191003	1.1726936098272265	-0.00022177376145006422
0.005889364981963102	-0.0031145571905200065	-0.17955635394960384	-0.0005023280339300218	1.0093656364426582
1.0075672668343585	0.011705478415173887	0.03229755402075077	0.0020433756103500067	0.008404713476105385
-0.015464666174784805	0.889334366182467	0.013862723829286843	0.3546696834144252	0.0037142184529490585
-0.06357523144635344	0.03561706546310327	0.8839029627743898	0.006516850633301621	0.4918646708360257
0.0012236746063253381	-0.1594582719598471	-0.0011436734038043723	1.43518679449149	-0.0001909524733901581
0.005158098980370433	-0.0029691084308541733	-0.15345744993407862	-0.0003390605373418329	1.0506217554062853
1.0017986011540148	0.01688501945521935	0.04109730902794735	0.002334294143993408	0.009703425513626523
-0.016534261362765305	0.9001710630521078	0.01807449264666961	0.2837447951383782	0.004385964967755035
-0.057075849963994424	0.039582812485222996	0.870491000325538	0.005748123939235004	0.4497452705776886
0.0015555189003614023	-0.19178739020073157	-0.0017786069110366787	1.469270061532873	-0.00026556830103968004
0.004528969753809016	-0.003222608811126043	-0.15126364124171554	-0.000288352143373926	1.1784431083123414
0.9953280623930897	0.025268371386963223	0.05356405736060488	0.0020523253796494445	0.010837477016234498
-0.0177187044453595	0.931255329082067	0.024639923176749567	0.16813902873793796	0.005094122398306311
-0.050167107272120814	0.045422954370662794	0.8554735457465941	0.003882363340075745	0.3883059378469977
0.0021632104015769094	-0.2514122247244267	-0.0031553694740104055	1.3899631331682516	-0.00040014578556069047
0.004060420927215258	-0.0037523524889961912	-0.15546720295002603	-0.00019694439591178003	1.3233549185761146
0.9942909333171022	0.01825710062953101	0.050174080852659175	0.0005429649027450592	0.009033531615868284
-0.014130948643401975	0.9993000698776615	0.01790890739541251	0.06144151390570332	0.003248669764686518
-0.053640131586743856	0.04535338829403329	0.8784990073932537	0.0014134553019865825	0.3514126655865688
0.0020281519447824525	-0.29347416257061754	-0.0026743557978901322	1.0508796647099334	-0.00030842001568687216
0.004890545165809668	-0.004156629714966192	-0.1781309901684095	-8.24981832158872e-5	1.3319598626107023
0.9869628283672933	0.021249180308482274	0.049145225915741886	0.0004221914631944851	0.004272094227448897
-0.015452498280685008	1.0238028747950862	0.019457287070203853	0.04015954890210452	0.0016945846632843362
-0.046698126570145826	0.03829531527992863	0.9309310405778856	0.0007830188464023197	0.17597592385376964
0.002245119309646243	-0.2921865534142523	-0.0029008660310135548	0.8837074672127634	-0.00016416557554842226
0.00586240692337503	-0.0048090119804520826	-0.2543319890175202	-6.396822989046883e-5	1.3604943475706672
0.9877736651639675	0.02180370974460677	0.04655007612964725	0.0003401679252502225	0.0027620791027266334
-0.017039639846392167	1.040719809305333	0.02063425671546132	0.03080427531359661	0.0012233370778909208
-0.046700842325437975	0.03640066342696752	0.9635231699072956	0.0005797918284795173	0.12012422584309496
0.0024457356152156043	-0.2824358172553116	-0.0030184132947575493	0.7224547044612886	-0.00012004886519917379
0.006502625042369314	-0.005058268284535275	-0.2820647312880994	-5.409535336504956e-5	1.205602013558531
0.9882605491625334	0.02614896061280276	0.047063695993499924	0.0004280281701426244	0.001696592828922783
-0.020522077604801403	1.0410043286673056	0.026125563873051396	0.03192309324452995	0.0009416142319197771
-0.0443064541015762	0.035686450399193506	0.9892965039918081	0.0005929274156396911	0.07174374450653083
0.0029243175354732864	-0.27756032312311607	-0.0037767572079712083	0.6755659719150506	-9.351957025350091e-5
0.006517692040242884	-0.005246470787767743	-0.2928622850021427	-5.9909047739371835e-5	0.9883134143003132
0.9862847556785492	0.02654166800431255	0.04834092670707474	0.0002967506102593614	0.0013168470040188923
-0.019840775828458453	1.054022568747198	0.025903178154949996	0.02124418165655306	0.0007037716383834214
-0.043421270631145786	0.035878315963495055	1.0018105479635642	0.0004060668296274692	0.053599650512532876
0.00274831351787389	-0.2628587509493065	-0.003630078052772337	0.5389171073910185	-6.96473617414553e-5
0.006436802721334782	-0.0053023302429730315	-0.29178324017902	-4.239302853204733e-5	0.8822975177396074
0.9926668087378017	0.021703605870098286	0.04669577117649304	0.00021076241976458916	0.001427565674744502
-0.01833418308019212	1.0618911123241421	0.02233233860449607	0.018193254928520277	0.0006805585012022719
-0.05163217272900911	0.04001740509567775	1.011387828151936	0.0003939803504351587	0.05973989400611612
0.0024714306757461293	-0.25169931401346146	-0.003046293249798132	0.4589454313757785	-6.677621509044301e-5
0.007590821254657862	-0.005858485851199774	-0.28745798474875556	-4.151759891761562e-5	0.8077357942363578
0.991011623131685	0.022037411226160764	0.047538757684487454	0.00026480444653503854	0.001338162228060824
-0.017955012335414355	1.0528822334004069	0.022217692766241026	0.02303886823173397	0.0006241253649568179
-0.05031466696138803	0.03941794206804078	1.0127364933671792	0.0004801651318155249	0.05490529038899933
0.0024976694438335473	-0.265805872257021	-0.0031272370848791087	0.5616804979794128	-6.234905133561952e-5
0.007405501823457852	-0.005783887178132094	-0.28725622076455654	-5.0041020676526264e-5	0.7966004096988745
0.9926416899584011	0.02163696825771351	0.047538582475301364	0.00020363144495618454	0.0008353213019386472
-0.01816536546793438	1.0625028671498458	0.022478158643804022	0.017596482004737367	0.00039376016858821104
-0.05241343594485437	0.04082887221034692	1.0364408632625588	0.0003882976484767143	0.03298706902154116
0.002440530202164959	-0.2503129469839198	-0.003045559453853583	0.45009598754634284	-3.9448116610905914e-5
0.0074546928591396906	-0.005783486546429406	-0.26716020201306	-4.069679594698259e-5	0.5619456124792179
0.9925423671755067	0.02141177502150088	0.04687508246459326	0.00019239595699500184	0.0009359254100823845
-0.018170403888666326	1.064733387101476	0.022181192064293614	0.01673467022940599	0.00044133352530969713
-0.05218564578898455	0.04021157294795541	1.0318894196338386	0.00036525090689014383	0.03790307494371252
0.002426476722704884	-0.24785121783826294	-0.0029884447802781197	0.4339040553685026	-4.3792399270651226e-5
0.007511611447949484	-0.0057620736100243986	-0.27340496462474156	-3.857254816347182e-5	0.6173493359595429
0.9948593155029789	0.017816328249122937	0.038489484475867475	0.00015557208997556918	0.0006224600568980158
-0.01904466608037475	1.077158013924656	0.019369031634559802	0.016170537007683727	0.00031167575135298935
-0.05392861273684817	0.034309456970659576	1.054199349929018	0.00030135955137835894	0.030256813947920663
0.002503820662589279	-0.24282531299674975	-0.0025581830434812103	0.3969879948587128	-3.093690393014825e-5
0.00753774644280265	-0.004767026093910207	-0.2616191137050656	-3.1485904159476647e-5	0.5054788979983968
0.9950406704251955	0.019877354699628737	0.0396565692776799	0.00022146944125814744	0.0005565116086452397
-0.020704830052031276	1.068517638901517	0.022023065904266392	0.02092852626705389	0.0003079795816296957
-0.0524241492308824	0.03467855863619615	1.0551004828245953	0.0003885271575154751	0.025900719440581497
0.0027904952124086987	-0.2526807401254657	-0.002982030598086785	0.459892387613837	-3.1241798989897675e-5
0.007215463747552553	-0.004753349798269996	-0.25412451994963386	-3.991390258630337e-5	0.45704111933812497
0.9971048524178607	0.01881419483738922	0.03445950707729728	0.00027928784789762323	0.0005615547599961968
-0.023215584559929003	1.066667032453263	0.02212722005734924	0.02831533025998257	0.0003595085453415754
-0.05171184909836544	0.03047852302452308	1.0556071561790021	0.0004543550315891298	0.030499518493306937
0.0031883015993795505	-0.2617142732963198	-0.0030506839644453554	0.5208126391986219	-3.663084196294311e-5
0.007211819299457432	-0.004236284151696048	-0.261073779927624	-4.668383044655977e-5	0.5007432455657015
0.9976694837601394	0.0201443052380718	0.03066250525340021	0.0003603486633532773	0.0005611445010069225
-0.02856533619940324	1.067423779040751	0.025942468369566436	0.03413628870930725	0.00047347312288998646
-0.046452653204767325	0.02598802552766477	1.0485849574981017	0.00046655011101519664	0.0348122601540614
0.003928611819429446	-0.26254880773181655	-0.003580881374229364	0.5273494426385853	-4.781473824508331e-5
0.006606714288955595	-0.0036867217502861843	-0.2705036344830578	-4.841628146954203e-5	0.5746610207379009
1.0008885384480983	0.017379023193614618	0.028333615101064802	0.0003606441251574888	0.0005615519247792397
-0.027679848874626378	1.065558880513098	0.02297683265988787	0.04002175967314441	0.00045432354435590364
-0.050658847996615644	0.0258508176442993	1.0550637552506	0.0005381861213222148	0.03764542441782041
0.003840548231821783	-0.26758776727505684	-0.003198329787895443	0.5673898093716618	-4.6177305233504815e-5
0.007150882495771428	-0.0036405161676833844	-0.2681208377229977	-5.534183229963935e-5	0.551384264478881
1.001396215953104	0.015340913190232952	0.02623695197889453	0.0002530517835198573	0.0004730227987961508
-0.02644144010492988	1.0772656914404117	0.02007721084745906	0.031358322390889176	0.0003604803658820571
-0.05271501520358063	0.024631303023133322	1.0654072306139477	0.0004069392324930958	0.03397965411737489
0.0035912708735652554	-0.2581247255913486	-0.0027310355201508874	0.4882648122655758	-3.643340002427303e-5
0.007331007509591259	-0.0034108163126051944	-0.26213021974627054	-4.1873508221435744e-5	0.49959692177714193
1.0042321852944658	0.014498947499814396	0.025518777036027188	0.0002649737493666676	0.0006853916892010543
-0.026230911787829325	1.0748044427720367	0.019507280560990783	0.034888083608180756	0.0005220267672065813
-0.05549502118980787	0.025543193573931047	1.0530245154678066	0.0004686695245466788	0.05179988964901683
0.003577309247872751	-0.26021138824410095	-0.0026706113980630684	0.5048449694571799	-5.2230027688929606e-5
0.007916559856234594	-0.00362959636963882	-0.27516618314944213	-4.8678877976075004e-5	0.6134722009838175
1.004580401749706	0.01123859733956506	0.02120722482376211	0.00019723690522373619	0.0006203005316046048
-0.024282798877551137	1.081342851522108	0.014832139657485324	0.03368646493945863	0.00043168261591741176
-0.05782179140745328	0.021844368810311078	1.0594055681730643	0.0003842628452543161	0.05692321605977245
0.0033183398530163277	-0.2620828870645524	-0.002031334066729725	0.5110474085368446	-4.3109232667881865e-5
0.008264980571230304	-0.0031052637711921887	-0.2782304380317538	-3.984302496814064e-5	0.6342675640452297
1.009013501845356	0.009693557278196083	0.015409005234609585	0.0002343970162393457	0.0006347412523600993
-0.031221573665716623	1.0840670434314532	0.01517873637077266	0.046515797104895965	0.0006221046851489498
-0.054630161446876824	0.016409410869952012	1.0493059251284949	0.0003978312569290869	0.08184636878714291
0.004260759271131356	-0.262538507009174	-0.002076818602812003	0.5149241624732221	-6.12871227745615e-5
0.007870756247808114	-0.0023523904807037158	-0.28625306730686084	-4.106214897760165e-5	0.7485664678629886
1.0104562297454984	0.010020438191102876	0.014762415927246031	0.0002511470703953009	0.0005530520579585807
-0.03507867272248655	1.086880563563827	0.017145289655682183	0.04780421674567878	0.0006390535623808091
-0.05222167945031406	0.015729959018511444	1.0530618327096826	0.000395033220886137	0.07402120684452157
0.0047320593558113355	-0.25737978650511795	-0.0023172516299382606	0.47870427325788156	-6.275162311256827e-5
0.007507274503227246	-0.002250466359683973	-0.2839945356178649	-4.105375018060957e-5	0.7097633374796581
1.0126005518808008	0.010511854394031878	0.015199448265144855	0.0004359161023841235	0.0006441395090201231
-0.03694504558765865	1.0650337980979023	0.01925776759390966	0.08123371017989436	0.0008149427802109492
-0.052004337438755766	0.016602747634953313	1.0454674127650636	0.0006909837699604349	0.08387536014888189
0.0051341068480327545	-0.27234561942042573	-0.002685570345209152	0.6256441871030944	-8.067597922218543e-5
0.007474831751244082	-0.0023837401030734062	-0.28440955753740305	-7.040779341814518e-5	0.7358417527858216
1.0149212092133841	0.008848131121423262	0.012110178788036302	0.0005727042388945155	0.00045133809149544915
-0.04110722364639202	1.0492754001943334	0.01832686863334959	0.12854061647624437	0.0006837105775742564
-0.04976543701183756	0.013389999748525755	1.0570241105656781	0.0008679152124830558	0.07333992179803346
0.00570442824315609	-0.27574604737813474	-0.0025461118048266396	0.7241316919418893	-6.709585620976594e-5
0.007114167030657544	-0.0019170345814849554	-0.28121229704018935	-8.773793411603892e-5	0.6752498848360247
1.0130530235665687	0.009296771511475423	0.012439270154002535	0.0007624164414690333	0.0004152648335641511
-0.041076120942584185	1.0310683709016144	0.01874317189344038	0.16457117216996203	0.0006279411406464146
-0.047594042201116286	0.01298239051045249	1.0586668946384856	0.001065675717220601	0.06563650636478288
0.0056416359931590054	-0.2758058726800003	-0.0025757341253210414	0.8302619565403428	-6.030482985878126e-5
0.00681470168014825	-0.001866622918580002	-0.2814016603574774	-0.000107025776619675	0.6693679193201136
1.0154751227402734	0.007924262972874596	0.011134177403104788	0.0007966766453745694	0.00038087778721949267
-0.04039378093575132	1.0199316490666588	0.016592941495232317	0.2019406166250075	0.0005705737938216104
-0.05062196100529358	0.012345761173482947	1.0649781447078475	0.0012413103800379254	0.06691628237015408
0.005430573793375304	-0.270188425636532	-0.0022302881044976414	0.8641197148367645	-5.3636438735467796e-5
0.0071899112558493905	-0.0017635380378308516	-0.2777552634246941	-0.00012396219323117588	0.6288453858030728
1.0176025227824304	0.006214987295915164	0.008633243878627628	0.000839243786583229	0.00034758663697691955
-0.0422230459585821	1.0032595560253892	0.014065492456461548	0.26980936709385206	0.0005706793937824326
-0.050260535810845344	0.009862797492625777	1.0633586604213168	0.0013317983612328582	0.07952415889566906
0.005415521185879346	-0.25639484884585917	-0.0018032186849751691	0.8827065539078586	-5.072602720844477e-5
0.007161336779985136	-0.0014170080939595268	-0.28135580194877097	-0.00013260832859243732	0.6722204870962355
1.0215695784544323	0.0049373889071589435	0.006920083626171363	0.0012521965305634444	0.0003366646541263951
-0.04453062022835079	0.9496959432887481	0.012861469523697988	0.484123889802697	0.0006360905339634541
-0.0504181594141488	0.008380243086096533	1.059731226389305	0.002126585240770619	0.09645963311839659
0.004591984560848444	-0.19693280214412096	-0.001326415453127193	0.7995518960495356	-4.542149721640165e-5
0.007162569819899709	-0.0012110080914814773	-0.2815924060271447	-0.00021268561160589505	0.693707651822861
1.0234836997188828	0.004255527478803515	0.007131161251333416	0.001573534661041081	0.0006039796412292547
-0.03521096764376562	0.8997447523095033	0.009871607290373383	0.6662915160456302	0.0008576549267662412
-0.061028066626362565	0.00972578939732642	1.0356581528398616	0.003614357517747361	0.16890370521816173
0.002397251740027393	-0.12269688934859789	-0.0006754220902269181	0.6951285567940996	-4.040750241139819e-5
0.008483362883036152	-0.0013870599810725873	-0.27720147658466665	-0.0003549117743284133	0.7806287119554578
1.0234314515044274	0.004896339918379767	0.009034551091652444	0.0021099662755541017	0.001151035221940567
-0.029595848843476946	0.8730882152891366	0.010112561917063344	0.7475372456428708	0.0013290745837368587
-0.06598830600724934	0.012831091444448401	1.0038523659464516	0.005591229544004426	0.2530062849778332
0.0012916673052344617	-0.07569542415129292	-0.0004463028176001759	0.6355185224739924	-4.0218430278169716e-5
0.008719115558516136	-0.001748653145951292	-0.2624068970366704	-0.0005225150535536627	0.8501643043331387
1.0216119841532192	0.004084177346427024	0.009492801236265683	0.0016153172696438609	0.001527529407764662
-0.020750737906516895	0.865771977257208	0.006887846185209259	0.7098516818827423	0.001144860447082615
-0.07340548750314822	0.013947486626246904	0.9866936333962141	0.005600441971069348	0.31755454311873754
0.0006652988629032141	-0.057464898142783966	-0.00022416382385882913	0.831133313353804	-2.4946154488269265e-5
0.009181660691145399	-0.0018001594554695327	-0.24688256207186016	-0.0004842511421573742	0.8703822045532579
1.0180672785915001	0.004607968435460285	0.010854961272667493	0.0017410348319193553	0.002290528199801835
-0.019771961220312065	0.8623044083521253	0.007028497233397048	0.6870003313574261	0.0015338530365009567
-0.06981285796480963	0.014430149702160142	0.9508416324462252	0.005571668790164172	0.41168058218983394
0.0005529773900754646	-0.05077073207318617	-0.00020084288147024067	0.9211654002386903	-2.8818097662567928e-5
0.007610178321434707	-0.0016248121975782556	-0.21271539758579028	-0.0004127891262336175	0.93757960782037
1.0151779086493795	0.006577907380455157	0.014069748039252419	0.002550455705341209	0.0034230997742244196
-0.021517584554520804	0.8555387541194585	0.009580182363776807	0.6984039076957922	0.0024151105548504345
-0.06427132389254213	0.0168260511284093	0.9226517978809309	0.006704455317432231	0.4684102525832078
0.0005231178261745108	-0.04373294494489474	-0.00023930476429578212	0.9028431269778552	-3.947200954485192e-5
0.006094858844132411	-0.0016517656535864414	-0.18261316160796037	-0.00043088735655952976	0.9774892060958712
1.0135269598928813	0.005295470923725794	0.013148981939251639	0.0017846171690241719	0.0035408025542384702
-0.017919446913316747	0.8609236862229704	0.007166922351041109	0.6293771565301528	0.001996927622282034
-0.06625048161897029	0.01573077320644737	0.9134678385809728	0.005460547029352392	0.5132266999934068
0.0004928760056748388	-0.05124745684682899	-0.0002029611500357154	1.0848551847360524	-3.645956280716456e-5
0.005656408562241852	-0.001387429459010131	-0.16276492997244305	-0.00031081552165317106	0.9604313686648319
1.0101240422021622	0.004893438867316099	0.016251283110071322	0.00129183343520282	0.004844495264180612
-0.013625069011513094	0.8642500066335659	0.006335723445790602	0.5161310708104204	0.0019525385487061814
-0.06715582064666611	0.018883432937863563	0.8956722395606553	0.005174479956710018	0.5596399941340341
0.00045067108004558006	-0.06427278124076508	-0.00021691513990484333	1.353302850683349	-4.220484472767594e-5
0.004824356744950367	-0.0013985062876101864	-0.13491436172819254	-0.0002423689286855657	0.9584058641704244
1.0101496288737621	0.005149764099219024	0.018459936270255693	0.0012222684438473255	0.006581235622430154
-0.012834586208688631	0.8688953139579055	0.006746583285665115	0.4713982552458418	0.0024835151353482104
-0.06732531719523449	0.02181459522182992	0.8737134984091304	0.005415992275748103	0.6451648029651478
0.0005344302717673701	-0.08200152635081077	-0.00029244834698462186	1.4170827911412527	-6.825715345508236e-5
0.003564464296087866	-0.0011889595972171887	-0.09584946094100076	-0.0001875174306642073	0.8557202725005848
1.0081870802920978	0.0047143989392233136	0.015949162150095765	0.0010020309937386561	0.006085290482451322
-0.013193137897353834	0.8830786821546429	0.005889757881586079	0.4276762058414447	0.0023132590998498764
-0.06471077055925596	0.017995134069060705	0.8657721266259405	0.003993606057457556	0.6818619893187325
0.0006910681516417654	-0.10472710614476015	-0.00032123326030732716	1.463646186166137	-8.000243437247118e-5
0.002550053858845741	-0.0007278203575691415	-0.07044937395221379	-0.00010261169281292233	0.8384812960522574
1.005527446637054	0.004739622639627822	0.016302469623707665	0.0007731956901091824	0.006332286764165883
-0.012861406131857043	0.9058949074258986	0.005720878819107869	0.33668839961974856	0.00227718300464759
-0.06247357355572224	0.017615384140214595	0.8593197571754173	0.003003121640219552	0.6918090308787486
0.0009399292783439477	-0.149840362844816	-0.0004357209960397368	1.5411234450714613	-0.00010944689873592511
0.0019067734179917433	-0.0005492353274980238	-0.05437945786830794	-5.9204587628321204e-5	0.8604059195908172
0.998024617083642	0.009910262358452632	0.02618240329464118	0.0012280167191108526	0.008797887367840054
-0.014719254744562042	0.920245080610495	0.010081475596340018	0.25834867918620613	0.003463069374835759
-0.05382797889530852	0.023783826761792706	0.84649500389695	0.003088623216193867	0.6146572726158026
0.001370827728315498	-0.1931534092597984	-0.0009818235071649174	1.5517502130011067	-0.00020843327486187724
0.0015864080451407775	-0.000714856827657373	-0.05393717920228547	-5.746574643989127e-5	1.0782179345249683
0.9915112521784841	0.015169357743007095	0.029718766623799686	0.0014946502601180245	0.007878173065121619
-0.018136579009020548	0.9406060047493144	0.014379618350626067	0.2056722591660377	0.0038813932109921234
-0.04479976670119889	0.02300391238731294	0.8472954833369173	0.0023654981936091675	0.5034364994747896
0.0019958295112672553	-0.22926849011383954	-0.0016508135880179131	1.4887899894463243	-0.00027165564198133874
0.0017056969805979497	-0.0008908155420999445	-0.07233354059601597	-5.5892502578723524e-5	1.3300475871743231
0.9871184782325195	0.01866281838967679	0.030946089214275885	0.0011285092762952226	0.006433103269542939
-0.020296647666478346	0.9798503852375846	0.017443997624933094	0.1263005338729617	0.0036632893318065407
-0.03927036046511878	0.022061033634222127	0.856502349564776	0.0013851899910859305	0.4063614316102391
0.002676185289415267	-0.2752539306158165	-0.0023882614521390233	1.318397966567768	-0.00030753586560941515
0.002030646739506748	-0.0011519934720034472	-0.10109745438404834	-4.4365686332027005e-5	1.5012017505499162
0.9823453336598666	0.023934314302449897	0.029629746226991757	0.0009294111845915137	0.004441714079702244
-0.02476716091146479	1.0117272733528264	0.023309056829658198	0.07979291009198305	0.003508032118008146
-0.031015552545743605	0.01907693418827916	0.8671731434509742	0.0007647730448731675	0.30132503414623346
0.0035316574072547964	-0.29330635761831797	-0.00343031363205034	1.0893584180296505	-0.0003207229930273052
0.0020334702614994453	-0.0012566052073990468	-0.13169622638296757	-3.127216127748718e-5	1.674313552846169
0.9855674352700237	0.02200674138510192	0.026817499284518515	0.000659582046709517	0.003283033497899754
-0.02699920613748942	1.035969030327778	0.02315658677635312	0.06056119729855927	0.0028347520578695315
-0.03259054437818494	0.018140173390856808	0.8976358272159176	0.0005576528884568433	0.24992066511380392
0.003904939897100612	-0.2925372463179484	-0.003433838711430645	0.8957114060458511	-0.00026830980386165215
0.0029402916950761887	-0.0016378321218106294	-0.18404530328046612	-3.21124253620836e-5	1.6087102597530338
0.9821805764598446	0.02941294893387667	0.03339207279282232	0.0005423565288108258	0.0025415500582519936
-0.02730931147908411	1.0478366977561442	0.030617828662219404	0.03605067616772269	0.002326619737261587
-0.02988767004782167	0.021587787798586833	0.9204116013615924	0.0004062695932157273	0.15687796256546632
0.0039129761563774235	-0.28054222997422107	-0.004476180318071621	0.6969376617686913	-0.00022335956161098625
0.003475905680187963	-0.002508265038222268	-0.23939248191970525	-3.096787987575192e-5	1.557724306896895
0.9824755987983285	0.02833145694638295	0.02445307938260055	0.0003587497574518081	0.0013327786901855682
-0.032977153287816696	1.0739325742296884	0.033301260735925486	0.023851996358577647	0.0018058197217215854
-0.02501421513207725	0.016106617877289627	0.945859372923993	0.0002068334897273732	0.11370810826386032
0.004508657475855438	-0.25797215971512355	-0.004611650018929908	0.4885646365357362	-0.00017027530899091717
0.0031819132450601403	-0.0020393458738968	-0.2645657698934096	-1.7803667376886005e-5	1.505058322230203
0.9869252337380152	0.028021384130865634	0.01929634764203475	0.0005129823474905593	0.0005448920859485451
-0.03977742332316965	1.068731266631712	0.03945940118202518	0.0349772526298066	0.0011133244542592957
-0.022930968320211437	0.01405760963617056	0.9918984638683032	0.0002592876491521838	0.0582974283545713
0.0055260681428296946	-0.2659490036266073	-0.00551242176441441	0.5502737778118505	-0.00010745980423759738
0.003340755066928769	-0.002044036470469801	-0.29911378832484814	-2.5997398190896748e-5	1.1741062655566006
0.9885305695444134	0.027515401581858612	0.021064822894793722	0.0005213810095752169	0.00042215022741819846
-0.03957932252394568	1.0680547497887327	0.039382154364118044	0.03618929245799629	0.0007883776253947601
-0.025030658848798196	0.01525264903983533	1.0146094919460025	0.00029033286049253825	0.04039250429035163
0.005491762614782233	-0.26551609949940486	-0.005480625783913479	0.5482158770726157	-7.725363954712294e-5
0.003722957931346027	-0.0022649472239756885	-0.2984722464308568	-3.030523832266846e-5	0.9387858059834988
0.9875123252834217	0.02483683494997685	0.019851945448694286	0.0005044600028772002	0.00024056938710618342
-0.03826658585197398	1.0674062007863594	0.03497694738322406	0.03924472088280555	0.00042294419562130363
-0.025567174921478086	0.014121359211274276	1.0441439148691125	0.0002868075109400056	0.023676481012201232
0.005369023946374941	-0.2715815338220732	-0.004899181531208413	0.5958285018212882	-4.247936229284611e-5
0.0037376455678242992	-0.0020601631464868264	-0.28465092355033517	-2.995616494444464e-5	0.6925423276833235
0.9932223085478942	0.021007502130724887	0.01716317690276803	0.0005540467283487588	0.00019902876327423935
-0.041954633018360346	1.0669156940639872	0.03317975470595701	0.05133084350999896	0.0003841329472893493
-0.02751199804606097	0.013075845796820529	1.05602694190918	0.0003444631097177728	0.02236392239787393
0.005895292078706982	-0.2739309768868135	-0.0046490480409416	0.6210556635083305	-3.8878483335446756e-5
0.0039459596425642784	-0.0018728844959274016	-0.2757688107935442	-3.5585835642493874e-5	0.602066537812294
0.991886374108222	0.02512309026852788	0.019062229910793316	0.0005601308278859289	0.00020403364628203066
-0.042337670586058626	1.0682953326016897	0.039352197749362675	0.042795395629326	0.00042097286845666024
-0.02587699492286505	0.014491655909219525	1.048468416882642	0.0003230701495746044	0.020543622505235584
0.005886493814006157	-0.267384389284487	-0.005461908582514507	0.5638882551981976	-4.249397663082786e-5
0.0037121238535342826	-0.0020765601540407574	-0.2741968303229912	-3.3615256184445046e-5	0.59760257904649
0.9924582689342918	0.021564198563694292	0.01892407477227609	0.0006400592154915223	0.00015943251336855528
-0.04014883726022314	1.0582920094432302	0.03300543618373572	0.058388141933043564	0.00027787541636241353
-0.028671486283506464	0.014062641897459247	1.0667995207793097	0.00041628055280066786	0.01574629245322013
0.005701227730847941	-0.2798106127100096	-0.004667404299089031	0.6902177604168045	-2.8674914597358477e-5
0.003955726906893775	-0.0019396911957973544	-0.2572176522990377	-4.184396627282278e-5	0.4643297680530542
0.9918201193864353	0.020798489800895936	0.01744917474240859	0.0007194524135838432	0.0001554506808530802
-0.040382942535686195	1.0516162427288318	0.03188968432453304	0.06881479541189084	0.00028412313553660695
-0.0275541810639246	0.012932662169948705	1.0660632632357299	0.000446064200282148	0.01683291980587466
0.0057701262790428864	-0.2847232639488091	-0.004535445096599332	0.763155551235753	-2.9116593328342875e-5
0.0038507167293366784	-0.0018083335540064471	-0.2633390385791199	-4.487570189688761e-5	0.5029910873551181
0.9939503234719586	0.021885587485687585	0.020788524514498974	0.0007515781855429449	0.00017124771855343834
-0.039600295195495044	1.0502616930523367	0.033647977300977336	0.06797640559522841	0.00027733134360212117
-0.030729376337176983	0.01555045614379802	1.0673123308502765	0.0005327863695988588	0.015213370203710337
0.005641983371614312	-0.2825036227414943	-0.004777392903065548	0.7387482318304457	-2.8745962598644725e-5
0.00417718455215399	-0.0021160099118925912	-0.2505119153232074	-5.286310968738439e-5	0.4253101836625889
0.9959548187706001	0.016332236799684985	0.01623489629333119	0.0005747904138746068	0.00017989834551453143
-0.03982368122629648	1.058875684836104	0.02571252672819982	0.06988019971258048	0.0002844517932153179
-0.032449684161855674	0.012505274834550606	1.0723656103887378	0.00043868324914336787	0.02104109047995547
0.005658626715209031	-0.2824991750634958	-0.0036369161849123186	0.7265344280581297	-2.9082886530677906e-5
0.004534704703055059	-0.0017463648088741346	-0.2649605555075093	-4.4232667274664295e-5	0.5087266076534009
0.9993038881165043	0.016161340768034937	0.013303231485928435	0.0006221173695083598	0.000148849844773008
-0.046214670660435955	1.0621715316076086	0.029338084094987945	0.0759069478705461	0.0003279882753761177
-0.02907899944883563	0.01099990874682115	1.0703109960729367	0.0004222293858955062	0.02134308176765497
0.006514239510988423	-0.2783418011041358	-0.004115993600892924	0.6827279331617019	-3.3347146833594306e-5
0.004078827483870673	-0.001542435307667761	-0.2668698159208769	-4.2845973164298834e-5	0.5232665135033416
1.0007868080050546	0.012785726882165921	0.01443368639834941	0.0004974863071260521	0.0002674119907665057
-0.03954425563924513	1.0615711574531825	0.020999862018922788	0.07731495954720304	0.00038822211160598197
-0.03748185532197876	0.011967983993787384	1.0654146456010585	0.0004649049200566378	0.03618010198844219
0.005592374255029231	-0.28127950885145514	-0.0029620452452521207	0.7155097135059466	-3.900236413977021e-5
0.005383885627106878	-0.0017171126572755706	-0.28025888845306735	-4.74675055683574e-5	0.6334600938827603
1.0049617281336232	0.013756705439042914	0.012639164403276837	0.0008017786431189534	0.00023301124160679532
-0.04793582518782474	1.0470320756702853	0.027435616541595834	0.11614739505598659	0.0005065664179593381
-0.032491888497850556	0.011090609615427724	1.0592970179305141	0.0006460261964168768	0.036042822801429265
0.0067203986246391345	-0.2797455440036777	-0.0038383889854602116	0.7647860909511535	-5.009039519026162e-5
0.004676363749222246	-0.00159977156800023	-0.28081625163187046	-6.577829826630993e-5	0.6456327987688423
1.0079331096512614	0.012142348878366141	0.010424463659477459	0.0007821606098419587	0.0001788746493801088
-0.051818409204335864	1.048610456613671	0.026922720294264374	0.12795418625988925	0.00046273078446091437
-0.03141163065698824	0.009697957399593587	1.0662896504247468	0.0006237053580837593	0.03335880426735553
0.00721587695729619	-0.2769443579926392	-0.003736661272928224	0.739932125596581	-4.575418517004928e-5
0.004478015724839059	-0.0013856052115381878	-0.27652534737385603	-6.340230094170618e-5	0.6009768936709565
1.0082555282094863	0.012032977827424332	0.011959180690169324	0.001023295752848291	0.00022134778270350292
-0.048351234663475566	1.0271488871059606	0.025521971692143958	0.17061118287705684	0.00047446210309917165
-0.03500559985003132	0.010908373354840455	1.066152291432723	0.0009264564931744709	0.03585632428835018
0.006627952012800531	-0.27534029037822094	-0.0034894312661400972	0.8508082111220056	-4.57178723214588e-5
0.004975124917859109	-0.0015584072215215142	-0.2749036726672221	-9.317515015593546e-5	0.589548653008432
1.007174799653738	0.013064047268604148	0.01421482502164112	0.001136513976311218	0.00027232942139461536
-0.04492598558814602	1.0194990677187987	0.025795460182514364	0.17518208539964067	0.0004968719110817997
-0.03749325421899652	0.012709779230577157	1.0632550145559942	0.0011050698112948258	0.03701677188961252
0.0061322075094668305	-0.275195682028036	-0.0035155768857698805	0.8966802406219532	-4.750711200096451e-5
0.005328101033468587	-0.0018173744019653049	-0.2742337114449608	-0.00011074585765938338	0.5880224966190194
1.0074167781946588	0.015523598327167664	0.015336285148390139	0.0016075191460516065	0.00021322490658558235
-0.04789602928782742	1.0051230964221756	0.03248913041045322	0.20774699077500033	0.0004555179658974023
-0.03442613487666087	0.013655301739827121	1.0654363827997335	0.0014128623005256232	0.026195921823632007
0.006396743397144855	-0.2683584422899537	-0.004330787723740098	0.9220342788292076	-4.304613695036395e-5
0.0047671662735935885	-0.001907587034542144	-0.26038715281560215	-0.00013975908694246727	0.48682531929083167
1.007014195064853	0.01821024148357059	0.018483891361451565	0.0023662608084056083	0.0002689671355078395
-0.04673103132053492	0.980038968396211	0.037275934745436584	0.25970586641144	0.0005494187387999772
-0.03479236152028566	0.016133372250380442	1.0550199696709455	0.002099059407504586	0.027364113839624043
0.005936513731270165	-0.25437338717844904	-0.004737736846073544	0.9860479111062743	-4.9009305190211025e-5
0.004844869130429655	-0.0022758930900951386	-0.2612838264926413	-0.00020757541124298215	0.5020459644833178
1.0085191726778022	0.016182755805899195	0.01788080623770616	0.001933043101675469	0.0003374207664800753
-0.045387035486836175	0.9901963415183607	0.03294308047166589	0.23922571954976773	0.0006284697384975751
-0.03790398543348898	0.016117947173648672	1.0535104219655629	0.0019287517530741155	0.03603164861801622
0.005894032652734943	-0.2604865496173299	-0.004283118160509636	0.9582855316413075	-5.702953470721958e-5
0.005358335772636079	-0.0023044834149725394	-0.26950295255107093	-0.00019227874791481774	0.5625778236624982
1.0097005759102338	0.01418127882657911	0.01968328513256329	0.002073103401141845	0.000447809736686431
-0.03784021610394775	0.9665977358197405	0.02600491178028215	0.29305067205835245	0.0005997222190121947
-0.04694098697997979	0.018785639028227732	1.057822768473949	0.0027523742243339283	0.0433910421508148
0.0045734870615762495	-0.2425366134608007	-0.003149790655566191	1.0434662437491635	-5.0340725315893564e-5
0.006603675978541758	-0.0026801760834116953	-0.26816608609849896	-0.0002719982232506843	0.5508705563696281
1.0074707183905833	0.016061665023412934	0.02359467309705915	0.00221411812693453	0.0005430340982092025
-0.034353171888125894	0.9608905017977963	0.026690285933501028	0.27778385140185247	0.0006231835180037402
-0.048466384280703365	0.021989825744915856	1.0518480315972454	0.0030433136716420117	0.04385759840407451
0.004138260636122123	-0.24296277529944077	-0.0032280734179308823	1.1019879663960703	-5.1883101793994205e-5
0.006847197017200043	-0.003152837953535015	-0.26911267433433833	-0.00030024706393565886	0.5641527658537869
