-1.3562907416057355	0.0	0.0	0.0	0.0	0.0	0.0	0.0	0.0	0.0
0.0	0.0027989261179746094	0.0	0.0	0.0	0.0	0.0	0.0	0.0	0.0
0.0	0.0	-0.05312086336377386	0.05316822232599089	0.0	0.0	0.04100084193591237	0.0	0.0	0.0
0.0	0.0	-0.5349838181410375	0.9301380473580549	0.0	0.0	0.0	0.0	0.0	-0.6141906560328834
0.0	0.0	0.0	0.0	-1.2169131436562264	0.0	-0.2761534576365617	0.0	0.0	0.0
0.0	0.0	0.0	0.0	0.0	0.2505283039420855	0.09516939995732562	0.17922073098240776	-0.4227477944995534	-0.5467603090557868
0.0	0.0	-0.11719903406384861	0.0	-0.7307250142037216	-0.24264163090560525	0.28889654281996063	0.0	0.0	0.0
0.0	0.0	0.0	0.0	0.0	-0.3697223140022731	0.0	-0.9581528754370181	0.0	0.0
0.0	0.0	0.0	0.0	0.0	-0.24108514467052056	0.0	0.0	-0.8616067187357771	0.0
0.0	0.0	0.0	0.049898081714760525	0.0	0.12224147154198023	0.0	0.0	0.0	-0.40608646891420913
-0.5751919472100702	0.0	0.0	0.0	0.0	0.0	0.0	0.0	0.0	0.0
0.0	-1.5829976762003115	0.0	0.0	0.0	0.0	0.0	0.0	0.0	0.0
0.0	0.0	-1.0742860402977088	0.07202841958565454	0.0	0.0	0.055544942394685506	0.0	0.0	0.0
0.0	0.0	-0.8303158333921236	0.14080108186770812	0.0	0.0	0.0	0.0	0.0	-0.9532479471952081
0.0	0.0	0.0	0.0	-0.48353945487811534	0.0	-0.2281582524185852	0.0	0.0	0.0
0.0	0.0	0.0	0.0	0.0	-0.018474745199282272	0.1062381485617391	0.2000651328262043	-0.4719157945340606	-0.6103516778205752
0.0	0.0	-0.10791139088270678	0.0	-0.6728174277660924	-0.22341306894054794	0.48048910985567633	0.0	0.0	0.0
0.0	0.0	0.0	0.0	0.0	-0.38621393230378237	0.0	-1.1785361922148938	0.0	0.0
0.0	0.0	0.0	0.0	0.0	-0.20022924885139692	0.0	0.0	-0.2885707990642017	0.0
0.0	0.0	0.0	0.06279867144455584	0.0	0.15384563382910563	0.0	0.0	0.0	-1.219725217774793
-1.804276400665046	0.0	0.0	0.0	0.0	0.0	0.0	0.0	0.0	0.0
0.0	-0.24003507737552132	0.0	0.0	0.0	0.0	0.0	0.0	0.0	0.0
0.0	0.0	-1.1380272970109222	0.07288624464847794	0.0	0.0	0.056206456890954354	0.0	0.0	0.0
0.0	0.0	-0.6231902428626467	0.4529943676218476	0.0	0.0	0.0	0.0	0.0	-0.7154564514252179
0.0	0.0	0.0	0.0	-0.6954317197753896	0.0	-0.2408144400099846	0.0	0.0	0.0
0.0	0.0	0.0	0.0	0.0	-0.1747592691781389	0.11214642287402514	0.2111914532776025	-0.49816067929678126	-0.6442954653239156
0.0	0.0	-0.11935922872372454	0.0	-0.7441936258363114	-0.2471139643128953	0.29158342608115895	0.0	0.0	0.0
0.0	0.0	0.0	0.0	0.0	-0.38984654061640345	0.0	-1.240787700990242	0.0	0.0
0.0	0.0	0.0	0.0	0.0	-0.23829848695433692	0.0	0.0	-0.8591539000913542	0.0
0.0	0.0	0.0	0.06103722254498771	0.0	0.14953039568508064	0.0	0.0	0.0	-1.112769227657818
-0.017997883766805778	0.0	0.0	0.0	0.0	0.0	0.0	0.0	0.0	0.0
0.0	-2.0332382597644063	0.0	0.0	0.0	0.0	0.0	0.0	0.0	0.0
0.0	0.0	-1.2028245153157076	0.07389979478309779	0.0	0.0	0.056988059266314485	0.0	0.0	0.0
0.0	0.0	-0.5495900284931563	0.6526878519008694	0.0	0.0	0.0	0.0	0.0	-0.6309593836357005
0.0	0.0	0.0	0.0	-0.3597105211480273	0.0	-0.21863034721065294	0.0	0.0	0.0
0.0	0.0	0.0	0.0	0.0	-0.22952727501566306	0.1247204664619579	0.23487059052386502	-0.5540152837927999	-0.7165349452544586
0.0	0.0	-0.11664927506898336	0.0	-0.7272973182970071	-0.2415034438873875	0.357356480685915	0.0	0.0	0.0
0.0	0.0	0.0	0.0	0.0	-0.31108118930000234	0.0	-0.44671406394670576	0.0	0.0
0.0	0.0	0.0	0.0	0.0	-0.16643539434663993	0.0	0.0	0.1643528535263068	0.0
0.0	0.0	0.0	0.053531857054748375	0.0	0.13114357818712752	0.0	0.0	0.0	-0.6066742264226468
-1.4315480189122836	0.0	0.0	0.0	0.0	0.0	0.0	0.0	0.0	0.0
0.0	0.6866725167458847	0.0	0.0	0.0	0.0	0.0	0.0	0.0	0.0
0.0	0.0	-0.7232056822682226	0.06541508881569764	0.0	0.0	0.05044505156315855	0.0	0.0	0.0
0.0	0.0	-0.6144924014623265	0.479815212883451	0.0	0.0	0.0	0.0	0.0	-0.7054708542266046
0.0	0.0	0.0	0.0	-1.3733681050280786	0.0	-0.28605897684149467	0.0	0.0	0.0
0.0	0.0	0.0	0.0	0.0	-0.5792163943009124	0.133371415533952	0.25116185028876403	-0.5924432831513472	-0.7662357481422596
0.0	0.0	-0.12159471072961042	0.0	-0.7581316470286464	-0.2517421679845465	0.0891860416720006	0.0	0.0	0.0
0.0	0.0	0.0	0.0	0.0	-0.44461370425612207	0.0	-1.9113016138597638	0.0	0.0
0.0	0.0	0.0	0.0	0.0	-0.23028235812600992	0.0	0.0	-0.7897469828013476	0.0
0.0	0.0	0.0	0.06533442790206447	0.0	0.1600577884888756	0.0	0.0	0.0	-1.36989796409973
0.03492560077561069	0.0	0.0	0.0	0.0	0.0	0.0	0.0	0.0	0.0
0.0	-1.3132421444823699	0.0	0.0	0.0	0.0	0.0	0.0	0.0	0.0
0.0	0.0	-1.2036338540737581	0.07388289603449069	0.0	0.0	0.056975027743155666	0.0	0.0	0.0
0.0	0.0	-0.6336482836643882	0.5890595868891143	0.0	0.0	0.0	0.0	0.0	-0.7274628537182063
0.0	0.0	0.0	0.0	-0.22154987501995604	0.0	-0.21275984592998592	0.0	0.0	0.0
0.0	0.0	0.0	0.0	0.0	0.27705320016579693	0.09295516520675999	0.17505093721738488	-0.41291203996368764	-0.5340392487456009
0.0	0.0	-0.09194715511136739	0.0	-0.5732819110790834	-0.19036170265019856	0.7439861782565872	0.0	0.0	0.0
0.0	0.0	0.0	0.0	0.0	-0.2268170433297422	0.0	0.5814106305246405	0.0	0.0
0.0	0.0	0.0	0.0	0.0	-0.2059082684506306	0.0	0.0	-0.34170255729545107	0.0
0.0	0.0	0.0	0.04948129242047176	0.0	0.12122041151510286	0.0	0.0	0.0	-0.3732843241304289
-1.7237051866917268	0.0	0.0	0.0	0.0	0.0	0.0	0.0	0.0	0.0
0.0	-1.6268221012856658	0.0	0.0	0.0	0.0	0.0	0.0	0.0	0.0
0.0	0.0	-0.5290720544223806	0.061884993924571564	0.0	0.0	0.047722807780727655	0.0	0.0	0.0
0.0	0.0	-0.6216400549163461	0.5279719040270858	0.0	0.0	0.0	0.0	0.0	-0.7136767509568541
0.0	0.0	0.0	0.0	-1.6024982826270218	0.0	-0.30231268968340586	0.0	0.0	0.0
0.0	0.0	0.0	0.0	0.0	0.1287937053078264	0.09801555236609945	0.18458053692230558	-0.4353905625968436	-0.5631118166973064
0.0	0.0	-0.11538869243152691	0.0	-0.7194377034715257	-0.23889361156678077	0.20743389294959624	0.0	0.0	0.0
0.0	0.0	0.0	0.0	0.0	-0.4072824372971884	0.0	-1.371743783665155	0.0	0.0
0.0	0.0	0.0	0.0	0.0	-0.20793740448673526	0.0	0.0	-0.3828314184931969	0.0
0.0	0.0	0.0	0.06366070348143822	0.0	0.15595745979682937	0.0	0.0	0.0	-1.3045361356043612
-0.4284793233184456	0.0	0.0	0.0	0.0	0.0	0.0	0.0	0.0	0.0
0.0	-0.5913493455073433	0.0	0.0	0.0	0.0	0.0	0.0	0.0	0.0
0.0	0.0	-1.1379158314514102	0.07277751293752126	0.0	0.0	0.05612260808993514	0.0	0.0	0.0
0.0	0.0	-0.6693163488946033	0.7421726787980731	0.0	0.0	0.0	0.0	0.0	-0.7684117415916601
0.0	0.0	0.0	0.0	0.1527295083874327	0.0	-0.18735612151754996	0.0	0.0	0.0
0.0	0.0	0.0	0.0	0.0	0.3148169697831169	0.09589627917648468	0.18058957249083396	-0.42597663262299246	-0.5509363226346453
0.0	0.0	-0.09378770522923917	0.0	-0.5847575688928826	-0.19417226376899252	0.7941644876861563	0.0	0.0	0.0
0.0	0.0	0.0	0.0	0.0	-0.27534244532043156	0.0	0.049983341319741685	0.0	0.0
0.0	0.0	0.0	0.0	0.0	-0.24755477093095501	0.0	0.0	-0.9579477544176677	0.0
0.0	0.0	0.0	0.03561198635284175	0.0	0.08724306559898352	0.0	0.0	0.0	0.5497968677194514
-2.0100808898373783	0.0	0.0	0.0	0.0	0.0	0.0	0.0	0.0	0.0
0.0	-1.9968666620718338	0.0	0.0	0.0	0.0	0.0	0.0	0.0	0.0
0.0	0.0	-0.399606558695426	0.059944983514038944	0.0	0.0	0.046226762648570036	0.0	0.0	0.0
0.0	0.0	-0.8344858589776948	0.30526393600885227	0.0	0.0	0.0	0.0	0.0	-0.958035364427706
0.0	0.0	0.0	0.0	-1.1945154427302154	0.0	-0.27478553466311095	0.0	0.0	0.0
0.0	0.0	0.0	0.0	0.0	-0.21349251517680912	0.11942992472835433	0.22490756924586464	-0.5305144016753163	-0.6861401099961223
0.0	0.0	-0.11620697281416154	0.0	-0.7245396051126055	-0.2405877286571346	0.23150851468508957	0.0	0.0	0.0
0.0	0.0	0.0	0.0	0.0	-0.4272526245588835	0.0	-1.670256749020523	0.0	0.0
0.0	0.0	0.0	0.0	0.0	-0.20593383854625938	0.0	0.0	-0.40186147142660006	0.0
0.0	0.0	0.0	0.05918077437637815	0.0	0.1449824261404896	0.0	0.0	0.0	-0.9632590613863267
0.35858988965431293	0.0	0.0	0.0	0.0	0.0	0.0	0.0	0.0	0.0
0.0	-0.31614747000862936	0.0	0.0	0.0	0.0	0.0	0.0	0.0	0.0
0.0	0.0	-1.7087215511011615	0.08307111209608714	0.0	0.0	0.0640605494689849	0.0	0.0	0.0
0.0	0.0	-0.6667177727104262	0.17050555254057492	0.0	0.0	0.0	0.0	0.0	-0.7654284341397504
0.0	0.0	0.0	0.0	-0.44488421053596755	0.0	-0.22720419040703552	0.0	0.0	0.0
0.0	0.0	0.0	0.0	0.0	-0.14593796742265663	0.10457350103334552	0.19693030853393667	-0.46452133716054467	-0.6007880660136123
0.0	0.0	-0.09601774592720604	0.0	-0.5986616640393405	-0.19878920209329448	0.6063459832195537	0.0	0.0	0.0
0.0	0.0	0.0	0.0	0.0	-0.29828543981215727	0.0	-0.2300609189842573	0.0	0.0
0.0	0.0	0.0	0.0	0.0	-0.21721890701408628	0.0	0.0	-0.5334990664720758	0.0
0.0	0.0	0.0	0.06958715815737716	0.0	0.17047622516249913	0.0	0.0	0.0	-1.6838774504204999
-1.586803522785774	0.0	0.0	0.0	0.0	0.0	0.0	0.0	0.0	0.0
0.0	-1.7585368687106115	0.0	0.0	0.0	0.0	0.0	0.0	0.0	0.0
0.0	0.0	-0.2609600831423735	0.05665727410361516	0.0	0.0	0.043691435192227734	0.0	0.0	0.0
0.0	0.0	-0.43511369747092865	0.89077207827886	0.0	0.0	0.0	0.0	0.0	-0.4995343003591748
0.0	0.0	0.0	0.0	-0.875034780430193	0.0	-0.25454737008729184	0.0	0.0	0.0
0.0	0.0	0.0	0.0	0.0	0.49294393059975405	0.07658603419224104	0.14422498236966735	-0.34019944497659	-0.439996508784161
0.0	0.0	-0.10731147529948556	0.0	-0.6690770102227912	-0.22217104082417977	0.5101574505342246	0.0	0.0	0.0
0.0	0.0	0.0	0.0	0.0	-0.3903725895224873	0.0	-1.1059536821813425	0.0	0.0
0.0	0.0	0.0	0.0	0.0	-0.23889263309792919	0.0	0.0	-0.7875491893986499	0.0
0.0	0.0	0.0	0.06049136193569558	0.0	0.14819313377352836	0.0	0.0	0.0	-1.1382839836037735
-0.620220423737357	0.0	0.0	0.0	0.0	0.0	0.0	0.0	0.0	0.0
0.0	-0.16847422114991728	0.0	0.0	0.0	0.0	0.0	0.0	0.0	0.0
0.0	0.0	-1.6595289404748181	0.0819892837745206	0.0	0.0	0.06322629415492939	0.0	0.0	0.0
0.0	0.0	-0.49379701083200417	0.6500323372773298	0.0	0.0	0.0	0.0	0.0	-0.5669059506955598
0.0	0.0	0.0	0.0	-1.5486825009307594	0.0	-0.29918686821551077	0.0	0.0	0.0
0.0	0.0	0.0	0.0	0.0	0.2616017284470531	0.09208137173339652	0.17340543030976463	-0.4090306005106897	-0.5290191940876819
0.0	0.0	-0.1118402532345669	0.0	-0.6973135170111915	-0.23154714253828443	0.23579528230150335	0.0	0.0	0.0
0.0	0.0	0.0	0.0	0.0	-0.3936342568721725	0.0	-1.2021020340159634	0.0	0.0
0.0	0.0	0.0	0.0	0.0	-0.24779776836739845	0.0	0.0	-0.9528899195447033	0.0
0.0	0.0	0.0	0.05368066408490434	0.0	0.13150812908201048	0.0	0.0	0.0	-0.6633941199095577
-1.4622907975709767	0.0	0.0	0.0	0.0	0.0	0.0	0.0	0.0	0.0
0.0	-1.810348622998454	0.0	0.0	0.0	0.0	0.0	0.0	0.0	0.0
0.0	0.0	-0.4482472223307747	0.0600664569560026	0.0	0.0	0.046320437275546016	0.0	0.0	0.0
0.0	0.0	-0.4731809836058481	0.8012354144438505	0.0	0.0	0.0	0.0	0.0	-0.5432376249304496
0.0	0.0	0.0	0.0	-0.3845070891292588	0.0	-0.22220613364935463	0.0	0.0	0.0
0.0	0.0	0.0	0.0	0.0	0.10020258434982954	0.10241190334797046	0.192859639627371	-0.4549193994106229	-0.5883694123387978
0.0	0.0	-0.10282863918204134	0.0	-0.6411269463698092	-0.21289005420762935	0.5899822683589274	0.0	0.0	0.0
0.0	0.0	0.0	0.0	0.0	-0.4010082303858438	0.0	-1.3219000670346466	0.0	0.0
0.0	0.0	0.0	0.0	0.0	-0.19038787402142346	0.0	0.0	-0.13587664376283515	0.0
0.0	0.0	0.0	0.060579822756067214	0.0	0.14840984713172628	0.0	0.0	0.0	-1.107528992636225
-0.6141010181231851	0.0	0.0	0.0	0.0	0.0	0.0	0.0	0.0	0.0
0.0	0.6570224687732695	0.0	0.0	0.0	0.0	0.0	0.0	0.0	0.0
0.0	0.0	-1.1296372306852893	0.07255388519833839	0.0	0.0	0.05595015685523889	0.0	0.0	0.0
0.0	0.0	-0.48890178975263454	0.849632353439618	0.0	0.0	0.0	0.0	0.0	-0.5612859694097495
0.0	0.0	0.0	0.0	-1.2400052562434578	0.0	-0.2762512652691214	0.0	0.0	0.0
0.0	0.0	0.0	0.0	0.0	-0.042447535951207094	0.11241648392879057	0.21170002577744637	-0.49936030559823424	-0.6458470004374466
0.0	0.0	-0.12772119460743356	0.0	-0.7963297009153559	-0.26442606125812124	0.08606217551178406	0.0	0.0	0.0
0.0	0.0	0.0	0.0	0.0	-0.2964288848216939	0.0	-0.24115431080928795	0.0	0.0
0.0	0.0	0.0	0.0	0.0	-0.22915749662750393	0.0	0.0	-0.7259618477242415	0.0
0.0	0.0	0.0	0.046581269546293	0.0	0.11411586858554676	0.0	0.0	0.0	-0.1684013578208936
-1.493099043914234	0.0	0.0	0.0	0.0	0.0	0.0	0.0	0.0	0.0
0.0	-1.2891616907358943	0.0	0.0	0.0	0.0	0.0	0.0	0.0	0.0
0.0	0.0	-0.7531761549535682	0.06596774011719884	0.0	0.0	0.050871230353180835	0.0	0.0	0.0
0.0	0.0	-0.620486293993678	0.47199210861532553	0.0	0.0	0.0	0.0	0.0	-0.7123521703733499
0.0	0.0	0.0	0.0	-0.0631253402092753	0.0	-0.19798227265794166	0.0	0.0	0.0
0.0	0.0	0.0	0.0	0.0	-0.5096017211118745	0.1284787132678481	0.24194803075219434	-0.5707096261873876	-0.7381265512330384
0.0	0.0	-0.12185489432847518	0.0	-0.7597538674291359	-0.2522808360142595	0.36436990039886563	0.0	0.0	0.0
0.0	0.0	0.0	0.0	0.0	-0.3650394956048291	0.0	-1.0395670228319742	0.0	0.0
0.0	0.0	0.0	0.0	0.0	-0.22524271644210542	0.0	0.0	-0.7049302923954764	0.0
0.0	0.0	0.0	0.06488643585680683	0.0	0.15896028724294706	0.0	0.0	0.0	-1.3461446609556553
-0.9072020030566668	0.0	0.0	0.0	0.0	0.0	0.0	0.0	0.0	0.0
0.0	-1.4246710644403953	0.0	0.0	0.0	0.0	0.0	0.0	0.0	0.0
0.0	0.0	-1.0946157316236977	0.07201167391936242	0.0	0.0	0.05553202892143555	0.0	0.0	0.0
0.0	0.0	-0.5078937701393447	0.5562780793390791	0.0	0.0	0.0	0.0	0.0	-0.583089800661337
0.0	0.0	0.0	0.0	-0.9152393395731646	0.0	-0.25342316040811813	0.0	0.0	0.0
0.0	0.0	0.0	0.0	0.0	0.1332403517710341	0.09102507555342666	0.17141623868311773	-0.4043384738331989	-0.5229506381645204
0.0	0.0	-0.1349999630373564	0.0	-0.8417121411959079	-0.2794955731950417	0.12433224733600445	0.0	0.0	0.0
0.0	0.0	0.0	0.0	0.0	-0.37502650936749327	0.0	-0.9986012665166322	0.0	0.0
0.0	0.0	0.0	0.0	0.0	-0.2599768387912812	0.0	0.0	-1.1287766296507633	0.0
0.0	0.0	0.0	0.06608389248839634	0.0	0.16189384411974186	0.0	0.0	0.0	-1.483068343688643
-0.8756407008475766	0.0	0.0	0.0	0.0	0.0	0.0	0.0	0.0	0.0
0.0	-1.084577227037923	0.0	0.0	0.0	0.0	0.0	0.0	0.0	0.0
0.0	0.0	-1.5363333355473665	0.07971445967100617	0.0	0.0	0.06147205638996645	0.0	0.0	0.0
0.0	0.0	-0.37753094700731943	1.1405512464356065	0.0	0.0	0.0	0.0	0.0	-0.43342615636649373
0.0	0.0	0.0	0.0	-0.27298561297849216	0.0	-0.21058939364504006	0.0	0.0	0.0
0.0	0.0	0.0	0.0	0.0	0.6425113796668184	0.09158493621254184	0.1724705548458749	-0.4068254061767266	-0.5261671088698441
0.0	0.0	-0.13266966122785923	0.0	-0.8271829273978134	-0.27467106046697054	0.2657555302744935	0.0	0.0	0.0
0.0	0.0	0.0	0.0	0.0	-0.37320591266209935	0.0	-0.9813103723580181	0.0	0.0
0.0	0.0	0.0	0.0	0.0	-0.18239655869458518	0.0	0.0	0.005545986276011883	0.0
0.0	0.0	0.0	0.032018126346466176	0.0	0.07843874445881302	0.0	0.0	0.0	0.7575976826042674
-0.6826284392971887	0.0	0.0	0.0	0.0	0.0	0.0	0.0	0.0	0.0
0.0	-1.4964576542592418	0.0	0.0	0.0	0.0	0.0	0.0	0.0	0.0
0.0	0.0	-0.22994341141390204	0.05639672966809794	0.0	0.0	0.04349051553099803	0.0	0.0	0.0
0.0	0.0	-0.5287885170626332	0.7673414485123011	0.0	0.0	0.0	0.0	0.0	-0.6070781118686723
0.0	0.0	0.0	0.0	-1.1285876417355225	0.0	-0.2692031669887139	0.0	0.0	0.0
0.0	0.0	0.0	0.0	0.0	-0.9010066001468527	0.15328173925931768	0.2886564942999323	-0.6808860541097089	-0.8806230906952559
0.0	0.0	-0.12454740905637025	0.0	-0.7765414448908494	-0.25785525196429115	0.07284424226512541	0.0	0.0	0.0
0.0	0.0	0.0	0.0	0.0	-0.4279964287512039	0.0	-1.8119444376217015	0.0	0.0
0.0	0.0	0.0	0.0	0.0	-0.22950858382432893	0.0	0.0	-0.8233817940350653	0.0
0.0	0.0	0.0	0.05992157360684663	0.0	0.1467972531826852	0.0	0.0	0.0	-0.993545560622927
-1.3484475607781636	0.0	0.0	0.0	0.0	0.0	0.0	0.0	0.0	0.0
0.0	0.007391301681527685	0.0	0.0	0.0	0.0	0.0	0.0	0.0	0.0
0.0	0.0	-0.8076339549954955	0.06690387576319932	0.0	0.0	0.05159313430206417	0.0	0.0	0.0
0.0	0.0	-0.5956502732479442	0.6828022660820761	0.0	0.0	0.0	0.0	0.0	-0.6838390614571337
0.0	0.0	0.0	0.0	0.20812840262911725	0.0	-0.1797511691647759	0.0	0.0	0.0
0.0	0.0	0.0	0.0	0.0	0.30297374142793954	0.08935870182420834	0.16827816365086673	-0.39693634857912635	-0.513377109114233
0.0	0.0	-0.12188686163306552	0.0	-0.7599531805829294	-0.25234701914438007	0.5151145633986615	0.0	0.0	0.0
0.0	0.0	0.0	0.0	0.0	-0.1848291004632926	0.0	1.0453966736094162	0.0	0.0
0.0	0.0	0.0	0.0	0.0	-0.21790452636446475	0.0	0.0	-0.5091771951480843	0.0
0.0	0.0	0.0	0.05163047072842528	0.0	0.1264855181072191	0.0	0.0	0.0	-0.5230706011923483
-1.1579066639333258	0.0	0.0	0.0	0.0	0.0	0.0	0.0	0.0	0.0
0.0	-1.2681976090380669	0.0	0.0	0.0	0.0	0.0	0.0	0.0	0.0
0.0	0.0	-0.8008227638758515	0.06714943724881055	0.0	0.0	0.05178249981433129	0.0	0.0	0.0
0.0	0.0	-0.7112992316875681	0.37408623508723066	0.0	0.0	0.0	0.0	0.0	-0.8166103850840224
0.0	0.0	0.0	0.0	-1.8794313871067387	0.0	-0.3170799851257693	0.0	0.0	0.0
0.0	0.0	0.0	0.0	0.0	-0.3383950614493416	0.12306421290310374	0.23175157355367126	-0.5466581129011938	-0.7070195578702793
0.0	0.0	-0.1431878216616633	0.0	-0.8927626737991476	-0.2964472092396187	-0.23551189467447253	0.0	0.0	0.0
0.0	0.0	0.0	0.0	0.0	-0.3955843320920743	0.0	-1.345378535422319	0.0	0.0
0.0	0.0	0.0	0.0	0.0	-0.22400799254519943	0.0	0.0	-0.6746300460497566	0.0
0.0	0.0	0.0	0.06174864936702756	0.0	0.1512732655235991	0.0	0.0	0.0	-1.138362895828445
-0.9099323306379548	0.0	0.0	0.0	0.0	0.0	0.0	0.0	0.0	0.0
0.0	-0.21051098425509362	0.0	0.0	0.0	0.0	0.0	0.0	0.0	0.0
0.0	0.0	-0.7904398444424627	0.06649492405238719	0.0	0.0	0.05127776990354011	0.0	0.0	0.0
0.0	0.0	-0.6837022132206322	0.4328745524490131	0.0	0.0	0.0	0.0	0.0	-0.7849274999162872
0.0	0.0	0.0	0.0	0.2580869847213523	0.0	-0.18119951089474537	0.0	0.0	0.0
0.0	0.0	0.0	0.0	0.0	0.3284024742635857	0.08514546206844428	0.1603438916141536	-0.37822090206747694	-0.48917151075992343
0.0	0.0	-0.08710895762026091	0.0	-0.5431162023029928	-0.18034499782611335	0.9296620195419366	0.0	0.0	0.0
0.0	0.0	0.0	0.0	0.0	-0.31363868542992934	0.0	-0.3177827688915289	0.0	0.0
0.0	0.0	0.0	0.0	0.0	-0.21124800809468908	0.0	0.0	-0.4022277034782012	0.0
0.0	0.0	0.0	0.06082784533539406	0.0	0.1490174585674898	0.0	0.0	0.0	-1.1289307408363005
-1.0651551263869337	0.0	0.0	0.0	0.0	0.0	0.0	0.0	0.0	0.0
0.0	-1.841665278386093	0.0	0.0	0.0	0.0	0.0	0.0	0.0	0.0
0.0	0.0	-0.791207622530915	0.06672972849349053	0.0	0.0	0.05145884008708887	0.0	0.0	0.0
0.0	0.0	-0.6340263216571168	0.6277361191282137	0.0	0.0	0.0	0.0	0.0	-0.7278968619907672
0.0	0.0	0.0	0.0	-1.6399976212756284	0.0	-0.3029665297519089	0.0	0.0	0.0
0.0	0.0	0.0	0.0	0.0	0.34218597000067386	0.08950241243433617	0.1685487960243879	-0.39757471914261594	-0.5142027448505445
0.0	0.0	-0.12889304459417342	0.0	-0.8036360759639641	-0.26685218698714697	0.059349986853630125	0.0	0.0	0.0
0.0	0.0	0.0	0.0	0.0	-0.3692054664016517	0.0	-0.930230857764339	0.0	0.0
0.0	0.0	0.0	0.0	0.0	-0.24346778516500872	0.0	0.0	-0.8836857413857366	0.0
0.0	0.0	0.0	0.05176828037084692	0.0	0.126823127347963	0.0	0.0	0.0	-0.5288255026189095
-0.4857782338186989	0.0	0.0	0.0	0.0	0.0	0.0	0.0	0.0	0.0
0.0	0.46321857344179107	0.0	0.0	0.0	0.0	0.0	0.0	0.0	0.0
0.0	0.0	-0.6422805811321145	0.06409070221766151	0.0	0.0	0.04942374667101482	0.0	0.0	0.0
0.0	0.0	-0.7421541702254033	0.3929732118680124	0.0	0.0	0.0	0.0	0.0	-0.8520335405137655
0.0	0.0	0.0	0.0	0.42602885611133096	0.0	-0.1669721684766742	0.0	0.0	0.0
0.0	0.0	0.0	0.0	0.0	-0.07830966241931947	0.10388438199549208	0.19563257609311674	-0.4614602318732272	-0.5968289894797483
0.0	0.0	-0.10840600583732657	0.0	-0.6759013057402317	-0.2244370891487167	0.6808985789502303	0.0	0.0	0.0
0.0	0.0	0.0	0.0	0.0	-0.4771015932727842	0.0	-2.1428370367992478	0.0	0.0
0.0	0.0	0.0	0.0	0.0	-0.2942530976500028	0.0	0.0	-1.6595363710065765	0.0
0.0	0.0	0.0	0.05940606559230117	0.0	0.14553434975786114	0.0	0.0	0.0	-1.0058973857989149
-0.9196281918120954	0.0	0.0	0.0	0.0	0.0	0.0	0.0	0.0	0.0
0.0	-1.71249978329804	0.0	0.0	0.0	0.0	0.0	0.0	0.0	0.0
0.0	0.0	-1.2230236895239375	0.07466552740173166	0.0	0.0	0.05757855638448563	0.0	0.0	0.0
0.0	0.0	-0.6808211427325901	0.5056734484348143	0.0	0.0	0.0	0.0	0.0	-0.7816198735673703
0.0	0.0	0.0	0.0	-1.125990087768686	0.0	-0.26707668385176175	0.0	0.0	0.0
0.0	0.0	0.0	0.0	0.0	0.5259431685508177	0.09050148203759818	0.170430219934586	-0.4020126421674531	-0.5199425268108461
0.0	0.0	-0.1386744957123603	0.0	-0.8646225086966456	-0.28710309836110365	0.03621430947437043	0.0	0.0	0.0
0.0	0.0	0.0	0.0	0.0	-0.2484311551990891	0.0	0.35957032716634435	0.0	0.0
0.0	0.0	0.0	0.0	0.0	-0.12469736328805064	0.0	0.0	0.8525686999782816	0.0
0.0	0.0	0.0	0.050066871563675716	0.0	0.1226549768071864	0.0	0.0	0.0	-0.4112629315122527
-0.7424490389607495	0.0	0.0	0.0	0.0	0.0	0.0	0.0	0.0	0.0
0.0	0.0983200838811127	0.0	0.0	0.0	0.0	0.0	0.0	0.0	0.0
0.0	0.0	-0.5763344794444083	0.06281601461265159	0.0	0.0	0.048440767313716826	0.0	0.0	0.0
0.0	0.0	-0.702189658777995	0.4836079569340974	0.0	0.0	0.0	0.0	0.0	-0.8061520976147833
0.0	0.0	0.0	0.0	-0.6324850204592217	0.0	-0.23836483007616907	0.0	0.0	0.0
0.0	0.0	0.0	0.0	0.0	-0.5146280128011314	0.13463743476735646	0.25354598733859607	-0.5980670113555363	-0.7735091896858356
0.0	0.0	-0.10647624092291388	0.0	-0.6638694020154466	-0.22044182323344974	0.41271081268681137	0.0	0.0	0.0
0.0	0.0	0.0	0.0	0.0	-0.38433643609710016	0.0	-1.2706058814434646	0.0	0.0
0.0	0.0	0.0	0.0	0.0	-0.20528195091867063	0.0	0.0	-0.4266606330279805	0.0
0.0	0.0	0.0	0.05791078378774066	0.0	0.14187117390263876	0.0	0.0	0.0	-0.8705555376462397
-1.06903384933391	0.0	0.0	0.0	0.0	0.0	0.0	0.0	0.0	0.0
0.0	-1.8387108065775073	0.0	0.0	0.0	0.0	0.0	0.0	0.0	0.0
0.0	0.0	-1.2892265578546425	0.07576036410692105	0.0	0.0	0.05842284315450166	0.0	0.0	0.0
0.0	0.0	-0.6474585649030706	0.4398425430529238	0.0	0.0	0.0	0.0	0.0	-0.7433178112073108
0.0	0.0	0.0	0.0	-0.9876628834624773	0.0	-0.2584716452561326	0.0	0.0	0.0
0.0	0.0	0.0	0.0	0.0	0.06583518894230622	0.10001075760182564	0.18833785955927834	-0.4442533757842275	-0.5745745245824516
0.0	0.0	-0.1336824537297128	0.0	-0.833497593906918	-0.2767678834176174	0.09505808227061684	0.0	0.0	0.0
0.0	0.0	0.0	0.0	0.0	-0.2942392952037021	0.0	-0.1686946220610661	0.0	0.0
0.0	0.0	0.0	0.0	0.0	-0.23543547885802654	0.0	0.0	-0.7898419637152877	0.0
0.0	0.0	0.0	0.05743913431808922	0.0	0.1407157161527443	0.0	0.0	0.0	-0.8887701949820606
-0.7179725700888842	0.0	0.0	0.0	0.0	0.0	0.0	0.0	0.0	0.0
0.0	0.15314896965175606	0.0	0.0	0.0	0.0	0.0	0.0	0.0	0.0
0.0	0.0	-0.5212067939910242	0.061729136575018974	0.0	0.0	0.047602617895228475	0.0	0.0	0.0
0.0	0.0	-0.5690737217382765	0.6691352084997757	0.0	0.0	0.0	0.0	0.0	-0.6533277281171199
0.0	0.0	0.0	0.0	-0.24882523885873598	0.0	-0.2098478954619064	0.0	0.0	0.0
0.0	0.0	0.0	0.0	0.0	0.15538175878895044	0.10321359375350676	0.19436936376733852	-0.45848055300583207	-0.5929752256999689
0.0	0.0	-0.12628666750276527	0.0	-0.7873855586081481	-0.26145610507174705	0.3473771875401322	0.0	0.0	0.0
0.0	0.0	0.0	0.0	0.0	-0.3995451167693809	0.0	-1.3093938363542994	0.0	0.0
0.0	0.0	0.0	0.0	0.0	-0.17271316922928112	0.0	0.0	0.12102775038026327	0.0
0.0	0.0	0.0	0.05903278493337167	0.0	0.14461987818946406	0.0	0.0	0.0	-0.9963735013189744
-1.3357109971620207	0.0	0.0	0.0	0.0	0.0	0.0	0.0	0.0	0.0
0.0	-1.875600596142088	0.0	0.0	0.0	0.0	0.0	0.0	0.0	0.0
0.0	0.0	-1.369453489255218	0.07712276909078544	0.0	0.0	0.05947346604449842	0.0	0.0	0.0
0.0	0.0	-0.5415781330831018	0.5123919521862295	0.0	0.0	0.0	0.0	0.0	-0.6217612899156565
0.0	0.0	0.0	0.0	-1.4041369584239904	0.0	-0.284427940543882	0.0	0.0	0.0
0.0	0.0	0.0	0.0	0.0	-0.48318358237824	0.13198225351815382	0.24854581370519852	-0.5862725478241878	-0.7582548356490955
0.0	0.0	-0.14836260659634992	0.0	-0.9250269738004603	-0.30716076388763797	-0.23802212298320777	0.0	0.0	0.0
0.0	0.0	0.0	0.0	0.0	-0.36067021332992766	0.0	-1.0066023254013026	0.0	0.0
0.0	0.0	0.0	0.0	0.0	-0.2034672266262208	0.0	0.0	-0.3941016139523082	0.0
0.0	0.0	0.0	0.06213004254457946	0.0	0.15220761132724195	0.0	0.0	0.0	-1.1659988319005914
-0.8440751331746732	0.0	0.0	0.0	0.0	0.0	0.0	0.0	0.0	0.0
0.0	0.29245743848344663	0.0	0.0	0.0	0.0	0.0	0.0	0.0	0.0
0.0	0.0	0.24983899455107078	0.047590186087201315	0.0	0.0	0.036699321739560004	0.0	0.0	0.0
0.0	0.0	-0.4759422531611201	0.899405506270941	0.0	0.0	0.0	0.0	0.0	-0.5464077132623346
0.0	0.0	0.0	0.0	-0.6092967281154382	0.0	-0.23558286106970724	0.0	0.0	0.0
0.0	0.0	0.0	0.0	0.0	-0.1903182180362175	0.10952250081929747	0.20625014620936394	-0.4865050708546533	-0.6292206993358511
0.0	0.0	-0.11533379106349274	0.0	-0.7190953985774878	-0.2387799471702679	0.40838001482310377	0.0	0.0	0.0
0.0	0.0	0.0	0.0	0.0	-0.3448484615166531	0.0	-0.7483984392346209	0.0	0.0
0.0	0.0	0.0	0.0	0.0	-0.2527067533230664	0.0	0.0	-1.064130651750068	0.0
0.0	0.0	0.0	0.06214739354928623	0.0	0.15225011821879367	0.0	0.0	0.0	-1.2016562436802463
-1.1666524023370144	0.0	0.0	0.0	0.0	0.0	0.0	0.0	0.0	0.0
0.0	-1.816254536977641	0.0	0.0	0.0	0.0	0.0	0.0	0.0	0.0
0.0	0.0	-1.402799752794183	0.07764613428841878	0.0	0.0	0.0598770607633768	0.0	0.0	0.0
0.0	0.0	-0.6003842934510084	0.5716872305367346	0.0	0.0	0.0	0.0	0.0	-0.6892739753285407
0.0	0.0	0.0	0.0	-1.3816871394989667	0.0	-0.28633303695067547	0.0	0.0	0.0
0.0	0.0	0.0	0.0	0.0	0.22301250297429376	0.10042749481940365	0.18912264909031873	-0.4461045457999678	-0.5769687329097097
0.0	0.0	-0.12365688474535078	0.0	-0.7709891091142255	-0.25601156551317983	0.12353985189202421	0.0	0.0	0.0
0.0	0.0	0.0	0.0	0.0	-0.3687444952484847	0.0	-0.9684486730667752	0.0	0.0
0.0	0.0	0.0	0.0	0.0	-0.1983709343147226	0.0	0.0	-0.24824811678251948	0.0
0.0	0.0	0.0	0.0514598858527077	0.0	0.1260676153439481	0.0	0.0	0.0	-0.4970687464253692
-0.5826241662509936	0.0	0.0	0.0	0.0	0.0	0.0	0.0	0.0	0.0
0.0	-0.6166104130430061	0.0	0.0	0.0	0.0	0.0	0.0	0.0	0.0
0.0	0.0	-0.2211168707883617	0.056294773016471296	0.0	0.0	0.04341189133829834	0.0	0.0	0.0
0.0	0.0	-0.67713235519535	0.5131249590644638	0.0	0.0	0.0	0.0	0.0	-0.777384943910365
0.0	0.0	0.0	0.0	-0.3745468479781755	0.0	-0.2224696576531331	0.0	0.0	0.0
0.0	0.0	0.0	0.0	0.0	-0.45386399253123233	0.1293899429971944	0.24366403671902373	-0.5747573595821165	-0.7433616819437668
0.0	0.0	-0.0960775836463543	0.0	-0.5990347466208121	-0.1989130864058213	0.6080585550478357	0.0	0.0	0.0
0.0	0.0	0.0	0.0	0.0	-0.4250353392828506	0.0	-1.6858485802149739	0.0	0.0
0.0	0.0	0.0	0.0	0.0	-0.20213503486197776	0.0	0.0	-0.3687476722312193	0.0
0.0	0.0	0.0	0.06301661940585504	0.0	0.15437956777191908	0.0	0.0	0.0	-1.2167572238875082
-1.4915783418349307	0.0	0.0	0.0	0.0	0.0	0.0	0.0	0.0	0.0
0.0	-1.6914480206436562	0.0	0.0	0.0	0.0	0.0	0.0	0.0	0.0
0.0	0.0	-0.6708977399387391	0.06468451373534034	0.0	0.0	0.049881666291249564	0.0	0.0	0.0
0.0	0.0	-0.75445057015286	0.5085639345082473	0.0	0.0	0.0	0.0	0.0	-0.8661504795354543
0.0	0.0	0.0	0.0	-1.057731091561375	0.0	-0.26563198403647004	0.0	0.0	0.0
0.0	0.0	0.0	0.0	0.0	0.0736333445982662	0.1014655933868689	0.1910775714096392	-0.4507158376654819	-0.5829327412341522
0.0	0.0	-0.11593507182109002	0.0	-0.7228443278553208	-0.24002480165922283	0.29841963590204895	0.0	0.0	0.0
0.0	0.0	0.0	0.0	0.0	-0.256560183313524	0.0	0.22918132714067305	0.0	0.0
0.0	0.0	0.0	0.0	0.0	-0.24515067127107243	0.0	0.0	-0.9353340583092351	0.0
0.0	0.0	0.0	0.049419044400517656	0.0	0.12106791487999648	0.0	0.0	0.0	-0.34818588799420386
-0.15979588450652393	0.0	0.0	0.0	0.0	0.0	0.0	0.0	0.0	0.0
0.0	-0.5658429065535269	0.0	0.0	0.0	0.0	0.0	0.0	0.0	0.0
0.0	0.0	-0.9892565113061597	0.07041279096178953	0.0	0.0	0.054299045297955935	0.0	0.0	0.0
0.0	0.0	-0.7167811612694881	0.3816348511083073	0.0	0.0	0.0	0.0	0.0	-0.8229039397899293
0.0	0.0	0.0	0.0	-0.9228330830678877	0.0	-0.255414998935538	0.0	0.0	0.0
0.0	0.0	0.0	0.0	0.0	0.03413147595637578	0.10796550200933559	0.20331804340126353	-0.47958879510588365	-0.6202755431100477
0.0	0.0	-0.12427708144948431	0.0	-0.7748559775492518	-0.25729558240781786	0.2047107038810777	0.0	0.0	0.0
0.0	0.0	0.0	0.0	0.0	-0.45119973106200034	0.0	-1.881494512333367	0.0	0.0
0.0	0.0	0.0	0.0	0.0	-0.20428688438718196	0.0	0.0	-0.3518653941226402	0.0
0.0	0.0	0.0	0.058315504172608515	0.0	0.14286266723683336	0.0	0.0	0.0	-0.9306493265064797
-1.6954384542525254	0.0	0.0	0.0	0.0	0.0	0.0	0.0	0.0	0.0
0.0	-1.2265018102194336	0.0	0.0	0.0	0.0	0.0	0.0	0.0	0.0
0.0	0.0	-0.9441959317421662	0.06947250379235335	0.0	0.0	0.05357393988871278	0.0	0.0	0.0
0.0	0.0	-0.661916043607113	0.5157436123799555	0.0	0.0	0.0	0.0	0.0	-0.7599157867510801
0.0	0.0	0.0	0.0	-0.9163756376558125	0.0	-0.2555221831906616	0.0	0.0	0.0
0.0	0.0	0.0	0.0	0.0	-0.16803595312294917	0.10864023414191043	0.20458868276719	-0.48258599295573756	-0.6241519650429579
0.0	0.0	-0.12036098882080581	0.0	-0.7504395063336682	-0.24918794645509915	0.2503614560091645	0.0	0.0	0.0
0.0	0.0	0.0	0.0	0.0	-0.23641361590541118	0.0	0.4166526104168935	0.0	0.0
0.0	0.0	0.0	0.0	0.0	-0.26523135059657404	0.0	0.0	-1.245468024749136	0.0
0.0	0.0	0.0	0.054989865821261856	0.0	0.13471544169399646	0.0	0.0	0.0	-0.7145770445504271
0.10622085982886742	0.0	0.0	0.0	0.0	0.0	0.0	0.0	0.0	0.0
0.0	-1.5623569542604239	0.0	0.0	0.0	0.0	0.0	0.0	0.0	0.0
0.0	0.0	-0.942732597823366	0.06942194422459148	0.0	0.0	0.05353495071895188	0.0	0.0	0.0
0.0	0.0	-0.6649710549664423	0.36946838501336704	0.0	0.0	0.0	0.0	0.0	-0.7634231067247841
0.0	0.0	0.0	0.0	-0.568628210971903	0.0	-0.23270757469661707	0.0	0.0	0.0
0.0	0.0	0.0	0.0	0.0	0.1432660486508499	0.09822233287525504	0.18496994101669303	-0.43630909317736866	-0.5642997970265228
0.0	0.0	-0.11636582723055008	0.0	-0.7255300475390217	-0.2409166110150564	0.3924518631722066	0.0	0.0	0.0
0.0	0.0	0.0	0.0	0.0	-0.3814844527849121	0.0	-1.0962097598248683	0.0	0.0
0.0	0.0	0.0	0.0	0.0	-0.18416069031280066	0.0	0.0	-0.0352650167047448	0.0
0.0	0.0	0.0	0.06521638936882854	0.0	0.15976861496745848	0.0	0.0	0.0	-1.4034783624645302
-1.625505096244221	0.0	0.0	0.0	0.0	0.0	0.0	0.0	0.0	0.0
0.0	0.17676090909910513	0.0	0.0	0.0	0.0	0.0	0.0	0.0	0.0
0.0	0.0	-0.8605521064973504	0.06776331597026262	0.0	0.0	0.05225589432189549	0.0	0.0	0.0
0.0	0.0	-0.5793570393495755	0.829344203280654	0.0	0.0	0.0	0.0	0.0	-0.6651335386401835
0.0	0.0	0.0	0.0	-1.1694450881246643	0.0	-0.2735080358060103	0.0	0.0	0.0
0.0	0.0	0.0	0.0	0.0	0.13676664687797557	0.10750619515738688	0.2024530877559785	-0.4775485283946621	-0.6176367668181352
0.0	0.0	-0.11326072021750434	0.0	-0.7061699957746377	-0.23448798951830077	0.28507347747567424	0.0	0.0	0.0
0.0	0.0	0.0	0.0	0.0	-0.4171957701273541	0.0	-1.5154260195905707	0.0	0.0
0.0	0.0	0.0	0.0	0.0	-0.2328156649814031	0.0	0.0	-0.76842025823929	0.0
0.0	0.0	0.0	0.0421671386316888	0.0	0.10330202885389739	0.0	0.0	0.0	0.12433088577177198
-0.19674178427928224	0.0	0.0	0.0	0.0	0.0	0.0	0.0	0.0	0.0
0.0	-1.6161758214324602	0.0	0.0	0.0	0.0	0.0	0.0	0.0	0.0
0.0	0.0	-0.7983019726417445	0.06696691172281219	0.0	0.0	0.05164174468065683	0.0	0.0	0.0
0.0	0.0	-0.8080488247281727	0.16730640302461042	0.0	0.0	0.0	0.0	0.0	-0.9276842045258993
0.0	0.0	0.0	0.0	-0.8482059597275945	0.0	-0.2535886377873458	0.0	0.0	0.0
0.0	0.0	0.0	0.0	0.0	-0.33278603196341006	0.12193498917145172	0.2296250465111544	-0.5416420379625424	-0.700532023885742
0.0	0.0	-0.10120299734929154	0.0	-0.6309912216105156	-0.20952442590943116	0.45230458087717945	0.0	0.0	0.0
0.0	0.0	0.0	0.0	0.0	-0.3639463456457251	0.0	-1.002008344126601	0.0	0.0
0.0	0.0	0.0	0.0	0.0	-0.17877871430354556	0.0	0.0	-0.01003327792747033	0.0
0.0	0.0	0.0	0.06679284493448143	0.0	0.16363065217497197	0.0	0.0	0.0	-1.4651141650194144
-1.3280865825319603	0.0	0.0	0.0	0.0	0.0	0.0	0.0	0.0	0.0
0.0	-1.6040227792411288	0.0	0.0	0.0	0.0	0.0	0.0	0.0	0.0
0.0	0.0	-1.0589043321715996	0.07125891002497799	0.0	0.0	0.05495153267577436	0.0	0.0	0.0
0.0	0.0	-0.5389147394765132	0.7779070343988451	0.0	0.0	0.0	0.0	0.0	-0.6187035685210382
0.0	0.0	0.0	0.0	-1.5667340417044064	0.0	-0.3002764013958874	0.0	0.0	0.0
0.0	0.0	0.0	0.0	0.0	0.10796340670318239	0.10016803174454003	0.18863403445199117	-0.44495199631765675	-0.5754780845388616
0.0	0.0	-0.11273354431571514	0.0	-0.7028831033407553	-0.23339655713913476	0.22187065187347565	0.0	0.0	0.0
0.0	0.0	0.0	0.0	0.0	-0.3262058552187607	0.0	-0.5117451761471405	0.0	0.0
0.0	0.0	0.0	0.0	0.0	-0.2661918135008075	0.0	0.0	-1.2403951565289963	0.0
0.0	0.0	0.0	0.04752003335586849	0.0	0.11641567381992145	0.0	0.0	0.0	-0.2421708766869954
-1.625475224259498	0.0	0.0	0.0	0.0	0.0	0.0	0.0	0.0	0.0
0.0	-0.27541185213243224	0.0	0.0	0.0	0.0	0.0	0.0	0.0	0.0
0.0	0.0	-0.7015599161353551	0.0649380693405198	0.0	0.0	0.05007719649397454	0.0	0.0	0.0
0.0	0.0	-0.702594744356128	0.5272162850077902	0.0	0.0	0.0	0.0	0.0	-0.8066171579933338
0.0	0.0	0.0	0.0	-0.05362964142027482	0.0	-0.20196220354056096	0.0	0.0	0.0
0.0	0.0	0.0	0.0	0.0	0.2255413184776326	0.09689331591678935	0.1824671681622772	-0.430405525556938	-0.5566644255386609
0.0	0.0	-0.08843244287275732	0.0	-0.5513680090491301	-0.18308505983012519	0.8247923807384363	0.0	0.0	0.0
0.0	0.0	0.0	0.0	0.0	-0.38630404367327364	0.0	-1.1425879205494598	0.0	0.0
0.0	0.0	0.0	0.0	0.0	-0.21072581643495653	0.0	0.0	-0.4211127912473016	0.0
0.0	0.0	0.0	0.05322371414486803	0.0	0.13038868257882888	0.0	0.0	0.0	-0.6097554710602859
-0.21548713817487597	0.0	0.0	0.0	0.0	0.0	0.0	0.0	0.0	0.0
0.0	-1.6255793002363372	0.0	0.0	0.0	0.0	0.0	0.0	0.0	0.0
0.0	0.0	-0.9565362619829126	0.07003489981024714	0.0	0.0	0.05400763334744213	0.0	0.0	0.0
0.0	0.0	-0.8572821057216238	0.13421209831306158	0.0	0.0	0.0	0.0	0.0	-0.9842067013316759
0.0	0.0	0.0	0.0	-1.3291212833298829	0.0	-0.28351811491195117	0.0	0.0	0.0
0.0	0.0	0.0	0.0	0.0	-0.3295397781166106	0.11701770341642105	0.22036493193797071	-0.5197991797665736	-0.6722815917054217
0.0	0.0	-0.11846618381288018	0.0	-0.7386255743555646	-0.2452650593678155	0.16573755475096183	0.0	0.0	0.0
0.0	0.0	0.0	0.0	0.0	-0.34234363012850894	0.0	-0.7511736364709583	0.0	0.0
0.0	0.0	0.0	0.0	0.0	-0.25334641020769794	0.0	0.0	-1.0904191512670813	0.0
0.0	0.0	0.0	0.0619249182392997	0.0	0.1517050930727375	0.0	0.0	0.0	-1.1458076532023416
-1.1103473969328652	0.0	0.0	0.0	0.0	0.0	0.0	0.0	0.0	0.0
0.0	0.4326644565669604	0.0	0.0	0.0	0.0	0.0	0.0	0.0	0.0
0.0	0.0	-1.0040902592177179	0.0703278605227316	0.0	0.0	0.05423355092265011	0.0	0.0	0.0
0.0	0.0	-0.6539250533053798	0.44681857055296187	0.0	0.0	0.0	0.0	0.0	-0.7507416932376945
0.0	0.0	0.0	0.0	0.00274780263206642	0.0	-0.19764184433720403	0.0	0.0	0.0
0.0	0.0	0.0	0.0	0.0	-0.021072907309624522	0.11064582614928903	0.20836556552337052	-0.4914949447634134	-0.6356743462525258
0.0	0.0	-0.09228363650348122	0.0	-0.5753798410833335	-0.19105833291173643	0.7483849309948475	0.0	0.0	0.0
0.0	0.0	0.0	0.0	0.0	-0.37407197466470093	0.0	-1.0658812281593881	0.0	0.0
0.0	0.0	0.0	0.0	0.0	-0.1642548980287773	0.0	0.0	0.22805301932882374	0.0
0.0	0.0	0.0	0.06014979706192581	0.0	0.147356360267177	0.0	0.0	0.0	-1.053548361137477
-0.7453034938071581	0.0	0.0	0.0	0.0	0.0	0.0	0.0	0.0	0.0
0.0	-1.823034195012503	0.0	0.0	0.0	0.0	0.0	0.0	0.0	0.0
0.0	0.0	-1.736217195292581	0.08363159090501317	0.0	0.0	0.06449276446598642	0.0	0.0	0.0
0.0	0.0	-0.6331084231782009	0.43571463902967383	0.0	0.0	0.0	0.0	0.0	-0.7268430643807836
0.0	0.0	0.0	0.0	-1.2532131948984833	0.0	-0.27917779015173927	0.0	0.0	0.0
0.0	0.0	0.0	0.0	0.0	-0.05142579257580259	0.10942749494716585	0.20607123343006	-0.4860830494598965	-0.628674878514956
0.0	0.0	-0.11296383380616117	0.0	-0.7043189367716477	-0.23387333425584553	0.23695933340075867	0.0	0.0	0.0
0.0	0.0	0.0	0.0	0.0	-0.3694084027910937	0.0	-1.0111119354851295	0.0	0.0
0.0	0.0	0.0	0.0	0.0	-0.2352014302699958	0.0	0.0	-0.8076806981079839	0.0
0.0	0.0	0.0	0.05359367444298263	0.0	0.1312950198507136	0.0	0.0	0.0	-0.6236871732001454
-1.4879508895885707	0.0	0.0	0.0	0.0	0.0	0.0	0.0	0.0	0.0
0.0	0.15027110970931679	0.0	0.0	0.0	0.0	0.0	0.0	0.0	0.0
0.0	0.0	0.3555364024474203	0.04566858161729396	0.0	0.0	0.035217470406428274	0.0	0.0	0.0
0.0	0.0	-0.5759402087631262	0.8645247605978807	0.0	0.0	0.0	0.0	0.0	-0.6612108304230705
0.0	0.0	0.0	0.0	-0.22818953175427856	0.0	-0.2136687668231891	0.0	0.0	0.0
0.0	0.0	0.0	0.0	0.0	0.03978623237123835	0.10729597957144292	0.2020572148073872	-0.47661473901102525	-0.6164290515358009
0.0	0.0	-0.08859784938908115	0.0	-0.5523993032057378	-0.18342750725047985	0.7973642864784708	0.0	0.0	0.0
0.0	0.0	0.0	0.0	0.0	-0.37957223476010904	0.0	-1.1115681981448635	0.0	0.0
0.0	0.0	0.0	0.0	0.0	-0.1895809660125306	0.0	0.0	-0.13509456724652738	0.0
0.0	0.0	0.0	0.05575446873060755	0.0	0.13658858353776493	0.0	0.0	0.0	-0.7739233027967438
-0.23024447957094954	0.0	0.0	0.0	0.0	0.0	0.0	0.0	0.0	0.0
0.0	-1.2624943647922802	0.0	0.0	0.0	0.0	0.0	0.0	0.0	0.0
0.0	0.0	-1.1620988888514914	0.07345613022878772	0.0	0.0	0.05664592594930603	0.0	0.0	0.0
0.0	0.0	-0.7109142803883951	0.39691790182282205	0.0	0.0	0.0	0.0	0.0	-0.8161684399579038
0.0	0.0	0.0	0.0	-1.3578256804516782	0.0	-0.28574594403610115	0.0	0.0	0.0
0.0	0.0	0.0	0.0	0.0	-0.4421747831676106	0.12134158264459659	0.22850755757500057	-0.5390060929993281	-0.6971228279029521
0.0	0.0	-0.11630175742843582	0.0	-0.7251305783161401	-0.2407839648597277	0.16718369683132014	0.0	0.0	0.0
0.0	0.0	0.0	0.0	0.0	-0.3020127200754963	0.0	-0.3362245060990654	0.0	0.0
0.0	0.0	0.0	0.0	0.0	-0.29299322975916653	0.0	0.0	-1.6805163724135308	0.0
0.0	0.0	0.0	0.055649298215708624	0.0	0.13633093438448557	0.0	0.0	0.0	-0.7376490465095951
-1.46416861373478	0.0	0.0	0.0	0.0	0.0	0.0	0.0	0.0	0.0
0.0	-1.3046759195327218	0.0	0.0	0.0	0.0	0.0	0.0	0.0	0.0
0.0	0.0	-0.5320481099269655	0.06178563804643574	0.0	0.0	0.047646189182688516	0.0	0.0	0.0
0.0	0.0	-0.6274604076256022	0.5651834536005926	0.0	0.0	0.0	0.0	0.0	-0.7203588339051993
0.0	0.0	0.0	0.0	-0.2664245920974193	0.0	-0.21557128545533003	0.0	0.0	0.0
0.0	0.0	0.0	0.0	0.0	0.6129184933666955	0.07732337212537754	0.14561351947736206	-0.34347474129215033	-0.44423260900525147
0.0	0.0	-0.09342274502552318	0.0	-0.5824820761622951	-0.1934166727374398	0.7797324785273599	0.0	0.0	0.0
0.0	0.0	0.0	0.0	0.0	-0.33503334347658836	0.0	-0.5160662101272199	0.0	0.0
0.0	0.0	0.0	0.0	0.0	-0.15170365762202373	0.0	0.0	0.48702061527665563	0.0
0.0	0.0	0.0	0.060461703622916765	0.0	0.1481204761547794	0.0	0.0	0.0	-1.119511536340043
-0.18152603437725512	0.0	0.0	0.0	0.0	0.0	0.0	0.0	0.0	0.0
0.0	-0.7658964622478592	0.0	0.0	0.0	0.0	0.0	0.0	0.0	0.0
0.0	0.0	-1.5560992122179302	0.08040262738458036	0.0	0.0	0.06200273908754953	0.0	0.0	0.0
0.0	0.0	-0.6009932737591214	0.34510765010311706	0.0	0.0	0.0	0.0	0.0	-0.6899731179984081
0.0	0.0	0.0	0.0	-1.0846743687548352	0.0	-0.26648568880347684	0.0	0.0	0.0
0.0	0.0	0.0	0.0	0.0	-0.013800536974945876	0.09948845309531149	0.1873542682421654	-0.44193326996991067	-0.5715738187512603
0.0	0.0	-0.12285934320979379	0.0	-0.7660165122446946	-0.2543603848490364	0.19026722181641587	0.0	0.0	0.0
0.0	0.0	0.0	0.0	0.0	-0.3907301350656257	0.0	-1.2002518958019053	0.0	0.0
0.0	0.0	0.0	0.0	0.0	-0.2541319295874431	0.0	0.0	-1.062333138981502	0.0
0.0	0.0	0.0	0.06570171817642152	0.0	0.16095758467497195	0.0	0.0	0.0	-1.4391775848159067
-1.9276954412601262	0.0	0.0	0.0	0.0	0.0	0.0	0.0	0.0	0.0
0.0	-1.563410953981526	0.0	0.0	0.0	0.0	0.0	0.0	0.0	0.0
0.0	0.0	-0.6065524326699093	0.06325576206327732	0.0	0.0	0.04877987994389429	0.0	0.0	0.0
0.0	0.0	-0.5849504454266841	0.8470564625396608	0.0	0.0	0.0	0.0	0.0	-0.6715550744539116
0.0	0.0	0.0	0.0	-0.04732192510079236	0.0	-0.1970404558101504	0.0	0.0	0.0
0.0	0.0	0.0	0.0	0.0	0.3267131299257935	0.09927790760547935	0.18695777402648595	-0.44099801513476117	-0.5703642081291219
0.0	0.0	-0.1209858106504473	0.0	-0.7543352119935871	-0.25048153892350666	0.45531663104242664	0.0	0.0	0.0
0.0	0.0	0.0	0.0	0.0	-0.36374002515546133	0.0	-0.9102991908156632	0.0	0.0
0.0	0.0	0.0	0.0	0.0	-0.1981237452374027	0.0	0.0	-0.242033900375626	0.0
0.0	0.0	0.0	0.04353660063760904	0.0	0.10665696846423116	0.0	0.0	0.0	0.023652228239450453
0.20981561515166394	0.0	0.0	0.0	0.0	0.0	0.0	0.0	0.0	0.0
0.0	-1.0173706962393168	0.0	0.0	0.0	0.0	0.0	0.0	0.0	0.0
0.0	0.0	-1.6917307922192317	0.08337145212439577	0.0	0.0	0.06429215762680908	0.0	0.0	0.0
0.0	0.0	-0.680476992571973	0.1627858916043502	0.0	0.0	0.0	0.0	0.0	-0.7812247703777866
0.0	0.0	0.0	0.0	-1.5063875409109606	0.0	-0.2877388485173653	0.0	0.0	0.0
0.0	0.0	0.0	0.0	0.0	-0.27606791982132683	0.11651707439173922	0.2194221593682716	-0.517575357654197	-0.6694054142746501
0.0	0.0	-0.1741260567084676	0.0	-1.0856596752513774	-0.36049981742927223	-0.5231409276942275	0.0	0.0	0.0
0.0	0.0	0.0	0.0	0.0	-0.35245947554520407	0.0	-0.8575581187852008	0.0	0.0
0.0	0.0	0.0	0.0	0.0	-0.2205239134720476	0.0	0.0	-0.6088470082834607	0.0
0.0	0.0	0.0	0.06851433048289739	0.0	0.1678479871795433	0.0	0.0	0.0	-1.596387927105137
-1.522597622618883	0.0	0.0	0.0	0.0	0.0	0.0	0.0	0.0	0.0
0.0	-1.3571545262607903	0.0	0.0	0.0	0.0	0.0	0.0	0.0	0.0
0.0	0.0	0.45531590738057476	0.04382133187166468	0.0	0.0	0.03379295795287429	0.0	0.0	0.0
0.0	0.0	-0.5422124393913519	1.1248993726979333	0.0	0.0	0.0	0.0	0.0	-0.6224895082175551
0.0	0.0	0.0	0.0	0.9088482722453975	0.0	-0.1370586273678502	0.0	0.0	0.0
0.0	0.0	0.0	0.0	0.0	0.39706791381390383	0.09322441161715449	0.17555797559849196	-0.414108047569307	-0.5355861036235918
0.0	0.0	-0.09010149468425438	0.0	-0.5617743909652003	-0.18654056146324421	1.0505796342861535	0.0	0.0	0.0
0.0	0.0	0.0	0.0	0.0	-0.33956292759170803	0.0	-0.6273992117346656	0.0	0.0
0.0	0.0	0.0	0.0	0.0	-0.2110623457701008	0.0	0.0	-0.41775373680063477	0.0
0.0	0.0	0.0	0.04183803389165161	0.0	0.10249578047057152	0.0	0.0	0.0	0.12450806673034975
-0.8985358259815951	0.0	0.0	0.0	0.0	0.0	0.0	0.0	0.0	0.0
0.0	-0.5714918918651377	0.0	0.0	0.0	0.0	0.0	0.0	0.0	0.0
0.0	0.0	-1.213724253011044	0.0750370695679339	0.0	0.0	0.05786507229497785	0.0	0.0	0.0
0.0	0.0	-0.9385792373616878	-0.06368130525677806	0.0	0.0	0.0	0.0	0.0	-1.0775402507259475
0.0	0.0	0.0	0.0	-0.7118524547656633	0.0	-0.23791805991346254	0.0	0.0	0.0
0.0	0.0	0.0	0.0	0.0	-0.2748085109234885	0.12081215713161209	0.2275105561493284	-0.5366543552762115	-0.6940812109837403
0.0	0.0	-0.14830728358680528	0.0	-0.9246820400110465	-0.307046226550622	-0.06459336809405114	0.0	0.0	0.0
0.0	0.0	0.0	0.0	0.0	-0.40613335651213484	0.0	-1.449484868392377	0.0	0.0
0.0	0.0	0.0	0.0	0.0	-0.20441514098462676	0.0	0.0	-0.38275274976329143	0.0
0.0	0.0	0.0	0.06421890114941388	0.0	0.1573249453193131	0.0	0.0	0.0	-1.2857499766036726
-1.0427494868521399	0.0	0.0	0.0	0.0	0.0	0.0	0.0	0.0	0.0
0.0	-1.8728422945595904	0.0	0.0	0.0	0.0	0.0	0.0	0.0	0.0
0.0	0.0	-0.3073057774809382	0.05781180114798105	0.0	0.0	0.04458175235511023	0.0	0.0	0.0
0.0	0.0	-0.4747959065350166	0.8207419169766399	0.0	0.0	0.0	0.0	0.0	-0.5450916446964214
0.0	0.0	0.0	0.0	-0.9774614419839732	0.0	-0.2568309202730578	0.0	0.0	0.0
0.0	0.0	0.0	0.0	0.0	0.0031306280064088417	0.10399667409562657	0.19584404188231666	-0.4619590396590583	-0.597474121879465
0.0	0.0	-0.14059600613462955	0.0	-0.8766029464350689	-0.2910812746864096	0.04254119359663066	0.0	0.0	0.0
0.0	0.0	0.0	0.0	0.0	-0.31246712861009984	0.0	-0.3796981677801148	0.0	0.0
0.0	0.0	0.0	0.0	0.0	-0.21874029265247652	0.0	0.0	-0.5544658812319484	0.0
0.0	0.0	0.0	0.06062172237394012	0.0	0.1485124937820546	0.0	0.0	0.0	-1.1081108177631125
-0.45140853264365566	0.0	0.0	0.0	0.0	0.0	0.0	0.0	0.0	0.0
0.0	-0.4146418768044482	0.0	0.0	0.0	0.0	0.0	0.0	0.0	0.0
0.0	0.0	-0.9786834625498261	0.06986434969356609	0.0	0.0	0.053876113088342295	0.0	0.0	0.0
0.0	0.0	-0.5735780741350118	0.7554828652635825	0.0	0.0	0.0	0.0	0.0	-0.658498970797258
0.0	0.0	0.0	0.0	-0.39383633926845274	0.0	-0.22169497373578972	0.0	0.0	0.0
0.0	0.0	0.0	0.0	0.0	0.6305433265897561	0.0816792746127854	0.15381645054797277	-0.36282390363248773	-0.46925782290068346
0.0	0.0	-0.11106508695748615	0.0	-0.6924804277852045	-0.2299422862252927	0.5284207315874805	0.0	0.0	0.0
0.0	0.0	0.0	0.0	0.0	-0.39052179194850234	0.0	-1.1276710533872414	0.0	0.0
0.0	0.0	0.0	0.0	0.0	-0.19848441403247205	0.0	0.0	-0.2075724291897039	0.0
0.0	0.0	0.0	0.046565710230998876	0.0	0.11407775101604554	0.0	0.0	0.0	-0.2002168781067426
-0.8714328364326756	0.0	0.0	0.0	0.0	0.0	0.0	0.0	0.0	0.0
0.0	-1.4439069073388966	0.0	0.0	0.0	0.0	0.0	0.0	0.0	0.0
0.0	0.0	-0.5919036752746581	0.06337051277770726	0.0	0.0	0.048868370318380164	0.0	0.0	0.0
0.0	0.0	-0.7085723850607786	0.5621063547558733	0.0	0.0	0.0	0.0	0.0	-0.8134798161549873
0.0	0.0	0.0	0.0	-1.400305071467972	0.0	-0.2850859019720368	0.0	0.0	0.0
0.0	0.0	0.0	0.0	0.0	0.07849244161175561	0.10764307812863937	0.20271086248375772	-0.47815657020460817	-0.618423176900578
0.0	0.0	-0.14173713979124788	0.0	-0.8837178080386765	-0.2934438072254773	-0.07597652843007285	0.0	0.0	0.0
0.0	0.0	0.0	0.0	0.0	-0.4090823385317156	0.0	-1.4290547597672014	0.0	0.0
0.0	0.0	0.0	0.0	0.0	-0.22116406716094675	0.0	0.0	-0.5981782703852037	0.0
0.0	0.0	0.0	0.051222713120050965	0.0	0.1254865841128213	0.0	0.0	0.0	-0.46313083340992534
-1.5907512565244302	0.0	0.0	0.0	0.0	0.0	0.0	0.0	0.0	0.0
0.0	-0.5880307294863957	0.0	0.0	0.0	0.0	0.0	0.0	0.0	0.0
0.0	0.0	-1.1917212295438275	0.07373968399135866	0.0	0.0	0.05686458932549008	0.0	0.0	0.0
0.0	0.0	-0.6278844697660239	0.4158189996860264	0.0	0.0	0.0	0.0	0.0	-0.7208456804141821
0.0	0.0	0.0	0.0	-0.4675151786969052	0.0	-0.2277686928496431	0.0	0.0	0.0
0.0	0.0	0.0	0.0	0.0	-0.608280808278705	0.13244458309025697	0.24941646166456646	-0.5883262416273028	-0.7609109778528091
0.0	0.0	-0.10293796460856498	0.0	-0.641808580177523	-0.21311639480849726	0.47140199657925225	0.0	0.0	0.0
0.0	0.0	0.0	0.0	0.0	-0.3080129136956844	0.0	-0.4443578312728935	0.0	0.0
0.0	0.0	0.0	0.0	0.0	-0.22800588279317052	0.0	0.0	-0.754331963370869	0.0
0.0	0.0	0.0	0.06261591841489983	0.0	0.15339792124164361	0.0	0.0	0.0	-1.1903857603342733
-0.5324315152940513	0.0	0.0	0.0	0.0	0.0	0.0	0.0	0.0	0.0
0.0	-1.9859461278386625	0.0	0.0	0.0	0.0	0.0	0.0	0.0	0.0
0.0	0.0	-0.49631840175560304	0.06109481990676318	0.0	0.0	0.047113462600680354	0.0	0.0	0.0
0.0	0.0	-0.5458941010930887	0.7250727156978939	0.0	0.0	0.0	0.0	0.0	-0.6267162570260298
0.0	0.0	0.0	0.0	-1.4317273539854667	0.0	-0.2920046120587695	0.0	0.0	0.0
0.0	0.0	0.0	0.0	0.0	0.5889046916427039	0.07601307073790321	0.14314599133726963	-0.337654309284248	-0.4367047608535038
0.0	0.0	-0.10694444410383264	0.0	-0.6667886050512045	-0.2214111621390198	0.39403351252680274	0.0	0.0	0.0
0.0	0.0	0.0	0.0	0.0	-0.31455421430839214	0.0	-0.291515636613213	0.0	0.0
0.0	0.0	0.0	0.0	0.0	-0.19168380116041894	0.0	0.0	-0.09523269581116223	0.0
0.0	0.0	0.0	0.05784867516537414	0.0	0.14171901876695778	0.0	0.0	0.0	-0.9552938358917193
-1.5371842754439395	0.0	0.0	0.0	0.0	0.0	0.0	0.0	0.0	0.0
0.0	-0.2523166917877604	0.0	0.0	0.0	0.0	0.0	0.0	0.0	0.0
0.0	0.0	-0.8046242228395937	0.06671588552984334	0.0	0.0	0.05144816504211664	0.0	0.0	0.0
0.0	0.0	-0.6079473299512358	0.6120089839161786	0.0	0.0	0.0	0.0	0.0	-0.6979567544933689
0.0	0.0	0.0	0.0	-0.892957432197101	0.0	-0.2566346834470095	0.0	0.0	0.0
0.0	0.0	0.0	0.0	0.0	0.13618136961011063	0.09939958619912594	0.18718691623509534	-0.44153851824947005	-0.571063267128102
0.0	0.0	-0.1009207013552603	0.0	-0.6292311324946296	-0.20893997774450393	0.5030619446291202	0.0	0.0	0.0
0.0	0.0	0.0	0.0	0.0	-0.4787810704521805	0.0	-2.143112133762706	0.0	0.0
0.0	0.0	0.0	0.0	0.0	-0.24668947636763688	0.0	0.0	-0.9531930225837466	0.0
0.0	0.0	0.0	0.055585553836122556	0.0	0.1361747719330375	0.0	0.0	0.0	-0.7703554298887278
-0.06076889992361778	0.0	0.0	0.0	0.0	0.0	0.0	0.0	0.0	0.0
0.0	-1.5608045713962664	0.0	0.0	0.0	0.0	0.0	0.0	0.0	0.0
0.0	0.0	-1.009757045485208	0.07078868957188578	0.0	0.0	0.054588920693864215	0.0	0.0	0.0
0.0	0.0	-0.7158141989136412	0.3815003418146077	0.0	0.0	0.0	0.0	0.0	-0.8217938141682601
0.0	0.0	0.0	0.0	-0.9256408713208412	0.0	-0.2554480611170083	0.0	0.0	0.0
0.0	0.0	0.0	0.0	0.0	-0.18455128395292475	0.11314343137054987	0.21306899576103686	-0.5025894467702774	-0.6500234059638224
0.0	0.0	-0.1254032648193247	0.0	-0.7818776255132984	-0.2596271627978745	0.17779128997558558	0.0	0.0	0.0
0.0	0.0	0.0	0.0	0.0	-0.19843296803206553	0.0	0.8057171403490726	0.0	0.0
0.0	0.0	0.0	0.0	0.0	-0.20575822667344298	0.0	0.0	-0.38509494037022085	0.0
0.0	0.0	0.0	0.058156286139691614	0.0	0.14247261122724486	0.0	0.0	0.0	-0.9135009322598211
-1.641652897473129	0.0	0.0	0.0	0.0	0.0	0.0	0.0	0.0	0.0
0.0	-0.695442716588529	0.0	0.0	0.0	0.0	0.0	0.0	0.0	0.0
0.0	0.0	-0.7891782938683459	0.06666480950470859	0.0	0.0	0.05140877760462769	0.0	0.0	0.0
0.0	0.0	-0.6264905564484066	0.5655440403745432	0.0	0.0	0.0	0.0	0.0	-0.7192453917587697
0.0	0.0	0.0	0.0	-0.8236393870879579	0.0	-0.24838485866632626	0.0	0.0	0.0
0.0	0.0	0.0	0.0	0.0	-0.06288597503636484	0.10964708562643456	0.20648476132950153	-0.48705848353214176	-0.6299364549010272
0.0	0.0	-0.12691799939860027	0.0	-0.7913218539218104	-0.2627631755785285	0.19786909532515073	0.0	0.0	0.0
0.0	0.0	0.0	0.0	0.0	-0.3419267738928973	0.0	-0.7175931305237455	0.0	0.0
0.0	0.0	0.0	0.0	0.0	-0.2190309187816398	0.0	0.0	-0.5714795578244161	0.0
0.0	0.0	0.0	0.05705450693969201	0.0	0.13977344712926995	0.0	0.0	0.0	-0.8526016995230778
-0.023634853242792353	0.0	0.0	0.0	0.0	0.0	0.0	0.0	0.0	0.0
0.0	-1.196610501802005	0.0	0.0	0.0	0.0	0.0	0.0	0.0	0.0
0.0	0.0	-1.4451264533400374	0.07816569061717292	0.0	0.0	0.060277718261034736	0.0	0.0	0.0
0.0	0.0	-0.5313231701881088	0.5558652640237671	0.0	0.0	0.0	0.0	0.0	-0.6099880321562823
0.0	0.0	0.0	0.0	-0.5686428704266295	0.0	-0.233884758120358	0.0	0.0	0.0
0.0	0.0	0.0	0.0	0.0	-0.2151766059254825	0.11890842867052259	0.22392550037991654	-0.5281978870352382	-0.6831440488054527
0.0	0.0	-0.10785314990970622	0.0	-0.6724543007474867	-0.22329249043248028	0.42074947496364223	0.0	0.0	0.0
0.0	0.0	0.0	0.0	0.0	-0.4658078385684432	0.0	-2.081204438506673	0.0	0.0
0.0	0.0	0.0	0.0	0.0	-0.2168709931372802	0.0	0.0	-0.5607772220806853	0.0
0.0	0.0	0.0	0.05931720907172673	0.0	0.1453166670041791	0.0	0.0	0.0	-0.9979424487164261
-1.5997444384840422	0.0	0.0	0.0	0.0	0.0	0.0	0.0	0.0	0.0
0.0	-1.9216424447612797	0.0	0.0	0.0	0.0	0.0	0.0	0.0	0.0
0.0	0.0	0.4581900347398868	0.04375906161972901	0.0	0.0	0.03374493805216613	0.0	0.0	0.0
0.0	0.0	-0.41684745758468433	1.1336576413519668	0.0	0.0	0.0	0.0	0.0	-0.4785636588583346
0.0	0.0	0.0	0.0	-0.9944697688810963	0.0	-0.2609265484713874	0.0	0.0	0.0
0.0	0.0	0.0	0.0	0.0	-0.41502808214425957	0.12369122834150545	0.23293235398580592	-0.5494433505282079	-0.7106218413252238
0.0	0.0	-0.11922550370750784	0.0	-0.7433598628692797	-0.24683710831073732	0.25772026584268787	0.0	0.0	0.0
0.0	0.0	0.0	0.0	0.0	-0.2299728876207615	0.0	0.42619261053681473	0.0	0.0
0.0	0.0	0.0	0.0	0.0	-0.2487778415270576	0.0	0.0	-1.0386163862172626	0.0
0.0	0.0	0.0	0.05412707991237685	0.0	0.1326017688732517	0.0	0.0	0.0	-0.6582771667607514
0.816768441940323	0.0	0.0	0.0	0.0	0.0	0.0	0.0	0.0	0.0
0.0	0.31376064540739135	0.0	0.0	0.0	0.0	0.0	0.0	0.0	0.0
0.0	0.0	-0.6591060076312504	0.06416697470427556	0.0	0.0	0.049482564439052044	0.0	0.0	0.0
0.0	0.0	-0.5906784517167403	0.5062100126714568	0.0	0.0	0.0	0.0	0.0	-0.6781311386669839
0.0	0.0	0.0	0.0	-0.40431634791225907	0.0	-0.22187853768725085	0.0	0.0	0.0
0.0	0.0	0.0	0.0	0.0	0.6417579861623572	0.06927926371325326	0.13046504748563886	-0.30774236206662503	-0.39801818290333746
0.0	0.0	-0.11483313634810555	0.0	-0.7159738632599429	-0.23774342261498918	0.5252589522868637	0.0	0.0	0.0
0.0	0.0	0.0	0.0	0.0	-0.3700626161649117	0.0	-0.8595281308981063	0.0	0.0
0.0	0.0	0.0	0.0	0.0	-0.19705937132192622	0.0	0.0	-0.1587118750448222	0.0
0.0	0.0	0.0	0.06677484246703237	0.0	0.1635865493149675	0.0	0.0	0.0	-1.5500684676643601
-1.3977143475847613	0.0	0.0	0.0	0.0	0.0	0.0	0.0	0.0	0.0
0.0	-1.8264941004528323	0.0	0.0	0.0	0.0	0.0	0.0	0.0	0.0
0.0	0.0	-0.7379307291484155	0.06571725255801326	0.0	0.0	0.05067806608377739	0.0	0.0	0.0
0.0	0.0	-0.538470454706646	0.932841847302444	0.0	0.0	0.0	0.0	0.0	-0.6181935053284385
0.0	0.0	0.0	0.0	-1.3034639709559017	0.0	-0.2781180175148717	0.0	0.0	0.0
0.0	0.0	0.0	0.0	0.0	0.3882987546598884	0.08911250674837347	0.1678145349900243	-0.39584273629017097	-0.5119626870855996
0.0	0.0	-0.14507158662848907	0.0	-0.9045077721537153	-0.30034723970867905	-0.05208870843040835	0.0	0.0	0.0
0.0	0.0	0.0	0.0	0.0	-0.3251075381354515	0.0	-0.4563088254814753	0.0	0.0
0.0	0.0	0.0	0.0	0.0	-0.2827311107536858	0.0	0.0	-1.4575249928608938	0.0
0.0	0.0	0.0	0.04039316024117196	0.0	0.09895609567393901	0.0	0.0	0.0	0.2143332347985094
-0.9998905595217662	0.0	0.0	0.0	0.0	0.0	0.0	0.0	0.0	0.0
0.0	-0.3648217552821685	0.0	0.0	0.0	0.0	0.0	0.0	0.0	0.0
0.0	0.0	-0.07832220421220693	0.05389655605623757	0.0	0.0	0.041562498783631344	0.0	0.0	0.0
0.0	0.0	-0.6734952473876745	0.4937932203549635	0.0	0.0	0.0	0.0	0.0	-0.773209345406805
0.0	0.0	0.0	0.0	-0.7198409739539593	0.0	-0.2423214245278772	0.0	0.0	0.0
0.0	0.0	0.0	0.0	0.0	-0.5599840907580147	0.1328505585212987	0.25018098485736595	-0.590129607185674	-0.763243358347432
0.0	0.0	-0.12032308728581105	0.0	-0.7502031938084105	-0.24910947746140463	0.2595025955006769	0.0	0.0	0.0
0.0	0.0	0.0	0.0	0.0	-0.3920860385535886	0.0	-1.3465620314172366	0.0	0.0
0.0	0.0	0.0	0.0	0.0	-0.20587001462807852	0.0	0.0	-0.43123337889698976	0.0
0.0	0.0	0.0	0.06648927470631184	0.0	0.1628869588278025	0.0	0.0	0.0	-1.4420079143520548
-0.38353406798596223	0.0	0.0	0.0	0.0	0.0	0.0	0.0	0.0	0.0
0.0	-1.8156965560460687	0.0	0.0	0.0	0.0	0.0	0.0	0.0	0.0
0.0	0.0	-1.311855637043265	0.07604844009656936	0.0	0.0	0.0586449938603252	0.0	0.0	0.0
0.0	0.0	-0.6316326662241563	0.4848422457058997	0.0	0.0	0.0	0.0	0.0	-0.7251488147586188
0.0	0.0	0.0	0.0	-1.507642808961453	0.0	-0.2950973786147198	0.0	0.0	0.0
0.0	0.0	0.0	0.0	0.0	-0.006217604781405761	0.10995270233842477	0.20706029139008703	-0.4884160500505185	-0.6316922617882756
0.0	0.0	-0.12147951697397989	0.0	-0.7574134247378942	-0.25150367795807493	0.10170838918468628	0.0	0.0	0.0
0.0	0.0	0.0	0.0	0.0	-0.37375449541225086	0.0	-1.0597424078316737	0.0	0.0
0.0	0.0	0.0	0.0	0.0	-0.20058446669039176	0.0	0.0	-0.30215843656363034	0.0
0.0	0.0	0.0	0.055627282515149014	0.0	0.13627699981343694	0.0	0.0	0.0	-0.7574866321819713
-1.1737174377043322	0.0	0.0	0.0	0.0	0.0	0.0	0.0	0.0	0.0
0.0	0.5087367482152123	0.0	0.0	0.0	0.0	0.0	0.0	0.0	0.0
0.0	0.0	-0.1407578217992862	0.054443976143468034	0.0	0.0	0.04198464350630919	0.0	0.0	0.0
0.0	0.0	-0.5745499382503222	0.6422925497121594	0.0	0.0	0.0	0.0	0.0	-0.6596147239066351
0.0	0.0	0.0	0.0	-0.6843869481798355	0.0	-0.2473229650594682	0.0	0.0	0.0
0.0	0.0	0.0	0.0	0.0	-0.6925339219256961	0.13570332699642756	0.2555532500147109	-0.6028017642195457	-0.7796328761317772
0.0	0.0	-0.06688286566590512	0.0	-0.4170084109829669	-0.13847014810697675	0.8626243778013607	0.0	0.0	0.0
0.0	0.0	0.0	0.0	0.0	-0.41857331604844944	0.0	-1.6415655356097174	0.0	0.0
0.0	0.0	0.0	0.0	0.0	-0.23462787313559338	0.0	0.0	-0.8586206317404518	0.0
0.0	0.0	0.0	0.06559541182103819	0.0	0.16069715291347436	0.0	0.0	0.0	-1.3874125357106355
-1.0638282187831078	0.0	0.0	0.0	0.0	0.0	0.0	0.0	0.0	0.0
0.0	-1.4826488374471571	0.0	0.0	0.0	0.0	0.0	0.0	0.0	0.0
0.0	0.0	-1.5037416447446341	0.07933515299248745	0.0	0.0	0.06117955285137099	0.0	0.0	0.0
0.0	0.0	-0.6896328638220037	0.47531701769598844	0.0	0.0	0.0	0.0	0.0	-0.7917362108717239
0.0	0.0	0.0	0.0	-1.0244037615467954	0.0	-0.26772746112722484	0.0	0.0	0.0
0.0	0.0	0.0	0.0	0.0	0.6113964620035566	0.07603635337940072	0.14318983664921078	-0.3377577320792599	-0.4368385225906432
0.0	0.0	-0.08456158353260772	0.0	-0.527233563156253	-0.17507107208012027	0.6959219458415944	0.0	0.0	0.0
0.0	0.0	0.0	0.0	0.0	-0.22933183775004867	0.0	0.6213038370722512	0.0	0.0
0.0	0.0	0.0	0.0	0.0	-0.20425783931239716	0.0	0.0	-0.2793386516819567	0.0
0.0	0.0	0.0	0.048010531803877134	0.0	0.11761730823176894	0.0	0.0	0.0	-0.293417986136975
-0.6624821128222735	0.0	0.0	0.0	0.0	0.0	0.0	0.0	0.0	0.0
0.0	-0.4340246709745288	0.0	0.0	0.0	0.0	0.0	0.0	0.0	0.0
0.0	0.0	0.561061052491079	0.042079227016846736	0.0	0.0	0.03244952831269881	0.0	0.0	0.0
0.0	0.0	-0.6072045609075748	0.7465712674791706	0.0	0.0	0.0	0.0	0.0	-0.6971040150445529
0.0	0.0	0.0	0.0	-0.5669654195036318	0.0	-0.23539315217060708	0.0	0.0	0.0
0.0	0.0	0.0	0.0	0.0	-0.10596642305976123	0.10785361443353515	0.20310733940258538	-0.4790917842397569	-0.6196327347540886
0.0	0.0	-0.09612045367779797	0.0	-0.5993020372566593	-0.1990018418672426	0.6486200305974703	0.0	0.0	0.0
0.0	0.0	0.0	0.0	0.0	-0.4208584041267108	0.0	-1.5560329172896086	0.0	0.0
0.0	0.0	0.0	0.0	0.0	-0.22830552076849683	0.0	0.0	-0.7031872342771672	0.0
0.0	0.0	0.0	0.0635750462239197	0.0	0.15574761467157644	0.0	0.0	0.0	-1.2873203359619074
-1.8227087513856972	0.0	0.0	0.0	0.0	0.0	0.0	0.0	0.0	0.0
0.0	-2.0348611066808466	0.0	0.0	0.0	0.0	0.0	0.0	0.0	0.0
0.0	0.0	-1.0126454595501024	0.07069575564252302	0.0	0.0	0.05451725440182752	0.0	0.0	0.0
0.0	0.0	-0.6879285819650461	0.436149165263203	0.0	0.0	0.0	0.0	0.0	-0.7897796021738629
0.0	0.0	0.0	0.0	-1.595460618964185	0.0	-0.3022083024207804	0.0	0.0	0.0
0.0	0.0	0.0	0.0	0.0	0.23842565951614758	0.09259071230210177	0.1743646082501875	-0.4112931197885862	-0.5319454204470454
0.0	0.0	-0.11272166935066476	0.0	-0.7028090640444898	-0.23337197194600767	0.2361049866545005	0.0	0.0	0.0
0.0	0.0	0.0	0.0	0.0	-0.32194266412243716	0.0	-0.43614580541108805	0.0	0.0
0.0	0.0	0.0	0.0	0.0	-0.218454985476246	0.0	0.0	-0.5245330236621626	0.0
0.0	0.0	0.0	0.05716173752642383	0.0	0.14003614309404352	0.0	0.0	0.0	-0.8767201577213477
-0.2529234010660444	0.0	0.0	0.0	0.0	0.0	0.0	0.0	0.0	0.0
0.0	-0.3177858446191988	0.0	0.0	0.0	0.0	0.0	0.0	0.0	0.0
0.0	0.0	-0.7432495632997419	0.06556568029099198	0.0	0.0	0.050561180653154854	0.0	0.0	0.0
0.0	0.0	-0.6216789986187354	0.4568549469323787	0.0	0.0	0.0	0.0	0.0	-0.713721460455175
0.0	0.0	0.0	0.0	0.3992605565326748	0.0	-0.1710966402961017	0.0	0.0	0.0
0.0	0.0	0.0	0.0	0.0	-0.16023700117522377	0.10696337099228086	0.20143085431005114	-0.47513727310984866	-0.614518172938071
0.0	0.0	-0.09157316927350106	0.0	-0.5709501443638563	-0.18958742550397184	0.8552737400943071	0.0	0.0	0.0
0.0	0.0	0.0	0.0	0.0	-0.3913150922587976	0.0	-1.2360451194220388	0.0	0.0
0.0	0.0	0.0	0.0	0.0	-0.24122485977275288	0.0	0.0	-0.8902846545675704	0.0
0.0	0.0	0.0	0.06613781039591053	0.0	0.16202593345324923	0.0	0.0	0.0	-1.4565995022224218
-1.399586050543201	0.0	0.0	0.0	0.0	0.0	0.0	0.0	0.0	0.0
0.0	-2.2194611844405783	0.0	0.0	0.0	0.0	0.0	0.0	0.0	0.0
0.0	0.0	-1.1165729174862136	0.07257691540045665	0.0	0.0	0.055967916668064915	0.0	0.0	0.0
0.0	0.0	-0.6542201912932224	0.458817547038127	0.0	0.0	0.0	0.0	0.0	-0.7510805277747897
0.0	0.0	0.0	0.0	-1.3499178565974317	0.0	-0.28440494779752407	0.0	0.0	0.0
0.0	0.0	0.0	0.0	0.0	0.33492021839351427	0.08968838388968675	0.16889901300783786	-0.3984008147429306	-0.5152711745185748
0.0	0.0	-0.12216145838957512	0.0	-0.7616652656730801	-0.25291552728417055	0.18316386419069094	0.0	0.0	0.0
0.0	0.0	0.0	0.0	0.0	-0.3081669885087666	0.0	-0.2771146050875197	0.0	0.0
0.0	0.0	0.0	0.0	0.0	-0.19524087341455335	0.0	0.0	-0.17818083952939245	0.0
0.0	0.0	0.0	0.05765331214513266	0.0	0.1412404139336954	0.0	0.0	0.0	-0.9157373604225175
-0.7893520799988738	0.0	0.0	0.0	0.0	0.0	0.0	0.0	0.0	0.0
0.0	1.5837131237128135	0.0	0.0	0.0	0.0	0.0	0.0	0.0	0.0
0.0	0.0	-0.4629274247689965	0.06061931445997415	0.0	0.0	0.04674677507925212	0.0	0.0	0.0
0.0	0.0	-0.6530844409682578	0.6389594345965832	0.0	0.0	0.0	0.0	0.0	-0.7497766243415916
0.0	0.0	0.0	0.0	-0.6065964312467573	0.0	-0.23783004172981398	0.0	0.0	0.0
0.0	0.0	0.0	0.0	0.0	-0.07862982928364692	0.115768226730499	0.21801194741671873	-0.5142489344830161	-0.6651031892014754
0.0	0.0	-0.09775673829424257	0.0	-0.6095041187767289	-0.2023895043265046	0.5677115205233726	0.0	0.0	0.0
0.0	0.0	0.0	0.0	0.0	-0.3917549096925796	0.0	-1.2755370530753298	0.0	0.0
0.0	0.0	0.0	0.0	0.0	-0.18831953985347855	0.0	0.0	-0.13576216545432485	0.0
0.0	0.0	0.0	0.05336455798539104	0.0	0.13073372506806877	0.0	0.0	0.0	-0.5986874877038455
-0.9986877811841426	0.0	0.0	0.0	0.0	0.0	0.0	0.0	0.0	0.0
0.0	-0.430970822873952	0.0	0.0	0.0	0.0	0.0	0.0	0.0	0.0
0.0	0.0	-0.912531286345681	0.06897640929463073	0.0	0.0	0.05319137505587543	0.0	0.0	0.0
0.0	0.0	-0.7662866568204022	0.4600295671429895	0.0	0.0	0.0	0.0	0.0	-0.879738953782134
0.0	0.0	0.0	0.0	-1.06882321913238	0.0	-0.26789968661738583	0.0	0.0	0.0
0.0	0.0	0.0	0.0	0.0	-0.3635135629316222	0.12662247233979784	0.23845240236582438	-0.5624641002226876	-0.7274622109728512
0.0	0.0	-0.10491695417886127	0.0	-0.6541473950271056	-0.2172135724065675	0.349933837349971	0.0	0.0	0.0
0.0	0.0	0.0	0.0	0.0	-0.33918418217651647	0.0	-0.7552696271265706	0.0	0.0
0.0	0.0	0.0	0.0	0.0	-0.24520529259881524	0.0	0.0	-0.9929422074679964	0.0
0.0	0.0	0.0	0.04862699208573839	0.0	0.11912752684964445	0.0	0.0	0.0	-0.2622857012750426
-1.872427629811589	0.0	0.0	0.0	0.0	0.0	0.0	0.0	0.0	0.0
0.0	-1.4948667613398656	0.0	0.0	0.0	0.0	0.0	0.0	0.0	0.0
0.0	0.0	-0.6419970832651462	0.06411316319689282	0.0	0.0	0.04944106752582056	0.0	0.0	0.0
0.0	0.0	-0.7520224562205368	0.23714861397869116	0.0	0.0	0.0	0.0	0.0	-0.863362872063142
0.0	0.0	0.0	0.0	-1.2232047143582716	0.0	-0.277611564773455	0.0	0.0	0.0
0.0	0.0	0.0	0.0	0.0	0.12857490618244335	0.09591003341171372	0.18061547413666723	-0.4260377297047302	-0.551015342465684
0.0	0.0	-0.1097057408161065	0.0	-0.6840050317514259	-0.22712798005507362	0.35004088459966065	0.0	0.0	0.0
0.0	0.0	0.0	0.0	0.0	-0.38328689521830195	0.0	-1.106383775310887	0.0	0.0
0.0	0.0	0.0	0.0	0.0	-0.1874691860790402	0.0	0.0	-0.07847178331597472	0.0
0.0	0.0	0.0	0.06956659859096993	0.0	0.17042585786248446	0.0	0.0	0.0	-1.686711100088702
-0.0028926606784471787	0.0	0.0	0.0	0.0	0.0	0.0	0.0	0.0	0.0
0.0	-0.7886546517325175	0.0	0.0	0.0	0.0	0.0	0.0	0.0	0.0
0.0	0.0	-1.505983723327888	0.07933895117997311	0.0	0.0	0.061182481835601245	0.0	0.0	0.0
0.0	0.0	-0.5288957500326287	0.9424970907379187	0.0	0.0	0.0	0.0	0.0	-0.6072012211776954
0.0	0.0	0.0	0.0	-0.7690096495602967	0.0	-0.24583620950556112	0.0	0.0	0.0
0.0	0.0	0.0	0.0	0.0	0.611181489431856	0.09140063266728149	0.17212347883069545	-0.40600671952626755	-0.5251082615574537
0.0	0.0	-0.11879646551050348	0.0	-0.740684849844606	-0.24594885416535558	0.32266438785799506	0.0	0.0	0.0
0.0	0.0	0.0	0.0	0.0	-0.3553493893130404	0.0	-0.7893013080635922	0.0	0.0
0.0	0.0	0.0	0.0	0.0	-0.1957305219758863	0.0	0.0	-0.1892146619765822	0.0
0.0	0.0	0.0	0.03096503791347127	0.0	0.07585886412495534	0.0	0.0	0.0	0.8394142578108252
-2.1885040408635295	0.0	0.0	0.0	0.0	0.0	0.0	0.0	0.0	0.0
0.0	-1.9125457168531332	0.0	0.0	0.0	0.0	0.0	0.0	0.0	0.0
0.0	0.0	-0.45758154409151003	0.06108222234613505	0.0	0.0	0.047103747952164834	0.0	0.0	0.0
0.0	0.0	-0.8304555015691989	0.28188210538393454	0.0	0.0	0.0	0.0	0.0	-0.9534082938942968
0.0	0.0	0.0	0.0	-0.6580743144900624	0.0	-0.2368787566411581	0.0	0.0	0.0
0.0	0.0	0.0	0.0	0.0	-0.32080281069846517	0.11814272020453714	0.22248353656534103	-0.5247965672268742	-0.6787449562641887
0.0	0.0	-0.12967607839459275	0.0	-0.8085182184620134	-0.2684733317338218	0.18965112021563324	0.0	0.0	0.0
0.0	0.0	0.0	0.0	0.0	-0.3735340867482218	0.0	-1.0897332210977584	0.0	0.0
0.0	0.0	0.0	0.0	0.0	-0.2584512800707135	0.0	0.0	-1.1676825320692943	0.0
0.0	0.0	0.0	0.06046239049139547	0.0	0.14812215886102198	0.0	0.0	0.0	-1.0499340778368325
0.9028541858780033	0.0	0.0	0.0	0.0	0.0	0.0	0.0	0.0	0.0
0.0	-1.3854600566337594	0.0	0.0	0.0	0.0	0.0	0.0	0.0	0.0
0.0	0.0	-1.385659431103184	0.07736902108873245	0.0	0.0	0.059663364047525924	0.0	0.0	0.0
0.0	0.0	-0.7146620162310999	0.2901980117073558	0.0	0.0	0.0	0.0	0.0	-0.8204710454906602
0.0	0.0	0.0	0.0	-1.2800015671572036	0.0	-0.28275911399268905	0.0	0.0	0.0
0.0	0.0	0.0	0.0	0.0	0.5558261507444902	0.07503153626242547	0.14129758915906493	-0.33329427827722735	-0.4310657204329299
0.0	0.0	-0.10007176534341984	0.0	-0.62393809587308	-0.20718239313561324	0.47470943521366954	0.0	0.0	0.0
0.0	0.0	0.0	0.0	0.0	-0.2898980602997398	0.0	-0.02351899579098382	0.0	0.0
0.0	0.0	0.0	0.0	0.0	-0.19642900736178942	0.0	0.0	-0.16247451353272346	0.0
0.0	0.0	0.0	0.06013657682508729	0.0	0.14732397302602987	0.0	0.0	0.0	-1.0938110080318668
-1.0007440875746596	0.0	0.0	0.0	0.0	0.0	0.0	0.0	0.0	0.0
0.0	0.36652586039900337	0.0	0.0	0.0	0.0	0.0	0.0	0.0	0.0
0.0	0.0	-0.27278584734673966	0.05739838670651824	0.0	0.0	0.044262946507803304	0.0	0.0	0.0
0.0	0.0	-0.6418265264357941	0.6199848995107269	0.0	0.0	0.0	0.0	0.0	-0.736851923298703
0.0	0.0	0.0	0.0	-0.6487962583595352	0.0	-0.23649987942287473	0.0	0.0	0.0
0.0	0.0	0.0	0.0	0.0	0.18499602672974647	0.0938337191608966	0.17670540894819814	-0.41681462573838685	-0.5390866529711327
0.0	0.0	-0.12790612646627872	0.0	-0.7974827337561192	-0.26480893273991307	0.27906148325396307	0.0	0.0	0.0
0.0	0.0	0.0	0.0	0.0	-0.4322145229429825	0.0	-1.6223001223132805	0.0	0.0
0.0	0.0	0.0	0.0	0.0	-0.2611653081870617	0.0	0.0	-1.1525153428459154	0.0
0.0	0.0	0.0	0.058181070314160546	0.0	0.1425333280695346	0.0	0.0	0.0	-0.9462566619550451
-1.0056532548485302	0.0	0.0	0.0	0.0	0.0	0.0	0.0	0.0	0.0
0.0	-1.4764143426531486	0.0	0.0	0.0	0.0	0.0	0.0	0.0	0.0
0.0	0.0	-1.3983562572421877	0.07780338402959186	0.0	0.0	0.05999832439605517	0.0	0.0	0.0
0.0	0.0	-0.6974843985789937	0.33627060205825154	0.0	0.0	0.0	0.0	0.0	-0.8007502017995568
0.0	0.0	0.0	0.0	-1.4496774509184	0.0	-0.2897649799294873	0.0	0.0	0.0
0.0	0.0	0.0	0.0	0.0	0.08883211052000284	0.10409309826388186	0.19602562556285716	-0.462387361204478	-0.598028090992009
0.0	0.0	-0.1318830697449511	0.0	-0.8222786030822443	-0.27304255011452766	0.007269133263002159	0.0	0.0	0.0
0.0	0.0	0.0	0.0	0.0	-0.39799637396184767	0.0	-1.2962777143065451	0.0	0.0
0.0	0.0	0.0	0.0	0.0	-0.2042179059522103	0.0	0.0	-0.34211115350655974	0.0
0.0	0.0	0.0	0.058282122158117504	0.0	0.14278088720773838	0.0	0.0	0.0	-0.9350519500451048
-1.5661366545250353	0.0	0.0	0.0	0.0	0.0	0.0	0.0	0.0	0.0
0.0	-1.1243168995394297	0.0	0.0	0.0	0.0	0.0	0.0	0.0	0.0
0.0	0.0	-0.9958767309684771	0.07009425867318217	0.0	0.0	0.054053408121362015	0.0	0.0	0.0
0.0	0.0	-0.6218257539347471	0.5431560752171934	0.0	0.0	0.0	0.0	0.0	-0.7138899435770211
0.0	0.0	0.0	0.0	-0.14301819051000986	0.0	-0.2079460796330527	0.0	0.0	0.0
0.0	0.0	0.0	0.0	0.0	-0.21068941728325274	0.11520861324448224	0.216958096724411	-0.5117631000962081	-0.6618881385370442
0.0	0.0	-0.0885954207962742	0.0	-0.552384161156765	-0.18342247924215035	0.7494281042274036	0.0	0.0	0.0
0.0	0.0	0.0	0.0	0.0	-0.3296591996827609	0.0	-0.6081504365668192	0.0	0.0
0.0	0.0	0.0	0.0	0.0	-0.22353130144775404	0.0	0.0	-0.6499131303596871	0.0
0.0	0.0	0.0	0.05669459571324878	0.0	0.13889172830495927	0.0	0.0	0.0	-0.8220015782991317
0.011966279486767206	0.0	0.0	0.0	0.0	0.0	0.0	0.0	0.0	0.0
0.0	-0.6433320285438628	0.0	0.0	0.0	0.0	0.0	0.0	0.0	0.0
0.0	0.0	-0.8218745434895048	0.06696422176972419	0.0	0.0	0.05163967031486931	0.0	0.0	0.0
0.0	0.0	-0.5896593710165698	0.6454483485177541	0.0	0.0	0.0	0.0	0.0	-0.6769611783381594
0.0	0.0	0.0	0.0	-1.5383022031628117	0.0	-0.3005406601849493	0.0	0.0	0.0
0.0	0.0	0.0	0.0	0.0	-0.10993761945214742	0.11105427168552988	0.2091347403590258	-0.49330928266715596	-0.6380209178157346
0.0	0.0	-0.0969941577767312	0.0	-0.6047495005843436	-0.20081070479164678	0.3864235656101225	0.0	0.0	0.0
0.0	0.0	0.0	0.0	0.0	-0.36053463312876616	0.0	-0.9224811649539403	0.0	0.0
0.0	0.0	0.0	0.0	0.0	-0.23328284863648877	0.0	0.0	-0.783270868654006	0.0
0.0	0.0	0.0	0.054885038070553255	0.0	0.13445863225233676	0.0	0.0	0.0	-0.7104805089504049
-1.6063149597445356	0.0	0.0	0.0	0.0	0.0	0.0	0.0	0.0	0.0
0.0	-2.6456159073684615	0.0	0.0	0.0	0.0	0.0	0.0	0.0	0.0
0.0	0.0	-0.757329958802928	0.06581002979722723	0.0	0.0	0.050749611543712825	0.0	0.0	0.0
0.0	0.0	-0.6462856557118811	0.5179947722293895	0.0	0.0	0.0	0.0	0.0	-0.7419712473652363
0.0	0.0	0.0	0.0	0.10392835081225593	0.0	-0.1919415204803397	0.0	0.0	0.0
0.0	0.0	0.0	0.0	0.0	-0.15519933948789044	0.11598908504856822	0.21842786250314	-0.515229999477673	-0.6663720483337092
0.0	0.0	-0.08433383853475296	0.0	-0.5258135943986472	-0.17459956292348364	0.8539575282944893	0.0	0.0	0.0
0.0	0.0	0.0	0.0	0.0	-0.3664464371253773	0.0	-1.0053023444270477	0.0	0.0
0.0	0.0	0.0	0.0	0.0	-0.18194818880106764	0.0	0.0	-0.04299979698735835	0.0
0.0	0.0	0.0	0.059046151088514194	0.0	0.1446526229046381	0.0	0.0	0.0	-0.9743385264266845
-0.09758519524299425	0.0	0.0	0.0	0.0	0.0	0.0	0.0	0.0	0.0
0.0	1.9654366097229579	0.0	0.0	0.0	0.0	0.0	0.0	0.0	0.0
0.0	0.0	-1.4369613670513233	0.07823823052681893	0.0	0.0	0.060333657640598816	0.0	0.0	0.0
0.0	0.0	-0.6180465064851328	0.4925753486866099	0.0	0.0	0.0	0.0	0.0	-0.7095511609976624
0.0	0.0	0.0	0.0	-1.1552589388015613	0.0	-0.2721442006889183	0.0	0.0	0.0
0.0	0.0	0.0	0.0	0.0	0.4325740821658588	0.08365142345188838	0.15753035393192422	-0.37158429901723833	-0.4805880688542722
0.0	0.0	-0.1162324732046617	0.0	-0.7246985976619833	-0.2406405230883269	0.29433503823184065	0.0	0.0	0.0
0.0	0.0	0.0	0.0	0.0	-0.42907104882843305	0.0	-1.5484052178794032	0.0	0.0
0.0	0.0	0.0	0.0	0.0	-0.24563033093668782	0.0	0.0	-0.9021276044185644	0.0
0.0	0.0	0.0	0.054904866353347695	0.0	0.13450720803688898	0.0	0.0	0.0	-0.744954548468659
-1.2852285364649316	0.0	0.0	0.0	0.0	0.0	0.0	0.0	0.0	0.0
0.0	0.21606930848828854	0.0	0.0	0.0	0.0	0.0	0.0	0.0	0.0
0.0	0.0	-0.4509065249581858	0.06038261470482835	0.0	0.0	0.04656424331831608	0.0	0.0	0.0
0.0	0.0	-0.5119777325903264	0.7708133192706572	0.0	0.0	0.0	0.0	0.0	-0.5877784127126287
0.0	0.0	0.0	0.0	-0.36390235022048745	0.0	-0.2171480926525442	0.0	0.0	0.0
0.0	0.0	0.0	0.0	0.0	-0.14404075592170906	0.11344851778703181	0.2136435271818424	-0.5039446576863632	-0.6517761662359179
0.0	0.0	-0.12941556758512768	0.0	-0.8068939579340395	-0.2679339862675212	0.26554614188814774	0.0	0.0	0.0
0.0	0.0	0.0	0.0	0.0	-0.3270234329475007	0.0	-0.5729631611419831	0.0	0.0
0.0	0.0	0.0	0.0	0.0	-0.21288612343146546	0.0	0.0	-0.49011897557337103	0.0
0.0	0.0	0.0	0.058554924468843056	0.0	0.1434492046010557	0.0	0.0	0.0	-0.9562481269219459
-0.1865008820751184	0.0	0.0	0.0	0.0	0.0	0.0	0.0	0.0	0.0
0.0	-1.699568811441714	0.0	0.0	0.0	0.0	0.0	0.0	0.0	0.0
0.0	0.0	-1.052852802563641	0.0714702635921379	0.0	0.0	0.05511451864409549	0.0	0.0	0.0
0.0	0.0	-0.586633115459192	0.6486286005452041	0.0	0.0	0.0	0.0	0.0	-0.6734868715963822
0.0	0.0	0.0	0.0	-1.0408130550561427	0.0	-0.2605972144193039	0.0	0.0	0.0
0.0	0.0	0.0	0.0	0.0	0.2159763695711463	0.10114746662471628	0.19047848272269124	-0.4493027008049826	-0.5811050625173433
0.0	0.0	-0.14414647308181705	0.0	-0.898739775728389	-0.29843194184355265	-0.028876201962016342	0.0	0.0	0.0
0.0	0.0	0.0	0.0	0.0	-0.3866264759041597	0.0	-1.1628464124598505	0.0	0.0
0.0	0.0	0.0	0.0	0.0	-0.2063855457392491	0.0	0.0	-0.3671883847681839	0.0
0.0	0.0	0.0	0.05175272574013536	0.0	0.1267850212548602	0.0	0.0	0.0	-0.516617220101202
-1.4509871009996245	0.0	0.0	0.0	0.0	0.0	0.0	0.0	0.0	0.0
0.0	0.3565737710356092	0.0	0.0	0.0	0.0	0.0	0.0	0.0	0.0
0.0	0.0	-0.4101550858987506	0.060332900347684466	0.0	0.0	0.04652590593538264	0.0	0.0	0.0
0.0	0.0	-0.7800275694089995	0.2745424258225697	0.0	0.0	0.0	0.0	0.0	-0.8955142722704702
0.0	0.0	0.0	0.0	-0.5218534335136431	0.0	-0.22408037471164768	0.0	0.0	0.0
0.0	0.0	0.0	0.0	0.0	-0.4231264223557105	0.11773742765042303	0.22172029934998994	-0.5229962350459876	-0.6764164989843823
0.0	0.0	-0.1560574864755966	0.0	-0.9730038300431085	-0.3230917672311125	-0.07837551663787322	0.0	0.0	0.0
0.0	0.0	0.0	0.0	0.0	-0.2749688066610022	0.0	-0.032290162297519576	0.0	0.0
0.0	0.0	0.0	0.0	0.0	-0.2671497531492527	0.0	0.0	-1.2940918303366105	0.0
0.0	0.0	0.0	0.06670241736322913	0.0	0.16340912062510124	0.0	0.0	0.0	-1.4668884120153725
-0.6649311899319406	0.0	0.0	0.0	0.0	0.0	0.0	0.0	0.0	0.0
0.0	-1.6003710331975476	0.0	0.0	0.0	0.0	0.0	0.0	0.0	0.0
0.0	0.0	-0.7815449801073481	0.06686880932960042	0.0	0.0	0.051566092711460856	0.0	0.0	0.0
0.0	0.0	-0.7762680672925655	0.34867089867200796	0.0	0.0	0.0	0.0	0.0	-0.8911981584125351
0.0	0.0	0.0	0.0	-0.8948708614888274	0.0	-0.2518731550493578	0.0	0.0	0.0
0.0	0.0	0.0	0.0	0.0	0.5450658192355186	0.08629056342187626	0.16250031901311848	-0.3833075062896207	-0.4957502637013457
0.0	0.0	-0.13631255529036518	0.0	-0.8498960311092069	-0.2822130830066891	0.1350529337748827	0.0	0.0	0.0
0.0	0.0	0.0	0.0	0.0	-0.40274787746641977	0.0	-1.2768535362567301	0.0	0.0
0.0	0.0	0.0	0.0	0.0	-0.15302117862277465	0.0	0.0	0.44748582392609393	0.0
0.0	0.0	0.0	0.057102392909811645	0.0	0.13989075928341455	0.0	0.0	0.0	-0.8736791044801022
-1.275874601555597	0.0	0.0	0.0	0.0	0.0	0.0	0.0	0.0	0.0
0.0	-0.002634415099987742	0.0	0.0	0.0	0.0	0.0	0.0	0.0	0.0
0.0	0.0	-1.030660854460232	0.07102106653910287	0.0	0.0	0.05476811892328775	0.0	0.0	0.0
0.0	0.0	-0.6259858085369838	0.5175208326905337	0.0	0.0	0.0	0.0	0.0	-0.7186659135758123
0.0	0.0	0.0	0.0	-1.2357644734610258	0.0	-0.27593924604103914	0.0	0.0	0.0
0.0	0.0	0.0	0.0	0.0	-0.30563585718531805	0.12186379425789982	0.22949097395784712	-0.5413257861768093	-0.7001230000508297
0.0	0.0	-0.12791706238586262	0.0	-0.7975509181917426	-0.26483157379139	0.06400565297648064	0.0	0.0	0.0
0.0	0.0	0.0	0.0	0.0	-0.3707107183161632	0.0	-1.074187814926106	0.0	0.0
0.0	0.0	0.0	0.0	0.0	-0.2301818855122608	0.0	0.0	-0.7622900894496624	0.0
0.0	0.0	0.0	0.05744709470389886	0.0	0.14073521768951627	0.0	0.0	0.0	-0.8627526587877412
-0.4465603557236464	0.0	0.0	0.0	0.0	0.0	0.0	0.0	0.0	0.0
0.0	-1.2829073085249334	0.0	0.0	0.0	0.0	0.0	0.0	0.0	0.0
0.0	0.0	-0.027681865919772616	0.052684876947200476	0.0	0.0	0.04062810862625361	0.0	0.0	0.0
0.0	0.0	-0.5787428666870353	0.693678757942354	0.0	0.0	0.0	0.0	0.0	-0.664428434863711
0.0	0.0	0.0	0.0	-0.8641521458540854	0.0	-0.25438889246019036	0.0	0.0	0.0
0.0	0.0	0.0	0.0	0.0	-0.25413059770873747	0.11265535755409202	0.2121498668582784	-0.5004213955946571	-0.6472193598014193
0.0	0.0	-0.10316606189518324	0.0	-0.643230745422615	-0.2135886333219994	0.4766658147618255	0.0	0.0	0.0
0.0	0.0	0.0	0.0	0.0	-0.3122320239950451	0.0	-0.4113828589997792	0.0	0.0
0.0	0.0	0.0	0.0	0.0	-0.23876483655347633	0.0	0.0	-0.8671293889634613	0.0
0.0	0.0	0.0	0.06272972673757779	0.0	0.15367673149566108	0.0	0.0	0.0	-1.2275961141928573
-1.3312070818236696	0.0	0.0	0.0	0.0	0.0	0.0	0.0	0.0	0.0
0.0	-0.6757633135703585	0.0	0.0	0.0	0.0	0.0	0.0	0.0	0.0
0.0	0.0	-0.8650648397538337	0.06822750546887686	0.0	0.0	0.05261385551428407	0.0	0.0	0.0
0.0	0.0	-0.7537146458124687	0.3522961615276686	0.0	0.0	0.0	0.0	0.0	-0.8653055981800031
0.0	0.0	0.0	0.0	-1.2925107053405422	0.0	-0.28053791930332744	0.0	0.0	0.0
0.0	0.0	0.0	0.0	0.0	0.7087584616522234	0.07589030607443109	0.1429148038680185	-0.33710898178666376	-0.4359994622452196
0.0	0.0	-0.1222309316225613	0.0	-0.7620984247819935	-0.25305936036855303	0.23661089076949526	0.0	0.0	0.0
0.0	0.0	0.0	0.0	0.0	-0.3615976739382971	0.0	-0.7949653956069631	0.0	0.0
0.0	0.0	0.0	0.0	0.0	-0.14790809089700893	0.0	0.0	0.5458146071095822	0.0
0.0	0.0	0.0	0.05818871957419944	0.0	0.1425520674032169	0.0	0.0	0.0	-0.9607859236614358
-0.6322594989859391	0.0	0.0	0.0	0.0	0.0	0.0	0.0	0.0	0.0
0.0	-1.1542154906549646	0.0	0.0	0.0	0.0	0.0	0.0	0.0	0.0
0.0	0.0	-0.8612059799801823	0.0678088265912863	0.0	0.0	0.052290989980493134	0.0	0.0	0.0
0.0	0.0	-0.5300324584947881	0.7708540792684472	0.0	0.0	0.0	0.0	0.0	-0.6085062246047481
0.0	0.0	0.0	0.0	-0.46388123300772244	0.0	-0.22381215805930949	0.0	0.0	0.0
0.0	0.0	0.0	0.0	0.0	0.26000084536798973	0.09510523228580632	0.17909989196271983	-0.4224627581157459	-0.5463916576202725
0.0	0.0	-0.12980594627408581	0.0	-0.8093279325423826	-0.2687422021586862	0.2726650072484737	0.0	0.0	0.0
0.0	0.0	0.0	0.0	0.0	-0.46479779713914376	0.0	-1.9763584050710294	0.0	0.0
0.0	0.0	0.0	0.0	0.0	-0.25695368052293666	0.0	0.0	-1.093738641418018	0.0
0.0	0.0	0.0	0.05139997875306091	0.0	0.1259208535494066	0.0	0.0	0.0	-0.5058065167715537
-1.4914619904308253	0.0	0.0	0.0	0.0	0.0	0.0	0.0	0.0	0.0
0.0	-1.590614344818781	0.0	0.0	0.0	0.0	0.0	0.0	0.0	0.0
0.0	0.0	-0.7604086303340852	0.06602637221835286	0.0	0.0	0.05091644468246661	0.0	0.0	0.0
0.0	0.0	-0.5446423161851233	0.5816416795772008	0.0	0.0	0.0	0.0	0.0	-0.6252791395511368
0.0	0.0	0.0	0.0	-1.1752662076706177	0.0	-0.2714891092171872	0.0	0.0	0.0
0.0	0.0	0.0	0.0	0.0	-0.3598068594150253	0.11554369158201107	0.21758910821145636	-0.5132515368021074	-0.6638132062107641
0.0	0.0	-0.1307034980748825	0.0	-0.8149240840603927	-0.2706004378899544	0.06992241683053158	0.0	0.0	0.0
0.0	0.0	0.0	0.0	0.0	-0.2154071841248371	0.0	0.614406071774477	0.0	0.0
0.0	0.0	0.0	0.0	0.0	-0.24165751373140865	0.0	0.0	-0.9159935199136165	0.0
0.0	0.0	0.0	0.06475887865168298	0.0	0.15864779465957968	0.0	0.0	0.0	-1.3607290735069557
-0.07387322488658611	0.0	0.0	0.0	0.0	0.0	0.0	0.0	0.0	0.0
0.0	-1.073464961711351	0.0	0.0	0.0	0.0	0.0	0.0	0.0	0.0
0.0	0.0	-1.3489415748532474	0.0763033875635347	0.0	0.0	0.05884159740164574	0.0	0.0	0.0
0.0	0.0	-0.4682483329158888	0.7335642762289633	0.0	0.0	0.0	0.0	0.0	-0.5375746724064379
0.0	0.0	0.0	0.0	0.27213397108917436	0.0	-0.1776752371810616	0.0	0.0	0.0
0.0	0.0	0.0	0.0	0.0	0.750807510095373	0.0712738664069654	0.13422123542994513	-0.316602498728701	-0.4094774291079638
0.0	0.0	-0.10578445442768945	0.0	-0.6595561779297138	-0.21900959126344663	0.7377353772045292	0.0	0.0	0.0
0.0	0.0	0.0	0.0	0.0	-0.37831455654775736	0.0	-0.9558028147065067	0.0	0.0
0.0	0.0	0.0	0.0	0.0	-0.18917053429522165	0.0	0.0	-0.04774262201021085	0.0
0.0	0.0	0.0	0.05436214081643876	0.0	0.13317762649797513	0.0	0.0	0.0	-0.7374839661749343
-1.6739675960992735	0.0	0.0	0.0	0.0	0.0	0.0	0.0	0.0	0.0
0.0	-1.6297865601929165	0.0	0.0	0.0	0.0	0.0	0.0	0.0	0.0
0.0	0.0	0.14901155897414475	0.049642290135358	0.0	0.0	0.038281808233064374	0.0	0.0	0.0
0.0	0.0	-0.5165601606728609	0.8330962288290773	0.0	0.0	0.0	0.0	0.0	-0.5930392905463081
0.0	0.0	0.0	0.0	-1.2343589457717956	0.0	-0.27457109278824726	0.0	0.0	0.0
0.0	0.0	0.0	0.0	0.0	-0.032425290454417555	0.10272539669822427	0.19345000278418198	-0.45631195439646405	-0.5901704715148416
0.0	0.0	-0.13713547439257223	0.0	-0.8550268547328995	-0.28391680381512274	0.047730482295757375	0.0	0.0	0.0
0.0	0.0	0.0	0.0	0.0	-0.4404216712164926	0.0	-1.745339515464322	0.0	0.0
0.0	0.0	0.0	0.0	0.0	-0.27498847331083137	0.0	0.0	-1.3749318680693587	0.0
0.0	0.0	0.0	0.06127411923611652	0.0	0.1501107506633051	0.0	0.0	0.0	-1.1494179239970372
-0.9781530002580874	0.0	0.0	0.0	0.0	0.0	0.0	0.0	0.0	0.0
0.0	-0.5195419228342564	0.0	0.0	0.0	0.0	0.0	0.0	0.0	0.0
0.0	0.0	-1.6598658228369259	0.08211126966955141	0.0	0.0	0.06332036396170049	0.0	0.0	0.0
0.0	0.0	-0.5667584090481564	0.590701429562837	0.0	0.0	0.0	0.0	0.0	-0.6506696226345888
0.0	0.0	0.0	0.0	-0.4151369330042973	0.0	-0.22332297295352402	0.0	0.0	0.0
0.0	0.0	0.0	0.0	0.0	0.40486506951702417	0.09695255772702444	0.18257873091816104	-0.43066868098956934	-0.5570047772744886
0.0	0.0	-0.1096413197620183	0.0	-0.683603372505344	-0.22699460668938443	0.479221077117523	0.0	0.0	0.0
0.0	0.0	0.0	0.0	0.0	-0.3085206431598317	0.0	-0.3095976184229221	0.0	0.0
0.0	0.0	0.0	0.0	0.0	-0.12489544894827793	0.0	0.0	0.8351015516127284	0.0
0.0	0.0	0.0	0.05036194028703745	0.0	0.1233778429717805	0.0	0.0	0.0	-0.43180317303266547
-1.422251378697845	0.0	0.0	0.0	0.0	0.0	0.0	0.0	0.0	0.0
0.0	-1.6824630286285729	0.0	0.0	0.0	0.0	0.0	0.0	0.0	0.0
0.0	0.0	0.03158240833012149	0.051660499212749546	0.0	0.0	0.03983815651321561	0.0	0.0	0.0
0.0	0.0	-0.5289974235466778	0.8654932100519794	0.0	0.0	0.0	0.0	0.0	-0.6073179479275099
0.0	0.0	0.0	0.0	-1.4052768017779895	0.0	-0.2882747470517541	0.0	0.0	0.0
0.0	0.0	0.0	0.0	0.0	-0.0022517862208382144	0.11026960803771431	0.20765708060074328	-0.4898237628815236	-0.6335129253436074
0.0	0.0	-0.12107585878628944	0.0	-0.7548966536971632	-0.25066796901412364	0.17184423773750113	0.0	0.0	0.0
0.0	0.0	0.0	0.0	0.0	-0.44858164595213423	0.0	-1.8625508776939872	0.0	0.0
0.0	0.0	0.0	0.0	0.0	-0.2101531033264848	0.0	0.0	-0.4429356656879187	0.0
0.0	0.0	0.0	0.05623066488568697	0.0	0.13775517986249539	0.0	0.0	0.0	-0.8054024034827023
-1.0363720622257464	0.0	0.0	0.0	0.0	0.0	0.0	0.0	0.0	0.0
0.0	-0.4471625018974268	0.0	0.0	0.0	0.0	0.0	0.0	0.0	0.0
0.0	0.0	-1.3601373381612325	0.07701837944425378	0.0	0.0	0.05939296564012252	0.0	0.0	0.0
0.0	0.0	-0.6945278619367706	0.22389005410592744	0.0	0.0	0.0	0.0	0.0	-0.7973559361819872
0.0	0.0	0.0	0.0	0.15378841869562931	0.0	-0.1837144939227083	0.0	0.0	0.0
0.0	0.0	0.0	0.0	0.0	-0.39516769223303105	0.11367120899628737	0.21406289392497657	-0.504933864486127	-0.6530555555611756
0.0	0.0	-0.11962883981557997	0.0	-0.7458746257737189	-0.24767215044096869	0.45004320567136197	0.0	0.0	0.0
0.0	0.0	0.0	0.0	0.0	-0.22120600743516317	0.0	0.5596850404180799	0.0	0.0
0.0	0.0	0.0	0.0	0.0	-0.26080483097581875	0.0	0.0	-1.1920353480547339	0.0
0.0	0.0	0.0	0.06721592039062704	0.0	0.1646671121861639	0.0	0.0	0.0	-1.5131322160359701
-1.4085586634975191	0.0	0.0	0.0	0.0	0.0	0.0	0.0	0.0	0.0
0.0	-2.5007627593380555	0.0	0.0	0.0	0.0	0.0	0.0	0.0	0.0
0.0	0.0	0.34467734299249403	0.04606788645710044	0.0	0.0	0.035525395590023275	0.0	0.0	0.0
0.0	0.0	-0.5559045943989334	0.8556275940819008	0.0	0.0	0.0	0.0	0.0	-0.6382088503386533
0.0	0.0	0.0	0.0	-1.2357546671053057	0.0	-0.27691606403359803	0.0	0.0	0.0
0.0	0.0	0.0	0.0	0.0	0.5514950554249576	0.08014304550553576	0.15092346074577595	-0.3559998880641746	-0.46043199125903245
0.0	0.0	-0.12084262181136016	0.0	-0.7534424429762351	-0.25018508960785224	0.29460744653048443	0.0	0.0	0.0
0.0	0.0	0.0	0.0	0.0	-0.40600547186098807	0.0	-1.2874655847506802	0.0	0.0
0.0	0.0	0.0	0.0	0.0	-0.19726039825662936	0.0	0.0	-0.18618673745408465	0.0
0.0	0.0	0.0	0.058165941491595693	0.0	0.14249626513105135	0.0	0.0	0.0	-0.9700790073210149
-1.01336008539989	0.0	0.0	0.0	0.0	0.0	0.0	0.0	0.0	0.0
0.0	0.7458017708596305	0.0	0.0	0.0	0.0	0.0	0.0	0.0	0.0
0.0	0.0	-0.841890482659229	0.0675229438623957	0.0	0.0	0.052070530614603816	0.0	0.0	0.0
0.0	0.0	-0.6690449521668262	0.5552184513693714	0.0	0.0	0.0	0.0	0.0	-0.7681001633183999
0.0	0.0	0.0	0.0	-0.9012563038274175	0.0	-0.256727943117556	0.0	0.0	0.0
0.0	0.0	0.0	0.0	0.0	-0.12720390630177947	0.11141063118608806	0.20980582802177455	-0.4948922514888306	-0.6400682484781905
0.0	0.0	-0.10428160405603669	0.0	-0.6501860464440417	-0.21589818281116996	0.43191453179116973	0.0	0.0	0.0
0.0	0.0	0.0	0.0	0.0	-0.37820399272405913	0.0	-1.1131649586000463	0.0	0.0
0.0	0.0	0.0	0.0	0.0	-0.2574276197595705	0.0	0.0	-1.1374963987446924	0.0
0.0	0.0	0.0	0.05281393444069662	0.0	0.12938479480750534	0.0	0.0	0.0	-0.5666384480358373
-1.5677828174254558	0.0	0.0	0.0	0.0	0.0	0.0	0.0	0.0	0.0
0.0	-1.376476396362805	0.0	0.0	0.0	0.0	0.0	0.0	0.0	0.0
0.0	0.0	-1.46917030892519	0.07882319369533711	0.0	0.0	0.06078475382853774	0.0	0.0	0.0
0.0	0.0	-0.6556815640274938	0.41835940425995377	0.0	0.0	0.0	0.0	0.0	-0.7527582635266666
0.0	0.0	0.0	0.0	-0.6243781780616925	0.0	-0.23764961289204098	0.0	0.0	0.0
0.0	0.0	0.0	0.0	0.0	0.3678981975594368	0.08254064679821901	0.15543856598413763	-0.3666501670301618	-0.4742065156793595
0.0	0.0	-0.10771011144427876	0.0	-0.6715624692958366	-0.22299635244114974	0.5005053195125986	0.0	0.0	0.0
0.0	0.0	0.0	0.0	0.0	-0.3134130140117978	0.0	-0.30507592307008813	0.0	0.0
0.0	0.0	0.0	0.0	0.0	-0.25178052154257957	0.0	0.0	-0.9896431300877938	0.0
0.0	0.0	0.0	0.05595236912630937	0.0	0.1370734044919575	0.0	0.0	0.0	-0.8124983440869373
-1.2294688890275156	0.0	0.0	0.0	0.0	0.0	0.0	0.0	0.0	0.0
0.0	-0.7625193754795349	0.0	0.0	0.0	0.0	0.0	0.0	0.0	0.0
0.0	0.0	-0.3372754711786965	0.05843184209536167	0.0	0.0	0.045059898882588136	0.0	0.0	0.0
0.0	0.0	-0.5718165451950975	0.7566350357291938	0.0	0.0	0.0	0.0	0.0	-0.6564766393200439
0.0	0.0	0.0	0.0	-1.4102851162439984	0.0	-0.28769049076288744	0.0	0.0	0.0
0.0	0.0	0.0	0.0	0.0	0.39279015844408716	0.08676862190253178	0.16340058727575163	-0.38543106878375805	-0.4984967704855345
0.0	0.0	-0.12774000254111872	0.0	-0.7964469666225268	-0.2644650000406785	0.14148818602017388	0.0	0.0	0.0
0.0	0.0	0.0	0.0	0.0	-0.4403109830610373	0.0	-1.68112204879196	0.0	0.0
0.0	0.0	0.0	0.0	0.0	-0.24392576360196908	0.0	0.0	-0.8842160570003162	0.0
0.0	0.0	0.0	0.05482003284172024	0.0	0.13429938094332064	0.0	0.0	0.0	-0.7391222460701937
