-0.009914161179765485	0.0	0.048238260933918836	0.0	0.0
0.0	-0.023899538728355044	0.0	0.01380496197800569	0.0
-0.10180906281661956	0.0	0.08550394161036812	0.0	0.026284387496891097
0.0	-0.012292680604503064	0.0	0.07833461860973387	0.005604719223624886
0.0	0.0	-0.13876342004396622	-0.31231422711744566	-0.7265126244085611
-0.00689703650580821	0.0	0.04411067789495258	0.0	0.0
0.0	-0.02132194746940721	0.0	0.012541086096030146	0.0
-0.10521881777343853	0.0	0.09463195491372478	0.0	0.024710441971083637
0.0	-0.012979994900308031	0.0	0.08224226424970567	0.005401501890409537
0.0	0.0	-0.14089893619009072	-0.31712062403719854	-0.8477926286472832
0.008246939534149664	0.0	0.03885722347360522	0.0	0.0
0.0	-0.016746354463653898	0.0	0.01118103355748936	0.0
-0.12233353888984048	0.0	0.10049845425887836	0.0	0.030838491030075046
0.0	-0.014200076041459628	0.0	0.08254843585559338	0.006100472508020023
0.0	0.0	-0.1408651530627046	-0.31704458849904404	-0.8496252326146156
0.01070228419896406	0.0	0.03876211606951547	0.0	0.0
0.0	-0.01564824402021487	0.0	0.011038855067272289	0.0
-0.12510840719866945	0.0	0.10626991810205375	0.0	0.02758039047901543
0.0	-0.014492887015087951	0.0	0.08711753151847097	0.00542157305548564
0.0	0.0	-0.14357515300649815	-0.323143973608362	-1.0230400452367396
0.013620396825440903	0.0	0.04161715641489706	0.0	0.0
0.0	-0.013710345871581833	0.0	0.011797929809020549	0.0
-0.12840626528142307	0.0	0.10002452058168645	0.0	0.031067642201507564
0.0	-0.015009627245621304	0.0	0.08450006871044471	0.006156725715758935
0.0	0.0	-0.14213076209742712	-0.31989308925945326	-0.9287711441103933
0.02343579855524514	0.0	0.036142791505231316	0.0	0.0
0.0	-0.005812198398348899	0.0	0.010658340884294668	0.0
-0.13949898378598274	0.0	0.10502220896914741	0.0	0.036526364388163944
0.0	-0.017115667002655845	0.0	0.0838526782127231	0.007648174930893442
0.0	0.0	-0.14156183369439063	-0.31861260457247154	-0.8972423408122757
0.03207384123834078	0.0	0.037511102036611656	0.0	0.0
0.0	-0.0016477370111610684	0.0	0.00925672528524054	0.0
-0.14926112888728799	0.0	0.10085396235618015	0.0	0.04363267495804614
0.0	-0.01822611996365415	0.0	0.08212892082068078	0.00896188375065536
0.0	0.0	-0.14030736695152093	-0.3157891817199665	-0.8264207646865986
0.03128275774911235	0.0	0.03979161430499793	0.0	0.0
0.0	-0.0024575122021614627	0.0	0.009244800200602163	0.0
-0.148367098596814	0.0	0.09834434606078091	0.0	0.04311805283969752
0.0	-0.018010193538845448	0.0	0.08218623503510047	0.008788205211013438
0.0	0.0	-0.1403397435240518	-0.31586205153121427	-0.8278406549875273
0.03810530196080247	0.0	0.043606929212874096	0.0	0.0
0.0	-0.004262067404355183	0.0	0.009485039308563278	0.0
-0.1560774872806912	0.0	0.09120571715662465	0.0	0.05037363124845774
0.0	-0.01752900918359463	0.0	0.0798607256486312	0.009035280790221105
0.0	0.0	-0.13898722092677798	-0.31281793479286485	-0.7548679420580094
0.0357250527037464	0.0	0.0445442068746985	0.0	0.0
0.0	-0.006912508583684196	0.0	0.008911033610488452	0.0
-0.15338748683995154	0.0	0.08430081696269617	0.0	0.05585979884713839
0.0	-0.016822269468203675	0.0	0.07533726344873531	0.009724237562361895
0.0	0.0	-0.13619029820376388	-0.3065229129616891	-0.6148895834521354
0.05280250485268398	0.0	0.04858236517401806	0.0	0.0
0.0	4.059637429416896e-5	0.0	0.0093201220224047	0.0
-0.17268729490466234	0.0	0.08030127363056377	0.0	0.06844892919837874
0.0	-0.01867631379011128	0.0	0.07567947318177454	0.011219149346442478
0.0	0.0	-0.13646020653491092	-0.30713039447092283	-0.6359615845134786
0.06483692294549778	0.0	0.03942747116836631	0.0	0.0
0.0	0.005469367932138869	0.0	0.008019531995289916	0.0
-0.18628779908620907	0.0	0.09804829971574414	0.0	0.06699164125935324
0.0	-0.02012389485534547	0.0	0.08194689111903969	0.010611429764562816
0.0	0.0	-0.1400011947766905	-0.31510008133517686	-0.8220052476693147
0.06532150384154597	0.0	0.04037839783702695	0.0	0.0
0.0	0.006109957292051743	0.0	0.007272254900338528	0.0
-0.18683544039733624	0.0	0.09310942294798746	0.0	0.07386927452559595
0.0	-0.020294707905428668	0.0	0.07905479061482848	0.01178803897422829
0.0	0.0	-0.1381523202332895	-0.31093882742635526	-0.724933438577418
0.05753996931419034	0.0	0.049712585388274146	0.0	0.0
0.0	0.005177507725252689	0.0	0.007681692915859654	0.0
-0.17804126422180955	0.0	0.07072441691764683	0.0	0.08667550521866893
0.0	-0.02004607037798774	0.0	0.06947671483745699	0.014948444372877984
0.0	0.0	-0.13248918285648334	-0.2981928287161999	-0.47303057834980816
0.04816279096048248	0.0	0.05271415535375345	0.0	0.0
0.0	0.001999617394243841	0.0	0.009483912630756578	0.0
-0.16744379682229577	0.0	0.059575473168702965	0.0	0.08973821449852543
0.0	-0.019198686430893532	0.0	0.0627907390827957	0.016265833013250353
0.0	0.0	-0.12877786307988112	-0.2898397774059342	-0.33619832622772916
0.03519325808824639	0.0	0.057462457070641196	0.0	0.0
0.0	-0.0027379032847371083	0.0	0.009965688431870807	0.0
-0.1527864877026396	0.0	0.06381428313416773	0.0	0.06294590485528544
0.0	-0.01793542730164571	0.0	0.07034629510877319	0.012124468862721423
0.0	0.0	-0.13337350490339905	-0.30018316850832877	-0.49458202168766174
0.03679989013706201	0.0	0.06307058083574159	0.0	0.0
0.0	-0.0021991984808397425	0.0	0.010698657044849036	0.0
-0.15460219708963288	0.0	0.06529127243430208	0.0	0.05424182714248758
0.0	-0.01807907285120759	0.0	0.07640278533396361	0.010358531791544402
0.0	0.0	-0.1371126484692651	-0.30859884270030696	-0.6602047719273192
0.04903324593574088	0.0	0.052713243944864825	0.0	0.0
0.0	0.0034482669884711437	0.0	0.008528884812092463	0.0
-0.16842752752198945	0.0	0.0840667132958247	0.0	0.05360015613453008
0.0	-0.019584968612860163	0.0	0.08263756518788742	0.009912794146374429
0.0	0.0	-0.14049550175218087	-0.3162126158991139	-0.8435540375392647
0.057543057932118225	0.0	0.05029358030211362	0.0	0.0
0.0	0.0077303595485068155	0.0	0.009994222287676257	0.0
-0.1780447547737182	0.0	0.08211764177200548	0.0	0.06669155250712501
0.0	-0.020726787907232685	0.0	0.0784999407857894	0.012134387988826658
0.0	0.0	-0.1382545689939623	-0.3111689582681371	-0.7273641533866371
0.04939716130342282	0.0	0.06849450363121615	0.0	0.0
0.0	0.016999723365656347	0.0	0.007827447861186842	0.0
-0.16883880062565887	0.0	0.06295970541950197	0.0	0.058263772488470145
0.0	-0.02319846228245723	0.0	0.08020694652647639	0.014189417138844673
0.0	0.0	-0.1389299396675606	-0.3126890121114036	-0.7624426111180556
0.04195298552601193	0.0	0.07634013246650218	0.0	0.0
0.0	0.02863705488047215	0.0	0.006678428089810012	0.0
-0.16042588501910351	0.0	0.058548542456753755	0.0	0.047607795542864435
0.0	-0.026301554864490394	0.0	0.08407769115600658	0.01604815860236705
0.0	0.0	-0.1410617030873066	-0.3174869627861872	-0.8829600972763848
0.05735988024720388	0.0	0.05717446594846302	0.0	0.0
0.0	0.028105915406514997	0.0	0.006503872494424539	0.0
-0.17783773945727913	0.0	0.07094055574941174	0.0	0.07190264523676332
0.0	-0.026159926608943743	0.0	0.07671003103514411	0.019764504678381867
0.0	0.0	-0.13662743226830926	-0.3075067687031514	-0.6572762105347013
0.05787166784028556	0.0	0.05718315641512962	0.0	0.0
0.0	0.03633098346519887	0.0	0.005308325781856474	0.0
-0.1784161279797726	0.0	0.05517304086953362	0.0	0.10010734039617679
0.0	-0.02835313968765733	0.0	0.06442266858338533	0.032155581849225706
0.0	0.0	-0.1290879723062742	-0.29053773889558504	-0.37346175811899884
0.058160494910443256	0.0	0.0678417977260173	0.0	0.0
0.0	0.04064063929026311	0.0	0.004926346472144873	0.0
-0.17874254125086958	0.0	0.0420240481961989	0.0	0.10258785110069145
0.0	-0.029502308722229125	0.0	0.06364188289755236	0.03575851033311616
0.0	0.0	-0.12856008476850925	-0.28934962470591064	-0.36100094088020884
0.04780918369594114	0.0	0.07681173518976732	0.0	0.0
0.0	0.044056140266235805	0.0	0.004668328143470676	0.0
-0.16704417325571122	0.0	0.03247076248518513	0.0	0.08912294212162389
0.0	-0.03041305150969501	0.0	0.06417783939726457	0.03785855040529067
0.0	0.0	-0.1288394803231217	-0.2899784590678138	-0.36712744102232536
0.05921773329515467	0.0	0.08363081054682454	0.0	0.0
0.0	0.055798924444875775	0.0	0.0037770809329135766	0.0
-0.17993736221863582	0.0	0.00842488006771519	0.0	0.1370495977542547
0.0	-0.033544263027624414	0.0	0.05134395911989989	0.06412704873909843
0.0	0.0	-0.12102168911057959	-0.27238299032297414	-0.18800976411168413
0.04620604153697583	0.0	0.08845846022046344	0.0	0.0
0.0	0.06489610808283	0.0	0.0031656529990515257	0.0
-0.16523240791164018	0.0	-0.0035632066577644395	0.0	0.12922222518206444
0.0	-0.03597002558568074	0.0	0.04628123944811233	0.08651616513660343
0.0	0.0	-0.11789628052550027	-0.2653486467880138	-0.13637186497526502
0.024921174477982245	0.0	0.10736603371565077	0.0	0.0
0.0	0.07174401347038636	0.0	0.002985328557932131	0.0
-0.1411776575110063	0.0	-0.03762382443607813	0.0	0.11873889809884153
0.0	-0.03779601845900721	0.0	0.03617530094005694	0.12200748519871912
0.0	0.0	-0.11182338648864469	-0.25168041054184914	-0.0481422494100642
0.01627920078315312	0.0	0.10997646012660257	0.0	0.0
0.0	0.06532660425030404	0.0	0.004118864719910483	0.0
-0.1314110698399726	0.0	-0.028806838784468325	0.0	0.08894091199570123
0.0	-0.036084817319694824	0.0	0.045286737386859864	0.08860603995434592
0.0	0.0	-0.11745350667929258	-0.2643520976144465	-0.1094939320149028
0.012886493086440938	0.0	0.13022364442986523	0.0	0.0
0.0	0.06174076150257149	0.0	0.004211082923453431	0.0
-0.12757685576663463	0.0	-0.0710579007551774	0.0	0.11223319794111958
0.0	-0.03512865292610855	0.0	0.029766921771225724	0.10825051513711172
0.0	0.0	-0.10818615788803244	-0.24349411591975237	0.04124757442532126
0.011761131424823323	0.0	0.1339411061417098	0.0	0.0
0.0	0.06371146711860379	0.0	0.003888571809048934	0.0
-0.12630504637240042	0.0	-0.05325758277542647	0.0	0.08026526246795918
0.0	-0.035654141262562264	0.0	0.047454157375041106	0.0820671071589137
0.0	0.0	-0.11871306572697664	-0.2671869816952914	-0.12657580490360867
-0.004518499163923315	0.0	0.16034118601670216	0.0	0.0
0.0	0.06711382254420614	0.0	0.0034489398092924454	0.0
-0.10790688352076264	0.0	-0.07224389804011006	0.0	0.05318989241751952
0.0	-0.036561378791130174	0.0	0.05625083372484962	0.07401370299653667
0.0	0.0	-0.12390405028192987	-0.27887030809892965	-0.24094404378770268
-0.004004140459137982	0.0	0.14744940219275257	0.0	0.0
0.0	0.06901958171501302	0.0	0.004174773298151027	0.0
-0.10848817774382319	0.0	-0.054688356147050504	0.0	0.050876064034324944
0.0	-0.03706954916838062	0.0	0.05844617003000185	0.07335152588234176
0.0	0.0	-0.12533278593246228	-0.2820859572254053	-0.28162674564258183
-0.010338907840624939	0.0	0.1461548804915379	0.0	0.0
0.0	0.07630209928798729	0.0	0.0033168720004688687	0.0
-0.10132904220469097	0.0	-0.05295097813572497	0.0	0.04598783690961391
0.0	-0.03901143131124577	0.0	0.05889444536720334	0.08668681379458555
0.0	0.0	-0.12546407361117232	-0.2823814458339549	-0.30127381667661624
-0.007498687748927299	0.0	0.15005278217233536	0.0	0.0
0.0	0.0770126398904103	0.0	0.003313306535934172	0.0
-0.10453887129121017	0.0	-0.07319747994013356	0.0	0.06247994475068254
0.0	-0.039200896848925526	0.0	0.04622231540190407	0.11473595254725973
0.0	0.0	-0.1178845867583881	-0.2653223276771373	-0.1421475381734642
-0.025551714330545844	0.0	0.1411549031843018	0.0	0.0
0.0	0.07280915355541266	0.0	0.0036979592070231645	0.0
-0.08413653346155704	0.0	-0.05132921550387168	0.0	0.038424347444196524
0.0	-0.03808003789185256	0.0	0.055569723437818186	0.08550343543874671
0.0	0.0	-0.12353640635982056	-0.2780428535193898	-0.23871577484686843
-0.03126104462914005	0.0	0.15268694487793089	0.0	0.0
0.0	0.07252000908335376	0.0	0.0036628222983270584	0.0
-0.07768422558916982	0.0	-0.06390606768448787	0.0	0.034401369959567295
0.0	-0.03800293756475097	0.0	0.0559438121992516	0.0842607452025291
0.0	0.0	-0.12375453696279783	-0.2785337991206003	-0.2414080592883748
-0.0345250586286374	0.0	0.15746072341049705	0.0	0.0
0.0	0.07368693697298812	0.0	0.003829821285423194	0.0
-0.07399545262927913	0.0	-0.0569020086219138	0.0	0.025820579283177787
0.0	-0.03831409869937035	0.0	0.06581853646089603	0.0691435294726801
0.0	0.0	-0.1296870218091042	-0.29188601701111555	-0.4091741914541982
-0.03458591025994317	0.0	0.17758632826305754	0.0	0.0
0.0	0.07091362335831373	0.0	0.0044764271142332685	0.0
-0.07392668213621123	0.0	-0.0764233850045235	0.0	0.024215813461963245
0.0	-0.037574595068800815	0.0	0.06822472109469938	0.060824982454437536
0.0	0.0	-0.13122922612644747	-0.29535704957341213	-0.45492850573221427
-0.04275066177361361	0.0	0.20236080647527982	0.0	0.0
0.0	0.07260365563171389	0.0	0.004145074100747612	0.0
-0.064699419442947	0.0	-0.11964303144970759	0.0	0.02720975955094781
0.0	-0.038025241903455985	0.0	0.056136141852735855	0.08384578950076937
0.0	0.0	-0.12394647326337856	-0.278965789319117	-0.24298406318131216
-0.04513369862437322	0.0	0.20487986390682442	0.0	0.0
0.0	0.07055805770787069	0.0	0.004455505359800154	0.0
-0.06200626864798755	0.0	-0.11769132309380917	0.0	0.023747984119668917
0.0	-0.0374797835451357	0.0	0.05989222990650353	0.07345621385475776
0.0	0.0	-0.12624241248286908	-0.28413324975369425	-0.29715632759306126
-0.05456056594600119	0.0	0.21795429633956095	0.0	0.0
0.0	0.0687025917646458	0.0	0.004881866477936976	0.0
-0.051352646060016605	0.0	-0.12477010259852674	0.0	0.01645307616934609
0.0	-0.03698502384895398	0.0	0.06593620491650404	0.06098270237508997
0.0	0.0	-0.12992517403595263	-0.29242202519425853	-0.4023854143656564
-0.060245211417550515	0.0	0.20779381536794625	0.0	0.0
0.0	0.07228564964727459	0.0	0.0055508043654713185	0.0
-0.04492823534816139	0.0	-0.1182918452977568	0.0	0.015500166062459495
0.0	-0.037940445658706974	0.0	0.061754275166034184	0.07281453036017478
0.0	0.0	-0.12753073556477237	-0.28703287292149093	-0.3342268864096825
-0.07143269219231008	0.0	0.20410387291725077	0.0	0.0
0.0	0.07647253380813708	0.0	0.004895445241341431	0.0
-0.0322848837640122	0.0	-0.11430677014512282	0.0	0.010747239081834968
0.0	-0.039056877648709465	0.0	0.06178098337094351	0.08078407200032543
0.0	0.0	-0.12744219422914446	-0.28683359332175334	-0.33973579690288863
-0.07610663200505557	0.0	0.19403806166105508	0.0	0.0
0.0	0.07441399012957389	0.0	0.005213311484314253	0.0
-0.027002705807647076	0.0	-0.10172944771191669	0.0	0.008652363854229806
0.0	-0.038507967306969336	0.0	0.06265751048996356	0.07515953505202429
0.0	0.0	-0.12801711800219448	-0.2881275717619984	-0.35046415514876045
-0.07997375251560307	0.0	0.1772687068355884	0.0	0.0
0.0	0.07730586749292012	0.0	0.004499288217592955	0.0
-0.0226323417178659	0.0	-0.08656978401894722	0.0	0.007672711390197993
0.0	-0.039279085942107	0.0	0.059814342172649304	0.08643832498988337
0.0	0.0	-0.12620281193962343	-0.28404412098291815	-0.3056848119137519
-0.08019755201216322	0.0	0.17247572945080514	0.0	0.0
0.0	0.08572463032834246	0.0	0.0033788977186028925	0.0
-0.022379418313899068	0.0	-0.08761078486180218	0.0	0.008487144056305945
0.0	-0.04152394770197318	0.0	0.05494692836111797	0.12051342093253353
0.0	0.0	-0.12311304344647987	-0.27708999244816296	-0.2594497780062008
-0.08174379663821195	0.0	0.15496238124750963	0.0	0.0
0.0	0.08731341048736353	0.0	0.003216693709683109	0.0
-0.020631954802154583	0.0	-0.0729123218229559	0.0	0.008472783467083451
0.0	-0.041947595676567966	0.0	0.050915007277558905	0.13711791507938018
0.0	0.0	-0.12067577352985903	-0.27160443962707476	-0.21569804863975878
-0.08307125968886393	0.0	0.15504686889469874	0.0	0.0
0.0	0.0884583735840902	0.0	0.0031151732983711344	0.0
-0.019131743771425822	0.0	-0.0883815318790554	0.0	0.009903771906480284
0.0	-0.04225289990268122	0.0	0.03864309551929215	0.17936308472487847
0.0	0.0	-0.11332002666616722	-0.2550488920924463	-0.10332132830234757
-0.08393772017882481	0.0	0.14921350622115276	0.0	0.0
0.0	0.08835077455450271	0.0	0.00408326831908793	0.0
-0.018152527375088823	0.0	-0.07903943729870003	0.0	0.009000825719695044
0.0	-0.04222420863869842	0.0	0.04058464394764588	0.1717628470271001
0.0	0.0	-0.11463561266908892	-0.25800987579823015	-0.12021700103492905
-0.083284937382999	0.0	0.15413510910143982	0.0	0.0
0.0	0.09405861155842865	0.0	0.0036209324788620966	0.0
-0.018890259359784625	0.0	-0.1100263540647955	0.0	0.013242731927519453
0.0	-0.04374620246037372	0.0	0.02036804862563535	0.28785330612475085
0.0	0.0	-0.1024707859182708	-0.2306305530379838	-0.059618102248438505
-0.08629995454059042	0.0	0.1518260416557561	0.0	0.0
0.0	0.09238620890248309	0.0	0.0032386373700618873	0.0
-0.015482886178712978	0.0	-0.11776230100462096	0.0	0.012174288923533854
0.0	-0.04330025656038538	0.0	0.012193585634661164	0.30946200950557584
0.0	0.0	-0.09752085455984658	-0.21948976401735543	-0.01773650143983818
-0.08654828164644496	0.0	0.1417980780373002	0.0	0.0
0.0	0.0908803195255273	0.0	0.0036153501712891272	0.0
-0.015202243291327943	0.0	-0.12773121379218647	0.0	0.01510155863345206
0.0	-0.04289871139953431	0.0	-0.004948348528675678	0.37378678791237707
0.0	0.0	-0.08732872328764342	-0.19655037840730688	0.015498311969968427
-0.08583273744970955	0.0	0.13507946716316035	0.0	0.0
0.0	0.08826826963479015	0.0	0.004701137164815437	0.0
-0.016010904064514178	0.0	-0.15871179601811594	0.0	0.022971983511640474
0.0	-0.04220220871508918	0.0	-0.03609668331145524	0.49892800533551035
0.0	0.0	-0.06887275751241362	-0.15501161635481045	0.005907408703522021
-0.08817032205630797	0.0	0.1320826800812075	0.0	0.0
0.0	0.09343125139024605	0.0	0.003655858229712058	0.0
-0.013369120392751493	0.0	-0.19219142932497538	0.0	0.025595480021944412
0.0	-0.04357891697214371	0.0	-0.06531108309981588	0.7831179179301737
0.0	0.0	-0.051233578430658636	-0.11531119256762615	-0.26622930264562517
-0.08901223292587043	0.0	0.11951129343216108	0.0	0.0
0.0	0.09060500971411084	0.0	0.005220377085689216	0.0
-0.012417648355328147	0.0	-0.21920247845331498	0.0	0.03156533820574733
0.0	-0.04282530008247423	0.0	-0.09870298155637122	0.956278569911474
0.0	0.0	-0.03151213414634939	-0.07092422352821881	-0.4088645131812532
-0.09023798219932015	0.0	0.1086740162798941	0.0	0.0
0.0	0.08033461002836301	0.0	0.009231127529655714	0.0
-0.011032387515085645	0.0	-0.2196861109262158	0.0	0.030281354564026166
0.0	-0.04008669965343384	0.0	-0.10995741316846848	0.781137597973824
0.0	0.0	-0.02542073339787769	-0.057214334306557965	-0.1485041362058691
-0.09165131753375338	0.0	0.10274183209403984	0.0	0.0
0.0	0.08185528519446938	0.0	0.010176741905059301	0.0
-0.009435129303044203	0.0	-0.22868422017915183	0.0	0.02835647154550956
0.0	-0.040492187442590574	0.0	-0.12277137858132292	0.8937078338387565
0.0	0.0	-0.01790779058566362	-0.040304986532982146	-0.2720161993283871
-0.09369217908430902	0.0	0.09278642216284742	0.0	0.0
0.0	0.07516120235947363	0.0	0.013578181219894285	0.0
-0.007128682423916394	0.0	-0.22525456118614975	0.0	0.022283008139665394
0.0	-0.038707211328234375	0.0	-0.12993540185313468	0.7908473366841849
0.0	0.0	-0.014165600510271686	-0.03188245557523909	-0.11807307378505716
-0.095182820502003	0.0	0.07066615364295868	0.0	0.0
0.0	0.07502293056643941	0.0	0.016142687710083408	0.0
-0.005444057984398233	0.0	-0.20495851743655139	0.0	0.017401040747768853
0.0	-0.0386703411767978	0.0	-0.1343814848453507	0.8098200976185135
0.0	0.0	-0.011915478079791417	-0.026818114788795425	-0.13398410394039795
-0.09632737528430309	0.0	0.0572601305161059	0.0	0.0
0.0	0.07119205598973473	0.0	0.01698978782774403	0.0
-0.004150557793310714	0.0	-0.19657328058601586	0.0	0.013734392654486718
0.0	-0.037648839085314266	0.0	-0.14001965572769298	0.7684203367154592
0.0	0.0	-0.008678507108602603	-0.019532678275713457	-0.06634866188761614
-0.096685960620639	0.0	0.05536157422685826	0.0	0.0
0.0	0.05702564343040201	0.0	0.027576098573015215	0.0
-0.0037453083388987716	0.0	-0.19655018789576195	0.0	0.01252706701947639
0.0	-0.03387136744837408	0.0	-0.14454051793812303	0.5691255987846812
0.0	0.0	-0.007662956745228931	-0.017246983481398092	0.2056043851825994
-0.09732933855233615	0.0	0.05347294084271801	0.0	0.0
0.0	0.04909310831374204	0.0	0.033104188161956996	0.0
-0.003018205110236068	0.0	-0.19150977699921695	0.0	0.00991218171297418
0.0	-0.031756158231734805	0.0	-0.14368978035404617	0.47534928216259015
0.0	0.0	-0.009053368831923125	-0.020376377929106744	0.32882433305131614
-0.09758562469687546	0.0	0.053139967451014944	0.0	0.0
0.0	0.0437248197108778	0.0	0.04490403531112212	0.0
-0.002728567443204971	0.0	-0.18415781534254255	0.0	0.008606366580058767
0.0	-0.030324704936745907	0.0	-0.14125568200004618	0.41007530674251075
0.0	0.0	-0.012390956764899722	-0.027888272601303707	0.4067920672423491
-0.09784599651924605	0.0	0.04943114286553547	0.0	0.0
0.0	0.0318307106331432	0.0	0.06606351172146481	0.0
-0.0024343124130408785	0.0	-0.1620482850180347	0.0	0.0069046152371019425
0.0	-0.027153142658742375	0.0	-0.13256340352715754	0.29161046333369955
0.0	0.0	-0.020964071216153547	-0.04718374408063446	0.5380124926698913
-0.09815329701654421	0.0	0.0443211415112718	0.0	0.0
0.0	0.021272354116496278	0.0	0.09280137847894684	0.0
-0.00208702169517968	0.0	-0.12725049335583466	0.0	0.004922766666778576
0.0	-0.02433775858692519	0.0	-0.1164748067991146	0.1970109808213487
0.0	0.0	-0.03485038536463947	-0.07843761105379146	0.611921217206679
-0.0983830624606166	0.0	0.04244652520085759	0.0	0.0
0.0	0.019905268073501747	0.0	0.0869502305569707	0.0
-0.0018273559715210259	0.0	-0.07259362990397117	0.0	0.0029395690700810702
0.0	-0.023973225312813637	0.0	-0.07288396237703308	0.13084175072664217
0.0	0.0	-0.05998797159454128	-0.13501466725853517	0.5713370523161809
-0.09844600728250837	0.0	0.03439687999346372	0.0	0.0
0.0	0.015249088189964136	0.0	0.09163112126898074	0.0
-0.0017562198927556561	0.0	-0.016252386744653124	0.0	0.001856586830702431
0.0	-0.02273165569362536	0.0	-0.03633686832825539	0.07832326058583348
0.0	0.0	-0.08259246916061337	-0.18589051180379904	0.467203341179982
-0.09851367564122178	0.0	0.03519974034943692	0.0	0.0
0.0	0.016860517237519718	0.0	0.08351957349064985	0.0
-0.001679745584771485	0.0	0.04733034350137716	0.0	0.0008241687272713803
0.0	-0.02316134299071545	0.0	0.01741813056444394	0.03756093064703476
0.0	0.0	-0.11344852692450053	-0.2553381070660542	0.08925816934610457
-0.09841952782432092	0.0	0.029880213985574337	0.0	0.0
0.0	0.015829470224341363	0.0	0.09122100911998239	0.0
-0.0017861452268288134	0.0	0.08471887055500274	0.0	0.0005230679291843594
0.0	-0.022886414470010514	0.0	0.04046594385532393	0.021950891927555255
0.0	0.0	-0.1284611142218709	-0.2891268721262253	-0.29015516254442214
-0.09841395732492436	0.0	0.025869536496234385	0.0	0.0
0.0	0.017622142983257358	0.0	0.09369547376180033	0.0
-0.0017924406371886705	0.0	0.10385913253791476	0.0	0.0003908132713983548
0.0	-0.023364430373667033	0.0	0.051492255680159	0.016943422244849335
0.0	0.0	-0.13545032634017415	-0.30485746150054427	-0.5631483798688182
-0.0981529390874535	0.0	0.022020681549281468	0.0	0.0
0.0	0.024794477545749524	0.0	0.08715250342022113	0.0
-0.0020874262029886596	0.0	0.12029114650657527	0.0	0.00034361031480486615
0.0	-0.02527693223445825	0.0	0.0629027716019796	0.014744081601293155
0.0	0.0	-0.141231245987802	-0.3178685522563422	-0.8689720313675026
-0.09751375076477029	0.0	0.020767891825981516	0.0	0.0
0.0	0.03481563871147275	0.0	0.08509981589360101	0.0
-0.0028097946123627573	0.0	0.1196064111289312	0.0	0.0004881627783198425
0.0	-0.027949073252106892	0.0	0.06176967596360666	0.01892472181668551
0.0	0.0	-0.14022620965674906	-0.3156065213489293	-0.8144399994038208
-0.0970468287776227	0.0	0.019075311288471695	0.0	0.0
0.0	0.034990185256378606	0.0	0.0770731152036135	0.0
-0.0033374789914229147	0.0	0.11707780877031741	0.0	0.0006453658506648951
0.0	-0.027995616060312305	0.0	0.060356838376329686	0.021104890411345667
0.0	0.0	-0.1381011462937517	-0.31082365046278493	-0.6997479305600259
-0.09660100787408286	0.0	0.012543517402031901	0.0	0.0
0.0	0.044884786591876405	0.0	0.05470821493487358	0.0
-0.003841316319995969	0.0	0.12351643155948715	0.0	0.0007601739614081459
0.0	-0.030634009919528974	0.0	0.06556589217588812	0.0262512476551081
0.0	0.0	-0.13764987079620106	-0.3098079666594461	-0.6832768415744639
-0.09655040553592253	0.0	0.010499970706991919	0.0	0.0
0.0	0.042817028424556314	0.0	0.06380548723928361	0.0
-0.003898503739149757	0.0	0.12891074431904273	0.0	0.000718050950630663
0.0	-0.030082642535839636	0.0	0.06560797102097263	0.023439233696498953
0.0	0.0	-0.1391258458270407	-0.3131299372541119	-0.7581307423627671
-0.09622467810183019	0.0	0.008943453863943102	0.0	0.0
0.0	0.044266522839677386	0.0	0.06314710336050382	0.0
-0.004266619363457561	0.0	0.12932375716578456	0.0	0.0008120082574396525
0.0	-0.030469149989162097	0.0	0.0647066812599037	0.024905595478311646
0.0	0.0	-0.13848180722999587	-0.3116804023795309	-0.7251292979240826
-0.09576901492707228	0.0	0.007858842922598393	0.0	0.0
0.0	0.042771125211181184	0.0	0.07272064926363618	0.0
-0.004781579776655503	0.0	0.13461443497953476	0.0	0.0008267989792093717
0.0	-0.030070402451355106	0.0	0.06540583453308188	0.02193024703822006
0.0	0.0	-0.14042671865566397	-0.31605780608237255	-0.8304157215125604
-0.0948548060031895	0.0	0.006389005378509484	0.0	0.0
0.0	0.04235033750687307	0.0	0.0720312368130779	0.0
-0.005814758298141272	0.0	0.13714227520004327	0.0	0.0009870364691207136
0.0	-0.029958199477487176	0.0	0.06628304780795137	0.021286936397032608
0.0	0.0	-0.14084141469603303	-0.3169911606602252	-0.8543532734311422
-0.09400898819159553	0.0	0.0055631887190434525	0.0	0.0
0.0	0.04779039071844541	0.0	0.07088865693577862	0.0
-0.006770645703306255	0.0	0.13888241609447075	0.0	0.0011294447349282147
0.0	-0.0314087887938785	0.0	0.06723320252487985	0.023269731827764224
0.0	0.0	-0.14122746545869752	-0.3178600434358981	-0.8805918290134938
-0.09337635092557828	0.0	0.005461272412576873	0.0	0.0
0.0	0.04439754278215313	0.0	0.07280029969441595	0.0
-0.00748561054128275	0.0	0.13553990464880236	0.0	0.0013619688326991376
0.0	-0.030504086435810308	0.0	0.06395731087279999	0.02365757380706742
0.0	0.0	-0.13957309140544047	-0.31413655093591186	-0.7837181520312908
-0.09113071989345184	0.0	0.004554472460754025	0.0	0.0
0.0	0.0554751800782147	0.0	0.047901173962453435	0.0
-0.010023474358801616	0.0	0.13774271992690415	0.0	0.0017852897103013275
0.0	-0.03345793664417628	0.0	0.07153906666575757	0.028823285737783536
0.0	0.0	-0.14013672455305992	-0.3154051176145133	-0.8231718274287896
-0.08904949541886016	0.0	0.004117033858333861	0.0	0.0
0.0	0.0584678068373054	0.0	0.03924757456812592	0.0
-0.012375536747786107	0.0	0.13575900478985944	0.0	0.0023550249085399866
0.0	-0.034255920089531045	0.0	0.07186408408220568	0.03257639501068742
0.0	0.0	-0.13895105737399338	-0.3127365416415994	-0.7615989250493072
-0.08560388471374586	0.0	0.0032203762101977247	0.0	0.0
0.0	0.06014170234385657	0.0	0.04582319701058281	0.0
-0.016269538305773535	0.0	0.12233971565180815	0.0	0.00429051518161863
0.0	-0.03470226405789395	0.0	0.05856458951864202	0.04626192092886676
0.0	0.0	-0.13204558900968322	-0.2971944339708589	-0.4578666230594124
-0.08417240483018695	0.0	0.0031208073314157765	0.0	0.0
0.0	0.06092087753203826	0.0	0.04376149386776718	0.0
-0.01788730228837676	0.0	0.11498888559939349	0.0	0.005480689885275676
0.0	-0.03491003099685867	0.0	0.05314365735467791	0.05440047909662306
0.0	0.0	-0.12847465551952372	-0.28915734946606947	-0.3366751632663289
-0.08278739045094276	0.0	0.0025330302685584094	0.0	0.0
0.0	0.060998123844130975	0.0	0.04007275019971993	0.0
-0.019452554028106604	0.0	0.11474518833050133	0.0	0.006090092418967678
0.0	-0.034930628713589436	0.0	0.05340088900672785	0.055424197601698706
0.0	0.0	-0.12804022907555618	-0.2881795877544878	-0.323457582327489
-0.08518415585410079	0.0	0.002444474881565908	0.0	0.0
0.0	0.0636300910932042	0.0	0.03856073082484728	0.0
-0.01674388813030949	0.0	0.12677173255353855	0.0	0.004109877537873456
0.0	-0.035632442358440534	0.0	0.06334524055114443	0.0463725314293818
0.0	0.0	-0.13374659109675993	-0.3010228719841495	-0.5284446026159658
-0.0832455678801671	0.0	0.002424919104254711	0.0	0.0
0.0	0.06973522371727221	0.0	0.038013807328965164	0.0
-0.0189347521706344	0.0	0.12329685489228835	0.0	0.005026293873484562
0.0	-0.037260374993508545	0.0	0.06069349496667506	0.057137304120143055
0.0	0.0	-0.1320734193241742	-0.29725707153887176	-0.4739708647244086
-0.08220842505398081	0.0	0.002125505810513747	0.0	0.0
0.0	0.06522337238433532	0.0	0.040256933818181365	0.0
-0.020106862465924115	0.0	0.10468371939340353	0.0	0.007603433412435673
0.0	-0.03605729055919057	0.0	0.04493415555174585	0.07327181134724156
0.0	0.0	-0.12300583778221214	-0.27684870512497806	-0.19240808733708847
-0.08113122318467182	0.0	0.0024987500818075643	0.0	0.0
0.0	0.06507205577716718	0.0	0.0509873807185999	0.0
-0.021324244844940447	0.0	0.1207792082391435	0.0	0.005984211638766401
0.0	-0.03601694201015731	0.0	0.05528672749460409	0.05400067946559456
0.0	0.0	-0.1309087430368102	-0.29463573967479073	-0.42472255484280147
-0.07527419665940531	0.0	0.0026368403257759987	0.0	0.0
0.0	0.06807972790975034	0.0	0.048779838472377594	0.0
-0.027943469234018657	0.0	0.12698564115836827	0.0	0.0070251606713199475
0.0	-0.03681893730194086	0.0	0.06096536299168012	0.0507392611887679
0.0	0.0	-0.13395295532582924	-0.3014873350586835	-0.5446312128544398
-0.07284537736825028	0.0	0.0028233030209684823	0.0	0.0
0.0	0.07155418116649695	0.0	0.04844987191512492	0.0
-0.030688360318141834	0.0	0.12436902646558128	0.0	0.008178095636255071
0.0	-0.03774539970562035	0.0	0.05912863902142659	0.05777505302118575
0.0	0.0	-0.13280182951045155	-0.2988965011830792	-0.5059392702723929
-0.06717481669450934	0.0	0.002337592459871925	0.0	0.0
0.0	0.07218862045537869	0.0	0.05629206627954486	0.0
-0.037096853322135186	0.0	0.11898931231252872	0.0	0.011345155355918743
0.0	-0.03791457284024945	0.0	0.052294613442301435	0.06599223321469638
0.0	0.0	-0.12996520341040982	-0.2925121191335808	-0.40815165421091093
-0.062329312356438564	0.0	0.002089464448256091	0.0	0.0
0.0	0.06692369242667268	0.0	0.06745375406563076	0.0
-0.042572922169285043	0.0	0.11555105604679602	0.0	0.014213321854390445
0.0	-0.0365106806257829	0.0	0.0463434118642794	0.06276883235998806
0.0	0.0	-0.12818595856815587	-0.28850758049086656	-0.3421965895818351
-0.05330774352830848	0.0	0.0016823048957693065	0.0	0.0
0.0	0.06605285643357717	0.0	0.06876922118332614	0.0
-0.052768503179085775	0.0	0.117314328337874	0.0	0.017758505519379946
0.0	-0.03627847234788845	0.0	0.04703514474192322	0.060069262791542004
0.0	0.0	-0.12880945574240774	-0.28991088287433825	-0.3618278257991615
-0.054483974354139604	0.0	0.0016273621489271098	0.0	0.0
0.0	0.05922621609226314	0.0	0.07651050457829185	0.0
-0.0514392048165224	0.0	0.1132558227723269	0.0	0.018605975679306306
0.0	-0.03445814979573203	0.0	0.041674454183952464	0.05588778249525506
0.0	0.0	-0.1268379054402916	-0.2854735231679152	-0.2901505014244114
-0.05541368838366862	0.0	0.001881105017308616	0.0	0.0
0.0	0.06225335882194529	0.0	0.08537447727732088	0.0
-0.05038850344910003	0.0	0.11279021849377882	0.0	0.018223566688190265
0.0	-0.03526533691910934	0.0	0.03916780460200678	0.05983860222670559
0.0	0.0	-0.12675233686004814	-0.2852809343358165	-0.29251412034321844
-0.0568483821926025	0.0	0.0018274989353754673	0.0	0.0
0.0	0.062097826813121926	0.0	0.08736043467353108	0.0
-0.048767107300390855	0.0	0.12431135584030892	0.0	0.01408264623800757
0.0	-0.035223864333900776	0.0	0.0478066936165186	0.04786615072975885
0.0	0.0	-0.13223577882753934	-0.29762249336828894	-0.47234316274213617
-0.04448706466779601	0.0	0.001830765287798889	0.0	0.0
0.0	0.058649364240482886	0.0	0.0984073054196265	0.0
-0.06273705162083523	0.0	0.1397665581608518	0.0	0.013484501516188413
0.0	-0.03430433234197019	0.0	0.05722816229275471	0.03161049523253125
0.0	0.0	-0.13963227441654258	-0.31426975388208456	-0.803572023642498
-0.04613578662655831	0.0	0.001646721628510762	0.0	0.0
0.0	0.06481088254228742	0.0	0.07794431296131688	0.0
-0.0608737749986158	0.0	0.12842104802186668	0.0	0.01686674921090672
0.0	-0.03594730020896352	0.0	0.05344181265195777	0.046849765948751655
0.0	0.0	-0.13410435995272263	-0.30182810079518113	-0.5506958599887392
