0.9211783163579724	1.2542122464330333e-8	0.036746943858607634	-9.884622961415989e-7	2.3374107669894447e-5
1.1517282818770957e-7	1.0184453975792944	-7.50908272322446e-5	0.046762443887378324	0.0006613296545914978
-0.006239911696537879	1.3885614767693288e-6	1.140196912141727	-8.093590173678753e-5	0.0012170119835853894
9.885045353718398e-6	-0.05092567142972896	-0.004766532402814433	1.059143109495712	0.02603409902794894
0.0007459080502671387	0.0022982076026721665	-0.22871144129329235	-0.08307574576587233	0.43774934658158515
0.9227425412785922	1.20584336283779e-8	0.03406834097303003	-9.404809647365889e-7	2.191219459051913e-5
9.6653586391382e-8	1.019385704411294	-5.743655393079805e-5	0.037864706320786146	0.0004989575020667679
-0.00684581204370105	1.4399097908168994e-6	1.1441121151854874	-8.293018881657093e-5	0.001222229624077398
1.0259491309487978e-5	-0.051532751848754235	-0.00450209325239827	1.0666814504464557	0.024139632177975257
0.0008077003886768358	0.0022945678079478436	-0.22420393767447744	-0.08156789339080121	0.40700395092255837
0.9254748084687513	1.4565214899789607e-8	0.03517900111890156	-1.172859459364146e-6	2.757586884675199e-5
1.3234061938460426e-7	1.0165197880004138	-6.835589560959775e-5	0.045612756016085276	0.0005981573253211504
-0.007884154753461702	1.686053487609182e-6	1.142024205754304	-0.00010033171715893396	0.0014963390834725808
1.1637662697790792e-5	-0.049811525033520196	-0.004442080243098312	1.0609050382160787	0.024057585107354576
0.0009367589996642392	0.0022363399834756763	-0.22680731248533015	-0.08236276339828327	0.4243001812425823
0.9274481772277944	1.2408182750538437e-8	0.035526504098229966	-1.0725120132604226e-6	2.4333946473875588e-5
1.209717717610883e-7	1.0098714334937289	-5.661461337072137e-5	0.05223384976662581	0.00047675567856144817
-0.008667694122144846	1.4167844729273335e-6	1.149595636682536	-9.009523308486011e-5	0.0012800207459303288
9.210965830145842e-6	-0.04601285500006641	-0.003171419673181422	1.0631983084311418	0.016295498122140338
0.0009923899026313947	0.001994296847098752	-0.21396152951831773	-0.07738101519308929	0.3453981451804449
0.9304011549230378	1.4115581282585525e-8	0.030771345160279205	-1.1926098558098525e-6	2.77191401428481e-5
1.8675855146800492e-7	1.0118896068629297	-7.779880684230869e-5	0.060742250525155694	0.000669835407923778
-0.009777950789295359	1.8684977196902538e-6	1.1466778396755826	-0.00011642395501291428	0.0017088227162600673
1.224352515282346e-5	-0.04713214798014059	-0.00376139607245754	1.0544608220064173	0.019918738565774165
0.0011452542876234267	0.002091744054616991	-0.2221865755181573	-0.08016336145611963	0.393033943274361
0.9317884749118867	1.323114762793575e-8	0.03259554423758207	-1.0681656582689058e-6	2.3826098243515267e-5
1.6490705090788788e-7	1.0149711956532248	-6.461584147801017e-5	0.05941693669790362	0.0005338493418075671
-0.010347632432210997	1.6458113415370205e-6	1.1544578034177801	-9.744321148757746e-5	0.0013513890923910145
1.1002742634417043e-5	-0.04910558515195357	-0.003161776559800017	1.0617487358365338	0.015794034627988687
0.0011579927426437736	0.002081756410772774	-0.2068952699901771	-0.07452185416807082	0.30694017444785493
0.9323809175991212	1.4515724079845879e-8	0.027990091961816677	-1.2218829263969597e-6	2.867252569522113e-5
2.466092598018676e-7	1.0120743751032686	-9.557951349546852e-5	0.07093268160003967	0.0008288644246559854
-0.010526579062518186	2.1158119769383935e-6	1.146051996678415	-0.00013142827534217772	0.0019537575438392236
1.3818082733962553e-5	-0.04721651130369087	-0.003952064918138626	1.0471334825688272	0.02112521797192534
0.0012416707137522741	0.0021127753020809964	-0.22497187291363385	-0.08089533796851944	0.4100444496362912
0.9323566595184233	1.1131894073933757e-8	0.024269381026158728	-9.907170941294945e-7	2.303941088680843e-5
2.6732814605912904e-7	1.0070293263515455	-0.00010345106523237078	0.08957710515951858	0.0008847251960782782
-0.010528951135305008	1.8688986718489353e-6	1.1499953319814828	-0.00012255015441469232	0.0018001202647634823
1.176038384360402e-5	-0.044278534860407434	-0.003353198730060708	1.0381663148358058	0.01757801260500541
0.0012277974761421974	0.001963306662478924	-0.22112124817208142	-0.07891386191480948	0.3845500874494805
0.9364600561203197	1.1293991293891755e-8	0.02068114376844672	-9.071922845773901e-7	2.0830758612214932e-5
3.6558088642717635e-7	1.0148538135123766	-0.00012301465381672327	0.09752549371548722	0.0010367516728813362
-0.012113355988840401	2.2259261041908526e-6	1.1542809730921695	-0.00013138423818106907	0.0018956851752828167
1.4744217767279598e-5	-0.048967114531873475	-0.0036456563551766213	1.035521589931947	0.018692146719544233
0.0013895211016103316	0.0021364797064241624	-0.21589189935218933	-0.07671792585716328	0.3530918371640844
0.9411070127114517	1.4891223863375269e-8	0.01732777910037396	-1.2045339816560766e-6	2.9459028220658507e-5
6.42954046192008e-7	1.014965719773242	-0.00019119212717192031	0.10993806925057657	0.0017128192448235303
-0.013810719104246003	3.5293428862423617e-6	1.142486446637867	-0.0002112074062868138	0.0033146260460985883
2.3088600746038954e-5	-0.048806438972594575	-0.005079422181126336	1.0181844377798688	0.02830921250847275
0.0016737372274256103	0.0022538803236556246	-0.23628165744170102	-0.0839108442431703	0.4868881360933465
0.9481835895999015	1.4645059367591876e-8	0.015778493705892894	-1.2410772465675651e-6	2.9904428674527858e-5
6.521007778661613e-7	1.0109377160539557	-0.00016218738615523046	0.10919515407715336	0.0014293976991764708
-0.01652708963937466	3.8152617135166385e-6	1.146340711085976	-0.00023874581865768792	0.003670788536252415
2.3526378464517814e-5	-0.04648748477320387	-0.004320770490221268	1.0213589797321099	0.023566934432161984
0.001976303701297669	0.002121522641819116	-0.2316043432720378	-0.0821608648722377	0.4517579428890552
0.9539118824507596	2.0227838675148583e-8	0.016549313705268805	-1.7867712638988155e-6	4.4560013663537634e-5
7.084538619470289e-7	1.0085531145871396	-0.00015693427860824505	0.09432501278672864	0.0014358650408240418
-0.018642147805793003	5.047446021022735e-6	1.1380241427212463	-0.00033058933991254175	0.005313284598433122
2.9818443031185554e-5	-0.04494493801188032	-0.004897662908078471	1.0241966804153373	0.028123450241036213
0.0022885741489762487	0.00210557736689106	-0.24225167745377357	-0.08655103557839527	0.5344975493117979
0.961579210579697	1.3631505032431625e-8	0.013602063571090776	-1.2424028359081171e-6	2.90025504092585e-5
5.826861905133211e-7	1.0051193084614556	-0.00011054184280879717	0.09937531907462265	0.0009429374912581017
-0.021692300342539914	4.124170308409617e-6	1.15377338317532	-0.0002764527211212486	0.004066434807794598
2.3061158932255812e-5	-0.04315253497871932	-0.0032176496541154315	1.0325106140873237	0.016800173590550922
0.0025142202528821347	0.00191231361094105	-0.22104471498323572	-0.07846251135308938	0.38171812405769995
0.9642506412347364	1.0432438054449049e-8	0.01156351746150943	-9.693063939958109e-7	2.2037279565453577e-5
4.7490769553753046e-7	1.0034815321250703	-8.569331449320705e-5	0.09216834854272778	0.0007120018628286365
-0.02276642944593688	3.7061970985189513e-6	1.1599589700024615	-0.0002524529849873827	0.0035803867095849555
2.0232569061865574e-5	-0.042261836680455134	-0.002676489234436377	1.0409180355555485	0.013476129404532765
0.0025650997227727535	0.0018205558643634885	-0.21167581750654862	-0.07514870331429313	0.32753015015493303
0.9700660108277742	1.2603280105422283e-8	0.009528459624010052	-1.1001981230665363e-6	2.5945583079484302e-5
6.02475411038382e-7	1.0091491528155554	-0.0001000901678063484	0.07848589122382726	0.0008655980996294986
-0.02490080237638622	5.471750959832027e-6	1.1524986221731883	-0.0003517747243990208	0.005240030549850276
3.0481933189885346e-5	-0.045489112437593765	-0.0037294569218461054	1.042765554455977	0.019855391830667285
0.002915457001125335	0.0020347158194197364	-0.2253130678294607	-0.0805285835663534	0.4077649543199842
0.9788899443484007	1.367532479290101e-8	0.008944243233519899	-1.1832827536876296e-6	2.782101930476882e-5
6.867791596128735e-7	1.009793974344515	-0.00010070424022167422	0.07950638445700578	0.0008672894962283397
-0.0282730550448557	6.338659698448693e-6	1.1534072885766586	-0.00040349608834566383	0.005978871598327988
3.429530002261802e-5	-0.04588477621439718	-0.0036996127118310296	1.0427851937331991	0.019579105293825283
0.0032925312569206822	0.0020438146005964247	-0.22384477317261836	-0.07994727015829929	0.3984663343225469
0.9773646006565839	1.1908611015457342e-8	0.007994835004569868	-9.776374219991769e-7	2.2752605507613208e-5
6.861145103724976e-7	1.0139328635241123	-0.00010251083513393086	0.07845300752096898	0.0008742625606133559
-0.02771771881019403	6.168538167478869e-6	1.1559317957221749	-0.0003720488380529515	0.005438165282228108
3.472800876071214e-5	-0.04837000893352178	-0.0038120100632699355	1.0449059022935065	0.019891016879460814
0.003196226831371617	0.002131634997229657	-0.22034889637059213	-0.07866134658100889	0.3767318209964591
0.982998751609429	1.5016047372624344e-8	0.00691985639691755	-1.152338814548173e-6	2.79524400874544e-5
9.630100016966119e-7	1.0206733228262506	-0.00013489745080155421	0.0732294181545971	0.0012015303341880758
-0.02974501444454132	9.04160806020982e-6	1.1470220599942735	-0.0005120013093749109	0.007903940323402168
5.266572750792231e-5	-0.05218651704141307	-0.005443796306107779	1.0407789049583689	0.030122413620126343
0.0035544804239287797	0.002382407091653488	-0.23382069753690296	-0.08381046918581925	0.4671915278348413
0.9910976431685806	1.7875613646906822e-8	0.006599789503464159	-1.4121582821205979e-6	3.5128184752322375e-5
1.0118105877050115e-6	1.0187353685200218	-0.00012933896434853126	0.06494250999381276	0.0011828020046315835
-0.03273561205087717	1.1333955422259193e-5	1.141147354974793	-0.0006624374353246011	0.010557632180153775
6.269194320555893e-5	-0.050935334655463696	-0.005929018972606864	1.041339084722385	0.03400466672746763
0.003978901208849488	0.002366907250267433	-0.24109244119222478	-0.08675961513345144	0.5248813340715297
0.9994036907412865	1.7035683043972825e-8	0.006168448141504922	-1.359738757174397e-6	3.322182103869177e-5
1.0783743239787744e-6	1.017412104330444	-0.00012561653245444712	0.07071646023436103	0.001125478574171489
-0.035949273842422906	1.156514328115631e-5	1.1455101682723272	-0.0006811531630859097	0.010593056120685215
6.114649429778823e-5	-0.05023733724422884	-0.005255894746373974	1.0413407306120872	0.029326721656482254
0.004303946365636264	0.0023034068837134887	-0.23547807943552237	-0.08448718638090336	0.4799404250384881
1.0181353725664648	2.5933199570326638e-8	0.00529624116988389	-1.9100625834431346e-6	4.92210697059474e-5
1.8483216780084896e-6	1.0256503595104671	-0.00018231449160190788	0.06905657911197664	0.0017237211890630969
-0.0428156663502544	2.067924555488915e-5	1.1330355877886298	-0.0011280848003348554	0.018742679270291798
0.00010813809415755049	-0.05485481058542891	-0.007900196747943289	1.0327343254502062	0.047240825506694825
0.0052645591998164536	0.002586762349523047	-0.24797487773800397	-0.08924776105574911	0.5930618909879068
1.0272459337029163	2.6828651966681605e-8	0.004682923973241898	-1.929655781846701e-6	4.9979478244997224e-5
2.1706215197255657e-6	1.0280001255204254	-0.0001988380252214636	0.07063464806515687	0.0018879056695578081
-0.046223658891408656	2.4258358002291532e-5	1.1318323579255993	-0.0012918308402713324	0.02157467599148854
0.00012424536583924284	-0.05621249824680982	-0.0084267243927863	1.0308783379060507	0.05063028945645366
0.005680153366504126	0.002651938094655016	-0.2484079058672968	-0.08936725124538017	0.5998466389433463
1.0484504970006632	3.0801169518705285e-8	0.004169997634605115	-2.1444492350108837e-6	5.5083999039981046e-5
2.2280373189547363e-6	1.0315204418121797	-0.00017487579285599408	0.06060632132089035	0.001646895613194829
-0.054237669594318624	3.144413519386071e-5	1.1329219400664723	-0.0016175072924077272	0.026648687910770887
0.0001492472749527185	-0.0583113787624691	-0.008655091735370213	1.0380144912034643	0.05142816652787324
0.0066012121157762865	0.00272840630596111	-0.24553241998290395	-0.08855409051935287	0.575442591072214
1.051338714933274	4.0408288088863986e-8	0.004143837990814639	-2.696406681774576e-6	7.275273309819341e-5
2.9761320003984792e-6	1.0366936719607185	-0.0002307143885365015	0.05933086734993892	0.0022858270758260163
-0.0550288303590935	4.159876686453401e-5	1.1205311490770697	-0.0020585044802511193	0.03603437098185237
0.00020445699689443375	-0.06108232261389945	-0.011753870057591494	1.0292538547101304	0.07440297662884703
0.006803291179182487	0.0029022270190967817	-0.25374598380178603	-0.09175790172741344	0.6781278723636848
1.0546859124927561	4.317207825954572e-8	0.004377006064556178	-2.935425104019177e-6	7.891820983595577e-5
2.4744780141583433e-6	1.0349511552316555	-0.00018768399971674787	0.05071855480601617	0.0018549595610482875
-0.05629524239139358	4.2115421484772986e-5	1.1208804342560246	-0.0021233508785340124	0.03698714973087161
0.00019929355683331873	-0.0600770335919727	-0.011208551077879318	1.0349533261507955	0.07077904284138477
0.006952200970133949	0.0028510110147798653	-0.2533386273122656	-0.09183907986103108	0.67245254643839
1.062466922699987	4.10218584127528e-8	0.004544264773204209	-2.637605659052501e-6	6.69268912619921e-5
1.8276715180731706e-6	1.0405415849112774	-0.00013109824640580858	0.04057708477239466	0.001223506067832095
-0.05956345879718293	3.8568287078426244e-5	1.134405564582772	-0.001828562194179697	0.02958421490584382
0.00018431850251728055	-0.06364394579138449	-0.00974883057186984	1.051022934048901	0.057207419570286994
0.007175952979494903	0.0029444368658806987	-0.24200408629971068	-0.08777527988762661	0.5466935512456018
1.068018790747502	4.302909388693987e-8	0.003948948579923306	-2.896982787790772e-6	7.649170328417673e-5
1.7796249845991596e-6	1.036311369748925	-0.00012420366949017492	0.03532383691380937	0.0012073548661442751
-0.06138185686976563	4.6679551758771476e-5	1.1242352459342315	-0.0023257874083014753	0.0395342863239062
0.00020674518684068305	-0.06095243648046816	-0.01067827163528774	1.0469710046513316	0.0660487233410778
0.0075128706600965465	0.0028672147624877013	-0.24980834393912288	-0.09090055088629222	0.6319646856305027
1.0854528051965255	3.636983434904262e-8	0.0025702380822774096	-2.3263631892742054e-6	6.163106442982381e-5
2.1086490989141726e-6	1.0420724446163556	-0.000133665249548387	0.03377534703505776	0.0013026812707844088
-0.06786427304936563	6.087281266423106e-5	1.1224929541426958	-0.0028776284282721505	0.04897630883030872
0.00025676868181415125	-0.06429857713460622	-0.012029051998925778	1.0468026520019016	0.07451653459187
0.008255021901622393	0.0030094957803037115	-0.24844872071174118	-0.09042878106393754	0.6273043660090224
1.0947721637545875	6.072470823403897e-8	0.002828723334791672	-3.5487506275175273e-6	9.966147744974035e-5
2.9949018078845313e-6	1.0537025857855826	-0.00018210982795863195	0.029718914815146685	0.001885644517509999
-0.07084907502733512	9.248258156807632e-5	1.1055423365700237	-0.004004242941030125	0.07292944626356332
0.0004163567223118836	-0.07069779915403146	-0.018757148023149872	1.0362707187634805	0.12476916888263129
0.008621151157742313	0.003307353452520728	-0.25188200584184256	-0.09199307206261528	0.7240197602294017
1.119281023537932	7.498000597142007e-8	0.001934085725398025	-4.230653837546203e-6	0.00012980622610702774
4.977436783848432e-6	1.0588125009740463	-0.000271083916710782	0.030783654290552773	0.003066042703254057
-0.0790119791899507	0.00016682482996850656	1.0769365796344363	-0.006980475086907467	0.13981750574677332
0.0006663896830824134	-0.07304334681018088	-0.026914637408913977	1.01681522275204	0.19732331103953382
0.009284684634540102	0.0033036159220040384	-0.2448025641888536	-0.08960438314961325	0.8134863589390433
1.1282597018068652	1.0110837132034506e-7	0.0019812875614073364	-6.032538635119579e-6	0.00020397068722071234
6.899539851279446e-6	1.0517667319195296	-0.00036223350127159715	0.037864319249861667	0.004510388495680223
-0.0813085407039246	0.00021784332365237628	1.0479733820827026	-0.009650651137817101	0.2142848866014887
0.000743727596082655	-0.06840863499357154	-0.02899223841078724	0.9954839792913908	0.23575151675313738
0.009054892280724092	0.002934245634320626	-0.23180266095515642	-0.08488994267266668	0.8863465674165142
1.1323556699930468	1.4354520333449347e-7	0.0019527913263065204	-8.28035886762295e-6	0.00034519440281062345
7.849478413035627e-6	1.055843561048332	-0.00040371035032127356	0.02988027896039841	0.006224299494571109
-0.0808681260865269	0.00030573088364546294	0.9954705628964341	-0.013053862341601531	0.35648580218414017
0.0010529254321531567	-0.0694833884818063	-0.040083528300478455	0.9627521233537747	0.4034903447803192
0.007396641852708941	0.002438985465229174	-0.18445547099970216	-0.06799164299680244	0.8791092814969451
1.1345389125513954	1.5466235499367298e-7	0.0018396070889031835	-8.746235394759417e-6	0.0005282528848725423
9.433745466881464e-6	1.056282791177331	-0.0004731719203285266	0.03199091642823293	0.010598702025158613
-0.07927974800958089	0.00033431557912611595	0.9361636436486251	-0.013834046901388841	0.5363861194154953
0.0011362375305475347	-0.06813576151861742	-0.04170230166751053	0.9167668516362135	0.5986248483694252
0.004664760598679811	0.0015344072063932183	-0.10990762586229294	-0.04069061503440262	0.6992486476657618
1.1263313450840238	1.3866941184608866e-7	0.002406085131995044	-7.8636601316762e-6	0.0008687685590721399
6.585701637907421e-6	1.053775746975785	-0.000335970731417036	0.031358593294072784	0.013820438262006268
-0.07466447964058898	0.00021952456251308865	0.8952274243432852	-0.009006669577389902	0.6258559848438907
0.0007786752714202122	-0.06538330096551448	-0.028740401111807895	0.8801075051923882	0.743515178080193
0.002209310453042443	0.0007400364131661032	-0.0512889736456507	-0.01909461220766758	0.5477997937950148
1.1119022527933113	1.0122343453070179e-7	0.003338464125630312	-6.304834507337093e-6	0.0012376816228110796
4.327654844550263e-6	1.042311079346398	-0.0002352834427507139	0.039429237933512204	0.01721052652224686
-0.06908907363873437	0.00011388918238001457	0.8791290227230201	-0.005143329967058852	0.640754123334156
0.00040093073540448283	-0.05864655357953594	-0.01580437734697486	0.8601724247145719	0.7336436212857036
0.0011953771871303469	0.00038879317336126384	-0.02990368949803733	-0.011142573502132047	0.6046443560699466
1.1043973318838165	8.183444378022186e-8	0.004989672665693112	-5.848179178980601e-6	0.0019145087905403958
2.959128208940287e-6	1.0277043521987428	-0.00016704555056634013	0.05389068684673964	0.020331990352542517
-0.06623347632260443	6.132149852308469e-5	0.8705637064477365	-0.0031898232344300483	0.6703843284122444
0.00019858495658884104	-0.05060713455562825	-0.008159936872804155	0.8449845744131772	0.6374303892373071
0.0007229626221401612	0.0002123296908681856	-0.019071148099582894	-0.007088683205325463	0.6859729549235997
1.0933891533306435	6.809953456286995e-8	0.007238921297239801	-5.746923144919592e-6	0.0026893928220875496
2.0853243247742625e-6	1.0129738871847063	-0.000125060366659005	0.06909464971369259	0.021706888831718008
-0.06244066680770832	3.5227669196400205e-5	0.8666736358032148	-0.0021792507944732933	0.6662963860854045
0.00010872871533668116	-0.042689770637368375	-0.00477993953733466	0.8336327153309071	0.5415102161454786
0.0005151671102534942	0.00013578819137564403	-0.014796795361169544	-0.005482664540250284	0.8284851406721171
1.0874315163847883	5.869605776030393e-8	0.008700465007626208	-5.471827656753844e-6	0.0031611111538530356
1.4253420747983858e-6	1.0054989886262793	-8.844896497895924e-5	0.06725367726235246	0.018966118388880293
-0.06040540263631913	2.5288082650213976e-5	0.8647500421374065	-0.001734738299056288	0.6601736550150993
7.644000396449246e-5	-0.038689592401285625	-0.0034905104192271413	0.8330363449401404	0.4928998748445539
0.00041916243018925645	0.00010356448928173709	-0.012608617005096861	-0.004678568576971232	0.9083557887991333
1.081573534999794	5.534268174029605e-8	0.009740342433525506	-5.804785937384496e-6	0.003419229007276481
1.406058722619452e-6	0.9972256172853318	-9.035547983676784e-5	0.0802558246480192	0.019705171959066625
-0.05846766981795402	2.134778392028601e-5	0.8644943490419175	-0.0016542801226060305	0.6481143775280743
6.304566979016546e-5	-0.03430854946863301	-0.0029932055721691997	0.8262566901554005	0.4336360377984909
0.00041529451681180524	9.420305307439661e-5	-0.013114088291393045	-0.004849358833479138	1.001753784832408
1.0681406943807112	5.670779517144564e-8	0.01068344044051766	-6.370134750847967e-6	0.003326373139011074
1.3208238685002982e-6	0.9933148146656366	-9.214597505335931e-5	0.07681349280846739	0.01784540385913025
-0.05406960481457723	2.002240702902308e-5	0.86573544678683	-0.0016717898933015299	0.5880087352319441
6.231474020090833e-5	-0.032260978558994784	-0.003231333645478604	0.8292352238196905	0.42092766623141453
0.0004584949396796434	0.00010560581106188946	-0.01601420181986493	-0.005931013107868088	1.1454418994165136
1.0544556990569505	5.753704314593244e-8	0.012932333340069924	-6.927472092692084e-6	0.0035660092859498282
1.1245370578373548e-6	0.9895124700696415	-8.576463056427647e-5	0.07447607945695643	0.016401129391924008
-0.049552805466614724	1.681408916170751e-5	0.8657180583797437	-0.0015126053050068186	0.5301941741106628
5.499619538665637e-5	-0.030251606017236445	-0.0031339504340973517	0.8307434146838314	0.4074391713451895
0.0004478368485811082	0.00010538647489664096	-0.017377246010618227	-0.006445287195266609	1.2824058965856486
1.05392772253719	7.001706448601843e-8	0.014302711706809922	-9.83960556338306e-6	0.0038843335384951966
1.4382671588400626e-6	0.9810896673677468	-0.00011028817415159597	0.0906603089554754	0.016111533335732287
-0.04947268486917327	1.857121751642956e-5	0.8682590340859313	-0.0019545707688499066	0.5281781320826318
5.760082818092628e-5	-0.0258364337904976	-0.0033079226260983585	0.8253739690643012	0.3299786950139978
0.0005970292669420889	0.00012055363648069955	-0.023469964227784565	-0.008663910730348813	1.3484081158796895
1.040817818884236	8.89040789202783e-8	0.018357109370363327	-1.5003823423680564e-5	0.004247815708682268
1.7291385619861138e-6	0.9728695319083102	-0.00014563966092799585	0.1079295452748396	0.015215263148869201
-0.045287147595609256	1.8473203820552637e-5	0.8731067227873905	-0.002348380281086169	0.46074384905952714
5.824622608603929e-5	-0.021542598391911534	-0.003695418257091243	0.8216920858746757	0.26644784062358406
0.0008051157717829417	0.00014827366628133694	-0.03539822958163479	-0.013008853575533611	1.5185381814883745
1.0338525280051494	1.007893725615472e-7	0.022829456139954796	-2.4417766436706087e-5	0.004587213595255615
2.168837799340086e-6	0.9602140464267372	-0.00019282288606419298	0.1523561799738521	0.013240572547081594
-0.043252062861410354	1.6976865454567747e-5	0.8827785216325736	-0.003111785837453515	0.4093473300881112
5.13638239528374e-5	-0.014893581851689517	-0.0034550143334193192	0.8082679389665044	0.16490000323534545
0.001211261491641304	0.00016247381600377952	-0.05705183923766695	-0.02069942103128642	1.6591780864983854
1.0314316474908791	1.1436350599858258e-7	0.021380311834218624	-2.8593050485109517e-5	0.0037231265901462585
2.38096781154766e-6	0.9595609916282918	-0.00021635765695967452	0.13755746341464214	0.010317110850112646
-0.042808109180212606	2.0807419192303556e-5	0.8982545615123008	-0.003945130765548033	0.3602117388924846
6.341770696133286e-5	-0.014654403289618197	-0.004370181118147964	0.8289740384213647	0.14515225897858847
0.0017353482697516076	0.00023097813881072654	-0.08385417598626294	-0.0305037055055091	1.696485309022944
1.0207142638863487	1.0392750629355241e-7	0.024049208726356075	-3.358274520998822e-5	0.0031765908960343925
1.7866220569651148e-6	0.953543107534974	-0.00017756496132156907	0.12623155604359534	0.006160864036378985
-0.03963398522919263	1.7022448851898683e-5	0.9183625205406316	-0.004188737146666521	0.2790850698424401
5.2674066401340106e-5	-0.011517186603862492	-0.003986546269412845	0.8517332500132309	0.09681721230815267
0.00224587974188448	0.0002533755186318476	-0.11972776159394506	-0.043641245051739413	1.7826236832474736
1.0070696869671907	9.281754626867811e-8	0.026818743136463284	-3.365598137428376e-5	0.0020057258184010603
1.3104270505520654e-6	0.9513739335867646	-0.0001474114305433788	0.11045733262482796	0.003226345471560116
-0.03584325267060006	1.3954599847956078e-5	0.9651380394587715	-0.0038636354138494797	0.1619280508922681
4.5351944290662055e-5	-0.01054254435814872	-0.0038954783676267424	0.8959938698414602	0.05954171578709716
0.0031421727063805915	0.0003580029371613568	-0.18980671914100491	-0.06922232475690827	1.7464072178220955
1.0192728617594866	6.587144709194453e-8	0.02606456221253051	-2.8799016852418258e-5	0.0011375877902133054
8.607016603215216e-7	0.948049623955208	-8.625297978356872e-5	0.10609461625791382	0.0012448885971967855
-0.041423711566086714	1.0491008659830508e-5	1.0303710188086375	-0.003484547730723278	0.09492261662663184
3.165249504636855e-5	-0.00892417745354044	-0.0024097840804345183	0.947189544415655	0.023794479907836764
0.004860479002647181	0.00040707009804186677	-0.2551909545036302	-0.09249964761140178	1.402646085205491
1.0159697327796327	6.131382236825023e-8	0.027706497897737548	-2.0618648021331065e-5	0.0006719834064835145
7.808615248468265e-7	0.9526004855664295	-7.975686731134801e-5	0.10534279010294637	0.0009476941604616568
-0.04100927316583086	9.269427071507616e-6	1.0712149042567085	-0.0023535666260378896	0.05190717789884186
2.9137927210778902e-5	-0.01168927707190437	-0.0022471110148835384	0.9763493197841888	0.0178790023801276
0.005209358081637392	0.0005768703710188963	-0.27186458818702164	-0.09807774569595429	1.1079692750352723
1.0135347010314282	4.697786028609076e-8	0.028946090767460908	-1.3996268275973112e-5	0.0003962464668294807
5.218737656464967e-7	0.9550286447922186	-5.380281970890355e-5	0.09382018783659439	0.0005552873767831201
-0.04070638748009803	6.810914776868293e-6	1.103284696277107	-0.0015202772381871232	0.028441187324076668
2.1946040921230064e-5	-0.013242439303625841	-0.0016950951329368635	1.0057656607778922	0.01142252886744105
0.0052085000238260015	0.0006570415511589767	-0.2658412361728629	-0.09575591391058325	0.8194578167627984
1.0166917197937366	3.171397637211082e-8	0.0250434248871309	-9.111218194912674e-6	0.00023781004067110882
4.847691309913492e-7	0.9554849344257841	-4.80882252813751e-5	0.11195892223015086	0.0004546525040730674
-0.04225499439719915	5.308096593763245e-6	1.1244516300549237	-0.0011339128724416822	0.01917993060385982
1.6923232377265285e-5	-0.013604460402348001	-0.0012482518821552296	1.009102409752112	0.007527126215017433
0.005257570817620159	0.0006575825386996512	-0.25131455914574224	-0.08959365862191052	0.6223372424739325
1.0151289024565284	2.0042776970215226e-8	0.022399204269922056	-6.206840002638547e-6	0.00015336604457355833
3.5699667859248954e-7	0.9535779051405415	-3.5581321153749235e-5	0.1167185843512359	0.0003175347633291956
-0.04190245193239093	3.7369960090988252e-6	1.1383563470538194	-0.000855705993982242	0.013487669917420418
1.1875226603279276e-5	-0.012537330794771429	-0.0008751632713608869	1.0153650255568183	0.004891648804345903
0.005039723739939468	0.0005858177279446236	-0.23692320359109856	-0.08401588913581252	0.4927091234757115
1.032325595091045	1.3340561898222969e-8	0.01750958670115713	-4.461851275240278e-6	0.00010425883169804549
2.9386211731075983e-7	0.9517563251311646	-2.519059462779711e-5	0.12264899031114629	0.00021141824075507874
-0.04868765682045837	3.179888681014917e-6	1.1528278274112154	-0.0007801110359887155	0.01138131867872429
9.224898550732469e-6	-0.011511740864136533	-0.0005800426816261715	1.0210501098388005	0.002979764840497128
0.005536688513018169	0.0005096948093440551	-0.2173636120421402	-0.07653722641503917	0.3609284133806588
1.042617975520065	1.2980923570857922e-8	0.015135269066206025	-4.699097026823577e-6	0.00011143755582067411
3.1513900314869905e-7	0.950327518904072	-2.5150775895515847e-5	0.12365456020937628	0.00021398950562863438
-0.05253140131043855	3.59570176665467e-6	1.1503426336456626	-0.000955965574621704	0.014212184111450652
9.826801985303793e-6	-0.01065151456560448	-0.0005759850424942453	1.0183320859990521	0.003015837861931593
0.006045822642501293	0.0004782111919572271	-0.22215485538494031	-0.0782409331388415	0.38951306518120926
1.0458018497223105	1.2416897886220789e-8	0.016177511369211334	-4.832480037819144e-6	0.00011286980636047344
2.595778021367151e-7	0.9490590627148283	-2.0204871554364498e-5	0.11668404607101177	0.00016941390346169889
-0.053815906456970986	3.2151452569520716e-6	1.1530939425222253	-0.0009173214985635954	0.01335072433846462
8.578799927853528e-6	-0.009908627670017846	-0.0004895297571994688	1.0247217172613239	0.002512868738858919
0.00610026636594535	0.00043799144379882336	-0.2169086650459439	-0.07650403678259411	0.3583137917498844
1.0635074787168972	1.3595661169357037e-8	0.015978002790502155	-6.482374809208338e-6	0.0001543859159423809
2.5296603454148803e-7	0.946053570193687	-1.764685248735985e-5	0.11450838914991618	0.0001507474724600803
-0.060432271424470274	3.5871686922630576e-6	1.1483164171700733	-0.0012557953450891626	0.01872343064933559
8.542959735964584e-6	-0.008110537680221921	-0.00043756911926936225	1.0231562929660083	0.002305594524162651
0.00695428588774466	0.0003649497080799133	-0.222989217067453	-0.07880496353154824	0.39588633464769807
1.0815349891500392	1.4519154830239939e-8	0.014024441519132402	-8.230099812232827e-6	0.00020291180579299836
2.9374240681501185e-7	0.9439215267104261	-1.86059835489737e-5	0.1224135210651254	0.000164120260040193
-0.06703519610059253	4.3958678548764514e-6	1.140480193314039	-0.0018344669525179093	0.02857953133945544
9.287580911438928e-6	-0.006828126927588132	-0.00043310190313860207	1.013364448266808	0.002382561572597378
0.007896133295321451	0.0003156777984918657	-0.23267244288308103	-0.08215874187794941	0.46336441966487446
1.0981382642682138	2.5421712861531387e-8	0.012835010567524341	-1.3605357741225399e-5	0.00036672427367045665
4.6638512563035306e-7	0.944815361201064	-2.751796545532952e-5	0.11310331294430648	0.00026627166730589695
-0.07256946319898552	8.480747237443742e-6	1.1166384477957336	-0.0033677131369403424	0.058667074130613533
1.6117146002261884e-5	-0.007303207146720836	-0.0007055951476199057	1.0040093033664799	0.004375141141770868
0.008919365897588752	0.00035300381530370406	-0.25236613272604813	-0.0898272732409483	0.6558812305093101
1.106470898313395	3.773433943218482e-8	0.015133788940349557	-1.658823121637211e-5	0.0004381111853968278
4.35747420736432e-7	0.9476203259037068	-2.4653060996194555e-5	0.08841993678076679	0.00023473183988145314
-0.0758089598023161	1.0694134490163475e-5	1.1192931514128492	-0.003482146332056404	0.059029626510623406
1.9417284578791827e-5	-0.00896273471578919	-0.0008136967259261378	1.0212765077483186	0.00494520088362127
0.009232749915776398	0.00042837159002213	-0.24833841305856577	-0.08903120544090973	0.6138963189009324
1.1143048681267862	4.861961423177283e-8	0.01780187014733206	-1.8924677089263153e-5	0.0004850783901518682
4.265151971952208e-7	0.9495614871197516	-2.316783413043675e-5	0.0830645926612174	0.00021407548182496506
-0.0789818135711178	1.171720171664985e-5	1.125190347539889	-0.0033669886330083393	0.05487377073741847
2.024399085897438e-5	-0.010128860568120254	-0.0008117977288024823	1.0293082187214355	0.004746004461158836
0.009466780684657134	0.0004762492634558065	-0.24137579653720073	-0.08658663775473573	0.5459974229917216
1.131683794081869	6.242642182872904e-8	0.015513102697195746	-2.42295104802559e-5	0.0006458722576120346
5.053787711165048e-7	0.9497364554103809	-2.5606378074256864e-5	0.07716794990333185	0.0002462240507814552
-0.08504955135008602	1.734095297582089e-5	1.1125348744936274	-0.004979760554061906	0.08499026574642565
2.5921124559194486e-5	-0.010197591463792812	-0.0009717270677356594	1.0259409052554178	0.0059685717760546994
0.01027708119161553	0.0004839551062925052	-0.24667150570517743	-0.0887737117998977	0.616327248012155
1.148077549859324	7.168988110616004e-8	0.01233319228715692	-2.967409350409112e-5	0.0008363671572573211
5.754365668408923e-7	0.9487670625527047	-2.746450706064829e-5	0.0716775004888901	0.0002794561816526764
-0.09042568977136699	2.5086989054123876e-5	1.0929786110803716	-0.0077014502058122825	0.14005965548376875
3.183542894317007e-5	-0.009580242481301182	-0.001126910509690035	1.0191548662525438	0.007400238168338472
0.01089836887844825	0.0004536685337663479	-0.24892084070725068	-0.08988288118256829	0.7001057377299791
1.1547453975657498	8.826792700759607e-8	0.013393773214479474	-3.802935744276481e-5	0.0010937016576690953
6.031343879712991e-7	0.9481393541469156	-2.8088756807820303e-5	0.07153091035350707	0.0002916329668202211
-0.09258248447428552	2.841497278144485e-5	1.0838733268690315	-0.009081734542291886	0.16875033023444996
3.340751194522845e-5	-0.009196185723883839	-0.0011541654203590102	1.0155311282444013	0.007750821109843237
0.011078406040935879	0.0004323185401403219	-0.24728464494269672	-0.08937189710892834	0.7191294989751733
1.1659449671280122	1.197450035221202e-7	0.012490319047590012	-5.2798171187068595e-5	0.0016379483497057368
7.142362374631516e-7	0.9478405887472192	-3.201338524564876e-5	0.0669357575287921	0.0003590615892174933
-0.09555659416902929	4.1061447163082826e-5	1.053840243940529	-0.013442424696445729	0.2706023532719212
4.2151462752771686e-5	-0.008959163732239072	-0.001402762839392977	1.004220596347008	0.010241790265995959
0.011018867872520835	0.0004049684984258669	-0.23794753574968747	-0.08630160650812038	0.7764355572472116
1.1669175479310556	1.388329006132838e-7	0.01086123783437608	-5.83023031972274e-5	0.00199711765762451
8.109449582836738e-7	0.948686711484573	-3.629576217985958e-5	0.05782332035582251	0.00045102392125426563
-0.09462344942786671	5.413478198185162e-5	1.022208495153033	-0.016894233823109728	0.3771451041286275
5.516852083341239e-5	-0.0093671974309813	-0.0018349518678061894	0.9920203147377958	0.014932784330326786
0.010241073671809806	0.00039595190302144784	-0.22198869650325592	-0.08092393700341785	0.8313865208734109
1.1662794697464947	2.0331076611146415e-7	0.013795649644156202	-9.316572863171668e-5	0.003795652077688741
7.949666191812152e-7	0.9473138831369953	-3.554418299559327e-5	0.049672770444935024	0.0005274991188200222
-0.09247763928858747	6.093609202745265e-5	0.9748742288367257	-0.020711721219802803	0.5492535380430765
6.203241641420873e-5	-0.008458481058080142	-0.0020572360574558635	0.969187500916911	0.02001750604392421
0.008544237371521823	0.0003036827551875926	-0.18444428079531378	-0.06767595027420947	0.8337721714225177
1.1627596827155284	1.986418491518177e-7	0.015978638128207608	-0.00011407066439429736	0.007231225862914484
6.079590744316509e-7	0.9441189193620245	-2.7063972570981996e-5	0.04426367385317991	0.0006279807264828168
-0.08820931760728395	4.8816051664249405e-5	0.9076109645346551	-0.02056820759891098	0.8326112748289325
5.102729975993599e-5	-0.006469526222938615	-0.001666672854753963	0.9208061755484327	0.024956761984192437
0.004922561269325533	0.00013967604292843949	-0.1026707631690827	-0.037978588925943316	0.6743718706939382
1.1536328731338479	1.672560389205885e-7	0.023310686567930877	-9.861699625901901e-5	0.013353483018545886
3.266799020506042e-7	0.9436468278233316	-1.4767837667923472e-5	0.03736394912742471	0.0007365663388494911
-0.08316633597290163	2.6975456558790277e-5	0.8702945640988892	-0.011541961882461094	0.9787490509526747
3.121042070187746e-5	-0.006054245325418134	-0.0010238468176061236	0.8786515613814501	0.03242887900561835
0.002006639776942893	5.6669074072824936e-5	-0.04122433977294204	-0.015397809501202703	0.5401306640407505
1.1391787757741076	9.4621906660897e-8	0.0363213853206307	-7.175372306302864e-5	0.020912784085679037
1.1161941153368764e-7	0.941163599467427	-5.334529065718387e-6	0.030920453247004407	0.0005762059216709511
-0.07771218073522684	9.675529556559524e-6	0.856696995113338	-0.005336818478744024	0.9829604507692397
1.2768991485342853e-5	-0.0046645523886562	-0.00044388237077091185	0.8618981509502432	0.03077973291141935
0.0009064015337412589	2.117085812549318e-5	-0.019912148882718694	-0.007496550446182859	0.6062194622505342
1.1297582827700028	6.890438968720379e-8	0.05500546079601965	-6.12877644022708e-5	0.030922174294878313
4.8600077640623737e-8	0.9399013586843712	-2.414959177975389e-6	0.026116207187384898	0.00045378031949743283
-0.07437303726022171	4.629450359745508e-6	0.8473875374590967	-0.0030044022322053	0.9660891305160928
6.58183242512034e-6	-0.003976427546251235	-0.00023862800288516027	0.8570989849045233	0.029072876661631344
0.0005213825858450555	1.08478102964928e-5	-0.012047418121391026	-0.004564586723351357	0.6742174358110531
1.1093852310869772	5.6224757649355264e-8	0.08267412103916706	-6.439528304515857e-5	0.0405798392332255
2.784619768331307e-8	0.9382970587602022	-1.526579544464243e-6	0.023855065175605157	0.000360499530273041
-0.06760230899149844	2.5204209009492898e-6	0.8382053498686638	-0.002128754575389219	0.8772179114067234
4.175732490622553e-6	-0.0031233518439840167	-0.00016881547819711678	0.8564393485146666	0.026518469171422254
0.00042644158591146133	7.649193038782314e-6	-0.011273655900761542	-0.004297531467374673	0.9019827773660316
1.0936139178559436	5.297602955053535e-8	0.1123631747001238	-8.444607533131254e-5	0.04883682509742826
2.1338859795480558e-8	0.9366678882406104	-1.2670531897227e-6	0.02403980423854118	0.0002759467770826751
-0.062427909394071314	1.7476635643141956e-6	0.8296135543466019	-0.0020694084935511878	0.795883724052051
3.201303564315082e-6	-0.002262489174901867	-0.00014120134218455606	0.8572250667906495	0.020805855692561166
0.00046435353683562525	6.51380655237717e-6	-0.01362059778682391	-0.00521842600063218	1.0858254371189586
1.0862273973887768	4.902551717096259e-8	0.12001956998217161	-9.820944050062397e-5	0.04866919001769565
1.600466917621359e-8	0.9358121068056295	-9.900967080437293e-7	0.019980488463351688	0.00018518463952162372
-0.060040592644180435	1.5172110702360293e-6	0.8285452107823486	-0.002265823267946561	0.752399403362368
2.906224654920103e-6	-0.0018111629666644944	-0.00013403217779998184	0.8609850171782238	0.017089300944370306
0.0005396728996642577	6.2900910836336595e-6	-0.01667754149834779	-0.006403609546245713	1.178553841392776
1.0478369309215512	5.708193076474046e-8	0.18491952635204686	-0.0001447976864981746	0.052286569814696704
1.3273612694742285e-8	0.9351318368233599	-1.0341377767975635e-6	0.017982160758365572	0.0001424988015277706
-0.04747635593778381	1.141780235151493e-6	0.8125833861902004	-0.0021872565632510797	0.5443821113765563
2.7232106612660133e-6	-0.0014543569295866747	-0.00016022295576805325	0.8664213756132393	0.01547513831263661
0.0006703141110533974	7.856134954626427e-6	-0.027183004147577548	-0.010548801839931841	1.584799317343511
1.041167201579308	6.973284566143614e-8	0.20077686565911837	-0.00022051551955609618	0.04955349880445352
1.7592628576146296e-8	0.9345954437293078	-1.435958273177107e-6	0.020589511670324814	0.0001232566267332924
-0.045523793896081306	1.2905453028976e-6	0.8163929123307915	-0.0030906886229505404	0.4810428375448545
3.1767315037348892e-6	-0.0011756933250659136	-0.00019636850115635485	0.8744597916443393	0.011867145959191205
0.001055777780574295	1.0409146663558198e-5	-0.04520194974974167	-0.017551050981057463	1.666950578489845
1.0309647974134157	9.811028948275829e-8	0.23167868976559242	-0.0003269959901087173	0.04530934731711217
2.1490588858821824e-8	0.9344917972372319	-1.8881671793066594e-6	0.019772568616478314	0.00010024826493244604
-0.04254516554936788	1.5829631872786055e-6	0.822706728902244	-0.004009680938974733	0.3867981769329424
4.094374154447501e-6	-0.001130249784276344	-0.00027339513781595923	0.890601930299122	0.010273037112951737
0.001637048784549358	1.6535484389705867e-5	-0.07610165551674004	-0.029643369845461762	1.7637372554795072
1.0157952750330281	1.0925612893119673e-7	0.29192958675625846	-0.0004520155778801084	0.036735595204678964
1.8579879248431888e-8	0.9340908209629853	-1.8344396661036915e-6	0.01828483762277495	5.745763216493825e-5
-0.038177373057879244	1.4106987569263187e-6	0.8365367860421129	-0.004451263798051816	0.2525794272284
3.905653118572473e-6	-0.0009290397502178912	-0.00029410043721058224	0.920717389891814	0.006543851547505898
0.0025268426231394338	2.324030159476289e-5	-0.13284987740693	-0.05209358970400961	1.827804176113071
0.9951464814369908	8.708730212691378e-8	0.3701357642848601	-0.0004326185721472243	0.022133989358154305
1.010343997649558e-8	0.9338072853333379	-1.199619804475552e-6	0.014661439163620369	2.383900494414153e-5
-0.031996209214798385	8.938541793357358e-7	0.8625253658331953	-0.0033891527380059596	0.12038713989594158
2.7083213138025253e-6	-0.0007911470292374194	-0.0002454418932730006	0.9644945633369475	0.0034506223057058465
0.0032327696528751775	3.0011572985569617e-5	-0.20340315426634772	-0.08050400028469461	1.7257840516761784
0.987074320586443	5.351243584930882e-8	0.4236083787891911	-0.0002877564654471263	0.009898405363568508
5.9178645120134404e-9	0.9336837600411916	-7.532317051339591e-7	0.015526187222569572	1.0086690101456826e-5
-0.030198139986944234	4.855499869435131e-7	0.9109174598190979	-0.001977707425861208	0.0459630234962945
1.520089337053921e-6	-0.0007416492184050728	-0.00014655154933273812	1.0167417669199672	0.0013536509071186134
0.0038912667676168217	3.5856190797389515e-5	-0.25346541381861765	-0.10073686385017087	1.2794146149204448
0.9781303128458071	4.6822636614148516e-8	0.48541771596239847	-0.00019750303561577587	0.005774763374150145
4.3709108563825475e-9	0.9340178115760632	-6.07225258512326e-7	0.01460952770646613	6.95939610251118e-6
-0.027387348451785587	3.6700172845150706e-7	0.921274985008262	-0.0011633181468684722	0.0224126755408858
1.1932761803268993e-6	-0.0009455560745426723	-0.00012457512575279363	1.0428746992899929	0.0009641798026514934
0.0036595442781214363	4.7244176648655525e-5	-0.25173995601144394	-0.1011308473817429	0.9696500062311448
0.9714421249011105	3.198853953237705e-8	0.5083036950118518	-0.00011287681382602527	0.00286642803017962
3.3218228203118084e-9	0.9343004647604203	-4.957860738997533e-7	0.01655094785417685	4.944333286090892e-6
-0.025269788668406443	2.373507533202869e-7	0.9422183411441606	-0.0006225199827125487	0.010072060848088166
7.950607132529422e-7	-0.0011226292921980364	-8.820038998587701e-5	1.064897524987014	0.0005757803410303469
0.0032735159803716427	5.4374979817365296e-5	-0.23137339594859802	-0.09335438108489247	0.6444516988013792
0.9628869906092022	1.939344533779676e-8	0.5327831343356686	-6.931238291780877e-5	0.0016174484081778883
1.7724153172770693e-9	0.9342494408629849	-2.967954322150479e-7	0.014819161670472718	2.7311093505501134e-6
-0.022220211615326876	1.3543920962045994e-7	0.949802922779453	-0.0003566534049155752	0.005157850369400873
4.700114445146718e-7	-0.001099539194126539	-5.798908489085123e-5	1.0792641756809025	0.0003408075517282584
0.0027280136673653328	5.040164021781672e-5	-0.20858694420404536	-0.08476717530173776	0.4510623384814788
0.9640628543842406	1.9065737599440206e-8	0.5740148841586595	-5.9614350717152736e-5	0.0013202075706311577
1.396345411383867e-9	0.9344927967892479	-2.248611413181419e-7	0.01295969468710978	1.975186013056439e-6
-0.022788662183376864	1.2189077453627375e-7	0.9437204180704636	-0.00027877583397532433	0.00374035243323972
4.2055719001967125e-7	-0.001248331022774538	-4.953745501545012e-5	1.0882113506590587	0.00027322799831924966
0.0026624563392632326	5.4388743605777744e-5	-0.1900015414865603	-0.0781072292876993	0.34070982844192177
0.9608734681870433	1.804381295262723e-8	0.5201573518368645	-6.014864897138303e-5	0.0013836940935059035
1.4138771218031715e-9	0.9343798491947108	-2.451210459997026e-7	0.012265338922218785	2.221302572036187e-6
-0.021478393701449248	1.2917078774231128e-7	0.9574476461370178	-0.00031682415845442867	0.004495901884514594
4.526739238925638e-7	-0.001178028516608382	-5.774452766558493e-5	1.0830044084046926	0.0003324478739516797
0.002601865749528816	5.3305149510633344e-5	-0.20473616512880746	-0.08306321870505923	0.41934066350199806
0.9575264459808007	2.0580091969956224e-8	0.5647777404679425	-6.790811931665962e-5	0.0015895225001135859
1.4230215016040926e-9	0.9344058434351761	-2.603928153808641e-7	0.011732648597183624	2.4174014047735015e-6
-0.02016702528470933	1.3447114953103333e-7	0.9366211140211769	-0.0003270969123687472	0.004749126385318066
4.769394118381751e-7	-0.0011917177860821192	-6.433594465243451e-5	1.0802620649359083	0.00038269768221389745
0.0024947080479457012	5.487034203498529e-5	-0.20873847406514473	-0.08551993683749361	0.463410421612805
0.9506745320676055	2.0027717001325056e-8	0.4980568733657413	-5.452135261497116e-5	0.0013033111403225836
1.690832276321746e-9	0.9348436467876253	-3.613398539605852e-7	0.012092822495544105	3.3976851950676316e-6
-0.01750499686171752	1.504284153731406e-7	0.9584343472124162	-0.00030300668672419203	0.004542292594363468
5.515085168937431e-7	-0.001448919297555945	-8.720767641122039e-5	1.0769860942070197	0.0005275448017774707
0.0021944880158520186	6.776401975643227e-5	-0.21760913005828011	-0.08781300761558529	0.5085545349174534
0.9499922392555615	2.000059428410592e-8	0.473676027735001	-5.148292584017085e-5	0.001236161101445731
1.5527346367324296e-9	0.9349891039367899	-3.388320083153886e-7	0.01048826025499323	3.1910563379844972e-6
-0.017234673974150867	1.5880045978793815e-7	0.9669740412033637	-0.0003027207265381051	0.004569350085337322
5.847550335231095e-7	-0.0015344751623476017	-9.44998761244673e-5	1.077312261268408	0.0005728346668012666
0.0021642338205016586	7.196299621555063e-5	-0.2198679225926039	-0.08829734607911136	0.51769196178826
0.9509940991946922	1.6945765686667263e-8	0.4270046832101732	-3.6012962439159815e-5	0.0008211600969109827
1.411284753724178e-9	0.935509622313754	-3.0146994193684185e-7	0.010034362538136438	2.6783005904596226e-6
-0.017701917629030145	1.5006459547514488e-7	0.9953954577145157	-0.0002348311341224367	0.0033077463155023073
5.528372211692002e-7	-0.001849586991939867	-8.695737586897475e-5	1.086026006625135	0.00048727058237554925
0.0021146221870611027	8.281534426706616e-5	-0.2054704936412543	-0.0817403913893627	0.39579469451359456
0.9503771221723988	1.6203806768351622e-8	0.4073568619917973	-3.40970943673725e-5	0.0007798897583015988
1.1706406052400823e-9	0.9355452831854142	-2.546327183803351e-7	0.008251953317212719	2.264251702744875e-6
-0.01745822315418582	1.5105415710395102e-7	1.0023925338976285	-0.0002342231997967386	0.003315970012823596
5.583312302600207e-7	-0.0018703581785212483	-8.949101936141257e-5	1.086660834973502	0.0005021359010928905
0.0020892474307769686	8.396046478217804e-5	-0.20727276942149742	-0.08214920852534437	0.40178140305165605
0.9484928509064496	1.721224946427092e-8	0.40061993117584893	-3.5269499626254964e-5	0.0008229669102605031
1.2923158119188395e-9	0.9356429311799531	-2.9460226937434047e-7	0.008363800972857813	2.671080304829767e-6
-0.016703784649756998	1.636015417384501e-7	1.0010468051512813	-0.00024768646400900526	0.0036060420361852734
6.09626010059539e-7	-0.0019254704294853378	-0.00010267959162326215	1.0834693488800937	0.0005915407164185808
0.002037144927601816	8.806340472818288e-5	-0.21408587197981044	-0.08471493979030559	0.44648737083150314
0.949294322476864	1.6222898804890305e-8	0.41008210084412816	-3.316074856906997e-5	0.0007571423567032177
1.11712940158474e-9	0.9356371981852664	-2.485953883423896e-7	0.007888638543188746	2.207944952560627e-6
-0.01704651757669664	1.5006620565950215e-7	1.0016575609604428	-0.00022599900184768623	0.0031920258713284623
5.572539495634873e-7	-0.0019251113908958562	-9.136302987539785e-5	1.0871080392235015	0.0005118123233476487
0.0020376374973307756	8.629042344158686e-5	-0.2066573838931485	-0.08196553738842359	0.3985548574553665
0.9450881501454994	1.539548337737575e-8	0.4052582895156934	-2.5584020572105588e-5	0.0005695577376749774
9.321400633432179e-10	0.9363643128096423	-2.278246887638623e-7	0.006718073949274311	1.9729465308272422e-6
-0.01547139209712349	1.4365158629593418e-7	1.0083916882399937	-0.00017536913102622403	0.002392922476061721
5.443626689485837e-7	-0.0023608939208979176	-9.774064561902116e-5	1.0916319938459544	0.0005287567296476654
0.0018014154338606564	0.00010306319302166538	-0.1982472931573145	-0.0785981803588992	0.3453522204850223
0.9479552155093414	1.6558212109058466e-8	0.3700782485841429	-2.963500941618666e-5	0.0006823104309883561
9.755543430133159e-10	0.9361089840118343	-2.2601062906135944e-7	0.005998667980119535	2.0146962468122793e-6
-0.01651664867506962	1.7120609036090466e-7	1.0155308175016884	-0.00022612525881140176	0.0032358686010589763
6.414770452943357e-7	-0.0022039048992384203	-0.00010967225080423578	1.0870805506535375	0.0006174690482050006
0.0019848607135068176	9.947628945441619e-5	-0.21091648840929988	-0.08298262468723844	0.41480344621332177
0.9559282874129159	2.475257263425453e-8	0.32766909613280804	-3.744003356218788e-5	0.0008944390427320119
1.251327206451189e-9	0.9368273964749136	-2.4922498095212567e-7	0.004637336777175317	2.2919333013283595e-6
-0.019493000352437395	2.9328120731611897e-7	1.0245161563230905	-0.00032876458212204376	0.0049474675625977
1.0706349371884805e-6	-0.002623150903102258	-0.0001580327142029648	1.0823329337825776	0.0009277450001691137
0.002406229416309122	0.00012196570063902118	-0.22373093192229132	-0.08727899247976481	0.4938429662586914
0.9538611693593343	1.7815464460636257e-8	0.31862094478144976	-2.4177402854683e-5	0.0005387662253947283
8.358257784231682e-10	0.937269031621772	-1.7131856070879965e-7	0.004129658079563942	1.4672609884812639e-6
-0.018829613451628396	2.1580071949808192e-7	1.0420374732938955	-0.0002152443527217423	0.002945634103543611
7.963596580837077e-7	-0.002899312896572266	-0.00011996768733112074	1.0935785732282715	0.0006391614820636659
0.0021722070013993414	0.00012609260149733535	-0.20096136060368983	-0.07823693662455788	0.33918778974556474
0.9598443575208249	2.0016822159431985e-8	0.2655269338114046	-2.6360392086947557e-5	0.0006054956931969755
9.822036820618428e-10	0.9374553388757526	-1.828650306488831e-7	0.003636099723984573	1.602925338560953e-6
-0.021059464869591538	2.9557179312856164e-7	1.0566790635428878	-0.0002872408927948244	0.004103688132739366
1.0686101584770312e-6	-0.0030039782969943397	-0.00014681652808742028	1.0895382613418003	0.0008077294579763531
0.002494234320026857	0.0001345652921881997	-0.21313844341750274	-0.0820776061694979	0.39879815214648734
0.9636738749776343	2.5092146159694587e-8	0.292809164655474	-3.142551938447712e-5	0.0007198182928200431
8.947834749615385e-10	0.9377135982491457	-1.5501282957418251e-7	0.0029704122680153265	1.3593071947428232e-6
-0.02253245482061475	3.3451172197685895e-7	1.046634152556412	-0.00030887501473559655	0.004389183552287236
1.19129391700347e-6	-0.003157715825119466	-0.0001521582118318137	1.0902620455106884	0.00083752631661019
0.0026647333941887813	0.00014111343206847426	-0.2111498537848225	-0.0817886213244311	0.3938423677235955
0.968535175242171	2.855667961205511e-8	0.28842050293987453	-3.316741470232279e-5	0.0007564199050785925
8.775349792627246e-10	0.9381278220123176	-1.406469278005906e-7	0.002560465310952468	1.2266779355786679e-6
-0.02440121384917801	3.87220929947698e-7	1.0492308551068363	-0.0003312924875683125	0.00467666810987649
1.3553101288958473e-6	-0.0034047813842185536	-0.00016001229336877303	1.0912677503166457	0.0008741805028225272
0.0028679353225909976	0.00015134923498188104	-0.20958377247618154	-0.08111113099315079	0.3827858729209359
0.969976188158631	3.019756319296246e-8	0.2705698951668604	-3.7367614973459265e-5	0.0008800392135053757
8.489057585306132e-10	0.9378115392813369	-1.344339390237071e-7	0.0022058303956862986	1.2084069851900166e-6
-0.02487318652085095	4.3961580363163907e-7	1.0495586412145064	-0.0004023537608510031	0.005937585123756267
1.5284272589742836e-6	-0.0032094745125358735	-0.00017902162996868368	1.0865091307700314	0.0010190836119946323
0.0030089261528878503	0.00014697218510501914	-0.2208347432169336	-0.08518633374614105	0.45284760278560526
0.9674030830010869	2.5983554060503245e-8	0.289950312988438	-2.990820643861093e-5	0.000670971667387952
6.310189689787057e-10	0.9381605107522335	-1.0254531881620575e-7	0.002025395067278517	8.799851205627659e-7
-0.024005305216925787	3.495872858329675e-7	1.0519208081014124	-0.0002958074110603554	0.004081771785055307
1.2293984590764414e-6	-0.0034282160364098157	-0.0001468681738554735	1.0941004343842917	0.0007846072971765253
0.002773161502404968	0.00014976228196525185	-0.20376803136188865	-0.07888983156663858	0.3482147093842481
