0.05064306299429644	0.0	0.0	0.0	0.0	0.0	0.0	0.0	0.16387043716896005	0.0
0.0	-0.4018861289483364	0.0	0.0	0.0	0.0	0.09046882684050547	0.0	-0.566401105081134	0.0
0.0	0.0	-1.9393153356813453	0.0	0.0934782693527976	0.0	0.0	0.0	0.0	0.0
0.0	0.0	0.0	-1.0373828541301258	0.0	0.0	0.0	-0.022925087756075872	0.0	0.0
0.0	0.0	-1.4309287053080233	0.0	-0.32866264563703856	-0.11720234903412656	0.0	-0.13777699649528447	0.0	0.0
0.0	0.0	0.0	0.0	-0.38373632853112316	0.032656097819413255	0.0	0.03490145664914372	-0.2367513099999575	-0.17352618803681888
0.0	-0.08700851609196208	0.0	0.0	0.0	0.0	-0.7023013782462304	0.0	0.0	0.0
0.0	0.0	0.0	-0.8735937821955493	0.1328621969294965	-0.07469169544299441	0.0	0.7228284151449743	0.0	-0.5134792630912529
-0.40063051585500525	0.08745553981324407	0.0	0.0	0.0	-0.14952257851753076	0.0	0.0	0.5096947571372691	0.0
0.0	0.0	0.0	0.0	0.0	-0.4645455642342655	0.0	0.08162599961405999	0.0	-0.6803369418220475
-1.4095038137375446	0.0	0.0	0.0	0.0	0.0	0.0	0.0	0.2518493888489941	0.0
0.0	-0.9132288016645418	0.0	0.0	0.0	0.0	0.10123643370404364	0.0	-0.6338142090151468	0.0
0.0	0.0	-0.9726029608237766	0.0	0.0764933476889658	0.0	0.0	0.0	0.0	0.0
0.0	0.0	0.0	-1.8532023917906213	0.0	0.0	0.0	-0.027282258036125825	0.0	0.0
0.0	0.0	-1.0384578018083577	0.0	0.38114391475079396	-0.08505643453323246	0.0	-0.09998792839189867	0.0	0.0
0.0	0.0	0.0	0.0	-0.40276012573938413	-0.0069870871789603495	0.0	0.03663170261284421	-0.2484882985917583	-0.1821287798846409
0.0	-0.08831424522106157	0.0	0.0	0.0	0.0	-0.7618507303435067	0.0	0.0	0.0
0.0	0.0	0.0	-1.0042947463541076	0.15274010539545022	-0.08586654216008281	0.0	0.579225417049776	0.0	-0.5903024229273771
-0.5585812445319615	0.12193535523833228	0.0	0.0	0.0	-0.20847265669642026	0.0	0.0	-0.42710753777448573	0.0
0.0	0.0	0.0	0.0	0.0	-0.3671630736551409	0.0	0.06451477576343408	0.0	-0.042652414646953796
-0.715071228407981	0.0	0.0	0.0	0.0	0.0	0.0	0.0	0.21047724015643027	0.0
0.0	0.03141549119481013	0.0	0.0	0.0	0.0	0.07315949088338813	0.0	-0.4580319866043777	0.0
0.0	0.0	-1.9505028428706312	0.0	0.09328597469031723	0.0	0.0	0.0	0.0	0.0
0.0	0.0	0.0	-1.0956310906588933	0.0	0.0	0.0	-0.023225927336839883	0.0	0.0
0.0	0.0	-1.18676139291409	0.0	-0.03341346756274832	-0.09720346127419568	0.0	-0.11426734236704443	0.0	0.0
0.0	0.0	0.0	0.0	-0.48598471878445115	-0.4773297784661368	0.0	0.04420111762607367	-0.2998348351655946	-0.21976307538464265
0.0	-0.0789380969764275	0.0	0.0	0.0	0.0	-0.3768950207403375	0.0	0.0	0.0
0.0	0.0	0.0	-0.9528118386337266	0.14491022798165099	-0.08146478731436238	0.0	0.668976408317447	0.0	-0.5600418990353481
-0.5026192915588366	0.10971915449330641	0.0	0.0	0.0	-0.18758664033902725	0.0	0.0	-0.14763173792057072	0.0
0.0	0.0	0.0	0.0	0.0	-0.42327097624226423	0.0	0.07437357969469424	0.0	-0.504265424401522
-1.7680283866194058	0.0	0.0	0.0	0.0	0.0	0.0	0.0	0.27076631609039115	0.0
0.0	-0.4441445223509149	0.0	0.0	0.0	0.0	0.08908172870474777	0.0	-0.5577168549986802	0.0
0.0	0.0	-1.56194480685485	0.0	0.08670068429293303	0.0	0.0	0.0	0.0	0.0
0.0	0.0	0.0	-0.4600936232612107	0.0	0.0	0.0	-0.01982904501875207	0.0	0.0
0.0	0.0	-1.1835301069844906	0.0	0.06620997561798392	-0.09693879798248509	0.0	-0.11395621794236398	0.0	0.0
0.0	0.0	0.0	0.0	-0.4579084533313752	-0.3211270255559009	0.0	0.041647534635035836	-0.28251280404238505	-0.20706694276401963
0.0	-0.09314864446874463	0.0	0.0	0.0	0.0	-0.9372677889994172	0.0	0.0	0.0
0.0	0.0	0.0	-0.8685179480999083	0.13209022890163163	-0.07425771495673458	0.0	0.8818841211477126	0.0	-0.5104957991471154
-0.4878648649288369	0.10649834056502211	0.0	0.0	0.0	-0.18208002058102635	0.0	0.0	-0.1861640586363006	0.0
0.0	0.0	0.0	0.0	0.0	-0.4143687197947011	0.0	0.07280935082825175	0.0	-0.42166375879137996
0.1206890848340465	0.0	0.0	0.0	0.0	0.0	0.0	0.0	0.16045644535931702	0.0
0.0	-0.19080383035597068	0.0	0.0	0.0	0.0	0.08310833209890352	0.0	-0.5203190180111086	0.0
0.0	0.0	-1.476140930554307	0.0	0.08501424738398611	0.0	0.0	0.0	0.0	0.0
0.0	0.0	0.0	-1.8402080962493321	0.0	0.0	0.0	-0.027205079194061958	0.0	0.0
0.0	0.0	-1.034283754123645	0.0	0.27522477608386453	-0.0847145529343701	0.0	-0.0995860301344282	0.0	0.0
0.0	0.0	0.0	0.0	-0.4333483717822885	-0.09672242531413833	0.0	0.039413754412125926	-0.2673601300625472	-0.1959608341883736
0.0	-0.09003345161110939	0.0	0.0	0.0	0.0	-0.8122737947122313	0.0	0.0	0.0
0.0	0.0	0.0	-1.0552176709862058	0.16048481670016193	-0.0902204188190124	0.0	0.5634203704783267	0.0	-0.6202338010432162
-0.4259397559522968	0.09298041414850992	0.0	0.0	0.0	-0.1589684461933618	0.0	0.0	0.3655982644822324	0.0
0.0	0.0	0.0	0.0	0.0	-0.34912603823604377	0.0	0.061345461148225436	0.0	0.04962344658185902
-1.2354502637407367	0.0	0.0	0.0	0.0	0.0	0.0	0.0	0.2436534812613259	0.0
0.0	-1.3301107164386425	0.0	0.0	0.0	0.0	0.11182480679427965	0.0	-0.7001051782778971	0.0
0.0	0.0	-1.9349051275014844	0.0	0.09278725290219147	0.0	0.0	0.0	0.0	0.0
0.0	0.0	0.0	0.26880247769018895	0.0	0.0	0.0	-0.015902153474259485	0.0	0.0
0.0	0.0	-1.0367298459210867	0.0	0.2031001477867528	-0.08491490373001058	0.0	-0.09982155212776937	0.0	0.0
0.0	0.0	0.0	0.0	-0.42191932759079553	-0.17494312135052148	0.0	0.03837426385381099	-0.26030882690670354	-0.19079260193096492
0.0	-0.08904200812610678	0.0	0.0	0.0	0.0	-0.7990144960278168	0.0	0.0	0.0
0.0	0.0	0.0	-0.9832058020988101	0.1495327525939678	-0.08406345125715516	0.0	0.8839110198717465	0.0	-0.5779068040753661
-0.6331870066174491	0.13822140170296596	0.0	0.0	0.0	-0.23631688093251116	0.0	0.0	-0.7508756131155286	0.0
0.0	0.0	0.0	0.0	0.0	-0.4413777645713674	0.0	0.0775551506986053	0.0	-0.5579407865800048
-1.2573401316596478	0.0	0.0	0.0	0.0	0.0	0.0	0.0	0.24240976575835757	0.0
0.0	0.6550838270151301	0.0	0.0	0.0	0.0	0.052733784155436336	0.0	-0.3301521050273658	0.0
0.0	0.0	-0.12680518610356262	0.0	0.06223433667159596	0.0	0.0	0.0	0.0	0.0
0.0	0.0	0.0	-1.948792530600871	0.0	0.0	0.0	-0.027765262086194297	0.0	0.0
0.0	0.0	-1.0797700103762373	0.0	0.4490123512807734	-0.0884401725699231	0.0	-0.10396567514752336	0.0	0.0
0.0	0.0	0.0	0.0	-0.39438727294823706	0.05929283863226509	0.0	0.03587017774018369	-0.24332255399226024	-0.17834256231852544
0.0	-0.0813305734935764	0.0	0.0	0.0	0.0	-0.45122387505365236	0.0	0.0	0.0
0.0	0.0	0.0	-1.207202114249538	0.18359966417575055	-0.10321498904107562	0.0	0.4511324152632422	0.0	-0.7095669230487952
-0.5310615060409648	0.11592794070049296	0.0	0.0	0.0	-0.19820179090747675	0.0	0.0	-0.33456249199872623	0.0
0.0	0.0	0.0	0.0	0.0	-0.3396301351534333	0.0	0.05967692173889113	0.0	0.16192679177627078
-0.26768583174681426	0.0	0.0	0.0	0.0	0.0	0.0	0.0	0.18238780860252676	0.0
0.0	0.03653776640078821	0.0	0.0	0.0	0.0	0.07689795031069781	0.0	-0.4814374802410117	0.0
0.0	0.0	-2.747507842418458	0.0	0.10704211154459091	0.0	0.0	0.0	0.0	0.0
0.0	0.0	0.0	-0.27841145637991715	0.0	0.0	0.0	-0.018834462157042355	0.0	0.0
0.0	0.0	-1.352313724647782	0.0	-0.4394561559298116	-0.11076327183309345	0.0	-0.13020755164822526	0.0	0.0
0.0	0.0	0.0	0.0	-0.5270681844200921	-0.7055262698375495	0.0	0.047937727084884946	-0.3251818340953228	-0.2383410849527834
0.0	-0.09875195290202596	0.0	0.0	0.0	0.0	-1.1422342400639658	0.0	0.0	0.0
0.0	0.0	0.0	-1.0046317337189599	0.15279135676942313	-0.08589535435876904	0.0	0.7139451225178904	0.0	-0.590500496708695
-0.40802917088565804	0.0890706273914252	0.0	0.0	0.0	-0.1522838908339028	0.0	0.0	0.34205501406201233	0.0
0.0	0.0	0.0	0.0	0.0	-0.47123096895197797	0.0	0.08280070212964064	0.0	-0.8623526748927428
-1.5074870419592092	0.0	0.0	0.0	0.0	0.0	0.0	0.0	0.25702579246956897	0.0
0.0	-1.0235611075278335	0.0	0.0	0.0	0.0	0.1049569695658608	0.0	-0.6571074880066207	0.0
0.0	0.0	0.5777312177187576	0.0	0.04965427400315999	0.0	0.0	0.0	0.0	0.0
0.0	0.0	0.0	-1.647076698614494	0.0	0.0	0.0	-0.02615169253320002	0.0	0.0
0.0	0.0	-0.6648517389275783	0.0	1.187939649791728	-0.05445567292953453	0.0	-0.06401526181165718	0.0	0.0
0.0	0.0	0.0	0.0	-0.36158820544943826	0.3089384479035844	0.0	0.032887048056258486	-0.22308672636853336	-0.16351077097884453
0.0	-0.07781050425693582	0.0	0.0	0.0	0.0	-0.36106781979651653	0.0	0.0	0.0
0.0	0.0	0.0	-1.173518390716859	0.17847681005232718	-0.10033505277004834	0.0	0.4785914547926532	0.0	-0.6897683692011926
-0.5395193339307827	0.11777424015717049	0.0	0.0	0.0	-0.20135840575506048	0.0	0.0	-0.3250966710326252	0.0
0.0	0.0	0.0	0.0	0.0	-0.35610072265503917	0.0	0.06257099343509925	0.0	0.0834062875134236
-0.7629622146695776	0.0	0.0	0.0	0.0	0.0	0.0	0.0	0.21267968566576437	0.0
0.0	0.16014597977534972	0.0	0.0	0.0	0.0	0.07042821206448159	0.0	-0.44093218112065363	0.0
0.0	0.0	-2.340589021978767	0.0	0.09976644115710173	0.0	0.0	0.0	0.0	0.0
0.0	0.0	0.0	-1.2725742047991568	0.0	0.0	0.0	-0.024159900690489247	0.0	0.0
0.0	0.0	-1.1063961603418264	0.0	0.011986038282018163	-0.09062102708079144	0.0	-0.10652937448270595	0.0	0.0
0.0	0.0	0.0	0.0	-0.43752048350682443	-0.20235625007160363	0.0	0.039793214905341816	-0.26993417073268916	-0.1978474698540498
0.0	-0.0939221693677203	0.0	0.0	0.0	0.0	-0.950861956871165	0.0	0.0	0.0
0.0	0.0	0.0	-1.0564826300437402	0.160677200440563	-0.09032857198882523	0.0	0.5168013741444942	0.0	-0.6209773162306422
-0.47994398757810447	0.1047692545940635	0.0	0.0	0.0	-0.179123805418347	0.0	0.0	-0.026370829649031258	0.0
0.0	0.0	0.0	0.0	0.0	-0.44705545874142794	0.0	0.07855278687859561	0.0	-0.6070673497153599
-1.5245590417742085	0.0	0.0	0.0	0.0	0.0	0.0	0.0	0.2550603874989852	0.0
0.0	-0.17238625438866384	0.0	0.0	0.0	0.0	0.08194109388407755	0.0	-0.5130112520340399	0.0
0.0	0.0	-0.04884404301781431	0.0	0.06078008191824032	0.0	0.0	0.0	0.0	0.0
0.0	0.0	0.0	-0.8782139953415931	0.0	0.0	0.0	-0.022039557927141955	0.0	0.0
0.0	0.0	-0.9940768253018043	0.0	0.600630480808846	-0.08142134448318225	0.0	-0.09571470525931469	0.0	0.0
0.0	0.0	0.0	0.0	-0.4028813697153079	0.042194438084550034	0.0	0.036642729953898605	-0.24856310170002652	-0.18218360660653357
0.0	-0.06755503206955911	0.0	0.0	0.0	0.0	0.05332538332565728	0.0	0.0	0.0
0.0	0.0	0.0	-1.0895491918400508	0.1657061923298154	-0.09315574133615023	0.0	0.6018341069565128	0.0	-0.6404131159469117
-0.419282301214076	0.09152712670566304	0.0	0.0	0.0	-0.15648376327624025	0.0	0.0	0.18826813934451814	0.0
0.0	0.0	0.0	0.0	0.0	-0.42536790819080134	0.0	0.07474203476046189	0.0	-0.4253108327504669
0.1832459636593513	0.0	0.0	0.0	0.0	0.0	0.0	0.0	0.15790334098888129	0.0
0.0	-0.6367609259735278	0.0	0.0	0.0	0.0	0.0953728523153771	0.0	-0.597103895703259	0.0
0.0	0.0	-2.561523199055221	0.0	0.10398562489866905	0.0	0.0	0.0	0.0	0.0
0.0	0.0	0.0	-0.8421261222355498	0.0	0.0	0.0	-0.02186170907322408	0.0	0.0
0.0	0.0	-1.4119025687891826	0.0	-0.45493086378180964	-0.11564398495576246	0.0	-0.13594506459347053	0.0	0.0
0.0	0.0	0.0	0.0	-0.4427999858611598	-0.26607336564397355	0.0	0.040273394416242475	-0.2731914310064852	-0.20023486935251794
0.0	-0.08234507564148803	0.0	0.0	0.0	0.0	-0.5271792705366798	0.0	0.0	0.0
0.0	0.0	0.0	-0.9822926481566888	0.14939387381374095	-0.08398537719398347	0.0	0.7892934230995368	0.0	-0.5773700722180135
-0.46876239504841505	0.10232837160598467	0.0	0.0	0.0	-0.17495063218064827	0.0	0.0	0.183370693146677	0.0
0.0	0.0	0.0	0.0	0.0	-0.3858515266701133	0.0	0.06779855194393	0.0	-0.20922407689003197
-1.2414381448785803	0.0	0.0	0.0	0.0	0.0	0.0	0.0	0.2390191079423978	0.0
0.0	-0.3576858830813343	0.0	0.0	0.0	0.0	0.08826948571861373	0.0	-0.5526316191112757	0.0
0.0	0.0	-0.3818671677669449	0.0	0.06597236190045869	0.0	0.0	0.0	0.0	0.0
0.0	0.0	0.0	-0.9488985829051964	0.0	0.0	0.0	-0.022410653873676092	0.0	0.0
0.0	0.0	-0.7078767877506311	0.0	0.9501001257026529	-0.05797970370106364	0.0	-0.06815792942249886	0.0	0.0
0.0	0.0	0.0	0.0	-0.37454902849580907	0.2800280985714807	0.0	0.03406585644644051	-0.23108308117458357	-0.1693716761104108
0.0	-0.09197366245641456	0.0	0.0	0.0	0.0	-0.891370845465537	0.0	0.0	0.0
0.0	0.0	0.0	-1.1446215469646588	0.1740819777818906	-0.09786439158084129	0.0	0.6377167491219143	0.0	-0.672783438289423
-0.43015477006148095	0.09390052961563164	0.0	0.0	0.0	-0.1605415659462293	0.0	0.0	0.19778744254087324	0.0
0.0	0.0	0.0	0.0	0.0	-0.35706056873665976	0.0	0.06273964943339097	0.0	0.06204698603735781
-0.46744450360721923	0.0	0.0	0.0	0.0	0.0	0.0	0.0	0.19501079271537852	0.0
0.0	-0.4063654869035081	0.0	0.0	0.0	0.0	0.08819126583306271	0.0	-0.5521419053483956	0.0
0.0	0.0	-2.674372018493399	0.0	0.10521907849125102	0.0	0.0	0.0	0.0	0.0
0.0	0.0	0.0	-2.422208286527614	0.0	0.0	0.0	-0.030332853804267142	0.0	0.0
0.0	0.0	-0.9784878282052962	0.0	0.0972390914669491	-0.08014450443376578	0.0	-0.09421371838948439	0.0	0.0
0.0	0.0	0.0	0.0	-0.5489558270186661	-0.7807227697044804	0.0	0.04992844454504881	-0.3386857107750701	-0.24823871231525185
0.0	-0.06940120542583854	0.0	0.0	0.0	0.0	-0.023098024010266286	0.0	0.0	0.0
0.0	0.0	0.0	-1.016267972099863	0.15456107654855966	-0.08689024510886591	0.0	0.1669369264771917	0.0	-0.5973400223907159
-0.45356606239437974	0.0990110919109919	0.0	0.0	0.0	-0.1692790850754751	0.0	0.0	0.104041139164057	0.0
0.0	0.0	0.0	0.0	0.0	-0.5174297699419145	0.0	0.09091836291925676	0.0	-1.1917010006741315
-1.3026144396645947	0.0	0.0	0.0	0.0	0.0	0.0	0.0	0.24223934365486802	0.0
0.0	-1.0464557391853737	0.0	0.0	0.0	0.0	0.1104775019219465	0.0	-0.6916700631645326	0.0
0.0	0.0	0.7789991196742272	0.0	0.04631322723722054	0.0	0.0	0.0	0.0	0.0
0.0	0.0	0.0	0.956155197515415	0.0	0.0	0.0	-0.012272475250185474	0.0	0.0
0.0	0.0	-0.7079789001346893	0.0	1.2401475938794786	-0.05798806736812316	0.0	-0.06816776131526077	0.0	0.0
0.0	0.0	0.0	0.0	-0.3974491912718458	0.18180953903127547	0.0	0.036148664299024	-0.24521164585125121	-0.17972716673377515
0.0	-0.09735475502535702	0.0	0.0	0.0	0.0	-1.11758086521203	0.0	0.0	0.0
0.0	0.0	0.0	-0.5911715104694077	0.08990946048825313	-0.05054477643325533	0.0	1.5718338968045429	0.0	-0.34747764663968883
-0.4177772603445807	0.09119858417963556	0.0	0.0	0.0	-0.1559220547126753	0.0	0.0	0.26447763729408147	0.0
0.0	0.0	0.0	0.0	0.0	-0.2806834951244916	0.0	0.04931931898320945	0.0	0.5132993957567085
-0.7058650255049947	0.0	0.0	0.0	0.0	0.0	0.0	0.0	0.20895898702746304	0.0
0.0	0.17442061619158575	0.0	0.0	0.0	0.0	0.06986620455385124	0.0	-0.4374136025538495	0.0
0.0	0.0	-2.1830867132168725	0.0	0.09724239694388552	0.0	0.0	0.0	0.0	0.0
0.0	0.0	0.0	-0.968791668663834	0.0	0.0	0.0	-0.0225281681791938	0.0	0.0
0.0	0.0	-1.1980243705858116	0.0	-0.12388519128190768	-0.09812597225279858	0.0	-0.11535179837763876	0.0	0.0
0.0	0.0	0.0	0.0	-0.5212647478437589	-0.6410324443883828	0.0	0.04740989488598872	-0.3216013255278701	-0.23571676155223553
0.0	-0.07439731399100939	0.0	0.0	0.0	0.0	-0.19939006203759504	0.0	0.0	0.0
0.0	0.0	0.0	-1.0710209593185578	0.16288829031609084	-0.09157158960705453	0.0	0.5997962544352919	0.0	-0.6295226272833947
-0.4623343600954468	0.1009251652986706	0.0	0.0	0.0	-0.17255157289052556	0.0	0.0	0.021174707501410817	0.0
0.0	0.0	0.0	0.0	0.0	-0.4188366322346742	0.0	0.07359441444133791	0.0	-0.5032118440680341
-1.1182401305977454	0.0	0.0	0.0	0.0	0.0	0.0	0.0	0.23541931842254288	0.0
0.0	-0.22817465893819255	0.0	0.0	0.0	0.0	0.0793365755009156	0.0	-0.49670505970297524	0.0
0.0	0.0	-0.5445491809272498	0.0	0.06910291944837615	0.0	0.0	0.0	0.0	0.0
0.0	0.0	0.0	-0.7736672702425416	0.0	0.0	0.0	-0.021470585739083843	0.0	0.0
0.0	0.0	-0.9480652057286382	0.0	0.5455606703700334	-0.07765269418157351	0.0	-0.09128447562931377	0.0	0.0
0.0	0.0	0.0	0.0	-0.4587006864287907	-0.285131370841877	0.0	0.041719589551523155	-0.2830015829504347	-0.20742519185124397
0.0	-0.08986928077226952	0.0	0.0	0.0	0.0	-0.8026921375417493	0.0	0.0	0.0
0.0	0.0	0.0	-1.1450589495972483	0.1741485010057196	-0.09790178921906306	0.0	0.6501896318448469	0.0	-0.6730405339625307
-0.5727254597198795	0.1250229632101168	0.0	0.0	0.0	-0.21375153447109715	0.0	0.0	-0.5104523964494988	0.0
0.0	0.0	0.0	0.0	0.0	-0.37122424559439987	0.0	0.06522837039153695	0.0	-0.11779431606384881
-0.49056079447589923	0.0	0.0	0.0	0.0	0.0	0.0	0.0	0.197340212333462	0.0
0.0	0.10850676646177047	0.0	0.0	0.0	0.0	0.07180152089286305	0.0	-0.44953010004121463	0.0
0.0	0.0	-2.800321731406933	0.0	0.10775816822406466	0.0	0.0	0.0	0.0	0.0
0.0	0.0	0.0	-1.5434216185187335	0.0	0.0	0.0	-0.025605113995827065	0.0	0.0
0.0	0.0	-1.2382441784694254	0.0	-0.21763627480495232	-0.10142023558274284	0.0	-0.11922436331345	0.0	0.0
0.0	0.0	0.0	0.0	-0.3030927026167117	0.490378211494071	0.0	0.02756678488466595	-0.18699713595168277	-0.13705901004519938
0.0	-0.10042964274650779	0.0	0.0	0.0	0.0	-1.2023486729933794	0.0	0.0	0.0
0.0	0.0	0.0	-1.1090214774890998	0.16866767248603778	-0.09482060898850746	0.0	0.5416023155124317	0.0	-0.651858498331213
-0.49425620514385543	0.10789353660355064	0.0	0.0	0.0	-0.184465384729069	0.0	0.0	0.012836737602249128	0.0
0.0	0.0	0.0	0.0	0.0	-0.4024110317507317	0.0	0.07070824748164896	0.0	-0.16975428418871852
-1.1892576195416455	0.0	0.0	0.0	0.0	0.0	0.0	0.0	0.24054172283827718	0.0
0.0	-0.6532858071914498	0.0	0.0	0.0	0.0	0.09052318583335314	0.0	-0.5667414321826922	0.0
0.0	0.0	1.6954942302967828	0.0	0.03093895871472278	0.0	0.0	0.0	0.0	0.0
0.0	0.0	0.0	-0.9449571000350985	0.0	0.0	0.0	-0.022368656623766733	0.0	0.0
0.0	0.0	-0.8017397057482696	0.0	1.1745600966286287	-0.0656676859434443	0.0	-0.07719552219426036	0.0	0.0
0.0	0.0	0.0	0.0	-0.37613013644178656	0.12419393841890691	0.0	0.03420966084110229	-0.23205856707370184	-0.17008665567929973
0.0	-0.06976118755193285	0.0	0.0	0.0	0.0	-0.038963969340127136	0.0	0.0	0.0
0.0	0.0	0.0	-1.2867287223761241	0.19569462190712808	-0.1100144618794431	0.0	0.35624132765257954	0.0	-0.7563109189073252
-0.6147958086688093	0.13420669967514384	0.0	0.0	0.0	-0.22945295212409716	0.0	0.0	-0.6620590017460238	0.0
0.0	0.0	0.0	0.0	0.0	-0.4641522005591149	0.0	0.08155688109121076	0.0	-0.6443066715982438
-1.126982279332172	0.0	0.0	0.0	0.0	0.0	0.0	0.0	0.2309972013997763	0.0
0.0	0.39602623238452295	0.0	0.0	0.0	0.0	0.06687818737148611	0.0	-0.4187064269089533	0.0
0.0	0.0	-1.2705783979648675	0.0	0.08208646838863515	0.0	0.0	0.0	0.0	0.0
0.0	0.0	0.0	-1.425095636368174	0.0	0.0	0.0	-0.02494832294866309	0.0	0.0
0.0	0.0	-1.3882505498984354	0.0	-0.2062935999796827	-0.11370673108482388	0.0	-0.1336677295230867	0.0	0.0
0.0	0.0	0.0	0.0	-0.38717846177268506	0.05438051901919505	0.0	0.035214524386490365	-0.238874980587138	-0.17508272625254998
0.0	-0.09975294398331223	0.0	0.0	0.0	0.0	-1.1720561270900898	0.0	0.0	0.0
0.0	0.0	0.0	-1.2592658038276634	0.19151787091964503	-0.10766640035473522	0.0	0.3555435826076034	0.0	-0.7401688177774866
-0.37187915085972223	0.08117926767090904	0.0	0.0	0.0	-0.13879204736760392	0.0	0.0	0.45389802674741503	0.0
0.0	0.0	0.0	0.0	0.0	-0.45267967791280983	0.0	0.07954102688615942	0.0	-0.5807935582899849
-0.9136991669499153	0.0	0.0	0.0	0.0	0.0	0.0	0.0	0.22085840573259083	0.0
0.0	-0.6384747973120359	0.0	0.0	0.0	0.0	0.09481776770633057	0.0	-0.5936286595699135	0.0
0.0	0.0	-2.548288612983252	0.0	0.10276181424900907	0.0	0.0	0.0	0.0	0.0
0.0	0.0	0.0	-0.15188893989943275	0.0	0.0	0.0	-0.01815049133521828	0.0	0.0
0.0	0.0	-0.7725144241106188	0.0	0.4690402113834409	-0.06327394567783177	0.0	-0.07438156541861683	0.0	0.0
0.0	0.0	0.0	0.0	-0.39462720377800514	0.14398358476908402	0.0	0.03589199984779075	-0.2434705825577974	-0.17845105942757306
0.0	-0.056826630990189184	0.0	0.0	0.0	0.0	0.4548182248412405	0.0	0.0	0.0
0.0	0.0	0.0	-1.0404651269691556	0.15824114756199756	-0.08895908598081205	0.0	0.8778688644255292	0.0	-0.6115625792637318
-0.45940080341769896	0.10028478526601717	0.0	0.0	0.0	-0.1714567163049056	0.0	0.0	0.10267614045660323	0.0
0.0	0.0	0.0	0.0	0.0	-0.35704316350960186	0.0	0.06273659113477295	0.0	0.03529028154443692
-0.6261664161674929	0.0	0.0	0.0	0.0	0.0	0.0	0.0	0.2073899937251498	0.0
0.0	-0.0893216426242125	0.0	0.0	0.0	0.0	0.07426450426905525	0.0	-0.4649501795845377	0.0
0.0	0.0	-0.736119087514073	0.0	0.07184438696686428	0.0	0.0	0.0	0.0	0.0
0.0	0.0	0.0	-1.8962627469804239	0.0	0.0	0.0	-0.027465540438978326	0.0	0.0
0.0	0.0	-0.6264962136663957	0.0	0.9566420824137184	-0.05131410644731018	0.0	-0.06032219936215715	0.0	0.0
0.0	0.0	0.0	0.0	-0.416467510593003	-0.026830147140602275	0.0	0.03787841203979102	-0.256945254786628	-0.1883272814721944
0.0	-0.08194063908260765	0.0	0.0	0.0	0.0	-0.49333906281590134	0.0	0.0	0.0
0.0	0.0	0.0	-1.3294057791774916	0.2021852444832917	-0.11366332224678666	0.0	0.1406173954651634	0.0	-0.7813955567835188
-0.5855451248356475	0.12782142885003892	0.0	0.0	0.0	-0.21853606612303597	0.0	0.0	-0.48932454122193825	0.0
0.0	0.0	0.0	0.0	0.0	-0.4453579547990944	0.0	0.07825451590840525	0.0	-0.5574023064736582
-0.8685498019976399	0.0	0.0	0.0	0.0	0.0	0.0	0.0	0.22127383904014217	0.0
0.0	-0.14131426868984986	0.0	0.0	0.0	0.0	0.07621547923952647	0.0	-0.4771647115714364	0.0
0.0	0.0	-1.9877879268406475	0.0	0.09343570234717921	0.0	0.0	0.0	0.0	0.0
0.0	0.0	0.0	-0.43808718148896	0.0	0.0	0.0	-0.0197088971211001	0.0	0.0
0.0	0.0	-0.8786729119192296	0.0	0.4113402359003868	-0.07196901489751145	0.0	-0.0846030373539382	0.0	0.0
0.0	0.0	0.0	0.0	-0.4830040468085036	-0.43349567112721876	0.0	0.04393002055754211	-0.29799586933797295	-0.2184152106991327
0.0	-0.08786099535677618	0.0	0.0	0.0	0.0	-0.7227438594635098	0.0	0.0	0.0
0.0	0.0	0.0	-0.8828106934473785	0.13426396867144336	-0.07547973531023859	0.0	0.825881945877534	0.0	-0.5188967613542012
-0.5823820345703172	0.12713094283940113	0.0	0.0	0.0	-0.21735554343732266	0.0	0.0	-0.5383830312442212	0.0
0.0	0.0	0.0	0.0	0.0	-0.4228330079792986	0.0	0.07429662363264954	0.0	-0.5026704771705139
-0.8918099625499656	0.0	0.0	0.0	0.0	0.0	0.0	0.0	0.22178247463137774	0.0
0.0	-0.18961592700899965	0.0	0.0	0.0	0.0	0.07881798767482327	0.0	-0.49345832015700825	0.0
0.0	0.0	-1.04535064553153	0.0	0.07745993836537363	0.0	0.0	0.0	0.0	0.0
0.0	0.0	0.0	-1.415929571920541	0.0	0.0	0.0	-0.024916113038998787	0.0	0.0
0.0	0.0	-0.8687148931955531	0.0	0.5714735665534393	-0.07115338852716095	0.0	-0.08364422933946299	0.0	0.0
0.0	0.0	0.0	0.0	-0.4472508015787175	-0.1711367529145289	0.0	0.040678203500684074	-0.27593742186884035	-0.2022475354143383
0.0	-0.08642291294942415	0.0	0.0	0.0	0.0	-0.6696851843148285	0.0	0.0	0.0
0.0	0.0	0.0	-1.1436911340969056	0.17394047414463887	-0.09778484189084714	0.0	0.6166493080272983	0.0	-0.6722365620141548
-0.5484910172510711	0.11973271155851845	0.0	0.0	0.0	-0.2047068007739206	0.0	0.0	-0.36063674205622	0.0
0.0	0.0	0.0	0.0	0.0	-0.3134477842607449	0.0	0.05507638149396475	0.0	0.27873348246895113
-1.1007548463531034	0.0	0.0	0.0	0.0	0.0	0.0	0.0	0.2331465407282274	0.0
0.0	-0.1516040535187837	0.0	0.0	0.0	0.0	0.07793749613525063	0.0	-0.4879457983476147	0.0
0.0	0.0	-2.175946000640511	0.0	0.09686017360341977	0.0	0.0	0.0	0.0	0.0
0.0	0.0	0.0	-1.0699708922985594	0.0	0.0	0.0	-0.023062055383121456	0.0	0.0
0.0	0.0	-1.0309022663251781	0.0	0.15077893047948546	-0.08443758713464825	0.0	-0.09926044352006366	0.0	0.0
0.0	0.0	0.0	0.0	-0.40450649981141856	-0.01035109274645074	0.0	0.036790538236256796	-0.24956574765916026	-0.1829184930628705
0.0	-0.06958987296187431	0.0	0.0	0.0	0.0	-0.021472787071542543	0.0	0.0	0.0
0.0	0.0	0.0	-1.1314969669081327	0.17208590068561752	-0.0967422485935875	0.0	0.5675899101466639	0.0	-0.665069098016911
-0.5211194398198215	0.11375763980273561	0.0	0.0	0.0	-0.19449123138106414	0.0	0.0	-0.23959608099476148	0.0
0.0	0.0	0.0	0.0	0.0	-0.4051575615630673	0.0	0.07119084436484438	0.0	-0.2896870940230667
-0.8886764601368462	0.0	0.0	0.0	0.0	0.0	0.0	0.0	0.22041831300533246	0.0
0.0	-0.5142926026350328	0.0	0.0	0.0	0.0	0.0906709773530721	0.0	-0.5676667153218007	0.0
0.0	0.0	0.0007189040198478658	0.0	0.05980902186070835	0.0	0.0	0.0	0.0	0.0
0.0	0.0	0.0	-1.3879542549100305	0.0	0.0	0.0	-0.02477743369046698	0.0	0.0
0.0	0.0	-0.9098359374056905	0.0	0.7228493964485344	-0.07452146896211653	0.0	-0.087603569831415	0.0	0.0
0.0	0.0	0.0	0.0	-0.4311323961806183	-0.12013623235355753	0.0	0.03921220774936063	-0.26599295398976935	-0.19495876643937432
0.0	-0.08777614989448448	0.0	0.0	0.0	0.0	-0.7320020050111621	0.0	0.0	0.0
0.0	0.0	0.0	-1.0660719183784615	0.16213560587007447	-0.09114844985243818	0.0	0.526153881005923	0.0	-0.6266136895749068
-0.5002263563620755	0.10919678929373036	0.0	0.0	0.0	-0.18669355350044362	0.0	0.0	-0.10981526394937724	0.0
0.0	0.0	0.0	0.0	0.0	-0.41301410161999014	0.0	0.07257132883187682	0.0	-0.3731544177036201
-1.1474936372720137	0.0	0.0	0.0	0.0	0.0	0.0	0.0	0.23482865285319868	0.0
0.0	-0.37026362244043676	0.0	0.0	0.0	0.0	0.0867094589814281	0.0	-0.5428647093506814	0.0
0.0	0.0	-2.219457570869927	0.0	0.09796033095791185	0.0	0.0	0.0	0.0	0.0
0.0	0.0	0.0	-1.3954948208978024	0.0	0.0	0.0	-0.024825543140325944	0.0	0.0
0.0	0.0	-1.2632580561561721	0.0	-0.1724947500335866	-0.10346903452881467	0.0	-0.1216328249828513	0.0	0.0
0.0	0.0	0.0	0.0	-0.4098369786618799	-0.06927800362874414	0.0	0.037275354144176404	-0.25285445857064603	-0.18532894421528576
0.0	-0.08424002977461444	0.0	0.0	0.0	0.0	-0.5925605909605647	0.0	0.0	0.0
0.0	0.0	0.0	-1.0138789136402806	0.1541977319804065	-0.08668598217740346	0.0	0.6334450118710474	0.0	-0.5959357862316338
-0.4799334643957817	0.10476695743856944	0.0	0.0	0.0	-0.17911987797574633	0.0	0.0	-0.04360523902537361	0.0
0.0	0.0	0.0	0.0	0.0	-0.3956870898696477	0.0	0.06952677354314518	0.0	-0.23930962555162583
-0.5766047198672348	0.0	0.0	0.0	0.0	0.0	0.0	0.0	0.20107394691638844	0.0
0.0	0.42208899455756893	0.0	0.0	0.0	0.0	0.06295930828769984	0.0	-0.394171374103979	0.0
0.0	0.0	-0.6027504808715611	0.0	0.07042186431315924	0.0	0.0	0.0	0.0	0.0
0.0	0.0	0.0	-1.221132256140129	0.0	0.0	0.0	-0.023899925625222404	0.0	0.0
0.0	0.0	-1.1612439032549524	0.0	0.2650741963791944	-0.09511341323867097	0.0	-0.11181039040969401	0.0	0.0
0.0	0.0	0.0	0.0	-0.44894783297657626	-0.2572722268391292	0.0	0.04083255132589864	-0.27698442830706843	-0.20301493575554774
0.0	-0.08146936716357363	0.0	0.0	0.0	0.0	-0.46541979509902626	0.0	0.0	0.0
0.0	0.0	0.0	-0.947600244597823	0.1441176126411725	-0.08101919944224642	0.0	0.6314378426617737	0.0	-0.556978638376188
-0.444410535259721	0.09701248836945298	0.0	0.0	0.0	-0.16586207620898916	0.0	0.0	0.1507795905619842	0.0
0.0	0.0	0.0	0.0	0.0	-0.43756695450119415	0.0	0.0768855475309807	0.0	-0.5622206661809174
-1.2734549844130498	0.0	0.0	0.0	0.0	0.0	0.0	0.0	0.2423206079693103	0.0
0.0	-0.3197202583492864	0.0	0.0	0.0	0.0	0.08486893028631587	0.0	-0.5313416519257965	0.0
0.0	0.0	-2.377263397224103	0.0	0.10068829829959251	0.0	0.0	0.0	0.0	0.0
0.0	0.0	0.0	-0.4534879952548261	0.0	0.0	0.0	-0.019782599634048444	0.0	0.0
0.0	0.0	-1.298769718688003	0.0	-0.23095276907828577	-0.1063776701941687	0.0	-0.12505206605757457	0.0	0.0
0.0	0.0	0.0	0.0	-0.38284947928953067	0.02976667261587962	0.0	0.034820796237140905	-0.23620415638402753	-0.17312515337625922
0.0	-0.0861377768473875	0.0	0.0	0.0	0.0	-0.6639593991410337	0.0	0.0	0.0
0.0	0.0	0.0	-0.9435481713510853	0.14350134525849062	-0.08067274983714806	0.0	0.7778072423449567	0.0	-0.5545969186030716
-0.48957730206348504	0.10687215660768497	0.0	0.0	0.0	-0.18271913319424132	0.0	0.0	-0.09473333613642822	0.0
0.0	0.0	0.0	0.0	0.0	-0.4595821531612259	0.0	0.08075387119109209	0.0	-0.6420147868194687
-0.5889262436590885	0.0	0.0	0.0	0.0	0.0	0.0	0.0	0.20411190499630044	0.0
0.0	0.000764130131733376	0.0	0.0	0.0	0.0	0.07348256434122953	0.0	-0.46005466303265014	0.0
0.0	0.0	0.9455681006728102	0.0	0.04370828890581886	0.0	0.0	0.0	0.0	0.0
0.0	0.0	0.0	-1.4566771944774328	0.0	0.0	0.0	-0.025143279285478024	0.0	0.0
0.0	0.0	-0.8460735078435077	0.0	1.002869079805635	-0.06929891210300161	0.0	-0.08146420313779022	0.0	0.0
0.0	0.0	0.0	0.0	-0.3818381849370536	0.122398034956936	0.0	0.03472881733554041	-0.23558022467638604	-0.17266784443540326
0.0	-0.09544067827003208	0.0	0.0	0.0	0.0	-1.0119141321933856	0.0	0.0	0.0
0.0	0.0	0.0	-1.0852140146025784	0.1650468685301408	-0.092785086525514	0.0	0.4551251356803218	0.0	-0.637864993857864
-0.5393451765882782	0.11773622252297039	0.0	0.0	0.0	-0.2012934070745095	0.0	0.0	-0.250343660254553	0.0
0.0	0.0	0.0	0.0	0.0	-0.44217561399833266	0.0	0.07769534202111829	0.0	-0.5161963719304838
-1.1527699671143943	0.0	0.0	0.0	0.0	0.0	0.0	0.0	0.23668146551596045	0.0
0.0	-0.2575700322028251	0.0	0.0	0.0	0.0	0.08081666961493375	0.0	-0.5059715327089966	0.0
0.0	0.0	-2.3765727656839535	0.0	0.10077786930180693	0.0	0.0	0.0	0.0	0.0
0.0	0.0	0.0	-1.105565786667243	0.0	0.0	0.0	-0.023289790928381526	0.0	0.0
0.0	0.0	-1.3635391030238688	0.0	-0.31261520377342	-0.11168270318532918	0.0	-0.13128838740995347	0.0	0.0
0.0	0.0	0.0	0.0	-0.3805302127269356	0.0189064434056605	0.0	0.03460985508986391	-0.23477325355802905	-0.17207637728776923
0.0	-0.07775573028962281	0.0	0.0	0.0	0.0	-0.33805037436578567	0.0	0.0	0.0
0.0	0.0	0.0	-0.8807807648265592	0.1339552430581563	-0.07530617774445991	0.0	0.7710124220239984	0.0	-0.5177036138369117
-0.5430902499113457	0.11855375238189804	0.0	0.0	0.0	-0.20269113639826614	0.0	0.0	-0.3342445611782127	0.0
0.0	0.0	0.0	0.0	0.0	-0.42071164809888023	0.0	0.07392387629823954	0.0	-0.38455546324338186
-0.46933810906182893	0.0	0.0	0.0	0.0	0.0	0.0	0.0	0.19552897673462397	0.0
0.0	-0.045649161677500986	0.0	0.0	0.0	0.0	0.07692109737676364	0.0	-0.4815823978248573	0.0
0.0	0.0	0.582755272174868	0.0	0.04989045064283528	0.0	0.0	0.0	0.0	0.0
0.0	0.0	0.0	-0.6900425602300253	0.0	0.0	0.0	-0.021041942584262747	0.0	0.0
0.0	0.0	-0.8703262062597348	0.0	0.9231556258415621	-0.07128536552605053	0.0	-0.08379937464724321	0.0	0.0
0.0	0.0	0.0	0.0	-0.3564636253091476	0.26552351704509797	0.0	0.032420958978124956	-0.21992504744681726	-0.16119342755598512
0.0	-0.08601765121597445	0.0	0.0	0.0	0.0	-0.6524544770843311	0.0	0.0	0.0
0.0	0.0	0.0	-1.0091105005174337	0.1534725186646974	-0.08627828598269961	0.0	0.6221333966845115	0.0	-0.5931330175920947
-0.4702477517282649	0.10265261717668026	0.0	0.0	0.0	-0.17550499424744045	0.0	0.0	0.10823795574085238	0.0
0.0	0.0	0.0	0.0	0.0	-0.47362141499733995	0.0	0.08322073099870922	0.0	-0.7046805907832667
-0.8019915380728617	0.0	0.0	0.0	0.0	0.0	0.0	0.0	0.21851753836668675	0.0
0.0	-0.6836516407063458	0.0	0.0	0.0	0.0	0.09172300283404736	0.0	-0.5742531652162863	0.0
0.0	0.0	-2.385232298784204	0.0	0.10095954996537698	0.0	0.0	0.0	0.0	0.0
0.0	0.0	0.0	-2.104024065829006	0.0	0.0	0.0	-0.02862318535294781	0.0	0.0
0.0	0.0	-1.3859448068823566	0.0	-0.38071029563054903	-0.11351787576537223	0.0	-0.13344572101471944	0.0	0.0
0.0	0.0	0.0	0.0	-0.4082681327282017	-0.15399830607033604	0.0	0.03713266499990631	-0.2518865378856065	-0.18461950954817904
0.0	-0.08730981529439588	0.0	0.0	0.0	0.0	-0.7149766433316405	0.0	0.0	0.0
0.0	0.0	0.0	-1.0354409024297895	0.15747702867313645	-0.08852951807776631	0.0	0.4875418912601024	0.0	-0.6086094502847288
-0.6263172606568698	0.1367217722000058	0.0	0.0	0.0	-0.2337529670788846	0.0	0.0	-0.6786106718257502	0.0
0.0	0.0	0.0	0.0	0.0	-0.39677363965443235	0.0	0.06971769283964019	0.0	-0.24361540927375258
-1.0885812311367844	0.0	0.0	0.0	0.0	0.0	0.0	0.0	0.2333141511887928	0.0
0.0	-0.3420913684999199	0.0	0.0	0.0	0.0	0.08355173263443463	0.0	-0.5230950300595586	0.0
0.0	0.0	0.6858329553650465	0.0	0.0481968807261079	0.0	0.0	0.0	0.0	0.0
0.0	0.0	0.0	-0.22060443620299175	0.0	0.0	0.0	-0.018537168943573643	0.0	0.0
0.0	0.0	-0.9036186861770894	0.0	0.8736363001713513	-0.07401223573070234	0.0	-0.08700494168344666	0.0	0.0
0.0	0.0	0.0	0.0	-0.44917850551127203	-0.2701540026772028	0.0	0.040853531376186435	-0.27712674484243344	-0.20311924624859842
0.0	-0.09260321984467752	0.0	0.0	0.0	0.0	-0.9114989443302146	0.0	0.0	0.0
0.0	0.0	0.0	-0.917375839267773	0.139520875605172	-0.07843503260879663	0.0	0.7702761678927419	0.0	-0.5392133958887232
-0.5565458491948935	0.12149103911439264	0.0	0.0	0.0	-0.20771301022153438	0.0	0.0	-0.4201096450568399	0.0
0.0	0.0	0.0	0.0	0.0	-0.47187360003084516	0.0	0.08291361980281241	0.0	-0.7929285483356481
-0.8127121349451081	0.0	0.0	0.0	0.0	0.0	0.0	0.0	0.21633907400836966	0.0
0.0	-0.2546072923297204	0.0	0.0	0.0	0.0	0.0821246904393081	0.0	-0.5141607009149788	0.0
0.0	0.0	-2.5368075979768387	0.0	0.10347103685125898	0.0	0.0	0.0	0.0	0.0
0.0	0.0	0.0	-1.3881388206138285	0.0	0.0	0.0	-0.024792248129581994	0.0	0.0
0.0	0.0	-1.350483377858442	0.0	-0.3484647160987713	-0.11061335455037911	0.0	-0.1300313166742223	0.0	0.0
0.0	0.0	0.0	0.0	-0.40937649214172794	-0.08297598120761251	0.0	0.03723347213008064	-0.2525703551934635	-0.18512071146653825
0.0	-0.08785369069756879	0.0	0.0	0.0	0.0	-0.727581543320321	0.0	0.0	0.0
0.0	0.0	0.0	-0.9718661091632396	0.14780813350139677	-0.08309391494814884	0.0	0.7467206690341547	0.0	-0.5712415813014539
-0.512310101419752	0.11183460744577346	0.0	0.0	0.0	-0.19120342643240512	0.0	0.0	-0.15629643988729747	0.0
0.0	0.0	0.0	0.0	0.0	-0.3534643843474989	0.0	0.06210775846690291	0.0	0.03988812771473449
-1.5714362091016516	0.0	0.0	0.0	0.0	0.0	0.0	0.0	0.2627530502977084	0.0
0.0	-0.5946902481774257	0.0	0.0	0.0	0.0	0.0893922587570499	0.0	-0.559661000522916	0.0
0.0	0.0	0.4663660254006225	0.0	0.05181695178097717	0.0	0.0	0.0	0.0	0.0
0.0	0.0	0.0	-0.8324665125448492	0.0	0.0	0.0	-0.02178479378921024	0.0	0.0
0.0	0.0	-0.8418304165694036	0.0	0.8781918950872212	-0.06895137538601043	0.0	-0.08105565701705561	0.0	0.0
0.0	0.0	0.0	0.0	-0.4668719644214869	-0.3513346974067775	0.0	0.04246278086135261	-0.28804296325589035	-0.21112025696767256
0.0	-0.09676351528675936	0.0	0.0	0.0	0.0	-1.0765756551765358	0.0	0.0	0.0
0.0	0.0	0.0	-1.1533200582905558	0.17540490767027678	-0.0986081085944039	0.0	0.5318119682604909	0.0	-0.6778962324468941
-0.6228541225631994	0.13596578732255984	0.0	0.0	0.0	-0.23246046109884763	0.0	0.0	-0.7990050147413992	0.0
0.0	0.0	0.0	0.0	0.0	-0.4243511205605347	0.0	0.07456337347703637	0.0	-0.47958129508810654
-0.2918727584609442	0.0	0.0	0.0	0.0	0.0	0.0	0.0	0.18285771497719086	0.0
0.0	0.8030383256979277	0.0	0.0	0.0	0.0	0.05331984849579758	0.0	-0.33382129696476615	0.0
0.0	0.0	-2.9539021925445113	0.0	0.11068756370664401	0.0	0.0	0.0	0.0	0.0
0.0	0.0	0.0	-2.0166304523540246	0.0	0.0	0.0	-0.02813607528675338	0.0	0.0
0.0	0.0	-1.4483544840947653	0.0	-0.5865325971518734	-0.11862963342640911	0.0	-0.1394548379236677	0.0	0.0
0.0	0.0	0.0	0.0	-0.39007336439429807	0.047236778073091346	0.0	0.03547782058974136	-0.24066102985334292	-0.17639180589739148
0.0	-0.07636704784781082	0.0	0.0	0.0	0.0	-0.26081930218458593	0.0	0.0	0.0
0.0	0.0	0.0	-1.1601404664842991	0.17644220261793453	-0.09919124902189604	0.0	0.4108929859824642	0.0	-0.6819051187790554
-0.3703822687382684	0.08085250615677635	0.0	0.0	0.0	-0.13823338379685993	0.0	0.0	0.5551849540135785	0.0
0.0	0.0	0.0	0.0	0.0	-0.3998839811006947	0.0	0.07026421561208492	0.0	-0.23810417094405478
-0.9000360899386053	0.0	0.0	0.0	0.0	0.0	0.0	0.0	0.22068927994335583	0.0
0.0	-0.47552058652324125	0.0	0.0	0.0	0.0	0.08999393958311437	0.0	-0.5634279630965532	0.0
0.0	0.0	0.15139913481892361	0.0	0.056967977255972205	0.0	0.0	0.0	0.0	0.0
0.0	0.0	0.0	0.41592058580887575	0.0	0.0	0.0	-0.01514054541521799	0.0	0.0
0.0	0.0	-0.7248202561746802	0.0	1.070397340351984	-0.05936748374399501	0.0	-0.0697893315888113	0.0	0.0
0.0	0.0	0.0	0.0	-0.3945867639730727	0.0957788877283554	0.0	0.03588832178034231	-0.24344563267403074	-0.17843277248241532
0.0	-0.08813179428396	0.0	0.0	0.0	0.0	-0.745094705638314	0.0	0.0	0.0
0.0	0.0	0.0	-0.7952180605683821	0.12094227399329001	-0.06799062264553384	0.0	1.0320350908033529	0.0	-0.46741173307264466
-0.48459492738055326	0.10578453035306053	0.0	0.0	0.0	-0.18085962055042157	0.0	0.0	-0.02017160348924496	0.0
0.0	0.0	0.0	0.0	0.0	-0.44572564000374565	0.0	0.07831912242859111	0.0	-0.5708299226453986
-0.6062798342361266	0.0	0.0	0.0	0.0	0.0	0.0	0.0	0.20217227865292617	0.0
0.0	-0.19542574949492517	0.0	0.0	0.0	0.0	0.08331662456545808	0.0	-0.5216230813814069	0.0
0.0	0.0	-3.364025705837657	0.0	0.11726263705042496	0.0	0.0	0.0	0.0	0.0
0.0	0.0	0.0	-1.8998718445786196	0.0	0.0	0.0	-0.027539773006361245	0.0	0.0
0.0	0.0	-1.2114648136604937	0.0	-0.31486676630896454	-0.09922683178169671	0.0	-0.11664591168428103	0.0	0.0
0.0	0.0	0.0	0.0	-0.45041165887073675	-0.25101763544249245	0.0	0.04096568872308619	-0.27788755546049937	-0.20367688019102917
0.0	-0.08579784045095011	0.0	0.0	0.0	0.0	-0.6495397863178698	0.0	0.0	0.0
0.0	0.0	0.0	-0.9554812987981689	0.1453162179844326	-0.08169302440769266	0.0	0.5457045203170305	0.0	-0.5616109491659985
-0.41949790976787427	0.0915741929218262	0.0	0.0	0.0	-0.1565642323010362	0.0	0.0	0.28920558730794305	0.0
0.0	0.0	0.0	0.0	0.0	-0.40792778123093837	0.0	0.07167760382817762	0.0	-0.3657238696500109
-1.1796794064401124	0.0	0.0	0.0	0.0	0.0	0.0	0.0	0.23541353164443218	0.0
0.0	-0.46578187252068265	0.0	0.0	0.0	0.0	0.09153011770801191	0.0	-0.5730455630802181	0.0
0.0	0.0	3.116475798875033	0.0	0.006494915212520306	0.0	0.0	0.0	0.0	0.0
0.0	0.0	0.0	-0.35648322711166736	0.0	0.0	0.0	-0.019269454865438723	0.0	0.0
0.0	0.0	-0.5588923457788291	0.0	1.8142756408444973	-0.04577691085480861	0.0	-0.05381295970929272	0.0	0.0
0.0	0.0	0.0	0.0	-0.45093351683120253	-0.10200459094547831	0.0	0.04101315257164576	-0.2782095227765654	-0.203912865204288
0.0	-0.08658783083902864	0.0	0.0	0.0	0.0	-0.6870398545341108	0.0	0.0	0.0
0.0	0.0	0.0	-0.8943218390001735	0.13601466346631222	-0.07646393070557268	0.0	0.8977117564409193	0.0	-0.5256627602157432
-0.42818782922075194	0.09347115674911506	0.0	0.0	0.0	-0.15980746793157957	0.0	0.0	0.18093512685224233	0.0
0.0	0.0	0.0	0.0	0.0	-0.370319798773611	0.0	0.0650694486806681	0.0	-0.11946350546310147
-1.2291254804268745	0.0	0.0	0.0	0.0	0.0	0.0	0.0	0.2398233446804972	0.0
0.0	-0.9742684308241574	0.0	0.0	0.0	0.0	0.10568644455404679	0.0	-0.6616745356170203	0.0
0.0	0.0	2.3126679342837493	0.0	0.021107619690159445	0.0	0.0	0.0	0.0	0.0
0.0	0.0	0.0	-1.7926418252281482	0.0	0.0	0.0	-0.026915194385227253	0.0	0.0
0.0	0.0	-1.1986125598834902	0.0	0.6872922160514017	-0.09817414877417868	0.0	-0.11540843219489617	0.0	0.0
0.0	0.0	0.0	0.0	-0.4642118239924578	-0.3546661689690691	0.0	0.0422208366695692	-0.2864017536947127	-0.20991733716578934
0.0	-0.09637828327819178	0.0	0.0	0.0	0.0	-1.075872721868171	0.0	0.0	0.0
0.0	0.0	0.0	-1.291831191827548	0.19647064082449953	-0.1104507196711539	0.0	0.2518015485572048	0.0	-0.7593100385293514
-0.49186647409902473	0.1073718708535313	0.0	0.0	0.0	-0.18357349373812962	0.0	0.0	-0.11412423841739394	0.0
0.0	0.0	0.0	0.0	0.0	-0.4340354293036718	0.0	0.07626501792828144	0.0	-0.5327977062751613
0.06269473196234232	0.0	0.0	0.0	0.0	0.0	0.0	0.0	0.165998449598775	0.0
0.0	0.3999475210130661	0.0	0.0	0.0	0.0	0.060722139953222995	0.0	-0.38016506208299816	0.0
0.0	0.0	-0.01305977326588792	0.0	0.06153953190738037	0.0	0.0	0.0	0.0	0.0
0.0	0.0	0.0	-0.7656665178274134	0.0	0.0	0.0	-0.021453147524029263	0.0	0.0
0.0	0.0	-1.8674111941286067	0.0	-0.5956296259676633	-0.1529530980492721	0.0	-0.1798037208942065	0.0	0.0
0.0	0.0	0.0	0.0	-0.33713237367975857	0.14699725014891718	0.0	0.030662749523994295	-0.20799837069792693	-0.15245180432195665
0.0	-0.06674072552926794	0.0	0.0	0.0	0.0	0.10302624036902852	0.0	0.0	0.0
0.0	0.0	0.0	-0.9714212443793053	0.14774047538187404	-0.08305587930088106	0.0	0.7998907113914018	0.0	-0.5709800995394663
-0.5157067485901149	0.11257607770348772	0.0	0.0	0.0	-0.192471116793293	0.0	0.0	-0.04459282646808593	0.0
0.0	0.0	0.0	0.0	0.0	-0.4351616706137974	0.0	0.076462911482377	0.0	-0.43111639390233164
-1.1745047240153397	0.0	0.0	0.0	0.0	0.0	0.0	0.0	0.24190545327944663	0.0
0.0	-0.9047007457372693	0.0	0.0	0.0	0.0	0.09626261553111877	0.0	-0.6026744649949896	0.0
0.0	0.0	-3.6040044160362705	0.0	0.12173271067215409	0.0	0.0	0.0	0.0	0.0
0.0	0.0	0.0	-1.7841388683789667	0.0	0.0	0.0	-0.026888536952123076	0.0	0.0
0.0	0.0	-1.4711575170402438	0.0	-0.7152257769139672	-0.12049734983771512	0.0	-0.1416504283668231	0.0	0.0
0.0	0.0	0.0	0.0	-0.3281642217444307	0.21500238981310837	0.0	0.029847081205094453	-0.20246534825229393	-0.1483963915205955
0.0	-0.09440865547679773	0.0	0.0	0.0	0.0	-0.9919518155424562	0.0	0.0	0.0
0.0	0.0	0.0	-1.1626594016781089	0.17682529973995328	-0.09940661632895702	0.0	0.4711137763442182	0.0	-0.6833856936336994
-0.7050524508364079	0.15390925115366105	0.0	0.0	0.0	-0.2631383688139173	0.0	0.0	-1.0532763768780509	0.0
0.0	0.0	0.0	0.0	0.0	-0.400318037837456	0.0	0.07034048437397862	0.0	-0.17794462163274805
-0.6716373595807501	0.0	0.0	0.0	0.0	0.0	0.0	0.0	0.20696207598490435	0.0
0.0	0.5229164206290192	0.0	0.0	0.0	0.0	0.059193118000525194	0.0	-0.3705922649776687	0.0
0.0	0.0	2.9854215696184885	0.0	0.008291169916315459	0.0	0.0	0.0	0.0	0.0
0.0	0.0	0.0	0.023005628622496888	0.0	0.0	0.0	-0.017215192616943018	0.0	0.0
0.0	0.0	-0.28824850506251	0.0	2.2032128045000077	-0.02360942356777254	0.0	-0.02775401256851546	0.0	0.0
0.0	0.0	0.0	0.0	-0.3285108105125903	0.5108811698631102	0.0	0.02987860402940797	-0.2026791808732687	-0.14855311952178663
0.0	-0.08045941899979622	0.0	0.0	0.0	0.0	-0.4233118018858773	0.0	0.0	0.0
0.0	0.0	0.0	-1.0207112364263455	0.15523683898183988	-0.08727014129472506	0.0	0.5867097864366686	0.0	-0.599951675699818
-0.4612995481684473	0.10069927128386298	0.0	0.0	0.0	-0.17216536230126114	0.0	0.0	0.11453049539115723	0.0
0.0	0.0	0.0	0.0	0.0	-0.5446526270431876	0.0	0.09570173207466981	0.0	-1.1488620656538306
-1.1910160921427617	0.0	0.0	0.0	0.0	0.0	0.0	0.0	0.23816684335796673	0.0
0.0	-0.32966817113440133	0.0	0.0	0.0	0.0	0.08491907907900288	0.0	-0.5316556200912783	0.0
0.0	0.0	1.9023474920239176	0.0	0.02726796391119498	0.0	0.0	0.0	0.0	0.0
0.0	0.0	0.0	-1.9287475351884944	0.0	0.0	0.0	-0.02769019383675677	0.0	0.0
0.0	0.0	-0.6943327956295262	0.0	1.394036141711829	-0.056870362833133056	0.0	-0.0668538458940327	0.0	0.0
0.0	0.0	0.0	0.0	-0.4246822261413762	-0.030525781407598762	0.0	0.038625554067479806	-0.2620134344786548	-0.19204198912151296
0.0	-0.10144243398229574	0.0	0.0	0.0	0.0	-1.2526663078579954	0.0	0.0	0.0
0.0	0.0	0.0	-0.9860018883828866	0.14995800077461902	-0.08430251480066814	0.0	0.5318189374324115	0.0	-0.579550282261622
-0.5138289691355554	0.11216616829981127	0.0	0.0	0.0	-0.19177029542591975	0.0	0.0	-0.21880214963941436	0.0
0.0	0.0	0.0	0.0	0.0	-0.37274634671730617	0.0	0.06549582106857808	0.0	-0.10326372103724024
-0.6046151558258688	0.0	0.0	0.0	0.0	0.0	0.0	0.0	0.2045485563778328	0.0
0.0	0.04850996964449994	0.0	0.0	0.0	0.0	0.07119910179825574	0.0	-0.44575851536587563	0.0
0.0	0.0	-0.8315507885628258	0.0	0.07462968896061925	0.0	0.0	0.0	0.0	0.0
0.0	0.0	0.0	0.4473388871959938	0.0	0.0	0.0	-0.014950174617138498	0.0	0.0
0.0	0.0	-1.374283232587289	0.0	-0.0931905175521991	-0.11256271713605133	0.0	-0.13232288612097456	0.0	0.0
0.0	0.0	0.0	0.0	-0.48291244509892245	-0.5058641293443747	0.0	0.04392168922986153	-0.2979393544262246	-0.2183737882579942
0.0	-0.0560205234930176	0.0	0.0	0.0	0.0	0.5062823866552952	0.0	0.0	0.0
0.0	0.0	0.0	-0.9439896988622914	0.14356849582244752	-0.0807105001497863	0.0	1.012478110761621	0.0	-0.5548564387893519
-0.5203014700650539	0.11357908129652339	0.0	0.0	0.0	-0.19418595022538088	0.0	0.0	-0.21685053860808634	0.0
0.0	0.0	0.0	0.0	0.0	-0.4139469063385421	0.0	0.07273523335160251	0.0	-0.4395637687174876
-1.3771945851258698	0.0	0.0	0.0	0.0	0.0	0.0	0.0	0.2490298552882227	0.0
0.0	-0.23931467579974172	0.0	0.0	0.0	0.0	0.08130239805509074	0.0	-0.5090125484365386	0.0
0.0	0.0	-1.963745560152466	0.0	0.09341659138186265	0.0	0.0	0.0	0.0	0.0
0.0	0.0	0.0	-1.9644448877576375	0.0	0.0	0.0	-0.02786046833105691	0.0	0.0
0.0	0.0	-1.1268643273432006	0.0	0.05794710513142898	-0.0922975028158054	0.0	-0.10850015231583791	0.0	0.0
0.0	0.0	0.0	0.0	-0.3912546010987891	0.04627630756749124	0.0	0.03558525603061291	-0.2413898097900218	-0.1769259630445246
0.0	-0.08506354536009227	0.0	0.0	0.0	0.0	-0.6195518212608855	0.0	0.0	0.0
0.0	0.0	0.0	-1.1305981360042794	0.17194920025231783	-0.09666539914079418	0.0	0.4314156331683026	0.0	-0.6645407849272799
-0.519497833985689	0.1134036517564539	0.0	0.0	0.0	-0.19388601865746247	0.0	0.0	-0.25837607008940555	0.0
0.0	0.0	0.0	0.0	0.0	-0.38938085966959574	0.0	0.06841869635221537	0.0	-0.17115546244249447
-0.08848637829865313	0.0	0.0	0.0	0.0	0.0	0.0	0.0	0.17334773011187202	0.0
0.0	-0.5960921496056799	0.0	0.0	0.0	0.0	0.09394248154307626	0.0	-0.5881487272280972	0.0
0.0	0.0	-0.8561333879103773	0.0	0.07444669926014828	0.0	0.0	0.0	0.0	0.0
0.0	0.0	0.0	-0.6404913533354035	0.0	0.0	0.0	-0.020771817809207175	0.0	0.0
0.0	0.0	-0.9909785041436425	0.0	0.46387108122050197	-0.08116757186931849	0.0	-0.09541638335007781	0.0	0.0
0.0	0.0	0.0	0.0	-0.40557929122393765	0.008073554691571339	0.0	0.03688811039764409	-0.250227620808473	-0.18340361107368186
0.0	-0.07019419415922883	0.0	0.0	0.0	0.0	-0.058580557774570836	0.0	0.0	0.0
0.0	0.0	0.0	-1.0385097506116108	0.15794376037360158	-0.08879190258464924	0.0	0.686812919699594	0.0	-0.610413251931508
-0.46029961999182234	0.10048099220875414	0.0	0.0	0.0	-0.17179217096065091	0.0	0.0	0.2034333413029663	0.0
0.0	0.0	0.0	0.0	0.0	-0.42608538900817206	0.0	0.07486810439373529	0.0	-0.43600528012334205
-1.3519855691953355	0.0	0.0	0.0	0.0	0.0	0.0	0.0	0.25068600352363923	0.0
0.0	-0.4379018459890237	0.0	0.0	0.0	0.0	0.08358212809127562	0.0	-0.5232853278775521	0.0
0.0	0.0	-2.4460660619889634	0.0	0.10169047084729547	0.0	0.0	0.0	0.0	0.0
0.0	0.0	0.0	-1.5078781649793753	0.0	0.0	0.0	-0.02540740323749335	0.0	0.0
0.0	0.0	-1.1945150968837694	0.0	-0.16352882321093923	-0.09783853995812357	0.0	-0.11501390789521729	0.0	0.0
0.0	0.0	0.0	0.0	-0.47660304293544914	-0.479376570300029	0.0	0.043347838620164524	-0.2940466835570454	-0.21552066640109402
0.0	-0.09379679094116125	0.0	0.0	0.0	0.0	-0.9574336328431662	0.0	0.0	0.0
0.0	0.0	0.0	-1.1570148705364263	0.17596684032391194	-0.09892401261823294	0.0	0.4637545759664543	0.0	-0.6800679620401405
-0.6462360995065899	0.14106995022218563	0.0	0.0	0.0	-0.24118703919276024	0.0	0.0	-0.8916808822933221	0.0
0.0	0.0	0.0	0.0	0.0	-0.4024120477482229	0.0	0.07070842600409587	0.0	-0.34305156224095157
-1.1378440370293799	0.0	0.0	0.0	0.0	0.0	0.0	0.0	0.23160619603779348	0.0
0.0	-0.5061570414872465	0.0	0.0	0.0	0.0	0.09422813868888891	0.0	-0.5899371501436265	0.0
0.0	0.0	-0.3161418044880912	0.0	0.06488054857105546	0.0	0.0	0.0	0.0	0.0
0.0	0.0	0.0	0.2397110250049581	0.0	0.0	0.0	-0.01605970266973333	0.0	0.0
0.0	0.0	-0.7214662067439442	0.0	0.9724150873842794	-0.05909276532469109	0.0	-0.06946638687818435	0.0	0.0
0.0	0.0	0.0	0.0	-0.3666268660001768	0.3161113779866269	0.0	0.0333453226049688	-0.22619539603918637	-0.16578926142442726
0.0	-0.07319150143627798	0.0	0.0	0.0	0.0	-0.1741135143838817	0.0	0.0	0.0
0.0	0.0	0.0	-0.9730375568102407	0.14798629537839328	-0.08319407295368927	0.0	0.9205672002166225	0.0	-0.5719301325329202
-0.3712002934366591	0.0810310766568933	0.0	0.0	0.0	-0.1385386854585004	0.0	0.0	0.5008564284988699	0.0
0.0	0.0	0.0	0.0	0.0	-0.411014705339453	0.0	0.07222001190499476	0.0	-0.3000822649498205
-0.42589544280477565	0.0	0.0	0.0	0.0	0.0	0.0	0.0	0.19230106574414885	0.0
0.0	-0.515701677949633	0.0	0.0	0.0	0.0	0.09306417381077563	0.0	-0.5826498776513981	0.0
0.0	0.0	-2.904707426030553	0.0	0.10907485307813129	0.0	0.0	0.0	0.0	0.0
0.0	0.0	0.0	-2.214734234569623	0.0	0.0	0.0	-0.029176630844067762	0.0	0.0
0.0	0.0	-0.9497316521385691	0.0	0.08496283857421372	-0.07778918695934704	0.0	-0.09144492945229524	0.0	0.0
0.0	0.0	0.0	0.0	-0.45743112365660393	-0.2413051452558027	0.0	0.04160412070804292	-0.2822183090535042	-0.20685109351352785
0.0	-0.09731692553955659	0.0	0.0	0.0	0.0	-1.1010421549884029	0.0	0.0	0.0
0.0	0.0	0.0	-1.311044108452472	0.19939267434194874	-0.11209341144205211	0.0	0.13223732052893078	0.0	-0.7706029694904732
-0.4406615432782531	0.0961941030879547	0.0	0.0	0.0	-0.164462884370808	0.0	0.0	0.2228754742775696	0.0
0.0	0.0	0.0	0.0	0.0	-0.43387830451392556	0.0	0.07623740929521156	0.0	-0.5236677012524408
-0.9800695891153873	0.0	0.0	0.0	0.0	0.0	0.0	0.0	0.22696968945584595	0.0
0.0	-0.09443113242293853	0.0	0.0	0.0	0.0	0.07519238789372154	0.0	-0.4707594105511802	0.0
0.0	0.0	0.28379664837239593	0.0	0.05466795318249022	0.0	0.0	0.0	0.0	0.0
0.0	0.0	0.0	0.12155276471301457	0.0	0.0	0.0	-0.016707420084156908	0.0	0.0
0.0	0.0	-0.6878074549870681	0.0	1.1297237107570854	-0.05633589507893469	0.0	-0.06622555335123059	0.0	0.0
0.0	0.0	0.0	0.0	-0.407345345689954	0.06823256314094928	0.0	0.037048735985587875	-0.25131721196071316	-0.18420222375788167
0.0	-0.07263305997858117	0.0	0.0	0.0	0.0	-0.1361451251480641	0.0	0.0	0.0
0.0	0.0	0.0	-0.8784941740164905	0.13360748248030396	-0.07511067572982887	0.0	1.1250626215684965	0.0	-0.5163596059146089
-0.5527076418714046	0.12065317859177496	0.0	0.0	0.0	-0.20628052159877397	0.0	0.0	-0.37686526305169443	0.0
0.0	0.0	0.0	0.0	0.0	-0.3112205243337852	0.0	0.05468502630313843	0.0	0.31762986193527554
-1.657740902249304	0.0	0.0	0.0	0.0	0.0	0.0	0.0	0.262198214420341	0.0
0.0	-0.020897263213841777	0.0	0.0	0.0	0.0	0.07876281138323443	0.0	-0.49311287616683375	0.0
0.0	0.0	-1.746951469971832	0.0	0.0896552145379771	0.0	0.0	0.0	0.0	0.0
0.0	0.0	0.0	-1.5640394536178457	0.0	0.0	0.0	-0.02571139038074083	0.0	0.0
0.0	0.0	-1.0693238370484572	0.0	0.15513779095409375	-0.0875845631689153	0.0	-0.10295986515808654	0.0	0.0
0.0	0.0	0.0	0.0	-0.4530781240798533	-0.2400837843912509	0.0	0.04120820816412702	-0.2795326671801641	-0.20488266006869135
0.0	-0.09075974665363962	0.0	0.0	0.0	0.0	-0.8364451497613441	0.0	0.0	0.0
0.0	0.0	0.0	-1.1384948920097326	0.17315019363492162	-0.0973405666002793	0.0	0.371795832174858	0.0	-0.6691823248937169
-0.39752767785656157	0.0867782065563707	0.0	0.0	0.0	-0.14836454307118105	0.0	0.0	0.2432071324381132	0.0
0.0	0.0	0.0	0.0	0.0	-0.45635054641234685	0.0	0.08018604070998181	0.0	-0.6797103761967075
-0.07546105230012956	0.0	0.0	0.0	0.0	0.0	0.0	0.0	0.1714567500046646	0.0
0.0	-0.6550976286776247	0.0	0.0	0.0	0.0	0.09788293406575367	0.0	-0.6128188455584583	0.0
0.0	0.0	-0.4551605196579133	0.0	0.06778627888588828	0.0	0.0	0.0	0.0	0.0
0.0	0.0	0.0	-1.3145753062081098	0.0	0.0	0.0	-0.024433278015174965	0.0	0.0
0.0	0.0	-1.0741658658438817	0.0	0.4408210659695556	-0.08798115675656891	0.0	-0.10342607998898805	0.0	0.0
0.0	0.0	0.0	0.0	-0.47406790089251194	-0.3332869515844679	0.0	0.04311726323927818	-0.29248259343819005	-0.21437427107145013
0.0	-0.08471624871289755	0.0	0.0	0.0	0.0	-0.6205560374985072	0.0	0.0	0.0
0.0	0.0	0.0	-0.7289224585699717	0.11085957937275912	-0.062322392153748116	0.0	0.8847350322236358	0.0	-0.42844463239711045
-0.41378651248587833	0.09032742485844276	0.0	0.0	0.0	-0.1544326351941121	0.0	0.0	0.3944940761608117	0.0
0.0	0.0	0.0	0.0	0.0	-0.36988982351129274	0.0	0.06499389708078596	0.0	-0.15038309386469306
-0.9806232028599563	0.0	0.0	0.0	0.0	0.0	0.0	0.0	0.2274262179951988	0.0
0.0	-0.5833263190487482	0.0	0.0	0.0	0.0	0.08988945108723748	0.0	-0.5627737885968962	0.0
0.0	0.0	-3.1990963343212626	0.0	0.11449087631888308	0.0	0.0	0.0	0.0	0.0
0.0	0.0	0.0	-1.2309305291787553	0.0	0.0	0.0	-0.023965532483036043	0.0	0.0
0.0	0.0	-1.2251018859915732	0.0	-0.24884039665006966	-0.10034379652300209	0.0	-0.11795895744246272	0.0	0.0
0.0	0.0	0.0	0.0	-0.3444243984042319	0.22289864947066237	0.0	0.031325971288219435	-0.21249728382580169	-0.1557492696892615
0.0	-0.07124753275132367	0.0	0.0	0.0	0.0	-0.09558435755229833	0.0	0.0	0.0
0.0	0.0	0.0	-0.8587027366234513	0.130597463514941	-0.07341852081267186	0.0	0.7500227890926346	0.0	-0.504726633135712
-0.5700225244447559	0.12443292661976445	0.0	0.0	0.0	-0.21274274997788412	0.0	0.0	-0.40789453998880976	0.0
0.0	0.0	0.0	0.0	0.0	-0.426573237222569	0.0	0.07495382493704887	0.0	-0.3883044075755049
-1.186696310301019	0.0	0.0	0.0	0.0	0.0	0.0	0.0	0.23742674306086767	0.0
0.0	-0.4282281535842345	0.0	0.0	0.0	0.0	0.0880322061650563	0.0	-0.5511460753495	0.0
0.0	0.0	1.7795262816067718	0.0	0.029207930487044856	0.0	0.0	0.0	0.0	0.0
0.0	0.0	0.0	-1.2759341711958698	0.0	0.0	0.0	-0.024204804836952178	0.0	0.0
0.0	0.0	-0.6047816397857868	0.0	1.531060225008264	-0.04953554189853721	0.0	-0.05823141121991967	0.0	0.0
0.0	0.0	0.0	0.0	-0.3870379273881371	0.16791256495872853	0.0	0.035201742550721025	-0.2387882760007645	-0.17501917637669628
0.0	-0.0834545777866139	0.0	0.0	0.0	0.0	-0.5634955109861776	0.0	0.0	0.0
0.0	0.0	0.0	-0.8733089539062792	0.132818878269232	-0.0746673428110626	0.0	0.6597115620118068	0.0	-0.5133118472704644
-0.49379687838850866	0.10779326798259002	0.0	0.0	0.0	-0.18429395564884787	0.0	0.0	-0.10094247628791432	0.0
0.0	0.0	0.0	0.0	0.0	-0.42713417546007243	0.0	0.07505238823822567	0.0	-0.4344263821062122
-0.9065336555614324	0.0	0.0	0.0	0.0	0.0	0.0	0.0	0.22270966427553796	0.0
0.0	-0.613735412922058	0.0	0.0	0.0	0.0	0.09232430763517041	0.0	-0.5780177735984325	0.0
0.0	0.0	-0.976724677995888	0.0	0.07673415780512285	0.0	0.0	0.0	0.0	0.0
0.0	0.0	0.0	-2.256742596805151	0.0	0.0	0.0	-0.02946561139771758	0.0	0.0
0.0	0.0	-1.1478334790453013	0.0	0.2542385942422355	-0.09401501244966948	0.0	-0.11051916747001884	0.0	0.0
0.0	0.0	0.0	0.0	-0.3758405472743373	0.11834152518656037	0.0	0.03418332222517692	-0.23187990112612833	-0.16995570298968452
0.0	-0.09515916960604368	0.0	0.0	0.0	0.0	-1.0174074435858298	0.0	0.0	0.0
0.0	0.0	0.0	-0.8774215009591079	0.13344434292746424	-0.07501896288692082	0.0	0.6491482950048434	0.0	-0.5157291122203218
-0.551716218623386	0.12043675609796212	0.0	0.0	0.0	-0.20591050445185347	0.0	0.0	-0.32449760300993824	0.0
0.0	0.0	0.0	0.0	0.0	-0.3482427067047459	0.0	0.06119024963662342	0.0	0.10288071327785066
-0.9066188153415365	0.0	0.0	0.0	0.0	0.0	0.0	0.0	0.22098613706734688	0.0
0.0	0.13813734325914018	0.0	0.0	0.0	0.0	0.07041550414265417	0.0	-0.44085262022418015	0.0
0.0	0.0	-2.1210559889659075	0.0	0.09609011361006581	0.0	0.0	0.0	0.0	0.0
0.0	0.0	0.0	0.7056556432636227	0.0	0.0	0.0	-0.013551808996747568	0.0	0.0
0.0	0.0	-1.1329192720892782	0.0	-0.0026897069902382946	-0.09279344209277962	0.0	-0.10908315278117546	0.0	0.0
0.0	0.0	0.0	0.0	-0.49333358390675525	-0.506644539598714	0.0	0.04486950911892055	-0.30436881674450406	-0.2230862440717239
0.0	-0.0757099903540817	0.0	0.0	0.0	0.0	-0.2503553820305042	0.0	0.0	0.0
0.0	0.0	0.0	-1.030270494788423	0.1566906772449858	-0.08808745161537174	0.0	0.8996218184813847	0.0	-0.6055703980848631
-0.4812386385705962	0.10505187011369378	0.0	0.0	0.0	-0.17960699266199595	0.0	0.0	-0.0801325989796884	0.0
0.0	0.0	0.0	0.0	0.0	-0.45590586492152607	0.0	0.08010790505657621	0.0	-0.7243715589657658
-1.333699468701298	0.0	0.0	0.0	0.0	0.0	0.0	0.0	0.24533124362196937	0.0
0.0	-0.4427169941446992	0.0	0.0	0.0	0.0	0.08882775041980828	0.0	-0.5561267649502047	0.0
0.0	0.0	-0.3076266566443573	0.0	0.06505978180155896	0.0	0.0	0.0	0.0	0.0
0.0	0.0	0.0	-1.3570372921356362	0.0	0.0	0.0	-0.024560990887656748	0.0	0.0
0.0	0.0	-0.9283339137699669	0.0	0.5890817895167917	-0.07603657329556707	0.0	-0.08938464782311141	0.0	0.0
0.0	0.0	0.0	0.0	-0.4239569663246337	-0.07426301250946543	0.0	0.03855959048214428	-0.2615659756405475	-0.19171402546006514
0.0	-0.07154993777837844	0.0	0.0	0.0	0.0	-0.10629611054799382	0.0	0.0	0.0
0.0	0.0	0.0	-1.4108372464147614	0.21456990639004753	-0.12062565928984133	0.0	0.21681433283497273	0.0	-0.829259187044652
-0.47084179124403996	0.10278229288650889	0.0	0.0	0.0	-0.17572670057440468	0.0	0.0	-0.030448176578772745	0.0
0.0	0.0	0.0	0.0	0.0	-0.4402648592136496	0.0	0.07735960042476016	0.0	-0.5260122934436311
0.06121840395460353	0.0	0.0	0.0	0.0	0.0	0.0	0.0	0.1632232145980464	0.0
0.0	-0.2078734120080834	0.0	0.0	0.0	0.0	0.08488473207514975	0.0	-0.5314405826953261	0.0
0.0	0.0	-2.677638353238918	0.0	0.10539674706610044	0.0	0.0	0.0	0.0	0.0
0.0	0.0	0.0	-0.29146493643956717	0.0	0.0	0.0	-0.018872523966187733	0.0	0.0
0.0	0.0	-1.0567438018884463	0.0	-0.019040800654780535	-0.08655417663308311	0.0	-0.10174859624320494	0.0	0.0
0.0	0.0	0.0	0.0	-0.4751617564703768	-0.3247667397230649	0.0	0.0432167512215013	-0.2931574624087709	-0.21486891433187916
0.0	-0.09935944489558592	0.0	0.0	0.0	0.0	-1.1725184866293452	0.0	0.0	0.0
0.0	0.0	0.0	-1.2224344714214943	0.18591630662390832	-0.10451734558934143	0.0	0.6476223463723352	0.0	-0.7185201684761396
-0.39907790933307735	0.08711661395483065	0.0	0.0	0.0	-0.14894311758933276	0.0	0.0	0.4650959588472632	0.0
0.0	0.0	0.0	0.0	0.0	-0.39645632137227116	0.0	0.0696619363671402	0.0	-0.2978359648160318
-1.5802182712881514	0.0	0.0	0.0	0.0	0.0	0.0	0.0	0.2629061189409852	0.0
0.0	-0.67891561866359	0.0	0.0	0.0	0.0	0.09170449908255823	0.0	-0.5741373181819256	0.0
0.0	0.0	0.2934432128487396	0.0	0.05498032491576956	0.0	0.0	0.0	0.0	0.0
0.0	0.0	0.0	-2.4581381792581123	0.0	0.0	0.0	-0.030459588034818973	0.0	0.0
0.0	0.0	-0.9920842910658925	0.0	0.6112222737849651	-0.08125814299584501	0.0	-0.09552285406405973	0.0	0.0
0.0	0.0	0.0	0.0	-0.39384189313303397	0.041262411523941944	0.0	0.03582057453985473	-0.24298607455026655	-0.17809594068453352
0.0	-0.07431545632522171	0.0	0.0	0.0	0.0	-0.21515821103196986	0.0	0.0	0.0
0.0	0.0	0.0	-1.466068960836802	0.2229699283085326	-0.12534793464994926	0.0	0.08998078635198657	0.0	-0.8617231772866841
-0.6084692410731835	0.132825643159617	0.0	0.0	0.0	-0.22709176229300157	0.0	0.0	-0.6926253635594802	0.0
0.0	0.0	0.0	0.0	0.0	-0.36832743090475684	0.0	0.06471936672657123	0.0	-0.012645153798902076
-0.7926484170112857	0.0	0.0	0.0	0.0	0.0	0.0	0.0	0.2119065278470551	0.0
0.0	-0.007702048947422656	0.0	0.0	0.0	0.0	0.07853942852350353	0.0	-0.491714335884767	0.0
0.0	0.0	-2.6315895786326298	0.0	0.1048779436828035	0.0	0.0	0.0	0.0	0.0
0.0	0.0	0.0	1.310719664772709	0.0	0.0	0.0	-0.01031088056046698	0.0	0.0
0.0	0.0	-1.22369854391025	0.0	-0.19580118086093623	-0.10022885369753538	0.0	-0.11782383662456107	0.0	0.0
0.0	0.0	0.0	0.0	-0.427615036363147	-0.130669029999239	0.0	0.038892298029947765	-0.26382287135069493	-0.19336821064442003
0.0	-0.0785175398670663	0.0	0.0	0.0	0.0	-0.3653792993593506	0.0	0.0	0.0
0.0	0.0	0.0	-0.9971987872342697	0.15166090275321742	-0.08525984230912595	0.0	1.0866999839754485	0.0	-0.5861315738050049
-0.3786945249692238	0.0826670280840259	0.0	0.0	0.0	-0.14133566865975508	0.0	0.0	0.4614653962886914	0.0
0.0	0.0	0.0	0.0	0.0	-0.44538297097035556	0.0	0.07825891153747357	0.0	-0.5895451638671331
-0.9346219110873766	0.0	0.0	0.0	0.0	0.0	0.0	0.0	0.22183779784976343	0.0
0.0	-0.9924746704474222	0.0	0.0	0.0	0.0	0.10730786219937374	0.0	-0.6718257974182849	0.0
0.0	0.0	0.5678825220776165	0.0	0.04992330299544275	0.0	0.0	0.0	0.0	0.0
0.0	0.0	0.0	-0.8322374044785243	0.0	0.0	0.0	-0.021727151923694937	0.0	0.0
0.0	0.0	-0.7302442568878895	0.0	0.9988244507686	-0.05981174460925879	0.0	-0.07031158159643375	0.0	0.0
0.0	0.0	0.0	0.0	-0.4603087728332271	-0.19254756970130948	0.0	0.041865847681805866	-0.2839937135738259	-0.20815237112265628
0.0	-0.08667607495728166	0.0	0.0	0.0	0.0	-0.7041008983194342	0.0	0.0	0.0
0.0	0.0	0.0	-1.5377441550193203	0.2338707885922497	-0.1314761167453431	0.0	0.2529291880672613	0.0	-0.9038522842478914
-0.45019494797657744	0.09827519531921103	0.0	0.0	0.0	-0.16802092400117027	0.0	0.0	0.12587579878485688	0.0
0.0	0.0	0.0	0.0	0.0	-0.40322834034634375	0.0	0.07085185800394501	0.0	-0.30826955218207175
-0.8835779872409386	0.0	0.0	0.0	0.0	0.0	0.0	0.0	0.22002254639099447	0.0
0.0	-0.49052825124928273	0.0	0.0	0.0	0.0	0.0902208057437523	0.0	-0.5648483113930706	0.0
0.0	0.0	-2.571577747343987	0.0	0.10358867152562933	0.0	0.0	0.0	0.0	0.0
0.0	0.0	0.0	-1.7445875202757297	0.0	0.0	0.0	-0.026630009943585595	0.0	0.0
0.0	0.0	-1.0491089958648259	0.0	-0.022037315117611315	-0.08592883646269663	0.0	-0.10101347880593745	0.0	0.0
0.0	0.0	0.0	0.0	-0.45821415237847063	-0.2841257930375882	0.0	0.04167533847128122	-0.2827014091977599	-0.20720518036725102
0.0	-0.09205660940926182	0.0	0.0	0.0	0.0	-0.8962514977941084	0.0	0.0	0.0
0.0	0.0	0.0	-1.4785739299295397	0.22487177067515404	-0.12641710130616265	0.0	0.11064020016769882	0.0	-0.8690733238257083
-0.4960635223603192	0.10828806447031157	0.0	0.0	0.0	-0.18513990831054922	0.0	0.0	-0.1037993701108022	0.0
0.0	0.0	0.0	0.0	0.0	-0.4278625559564468	0.0	0.0751803730704863	0.0	-0.4739643923346274
-0.952583476929644	0.0	0.0	0.0	0.0	0.0	0.0	0.0	0.22555003286043995	0.0
0.0	-0.23467910643311926	0.0	0.0	0.0	0.0	0.07990681442306381	0.0	-0.5002751729336291	0.0
0.0	0.0	0.6746648719780602	0.0	0.04795818807970984	0.0	0.0	0.0	0.0	0.0
0.0	0.0	0.0	0.01399099623193778	0.0	0.0	0.0	-0.0172765766900872	0.0	0.0
0.0	0.0	-0.6299860244380864	0.0	1.2557586347463936	-0.051599944601656726	0.0	-0.060658215855974654	0.0	0.0
0.0	0.0	0.0	0.0	-0.459714696264749	-0.22020683450511613	0.0	0.041811815430858	-0.2836271900122808	-0.20788372873811947
0.0	-0.08758365517569484	0.0	0.0	0.0	0.0	-0.7152740033531976	0.0	0.0	0.0
0.0	0.0	0.0	-0.9319435692108421	0.14173643693809201	-0.07968056396487942	0.0	0.9519041048108647	0.0	-0.5477759880093768
-0.5593768249331081	0.12210902626610866	0.0	0.0	0.0	-0.2087695817390461	0.0	0.0	-0.42500484358563373	0.0
0.0	0.0	0.0	0.0	0.0	-0.3661937946100136	0.0	0.06434446228494056	0.0	-0.09855314692341398
-0.7865554829110171	0.0	0.0	0.0	0.0	0.0	0.0	0.0	0.21280516644126354	0.0
0.0	-0.6482076244343258	0.0	0.0	0.0	0.0	0.0967087431745596	0.0	-0.6054675507359777	0.0
0.0	0.0	-2.7487774542334633	0.0	0.10676411166516797	0.0	0.0	0.0	0.0	0.0
0.0	0.0	0.0	-1.5908942861104107	0.0	0.0	0.0	-0.02584612037116999	0.0	0.0
0.0	0.0	-1.1607556873729175	0.0	-0.16654824129093052	-0.09507342518895333	0.0	-0.11176338253458566	0.0	0.0
0.0	0.0	0.0	0.0	-0.44672348531382194	-0.23081082684803633	0.0	0.040630243210267765	-0.2756120869781455	-0.2020090821469935
0.0	-0.07298589677921687	0.0	0.0	0.0	0.0	-0.16835407157449025	0.0	0.0	0.0
0.0	0.0	0.0	-1.202067255006562	0.18281871919439904	-0.10277596194342951	0.0	0.3570435248998901	0.0	-0.7065487654177574
-0.42964730122279887	0.09378975183044312	0.0	0.0	0.0	-0.16035216936690203	0.0	0.0	0.235976273189469	0.0
0.0	0.0	0.0	0.0	0.0	-0.43781982497401306	0.0	0.07692997978199304	0.0	-0.5458273223043006
-0.8581056935064204	0.0	0.0	0.0	0.0	0.0	0.0	0.0	0.21954878488250315	0.0
0.0	-0.5882993680565344	0.0	0.0	0.0	0.0	0.09182345030720733	0.0	-0.5748820399545509	0.0
0.0	0.0	1.1153021659939333	0.0	0.04070724747699308	0.0	0.0	0.0	0.0	0.0
0.0	0.0	0.0	-1.3372795888937068	0.0	0.0	0.0	-0.024508343897605922	0.0	0.0
0.0	0.0	-0.7651066703130299	0.0	1.0979777678663147	-0.06266720255853919	0.0	-0.07366830970907495	0.0	0.0
0.0	0.0	0.0	0.0	-0.5332458291065683	-0.6243512008239978	0.0	0.04849959413313701	-0.32899321540976856	-0.2411346258656115
0.0	-0.0892829544827776	0.0	0.0	0.0	0.0	-0.7909565619213011	0.0	0.0	0.0
0.0	0.0	0.0	-1.0473499017242893	0.15928823182241084	-0.08954772970708914	0.0	0.5798303108745348	0.0	-0.6156092988488124
-0.5365721554852922	0.11713088656408169	0.0	0.0	0.0	-0.20025846527853297	0.0	0.0	-0.3268920680107713	0.0
0.0	0.0	0.0	0.0	0.0	-0.3723261193226567	0.0	0.0654219822811816	0.0	-0.20694278967704083
-1.5347325931729592	0.0	0.0	0.0	0.0	0.0	0.0	0.0	0.25827456579363745	0.0
0.0	-0.171652411805159	0.0	0.0	0.0	0.0	0.07889060219280596	0.0	-0.4939129402141782	0.0
0.0	0.0	-1.890828316988735	0.0	0.09214219994165712	0.0	0.0	0.0	0.0	0.0
0.0	0.0	0.0	-1.382032217182027	0.0	0.0	0.0	-0.024735092752893154	0.0	0.0
0.0	0.0	-1.1015771742426614	0.0	0.09508862452683566	-0.0902263208395302	0.0	-0.10606537831823419	0.0	0.0
0.0	0.0	0.0	0.0	-0.4206394211168292	-0.10968738140962651	0.0	0.03825785423346807	-0.25951917132327507	-0.19021382615458438
0.0	-0.08350466176003984	0.0	0.0	0.0	0.0	-0.5575033043214832	0.0	0.0	0.0
0.0	0.0	0.0	-1.1381213365024532	0.17309338072440902	-0.09730862784939827	0.0	0.5146369620597238	0.0	-0.6689627571603943
-0.5264473142725645	0.11492068684454027	0.0	0.0	0.0	-0.19647969080855351	0.0	0.0	-0.33032392728662185	0.0
0.0	0.0	0.0	0.0	0.0	-0.39866030838536015	0.0	0.07004920223927556	0.0	-0.26237218216704083
-0.9506589017362976	0.0	0.0	0.0	0.0	0.0	0.0	0.0	0.22290247115319015	0.0
0.0	-0.29751780146771245	0.0	0.0	0.0	0.0	0.08530370625150949	0.0	-0.5340636678482814	0.0
0.0	0.0	-1.3177597564137071	0.0	0.08202750848996725	0.0	0.0	0.0	0.0	0.0
0.0	0.0	0.0	-0.6311459878436726	0.0	0.0	0.0	-0.020725217062155007	0.0	0.0
0.0	0.0	-0.8394959801366378	0.0	0.6110581738385896	-0.06876016988948494	0.0	-0.08083088576253919	0.0	0.0
0.0	0.0	0.0	0.0	-0.37397995621099217	0.19259646840090427	0.0	0.034014098376635674	-0.23073198434351008	-0.1691143407033628
0.0	-0.08612411900179548	0.0	0.0	0.0	0.0	-0.6638106861851496	0.0	0.0	0.0
0.0	0.0	0.0	-1.0144467168187026	0.1542840874230003	-0.08673452897677247	0.0	0.6436993877895103	0.0	-0.5962695284852751
-0.4559415789146297	0.09952965470486787	0.0	0.0	0.0	-0.17016567094789856	0.0	0.0	0.11227453141564303	0.0
0.0	0.0	0.0	0.0	0.0	-0.46070478210638827	0.0	0.0809511300111082	0.0	-0.6360770927769648
-1.2293783584064766	0.0	0.0	0.0	0.0	0.0	0.0	0.0	0.23878411316201734	0.0
0.0	0.026679783606940566	0.0	0.0	0.0	0.0	0.07582883783244125	0.0	-0.4747440532309753	0.0
0.0	0.0	-1.317232113380449	0.0	0.08235223823799184	0.0	0.0	0.0	0.0	0.0
0.0	0.0	0.0	-1.4149242527520653	0.0	0.0	0.0	-0.024909982766023707	0.0	0.0
0.0	0.0	-1.052905399594891	0.0	0.23394179323151987	-0.08623978657040991	0.0	-0.10137901560834528	0.0	0.0
0.0	0.0	0.0	0.0	-0.5107058035796829	-0.5238791514659116	0.0	0.04644954136172373	-0.3150868422723871	-0.2309419898884426
0.0	-0.09865573222037444	0.0	0.0	0.0	0.0	-1.137607220703769	0.0	0.0	0.0
0.0	0.0	0.0	-1.148715983195021	0.17470468802072323	-0.09821446319325636	0.0	0.5208052255827903	0.0	-0.6751900580950913
-0.4488974286748219	0.09799195366271625	0.0	0.0	0.0	-0.16753666625245459	0.0	0.0	0.02652362427774913	0.0
0.0	0.0	0.0	0.0	0.0	-0.36993167376418146	0.0	0.06500125065164992	0.0	-0.16178765021626695
0.5094083272553758	0.0	0.0	0.0	0.0	0.0	0.0	0.0	0.13656128580810792	0.0
0.0	-0.39537321528777464	0.0	0.0	0.0	0.0	0.09051367032243049	0.0	-0.5666818581162406	0.0
0.0	0.0	-1.6487140272165552	0.0	0.08791564208799633	0.0	0.0	0.0	0.0	0.0
0.0	0.0	0.0	-1.036895397830589	0.0	0.0	0.0	-0.022903172317256627	0.0	0.0
0.0	0.0	-1.0207664969198615	0.0	0.30308813815194247	-0.0836074018297028	0.0	-0.09828452077796401	0.0	0.0
0.0	0.0	0.0	0.0	-0.34779525570709874	0.3553968589585813	0.0	0.03163255636051841	-0.21457697976006856	-0.15727357681030366
0.0	-0.06039241986173187	0.0	0.0	0.0	0.0	0.32139545520904855	0.0	0.0	0.0
0.0	0.0	0.0	-1.0051169349287086	0.15286514953213953	-0.08593683874398986	0.0	0.6811874921364326	0.0	-0.5907856873370058
-0.3645844122456087	0.07958686450128953	0.0	0.0	0.0	-0.13606951854359295	0.0	0.0	0.7596313261855061	0.0
0.0	0.0	0.0	0.0	0.0	-0.40886630437248433	0.0	0.07184251314060619	0.0	-0.2646411614368167
-1.3568303730732212	0.0	0.0	0.0	0.0	0.0	0.0	0.0	0.2492753524139897	0.0
0.0	-0.3474290257620194	0.0	0.0	0.0	0.0	0.08301646456419234	0.0	-0.5197438599705027	0.0
0.0	0.0	-1.8416253233343742	0.0	0.09116001140732981	0.0	0.0	0.0	0.0	0.0
0.0	0.0	0.0	-1.8721508632574722	0.0	0.0	0.0	-0.027372833976488247	0.0	0.0
0.0	0.0	-1.0063197805786566	0.0	0.21973870520985672	-0.08242412198861916	0.0	-0.09689351843149693	0.0	0.0
0.0	0.0	0.0	0.0	-0.498037228516664	-0.5570459723173807	0.0	0.04529731341119098	-0.30727079380628713	-0.22521323976734045
0.0	-0.09251346326776336	0.0	0.0	0.0	0.0	-0.9075829776711363	0.0	0.0	0.0
0.0	0.0	0.0	-1.0797343765927725	0.16421348720440437	-0.09231658106942243	0.0	0.30135730782125164	0.0	-0.6346441828303283
-0.5773372599068288	0.12602969499638556	0.0	0.0	0.0	-0.21547274198842434	0.0	0.0	-0.579634485111804	0.0
0.0	0.0	0.0	0.0	0.0	-0.48023142419803416	0.0	0.08438218565462476	0.0	-0.8881632246875282
-0.7464740438936632	0.0	0.0	0.0	0.0	0.0	0.0	0.0	0.21032338685414148	0.0
0.0	0.05591033927393463	0.0	0.0	0.0	0.0	0.07542987509800891	0.0	-0.47224625435858525	0.0
0.0	0.0	-0.5821114669572406	0.0	0.06974760309327288	0.0	0.0	0.0	0.0	0.0
0.0	0.0	0.0	0.2104785611886273	0.0	0.0	0.0	-0.016246232058660437	0.0	0.0
0.0	0.0	-0.9535436636021554	0.0	0.5957714310422456	-0.07810141544174455	0.0	-0.0918119690456099	0.0	0.0
0.0	0.0	0.0	0.0	-0.4408742269690715	-0.15268680911639199	0.0	0.040098243445402165	-0.27200330805187417	-0.19936403806870068
0.0	-0.08850791437011754	0.0	0.0	0.0	0.0	-0.7469458226131426	0.0	0.0	0.0
0.0	0.0	0.0	-0.7705391322612208	0.11718893153643975	-0.06588059046061456	0.0	1.0835974354701208	0.0	-0.4529060003404417
-0.4225904498960475	0.0922492782076445	0.0	0.0	0.0	-0.1577184243953318	0.0	0.0	0.2504594491580915	0.0
0.0	0.0	0.0	0.0	0.0	-0.40837416727118353	0.0	0.07175603899052564	0.0	-0.3705055424177905
-1.0986999842430738	0.0	0.0	0.0	0.0	0.0	0.0	0.0	0.23381941385721283	0.0
0.0	-0.7852078822648738	0.0	0.0	0.0	0.0	0.09756354991552788	0.0	-0.6108192668974882	0.0
0.0	0.0	-1.96307674089026	0.0	0.0933348180805824	0.0	0.0	0.0	0.0	0.0
0.0	0.0	0.0	-1.8057998343987287	0.0	0.0	0.0	-0.0270162461149797	0.0	0.0
0.0	0.0	-1.0818071589721707	0.0	0.09879393398616954	-0.08860702826293515	0.0	-0.10416182203724692	0.0	0.0
0.0	0.0	0.0	0.0	-0.47236828033971723	-0.39759207308502886	0.0	0.042962679926120344	-0.29143398958585925	-0.21360569991019354
0.0	-0.0929117421552456	0.0	0.0	0.0	0.0	-0.9355028832025086	0.0	0.0	0.0
0.0	0.0	0.0	-1.0842116068346033	0.16489441540949512	-0.09269938131876777	0.0	0.435675269702833	0.0	-0.6372758005594373
-0.553382361660209	0.120800466381939	0.0	0.0	0.0	-0.20653233926768902	0.0	0.0	-0.40046409059672083	0.0
0.0	0.0	0.0	0.0	0.0	-0.41315675688262626	0.0	0.07259639500258083	0.0	-0.4148700172180009
-1.3873033145147122	0.0	0.0	0.0	0.0	0.0	0.0	0.0	0.24820396534866188	0.0
0.0	0.0853749781965647	0.0	0.0	0.0	0.0	0.07266348024654355	0.0	-0.45492659679606234	0.0
0.0	0.0	-0.5036942386109733	0.0	0.06834905680064861	0.0	0.0	0.0	0.0	0.0
0.0	0.0	0.0	-0.45199546301859184	0.0	0.0	0.0	-0.019760767554742542	0.0	0.0
0.0	0.0	-0.9084211970313225	0.0	0.6347247909142006	-0.07440559254246384	0.0	-0.0874673515286596	0.0	0.0
0.0	0.0	0.0	0.0	-0.4364415998069116	-0.13506675082288067	0.0	0.039695088640293856	-0.2692685388643964	-0.19735959690103133
0.0	-0.0743038081665568	0.0	0.0	0.0	0.0	-0.1982165849865809	0.0	0.0	0.0
0.0	0.0	0.0	-1.0377624037690414	0.15783009868621803	-0.08872800491974693	0.0	0.7164561524455078	0.0	-0.6099739778503307
-0.4620795665035279	0.10086954519425922	0.0	0.0	0.0	-0.1724564792984357	0.0	0.0	-0.02336673338590245	0.0
0.0	0.0	0.0	0.0	0.0	-0.42160143609074	0.0	0.07408022228423526	0.0	-0.43752778666906944
-0.22626590059758245	0.0	0.0	0.0	0.0	0.0	0.0	0.0	0.18238589686683393	0.0
0.0	-0.39000308286727925	0.0	0.0	0.0	0.0	0.08654501553199999	0.0	-0.5418351729376177	0.0
0.0	0.0	-2.76473692674272	0.0	0.10687022688594315	0.0	0.0	0.0	0.0	0.0
0.0	0.0	0.0	-1.6361742859182864	0.0	0.0	0.0	-0.026106887947247474	0.0	0.0
0.0	0.0	-1.0557611958384152	0.0	0.0027877359088773757	-0.0864736948195507	0.0	-0.10165398600175182	0.0	0.0
0.0	0.0	0.0	0.0	-0.4373786611543357	-0.1848000672445952	0.0	0.03978031592674833	-0.26984667151710146	-0.19778333755701138
0.0	-0.08610931459442761	0.0	0.0	0.0	0.0	-0.6643165036724116	0.0	0.0	0.0
0.0	0.0	0.0	-1.0802971038984375	0.16429907067309046	-0.09236469388499967	0.0	0.4839747757902898	0.0	-0.6349749415973012
-0.5052337023033138	0.1102898666430383	0.0	0.0	0.0	-0.1885623858710018	0.0	0.0	-0.05218092465474178	0.0
0.0	0.0	0.0	0.0	0.0	-0.40966861018355677	0.0	0.07198348750107157	0.0	-0.35632394915740173
-0.8960145761905403	0.0	0.0	0.0	0.0	0.0	0.0	0.0	0.22105598749862215	0.0
0.0	-0.2681631384049521	0.0	0.0	0.0	0.0	0.0818347474503142	0.0	-0.5123454454826717	0.0
0.0	0.0	2.4755914150711558	0.0	0.01780021637149154	0.0	0.0	0.0	0.0	0.0
0.0	0.0	0.0	-0.575212159547728	0.0	0.0	0.0	-0.020437318719990934	0.0	0.0
0.0	0.0	-0.8479306129205808	0.0	1.2984323060150404	-0.06945102106316768	0.0	-0.08164301453401575	0.0	0.0
0.0	0.0	0.0	0.0	-0.39841465863660186	0.0595376179860958	0.0	0.036236475159950765	-0.2458073039799542	-0.18016375263670847
0.0	-0.06501903023501117	0.0	0.0	0.0	0.0	0.150959813884598	0.0	0.0	0.0
0.0	0.0	0.0	-0.931644801836638	0.14169099832518445	-0.07965501955032751	0.0	0.804425302362408	0.0	-0.5476003791002148
-0.5089928662497473	0.11111047241112414	0.0	0.0	0.0	-0.18996537407109262	0.0	0.0	-0.14678145638625706	0.0
0.0	0.0	0.0	0.0	0.0	-0.40698981050058963	0.0	0.07151279158075113	0.0	-0.3081304808956229
-1.443788314484157	0.0	0.0	0.0	0.0	0.0	0.0	0.0	0.2537702119635951	0.0
0.0	-0.7440317667861536	0.0	0.0	0.0	0.0	0.09599640872584203	0.0	-0.601007815454428	0.0
0.0	0.0	0.5174140412795868	0.0	0.05210297118973446	0.0	0.0	0.0	0.0	0.0
0.0	0.0	0.0	-1.819164086324773	0.0	0.0	0.0	-0.027095391643147247	0.0	0.0
0.0	0.0	-1.577691886023147	0.0	-0.13860870081715138	-0.12922320616539074	0.0	-0.15190809202786848	0.0	0.0
0.0	0.0	0.0	0.0	-0.4532387357224084	-0.40233060722069647	0.0	0.04122281605987003	-0.2796317587019956	-0.20495528891306894
0.0	-0.08807183120150487	0.0	0.0	0.0	0.0	-0.7479877684045655	0.0	0.0	0.0
0.0	0.0	0.0	-1.0334106160106384	0.15716824864339932	-0.08835592992046493	0.0	0.5428223966832821	0.0	-0.607416092461428
-0.5563800510844642	0.12145484625670015	0.0	0.0	0.0	-0.20765113135808383	0.0	0.0	-0.45358265098299305	0.0
0.0	0.0	0.0	0.0	0.0	-0.4023303797685457	0.0	0.07069407600058525	0.0	-0.3264545928743696
-0.25296728490603004	0.0	0.0	0.0	0.0	0.0	0.0	0.0	0.1822278267062245	0.0
0.0	-0.43247222428438303	0.0	0.0	0.0	0.0	0.08946281910860054	0.0	-0.5601027599939838	0.0
0.0	0.0	-3.1141407164900716	0.0	0.1136445085708171	0.0	0.0	0.0	0.0	0.0
0.0	0.0	0.0	-0.500563384416195	0.0	0.0	0.0	-0.020014045553666173	0.0	0.0
0.0	0.0	-1.6039683983575932	0.0	-0.8300712970601591	-0.13137542308479228	0.0	-0.15443812649735797	0.0	0.0
0.0	0.0	0.0	0.0	-0.3991238281128113	-0.06975738537168762	0.0	0.036300975302081075	-0.24624483566518	-0.18048444022015864
0.0	-0.0656605646445517	0.0	0.0	0.0	0.0	0.11967691271016956	0.0	0.0	0.0
0.0	0.0	0.0	-1.0872208237654877	0.16535207797603707	-0.09295666739280396	0.0	0.7650071169815447	0.0	-0.639044552264914
-0.4360751100496392	0.0951929087756098	0.0	0.0	0.0	-0.1627511442626505	0.0	0.0	0.2927462769569551	0.0
0.0	0.0	0.0	0.0	0.0	-0.408014549627441	0.0	0.07169285003359797	0.0	-0.30600794468642545
-1.081483286560198	0.0	0.0	0.0	0.0	0.0	0.0	0.0	0.23145280480273459	0.0
0.0	-1.286237232445498	0.0	0.0	0.0	0.0	0.11478100678973041	0.0	-0.7186131550334273	0.0
0.0	0.0	2.3447054966494534	0.0	0.01935018884489304	0.0	0.0	0.0	0.0	0.0
0.0	0.0	0.0	-2.0372840340127185	0.0	0.0	0.0	-0.028218798360653972	0.0	0.0
0.0	0.0	-0.42158990396392504	0.0	1.8402309546885367	-0.03453094964854137	0.0	-0.04059279159431042	0.0	0.0
0.0	0.0	0.0	0.0	-0.33864552237936035	0.4617424625841106	0.0	0.030800372912285448	-0.2089319282222477	-0.15313605260978452
0.0	-0.08245472560705486	0.0	0.0	0.0	0.0	-0.5482083610452777	0.0	0.0	0.0
0.0	0.0	0.0	-1.3514241234878392	0.20553394688645055	-0.1155458762448866	0.0	0.07521795462969716	0.0	-0.794337456601707
-0.4973195015658809	0.10856223814173596	0.0	0.0	0.0	-0.1856086625415623	0.0	0.0	-0.044744412059833705	0.0
0.0	0.0	0.0	0.0	0.0	-0.45742816751881155	0.0	0.08037539113498345	0.0	-0.5573992427390226
-0.2192923461582934	0.0	0.0	0.0	0.0	0.0	0.0	0.0	0.18385530129197372	0.0
0.0	-0.022096912454715012	0.0	0.0	0.0	0.0	0.07225749807887345	0.0	-0.4523848511313709	0.0
0.0	0.0	0.29497906448325945	0.0	0.05484450621932758	0.0	0.0	0.0	0.0	0.0
0.0	0.0	0.0	0.3046979022569493	0.0	0.0	0.0	-0.015758496476408375	0.0	0.0
0.0	0.0	-0.9218514196048635	0.0	0.7869599634371003	-0.0755056149459779	0.0	-0.0887604807541631	0.0	0.0
0.0	0.0	0.0	0.0	-0.5295511999355578	-0.6337515796438021	0.0	0.04816356147149072	-0.32671376404911934	-0.2394639085824468
0.0	-0.08099432281316561	0.0	0.0	0.0	0.0	-0.45520237539200675	0.0	0.0	0.0
0.0	0.0	0.0	-0.6499846305499518	0.09885416740059036	-0.05557325962834855	0.0	1.3750851103432118	0.0	-0.3820467085704607
-0.5815280040009848	0.12694451244655255	0.0	0.0	0.0	-0.21703680373126988	0.0	0.0	-0.47510391754381043	0.0
0.0	0.0	0.0	0.0	0.0	-0.2867367359819484	0.0	0.05038294303633981	0.0	0.34241492176727667
-1.629867509979753	0.0	0.0	0.0	0.0	0.0	0.0	0.0	0.26491582126943297	0.0
0.0	-0.7258180295743412	0.0	0.0	0.0	0.0	0.09493233026749484	0.0	-0.5943459050953669	0.0
0.0	0.0	-2.5696754508489366	0.0	0.10375861420217283	0.0	0.0	0.0	0.0	0.0
0.0	0.0	0.0	-1.8934749299458913	0.0	0.0	0.0	-0.027488858285292492	0.0	0.0
0.0	0.0	-1.1784075236569462	0.0	-0.1252916212108509	-0.09651922515758882	0.0	-0.11346298991321913	0.0	0.0
0.0	0.0	0.0	0.0	-0.4128085144751632	-0.1004249597948953	0.0	0.037545620263534134	-0.254687787719334	-0.18667267751327116
0.0	-0.09064583623032747	0.0	0.0	0.0	0.0	-0.8460700781566662	0.0	0.0	0.0
0.0	0.0	0.0	-1.0685972990059927	0.1625196832583243	-0.09136436823985519	0.0	0.5103648936989305	0.0	-0.6280980529141131
-0.5738051647693955	0.1252586571580503	0.0	0.0	0.0	-0.2141544999883331	0.0	0.0	-0.5416794085585801	0.0
0.0	0.0	0.0	0.0	0.0	-0.37959723011430124	0.0	0.06669960009172055	0.0	-0.1317158198859345
-0.035263097683562616	0.0	0.0	0.0	0.0	0.0	0.0	0.0	0.16880077259359927	0.0
0.0	0.1779843445105895	0.0	0.0	0.0	0.0	0.0720145756548068	0.0	-0.4508639788680119	0.0
0.0	0.0	0.17560311558562455	0.0	0.05675164289832294	0.0	0.0	0.0	0.0	0.0
0.0	0.0	0.0	-1.0028033880719447	0.0	0.0	0.0	-0.022732403464024074	0.0	0.0
0.0	0.0	-0.8486198642109672	0.0	0.886416183895843	-0.06950747521773767	0.0	-0.08170937910708476	0.0	0.0
0.0	0.0	0.0	0.0	-0.373504461262154	0.23647135460918045	0.0	0.033970851321014725	-0.23043862131357037	-0.1688993211189036
0.0	-0.07881593059605885	0.0	0.0	0.0	0.0	-0.37120438979608245	0.0	0.0	0.0
0.0	0.0	0.0	-0.9225732994805302	0.14031134137587045	-0.07887941204830304	0.0	0.7221032179356067	0.0	-0.5422683489966602
-0.39990032840590894	0.08729614372383412	0.0	0.0	0.0	-0.1492500593112566	0.0	0.0	0.4831725587499546	0.0
0.0	0.0	0.0	0.0	0.0	-0.4141247250778519	0.0	0.07276647814966705	0.0	-0.33092935259468703
-1.279932842500037	0.0	0.0	0.0	0.0	0.0	0.0	0.0	0.24466472501665573	0.0
0.0	-0.5536698736570447	0.0	0.0	0.0	0.0	0.08917725230121078	0.0	-0.5583149026631354	0.0
0.0	0.0	-2.6986823701642146	0.0	0.10604587576574383	0.0	0.0	0.0	0.0	0.0
0.0	0.0	0.0	-1.5601573298004299	0.0	0.0	0.0	-0.025712787914193472	0.0	0.0
0.0	0.0	-1.2439827195545357	0.0	-0.27127891792708503	-0.10189025934612732	0.0	-0.11977689884651915	0.0	0.0
0.0	0.0	0.0	0.0	-0.5220023321931192	-0.7285437719061268	0.0	0.04747697940804276	-0.32205638815281085	-0.2360502983872546
0.0	-0.07718975544509118	0.0	0.0	0.0	0.0	-0.323523323767559	0.0	0.0	0.0
0.0	0.0	0.0	-0.9870591672660662	0.15011879907475495	-0.08439291145177784	0.0	0.4723465441311123	0.0	-0.5801717275979802
-0.5699452214379569	0.12441605177892918	0.0	0.0	0.0	-0.21271389909297564	0.0	0.0	-0.5387098260776763	0.0
0.0	0.0	0.0	0.0	0.0	-0.4683588176882432	0.0	0.08229603211232689	0.0	-0.8391605652416148
-1.3066417529822871	0.0	0.0	0.0	0.0	0.0	0.0	0.0	0.24169019710636913	0.0
0.0	0.18303894573897714	0.0	0.0	0.0	0.0	0.0726292018531386	0.0	-0.4547119889517581	0.0
0.0	0.0	-0.25469119228199716	0.0	0.06406841179024245	0.0	0.0	0.0	0.0	0.0
0.0	0.0	0.0	0.13869059535581818	0.0	0.0	0.0	-0.016617022851499918	0.0	0.0
0.0	0.0	-0.8676323426977376	0.0	0.7946647320820575	-0.07106472061462181	0.0	-0.08353999594503166	0.0	0.0
0.0	0.0	0.0	0.0	-0.3581202810304484	0.3529500271697127	0.0	0.032571634568473305	-0.22094714356614537	-0.16194256995099132
0.0	-0.08718832132056101	0.0	0.0	0.0	0.0	-0.6937642938788223	0.0	0.0	0.0
0.0	0.0	0.0	-0.8680252920888366	0.13201530236106376	-0.07421559319088977	0.0	1.1259353625070776	0.0	-0.5102062267501064
-0.3859266713510674	0.08424576769771386	0.0	0.0	0.0	-0.14403483692685948	0.0	0.0	0.38549840031417315	0.0
0.0	0.0	0.0	0.0	0.0	-0.33520063264897215	0.0	0.05889860719332958	0.0	0.2072020742671299
-0.16678000881382626	0.0	0.0	0.0	0.0	0.0	0.0	0.0	0.17805300418943545	0.0
0.0	-0.8232633602592075	0.0	0.0	0.0	0.0	0.10154359461048053	0.0	-0.6357372612190877	0.0
0.0	0.0	-2.7732328601378424	0.0	0.10736603609087511	0.0	0.0	0.0	0.0	0.0
0.0	0.0	0.0	-1.7250452839895503	0.0	0.0	0.0	-0.026537959865430116	0.0	0.0
0.0	0.0	-1.280852750486218	0.0	-0.355118340253695	-0.10491015420051411	0.0	-0.12332693044740307	0.0	0.0
0.0	0.0	0.0	0.0	-0.40273369300216577	-0.041676108189023786	0.0	0.0366292985114768	-0.2484719905575743	-0.18211682695814463
0.0	-0.09080746046845184	0.0	0.0	0.0	0.0	-0.8580134075312174	0.0	0.0	0.0
0.0	0.0	0.0	-1.3914745182266715	0.2116250884917873	-0.11897015872854436	0.0	0.18599451904249564	0.0	-0.8178782001327843
-0.4682719149493747	0.1022213023735332	0.0	0.0	0.0	-0.17476757610723975	0.0	0.0	0.16644337860745284	0.0
0.0	0.0	0.0	0.0	0.0	-0.4477751099567448	0.0	0.07867923787575569	0.0	-0.5556975185359633
-1.2947879907317752	0.0	0.0	0.0	0.0	0.0	0.0	0.0	0.24614562460770797	0.0
0.0	0.18627671028508663	0.0	0.0	0.0	0.0	0.06480033443261733	0.0	-0.40569754592892027	0.0
0.0	0.0	1.5039133432794638	0.0	0.03401348429778211	0.0	0.0	0.0	0.0	0.0
0.0	0.0	0.0	-0.08514562573507023	0.0	0.0	0.0	-0.01779752496351327	0.0	0.0
0.0	0.0	-0.6930727565009479	0.0	1.3143198957319595	-0.056767157449666726	0.0	-0.0667325230035504	0.0	0.0
0.0	0.0	0.0	0.0	-0.4387475739588517	-0.1267208577593912	0.0	0.03990482082073676	-0.2706912407581359	-0.19840236213993717
0.0	-0.06841082924129067	0.0	0.0	0.0	0.0	0.03525640276038233	0.0	0.0	0.0
0.0	0.0	0.0	-1.0059236818158888	0.15298784518998568	-0.08600581507374967	0.0	0.9260650120047179	0.0	-0.5912598754614785
-0.5954394377876867	0.1299813054596752	0.0	0.0	0.0	-0.22222880326286915	0.0	0.0	-0.6496663694271723	0.0
0.0	0.0	0.0	0.0	0.0	-0.34138339602050316	0.0	0.059984989842166825	0.0	0.09266534106270541
-0.33093736166369303	0.0	0.0	0.0	0.0	0.0	0.0	0.0	0.18789012185703177	0.0
0.0	0.18475500384658505	0.0	0.0	0.0	0.0	0.06954311384224057	0.0	-0.43539081810434677	0.0
0.0	0.0	-1.463266279501352	0.0	0.0852394555340604	0.0	0.0	0.0	0.0	0.0
0.0	0.0	0.0	-2.274732313076133	0.0	0.0	0.0	-0.02951501842801208	0.0	0.0
0.0	0.0	-1.3177765199852514	0.0	-0.12079947238559996	-0.10793445059238067	0.0	-0.12688213626722478	0.0	0.0
0.0	0.0	0.0	0.0	-0.3586371814877574	0.17335187513285044	0.0	0.03261864752388399	-0.22126605228369087	-0.16217631317330927
0.0	-0.09439906911316324	0.0	0.0	0.0	0.0	-0.9684382808180403	0.0	0.0	0.0
0.0	0.0	0.0	-1.1983581566582795	0.18225461381129765	-0.1024588364672136	0.0	0.2627751775733976	0.0	-0.7043686387668758
-0.4838302793503386	0.10561761169958042	0.0	0.0	0.0	-0.18057424002993863	0.0	0.0	0.052539961766724375	0.0
0.0	0.0	0.0	0.0	0.0	-0.4375485545502918	0.0	0.07688231444794022	0.0	-0.45476103840097015
-1.041236215865395	0.0	0.0	0.0	0.0	0.0	0.0	0.0	0.22999197057147822	0.0
0.0	-0.7429008848846559	0.0	0.0	0.0	0.0	0.09661834603646535	0.0	-0.6049015984549447	0.0
0.0	0.0	-2.6655392260964255	0.0	0.1051128764572681	0.0	0.0	0.0	0.0	0.0
0.0	0.0	0.0	0.4068558431024252	0.0	0.0	0.0	-0.015184377948037113	0.0	0.0
0.0	0.0	-1.0062342409122644	0.0	0.13237595252127798	-0.08241711573470896	0.0	-0.09688528224315784	0.0	0.0
0.0	0.0	0.0	0.0	-0.4333431438175141	-0.2006372193540663	0.0	0.039413278920043544	-0.2673569045990793	-0.19595847009425207
0.0	-0.0838383510802978	0.0	0.0	0.0	0.0	-0.5856940312972081	0.0	0.0	0.0
0.0	0.0	0.0	-0.8278867742037825	0.12591075837690288	-0.0707837762360244	0.0	0.9789172718807722	0.0	-0.48661368636664104
-0.5322811551670853	0.11619418370617111	0.0	0.0	0.0	-0.19865698609358232	0.0	0.0	-0.2748552012547154	0.0
0.0	0.0	0.0	0.0	0.0	-0.4712669157039706	0.0	0.08280701838748525	0.0	-0.7783613994208615
-0.5768883613457038	0.0	0.0	0.0	0.0	0.0	0.0	0.0	0.20325324128656752	0.0
0.0	-0.19975663981831723	0.0	0.0	0.0	0.0	0.07898572650197348	0.0	-0.49450848804777114	0.0
0.0	0.0	0.9673961551505692	0.0	0.04307849756867139	0.0	0.0	0.0	0.0	0.0
0.0	0.0	0.0	-1.7418696990910512	0.0	0.0	0.0	-0.02667026831111645	0.0	0.0
0.0	0.0	-0.6796948890753409	0.0	1.2365241336752817	-0.05567142327260249	0.0	-0.06544443479442087	0.0	0.0
0.0	0.0	0.0	0.0	-0.3942024749203358	0.10473156883280432	0.0	0.03585337005250833	-0.24320854035336786	-0.17825899635159922
0.0	-0.06751131337630482	0.0	0.0	0.0	0.0	0.05756691814014992	0.0	0.0	0.0
0.0	0.0	0.0	-1.1048833639510467	0.1680383194995414	-0.09446680299492997	0.0	0.3934855519084318	0.0	-0.6494262059621358
-0.5326060192095984	0.1162650998223418	0.0	0.0	0.0	-0.19877823124936014	0.0	0.0	-0.2162389133142688	0.0
0.0	0.0	0.0	0.0	0.0	-0.42494779601513166	0.0	0.07466821621836557	0.0	-0.41274115746064605
-0.4965932148458792	0.0	0.0	0.0	0.0	0.0	0.0	0.0	0.2003429251914424	0.0
0.0	-0.3987041147350583	0.0	0.0	0.0	0.0	0.08388001177754326	0.0	-0.5251502978896546	0.0
0.0	0.0	-1.9132507307681341	0.0	0.09267838374225343	0.0	0.0	0.0	0.0	0.0
0.0	0.0	0.0	-0.7118311866082245	0.0	0.0	0.0	-0.021173854500930792	0.0	0.0
0.0	0.0	-1.2016474488447544	0.0	-0.04986190581511341	-0.09842272587938207	0.0	-0.11570064653389756	0.0	0.0
0.0	0.0	0.0	0.0	-0.5102478978615902	-0.6528183561713553	0.0	0.046407894075863196	-0.31480433115588713	-0.23073492418255792
0.0	-0.095360110308351	0.0	0.0	0.0	0.0	-1.0178216618905989	0.0	0.0	0.0
0.0	0.0	0.0	-0.9066897977868021	0.13789566835601635	-0.07752138307047012	0.0	0.7843127449760059	0.0	-0.532932375102127
-0.6025248472433349	0.13152801317218968	0.0	0.0	0.0	-0.22487320664637087	0.0	0.0	-0.586870526924402	0.0
0.0	0.0	0.0	0.0	0.0	-0.4184426177700491	0.0	0.07352518156729156	0.0	-0.4996094653094066
-1.565332805886276	0.0	0.0	0.0	0.0	0.0	0.0	0.0	0.2573025588030053	0.0
0.0	0.013821008659429257	0.0	0.0	0.0	0.0	0.07687561906659567	0.0	-0.4812976703000738	0.0
0.0	0.0	-0.9943430888489435	0.0	0.07700885311057283	0.0	0.0	0.0	0.0	0.0
0.0	0.0	0.0	-1.4311809093606807	0.0	0.0	0.0	-0.025014285883666533	0.0	0.0
0.0	0.0	-1.1326925393582468	0.0	0.23934447939989648	-0.09277487121040007	0.0	-0.10906132181603177	0.0	0.0
0.0	0.0	0.0	0.0	-0.400173554169713	0.026206968194508518	0.0	0.036396449631052416	-0.2468924783318618	-0.1809591280398768
0.0	-0.08488223228854692	0.0	0.0	0.0	0.0	-0.6087434321451641	0.0	0.0	0.0
0.0	0.0	0.0	-1.0322119246738561	0.15698594335724564	-0.08825344259731562	0.0	0.550996053825868	0.0	-0.6067115279866925
-0.4149429658662382	0.09057987256436047	0.0	0.0	0.0	-0.15486424458112474	0.0	0.0	0.19809012087782008	0.0
0.0	0.0	0.0	0.0	0.0	-0.4263597627426641	0.0	0.07491631501518996	0.0	-0.43273316485240554
-0.015273671695562596	0.0	0.0	0.0	0.0	0.0	0.0	0.0	0.1696276760768784	0.0
0.0	-0.4261343246425659	0.0	0.0	0.0	0.0	0.0884714340724301	0.0	-0.553895963690128	0.0
0.0	0.0	-1.6875977552497332	0.0	0.08865656132747317	0.0	0.0	0.0	0.0	0.0
0.0	0.0	0.0	0.15081821247982696	0.0	0.0	0.0	-0.0165559139550103	0.0	0.0
0.0	0.0	-1.0734832016582005	0.0	0.2047229300921285	-0.08792524212863076	0.0	-0.10336034965541574	0.0	0.0
0.0	0.0	0.0	0.0	-0.4571481984451165	-0.2759446019426115	0.0	0.0415783881899843	-0.28204375452355374	-0.20672315427557023
0.0	-0.0851076494293703	0.0	0.0	0.0	0.0	-0.6274581187831504	0.0	0.0	0.0
0.0	0.0	0.0	-0.8411216325610661	0.1279236073614505	-0.07191534794566841	0.0	1.0691108856221723	0.0	-0.4943928458054085
-0.48056659424606263	0.10490516636334396	0.0	0.0	0.0	-0.1793561735248968	0.0	0.0	0.08491342437845574	0.0
0.0	0.0	0.0	0.0	0.0	-0.38073676157881103	0.0	0.06689982887882694	0.0	-0.19849538309538417
-1.8135158459468061	0.0	0.0	0.0	0.0	0.0	0.0	0.0	0.2766673944951888	0.0
0.0	-0.3401780271180826	0.0	0.0	0.0	0.0	0.080919196826255	0.0	-0.5066134281311139	0.0
0.0	0.0	-1.0828696973613203	0.0	0.07814320423910774	0.0	0.0	0.0	0.0	0.0
0.0	0.0	0.0	-1.9685383048661473	0.0	0.0	0.0	-0.027874361284572633	0.0	0.0
0.0	0.0	-0.8993384923818538	0.0	0.4955082065165338	-0.07366166007640033	0.0	-0.08659282314578803	0.0	0.0
0.0	0.0	0.0	0.0	-0.4970415266733855	-0.5075076745731646	0.0	0.04520675267420869	-0.3066564821077625	-0.224762981784348
0.0	-0.08203311732600051	0.0	0.0	0.0	0.0	-0.5026604459390167	0.0	0.0	0.0
0.0	0.0	0.0	-1.1855610693978684	0.18030834408918087	-0.1013646938992459	0.0	0.3305935736302251	0.0	-0.6968467915764394
-0.6216480489122869	0.13570250777189963	0.0	0.0	0.0	-0.23201033252643566	0.0	0.0	-0.8521261098221621	0.0
0.0	0.0	0.0	0.0	0.0	-0.3947777878382623	0.0	0.06936699871592177	0.0	-0.31117186532374985
-0.040011723115428444	0.0	0.0	0.0	0.0	0.0	0.0	0.0	0.16830968583894146	0.0
0.0	-0.008822763688460578	0.0	0.0	0.0	0.0	0.07914877358076106	0.0	-0.49552928215808206	0.0
0.0	0.0	-2.6882858168494836	0.0	0.10553919580051024	0.0	0.0	0.0	0.0	0.0
0.0	0.0	0.0	0.20067276018692626	0.0	0.0	0.0	-0.01630178465291239	0.0	0.0
0.0	0.0	-1.0325248661119937	0.0	0.1271695784239536	-0.08457048858938296	0.0	-0.09941667557013861	0.0	0.0
0.0	0.0	0.0	0.0	-0.3688826718831866	0.22087808598567693	0.0	0.03355049189799903	-0.22758714594191903	-0.1668093404910303
0.0	-0.0851139582836051	0.0	0.0	0.0	0.0	-0.6196253547013937	0.0	0.0	0.0
0.0	0.0	0.0	-0.7504313674828114	0.11413080330996957	-0.06416138975946746	0.0	1.0799473365610341	0.0	-0.44108709726299417
-0.36872301568480653	0.08049029992002078	0.0	0.0	0.0	-0.13761412044784313	0.0	0.0	0.6406854431182136	0.0
0.0	0.0	0.0	0.0	0.0	-0.4341414045322998	0.0	0.07628363899505525	0.0	-0.4703115453676838
-0.8306995397621364	0.0	0.0	0.0	0.0	0.0	0.0	0.0	0.21945511448733424	0.0
0.0	-0.5817083654798091	0.0	0.0	0.0	0.0	0.08985965325344628	0.0	-0.5625872323368254	0.0
0.0	0.0	0.6167102761577316	0.0	0.04978601265789672	0.0	0.0	0.0	0.0	0.0
0.0	0.0	0.0	-2.2227578486310318	0.0	0.0	0.0	-0.029280354465340927	0.0	0.0
0.0	0.0	-1.1713118356179946	0.0	0.5031253487976368	-0.0959380422495281	0.0	-0.11277978146094068	0.0	0.0
0.0	0.0	0.0	0.0	-0.39370793536266047	-0.028338292336619997	0.0	0.03580839085807144	-0.2429034274948209	-0.17803536476423998
0.0	-0.09700778602188989	0.0	0.0	0.0	0.0	-1.0863759113033364	0.0	0.0	0.0
0.0	0.0	0.0	-0.8975275407663336	0.13650220880836167	-0.07673801610416299	0.0	0.5342701363429407	0.0	-0.5275470013975443
-0.5971212011604592	0.1303484255810421	0.0	0.0	0.0	-0.22285646787153396	0.0	0.0	-0.5401013317564352	0.0
0.0	0.0	0.0	0.0	0.0	-0.4104858116303375	0.0	0.07212707919608535	0.0	-0.32876445750922967
-0.6812576812528905	0.0	0.0	0.0	0.0	0.0	0.0	0.0	0.2080180796827359	0.0
0.0	-0.47325338821573715	0.0	0.0	0.0	0.0	0.08988888360149123	0.0	-0.5627702357205628	0.0
0.0	0.0	-2.3223518235918816	0.0	0.09998412970998116	0.0	0.0	0.0	0.0	0.0
0.0	0.0	0.0	-0.2130368912250471	0.0	0.0	0.0	-0.018501700397623683	0.0	0.0
0.0	0.0	-1.4431638286094766	0.0	-0.4194902804259529	-0.11820448504994144	0.0	-0.13895505556557258	0.0	0.0
0.0	0.0	0.0	0.0	-0.3883109934542051	-0.0007957464376717738	0.0	0.03531753002460041	-0.23957371130216484	-0.17559485890956833
0.0	-0.08456223397074746	0.0	0.0	0.0	0.0	-0.6077076032911222	0.0	0.0	0.0
0.0	0.0	0.0	-0.8824414590646964	0.13420781294750753	-0.07544816601267669	0.0	0.9890669804527478	0.0	-0.5186797334831338
-0.48176342376294484	0.1051664279680422	0.0	0.0	0.0	-0.17980285201874097	0.0	0.0	0.02579097295416566	0.0
0.0	0.0	0.0	0.0	0.0	-0.3973865669490318	0.0	0.06982539121621364	0.0	-0.23693545900504853
-0.6261855234978113	0.0	0.0	0.0	0.0	0.0	0.0	0.0	0.20551350687682515	0.0
0.0	-0.7005474026725533	0.0	0.0	0.0	0.0	0.09655922405183666	0.0	-0.6045314515369645	0.0
0.0	0.0	0.3447812764433342	0.0	0.053912985807861316	0.0	0.0	0.0	0.0	0.0
0.0	0.0	0.0	-1.823595398006721	0.0	0.0	0.0	-0.027102374124827133	0.0	0.0
0.0	0.0	-0.8654913330879346	0.0	0.8660141655605601	-0.07088935803041847	0.0	-0.08333384879569293	0.0	0.0
0.0	0.0	0.0	0.0	-0.3534310924148294	0.2482054689243337	0.0	0.032145145072901844	-0.21805408532525838	-0.15982211127935944
0.0	-0.09724453734623127	0.0	0.0	0.0	0.0	-1.1012853482768694	0.0	0.0	0.0
0.0	0.0	0.0	-1.147816649519378	0.1745679111224052	-0.09813757075380476	0.0	0.21150366046184926	0.0	-0.6746614494872305
-0.5089856859685771	0.11110890499341404	0.0	0.0	0.0	-0.18996269425986365	0.0	0.0	-0.0687426871037824	0.0
0.0	0.0	0.0	0.0	0.0	-0.5208972069239182	0.0	0.09152763148523983	0.0	-1.0079890252096888
-1.4303159361372857	0.0	0.0	0.0	0.0	0.0	0.0	0.0	0.2539155303742089	0.0
0.0	-0.8892938370876864	0.0	0.0	0.0	0.0	0.09890712469638441	0.0	-0.619231028906715	0.0
0.0	0.0	-3.046961263341784	0.0	0.11227287717505471	0.0	0.0	0.0	0.0	0.0
0.0	0.0	0.0	-0.5419087683103478	0.0	0.0	0.0	-0.020282929340267188	0.0	0.0
0.0	0.0	-1.4543386274211971	0.0	-0.5570938510251441	-0.11911977360754676	0.0	-0.14003102127302303	0.0	0.0
0.0	0.0	0.0	0.0	-0.40617313447779846	-0.1803068264867077	0.0	0.03694212142823989	-0.25059400042341423	-0.1836721479529716
0.0	-0.07756404004163982	0.0	0.0	0.0	0.0	-0.3463475975010588	0.0	0.0	0.0
0.0	0.0	0.0	-0.7663118067929453	0.11654601058130253	-0.06551915690551152	0.0	0.907067601804937	0.0	-0.45042127115562347
-0.5939478814983613	0.1296557065467557	0.0	0.0	0.0	-0.2216721273893202	0.0	0.0	-0.6010623474553249	0.0
0.0	0.0	0.0	0.0	0.0	-0.4613963066456542	0.0	0.08107263882772615	0.0	-0.6888157389232015
-0.7779842382845747	0.0	0.0	0.0	0.0	0.0	0.0	0.0	0.21268958495536544	0.0
0.0	0.5110290123284307	0.0	0.0	0.0	0.0	0.06069820696983606	0.0	-0.3800152240812062	0.0
0.0	0.0	1.9826629609807638	0.0	0.025624134182371926	0.0	0.0	0.0	0.0	0.0
0.0	0.0	0.0	-1.5191488527304056	0.0	0.0	0.0	-0.02549240617860604	0.0	0.0
0.0	0.0	-0.5128899952245012	0.0	1.7001470109591506	-0.042009019746007355	0.0	-0.04938362254693972	0.0	0.0
0.0	0.0	0.0	0.0	-0.3374903286049803	0.5149891196864245	0.0	0.03069530611917723	-0.20821921582299388	-0.15261367211774368
0.0	-0.09665536951815676	0.0	0.0	0.0	0.0	-1.047560843705679	0.0	0.0	0.0
0.0	0.0	0.0	-0.9897677684770116	0.1505307419191599	-0.08462449507891404	0.0	0.6763617580014217	0.0	-0.5817637839772151
-0.4450655931335361	0.09715548406672571	0.0	0.0	0.0	-0.16610655569443727	0.0	0.0	0.1739228248038993	0.0
0.0	0.0	0.0	0.0	0.0	-0.3348784985099226	0.0	0.058842004519374276	0.0	0.23787499688162964
