0.11527182546180015	0.0	0.0	0.0	0.0	0.0	0.05192864780660047	0.0	0.0	0.0
0.0	-0.7644508690082825	0.0	0.048580177250650364	-0.7770867258117848	0.0	0.0	0.0	0.0	0.0
0.0	0.0	-0.23924989297554	0.0	0.0	0.0	-0.4326572847872933	0.0	0.0	0.0
0.0	-0.3566990778817241	0.0	0.5902432214740687	0.0	0.0	0.0	-0.4579776335926059	0.0	-0.5744708420343079
0.0	-0.1487568568658162	0.0	0.0	-1.5707398483233237	0.0	0.0	0.0	0.0	0.0
0.0	0.0	0.0	0.0	0.0	-0.07158019171447783	-0.5686562598839089	0.0	0.0	-0.08363128839547422
-0.21128226712445497	0.0	0.33210767886715165	0.0	0.0	-0.29534221397132404	0.20772047817060332	-0.8277888246287678	0.0	0.0
0.0	0.0	0.0	-0.07825434686643673	0.0	0.0	0.2408347906118622	-1.0554342100828285	0.0	0.0
0.0	0.0	0.0	0.0	0.0	0.0	0.0	0.0	-0.17059279919229597	0.0
0.0	0.0	0.0	-0.08352710166077296	0.0	-0.5047307008689839	0.0	0.0	0.0	-0.10601077727380992
-1.9752751772333488	0.0	0.0	0.0	0.0	0.0	0.08680451838751976	0.0	0.0	0.0
0.0	0.17286131869135724	0.0	0.036087229686502645	-0.5772499967633764	0.0	0.0	0.0	0.0	0.0
0.0	0.0	-0.6972763459433321	0.0	0.0	0.0	-0.5001628630008084	0.0	0.0	0.0
0.0	-0.37587772672598924	0.0	0.528479292397116	0.0	0.0	0.0	-0.48260172924589645	0.0	-0.6053584311362302
0.0	-0.10337434134507667	0.0	0.0	-0.1441158319415039	0.0	0.0	0.0	0.0	0.0
0.0	0.0	0.0	0.0	0.0	-0.19521709334110326	-0.5847195817061157	0.0	0.0	-0.08599369323416632
-0.23241540721110482	0.0	0.3653261699259277	0.0	0.0	-0.3248833035587467	-0.04139461586120851	-0.9105869573406735	0.0	0.0
0.0	0.0	0.0	-0.08483109246299506	0.0	0.0	0.2610753166922601	-1.3963307070841577	0.0	0.0
0.0	0.0	0.0	0.0	0.0	0.0	0.0	0.0	-1.850045533751731	0.0
0.0	0.0	0.0	-0.10345127606775993	0.0	-0.6251268634644015	0.0	0.0	0.0	-0.7920835205744453
-0.27879404511342326	0.0	0.0	0.0	0.0	0.0	0.058665724762046075	0.0	0.0	0.0
0.0	-0.5343543837889303	0.0	0.044720902897990314	-0.715353915426087	0.0	0.0	0.0	0.0	0.0
0.0	0.0	-0.11584819534568913	0.0	0.0	0.0	-0.4081138123375954	0.0	0.0	0.0
0.0	-0.4047271924369732	0.0	0.43845556042578004	0.0	0.0	0.0	-0.5196425035455947	0.0	-0.6518210599651285
0.0	-0.1528186060615566	0.0	0.0	-1.6758878020292325	0.0	0.0	0.0	0.0	0.0
0.0	0.0	0.0	0.0	0.0	-0.3050922348748732	-0.612457535230097	0.0	0.0	-0.090073065878614
-0.23445520479378382	0.0	0.3685324609685324	0.0	0.0	-0.3277346471301735	-0.10558998017742659	-0.9185787385082422	0.0	0.0
0.0	0.0	0.0	-0.08263947924335181	0.0	0.0	0.25433042989695087	-1.2823322324364592	0.0	0.0
0.0	0.0	0.0	0.0	0.0	0.0	0.0	0.0	0.1271068175837513	0.0
0.0	0.0	0.0	-0.08929690618458169	0.0	-0.5395960011520736	0.0	0.0	0.0	-0.36921421504786767
-2.1110101594726927	0.0	0.0	0.0	0.0	0.0	0.08884162394307042	0.0	0.0	0.0
0.0	-0.11411914366735898	0.0	0.04129311142086709	-0.6605230892234599	0.0	0.0	0.0	0.0	0.0
0.0	0.0	-0.7147540278187119	0.0	0.0	0.0	-0.5085061731173077	0.0	0.0	0.0
0.0	-0.3956750000196204	0.0	0.45300972790487515	0.0	0.0	0.0	-0.5080200970994003	0.0	-0.6372423270142754
0.0	-0.09378852262148167	0.0	0.0	0.12170254087771261	0.0	0.0	0.0	0.0	0.0
0.0	0.0	0.0	0.0	0.0	-0.26043297728121817	-0.6134270973852116	0.0	0.0	-0.09021565770065472
-0.20702881346383573	0.0	0.3254218143049111	0.0	0.0	-0.2893964976637092	0.19685285566712293	-0.8111240971329058	0.0	0.0
0.0	0.0	0.0	-0.081387074295633	0.0	0.0	0.2504760410300944	-1.24511871426907	0.0	0.0
0.0	0.0	0.0	0.0	0.0	0.0	0.0	0.0	-1.681904177026	0.0
0.0	0.0	0.0	-0.0996141764428897	0.0	-0.6019403534041057	0.0	0.0	0.0	-0.7087139274117659
0.4756071333976338	0.0	0.0	0.0	0.0	0.0	0.04615413051938797	0.0	0.0	0.0
0.0	-0.7311197157380022	0.0	0.04828802396189149	-0.7724134525664976	0.0	0.0	0.0	0.0	0.0
0.0	0.0	-0.43458331724997773	0.0	0.0	0.0	-0.4580940999664224	0.0	0.0	0.0
0.0	-0.42059064335122825	0.0	0.3004260173745369	0.0	0.0	0.0	-0.5400101079517154	0.0	-0.6773694579548306
0.0	-0.1463536629485404	0.0	0.0	-1.4968666163137485	0.0	0.0	0.0	0.0	0.0
0.0	0.0	0.0	0.0	0.0	-0.5120186657326257	-0.6593456785742217	0.0	0.0	-0.0969688236763763
-0.23551878115331362	0.0	0.37020426182938443	0.0	0.0	-0.32922137387267886	-0.04296385475874953	-0.9227457546830522	0.0	0.0
0.0	0.0	0.0	-0.08020504732390632	0.0	0.0	0.24683824671408988	-1.1521589259980847	0.0	0.0
0.0	0.0	0.0	0.0	0.0	0.0	0.0	0.0	-0.5666286197286419	0.0
0.0	0.0	0.0	-0.10311929178279775	0.0	-0.6231207761287367	0.0	0.0	0.0	-0.8920636876605894
-1.953360234782807	0.0	0.0	0.0	0.0	0.0	0.08648376566315609	0.0	0.0	0.0
0.0	0.10421230853708964	0.0	0.03706454932250676	-0.5928831656605492	0.0	0.0	0.0	0.0	0.0
0.0	0.0	-0.5748774981110432	0.0	0.0	0.0	-0.47976614623762454	0.0	0.0	0.0
0.0	-0.3716984928889109	0.0	0.622007021165094	0.0	0.0	0.0	-0.47723587398688744	0.0	-0.59862769329496
0.0	-0.1055211881326584	0.0	0.0	-0.2133522639988448	0.0	0.0	0.0	0.0	0.0
0.0	0.0	0.0	0.0	0.0	0.017494948553444578	-0.5344278087803191	0.0	0.0	-0.0785973695458706
-0.23747308433771366	0.0	0.37327616702619615	0.0	0.0	-0.33195320857469823	-0.08515605162504579	-0.9304025749074862	0.0	0.0
0.0	0.0	0.0	-0.08610840604498557	0.0	0.0	0.2650063641213494	-1.4588726355375459	0.0	0.0
0.0	0.0	0.0	0.0	0.0	0.0	0.0	0.0	-1.8731768468932597	0.0
0.0	0.0	0.0	-0.08372819976143911	0.0	-0.5059458799339162	0.0	0.0	0.0	-0.07355690813602678
-0.2733220513012433	0.0	0.0	0.0	0.0	0.0	0.05845820906607561	0.0	0.0	0.0
0.0	-0.440033175057458	0.0	0.0442369122672635	-0.707612019125162	0.0	0.0	0.0	0.0	0.0
0.0	0.0	-0.35417586268754	0.0	0.0	0.0	-0.44868546133430853	0.0	0.0	0.0
0.0	-0.45291691414103663	0.0	0.2005669317585369	0.0	0.0	0.0	-0.5815148662121201	0.0	-0.7294315493701831
0.0	-0.13605354976263986	0.0	0.0	-1.167572907553962	0.0	0.0	0.0	0.0	0.0
0.0	0.0	0.0	0.0	0.0	-0.304819722900904	-0.615775897857999	0.0	0.0	-0.09056109170636358
-0.2207178424098296	0.0	0.3469391507623117	0.0	0.0	-0.3085317908004772	0.05217745486606251	-0.8647567343425333	0.0	0.0
0.0	0.0	0.0	-0.08313557347039549	0.0	0.0	0.25585720449897703	-1.3419001041175118	0.0	0.0
0.0	0.0	0.0	0.0	0.0	0.0	0.0	0.0	-0.30667776786766376	0.0
0.0	0.0	0.0	-0.10939528231740238	0.0	-0.6610448156104725	0.0	0.0	0.0	-1.0542654486730494
-2.131994128132082	0.0	0.0	0.0	0.0	0.0	0.08929954076780401	0.0	0.0	0.0
0.0	-0.019854378339935645	0.0	0.038616899702263556	-0.6177145051530731	0.0	0.0	0.0	0.0	0.0
0.0	0.0	-0.6574621623724528	0.0	0.0	0.0	-0.49663811514930806	0.0	0.0	0.0
0.0	-0.3718706414570064	0.0	0.6708720185048569	0.0	0.0	0.0	-0.47745690117403616	0.0	-0.5989049419311386
0.0	-0.11338694168927305	0.0	0.0	-0.4578413785359899	0.0	0.0	0.0	0.0	0.0
0.0	0.0	0.0	0.0	0.0	-0.22879234373831703	-0.6034574930952006	0.0	0.0	-0.08874944531474536
-0.21993654401753804	0.0	0.3457110533971232	0.0	0.0	-0.30743964804712576	0.09303659416525044	-0.8616956630721345	0.0	0.0
0.0	0.0	0.0	-0.07980601938040596	0.0	0.0	0.24561020232972858	-1.1345814461543082	0.0	0.0
0.0	0.0	0.0	0.0	0.0	0.0	0.0	0.0	-1.9254350210832354	0.0
0.0	0.0	0.0	-0.07584691940869084	0.0	-0.4583215271538682	0.0	0.0	0.0	0.09816066116420097
-0.033693593829228874	0.0	0.0	0.0	0.0	0.0	0.05452027054171635	0.0	0.0	0.0
0.0	-0.6138195029612318	0.0	0.046673803463074544	-0.7465924409285226	0.0	0.0	0.0	0.0	0.0
0.0	0.0	-0.4392180749167047	0.0	0.0	0.0	-0.46106922827920366	0.0	0.0	0.0
0.0	-0.45124338117313756	0.0	0.2321937192714013	0.0	0.0	0.0	-0.5793661624001306	0.0	-0.7267362917907397
0.0	-0.14240675483688553	0.0	0.0	-1.3704041851445063	0.0	0.0	0.0	0.0	0.0
0.0	0.0	0.0	0.0	0.0	-0.2601809076278505	-0.6040034076655416	0.0	0.0	-0.08882973202236168
-0.22532315542448855	0.0	0.35417809152421736	0.0	0.0	-0.3149693558658839	0.07645436190149733	-0.8828000216440959	0.0	0.0
0.0	0.0	0.0	-0.07955397005893332	0.0	0.0	0.24483449787379166	-1.1387549281636193	0.0	0.0
0.0	0.0	0.0	0.0	0.0	0.0	0.0	0.0	0.15214257388659336	0.0
0.0	0.0	0.0	-0.10215639292520917	0.0	-0.6173022500983422	0.0	0.0	0.0	-0.7991121287655412
-2.186021016929663	0.0	0.0	0.0	0.0	0.0	0.09036039569725245	0.0	0.0	0.0
0.0	-0.1296864613772706	0.0	0.040775838828468615	-0.6522488158896028	0.0	0.0	0.0	0.0	0.0
0.0	0.0	-0.5103443327053877	0.0	0.0	0.0	-0.46920514453433815	0.0	0.0	0.0
0.0	-0.42715945893506124	0.0	0.3997267431932729	0.0	0.0	0.0	-0.5484440255117367	0.0	-0.687948663939949
0.0	-0.10821376724321079	0.0	0.0	-0.311442060790605	0.0	0.0	0.0	0.0	0.0
0.0	0.0	0.0	0.0	0.0	-0.30201819176830347	-0.608912065782035	0.0	0.0	-0.08955163984530388
-0.23926362586611932	0.0	0.37609066063707625	0.0	0.0	-0.3344561280407007	-0.1293695104759347	-0.9374177886659358	0.0	0.0
0.0	0.0	0.0	-0.08174635381898769	0.0	0.0	0.2515817560765179	-1.234215139052597	0.0	0.0
0.0	0.0	0.0	0.0	0.0	0.0	0.0	0.0	-2.0455339340084318	0.0
0.0	0.0	0.0	-0.09205406006576303	0.0	-0.5562567038842724	0.0	0.0	0.0	-0.4632915006657232
0.33172838277803934	0.0	0.0	0.0	0.0	0.0	0.048445121524496704	0.0	0.0	0.0
0.0	-0.4193445154717247	0.0	0.043694811740273315	-0.698940599064133	0.0	0.0	0.0	0.0	0.0
0.0	0.0	-0.4285814392711471	0.0	0.0	0.0	-0.4596610307398985	0.0	0.0	0.0
0.0	-0.4291432253035172	0.0	0.32633059317585583	0.0	0.0	0.0	-0.5509910481517203	0.0	-0.6911435584792172
0.0	-0.13900823659626127	0.0	0.0	-1.254318155530724	0.0	0.0	0.0	0.0	0.0
0.0	0.0	0.0	0.0	0.0	-0.014653854077585349	-0.5458962777916359	0.0	0.0	-0.08028401736284142
-0.22410815066318276	0.0	0.35226826531598143	0.0	0.0	-0.3132709540024735	0.11936619405165172	-0.8780397198120108	0.0	0.0
0.0	0.0	0.0	-0.0814069957263886	0.0	0.0	0.2505373510249616	-1.2352173950198455	0.0	0.0
0.0	0.0	0.0	0.0	0.0	0.0	0.0	0.0	0.5297464624145645	0.0
0.0	0.0	0.0	-0.10053583917831346	0.0	-0.6075097011866317	0.0	0.0	0.0	-0.6633327858939891
-1.7964361697748548	0.0	0.0	0.0	0.0	0.0	0.0838994549098441	0.0	0.0	0.0
0.0	-0.16672782156775856	0.0	0.04110423657069558	-0.6575018540774724	0.0	0.0	0.0	0.0	0.0
0.0	0.0	-0.5620606564386871	0.0	0.0	0.0	-0.4772253523924669	0.0	0.0	0.0
0.0	-0.41495123444715293	0.0	0.39384444901801197	0.0	0.0	0.0	-0.5327694860805092	0.0	-0.6682870796068435
0.0	-0.11256885465289722	0.0	0.0	-0.44440549063859236	0.0	0.0	0.0	0.0	0.0
0.0	0.0	0.0	0.0	0.0	-0.6836411123281635	-0.6988240950386321	0.0	0.0	-0.10277484581250082
-0.2398419263027272	0.0	0.3769996721613447	0.0	0.0	-0.33526450885567816	-0.16557931664948078	-0.9396835284519444	0.0	0.0
0.0	0.0	0.0	-0.08081875512485814	0.0	0.0	0.24872698766788465	-1.178696623319663	0.0	0.0
0.0	0.0	0.0	0.0	0.0	0.0	0.0	0.0	-1.5761538666100345	0.0
0.0	0.0	0.0	-0.10087463255103801	0.0	-0.6095569339178656	0.0	0.0	0.0	-0.8667936135102148
-0.2743845629660926	0.0	0.0	0.0	0.0	0.0	0.05833596288025989	0.0	0.0	0.0
0.0	-0.5966021229732867	0.0	0.04663168061937201	-0.7459186454722856	0.0	0.0	0.0	0.0	0.0
0.0	0.0	-0.05249115816602368	0.0	0.0	0.0	-0.40478284346102317	0.0	0.0	0.0
0.0	-0.41281157100451354	0.0	0.5012260282477616	0.0	0.0	0.0	-0.5300223020789023	0.0	-0.6648411097802249
0.0	-0.13712933950478262	0.0	0.0	-1.2108925342238819	0.0	0.0	0.0	0.0	0.0
0.0	0.0	0.0	0.0	0.0	0.3009219369774516	-0.4854083807214412	0.0	0.0	-0.07138816740711257
-0.20425153800978374	0.0	0.3210563059393813	0.0	0.0	-0.28551426612307185	0.22924880267801562	-0.8002429303645381	0.0	0.0
0.0	0.0	0.0	-0.08373014606601183	0.0	0.0	0.25768705513734746	-1.3827301101934268	0.0	0.0
0.0	0.0	0.0	0.0	0.0	0.0	0.0	0.0	-0.355129225632032	0.0
0.0	0.0	0.0	-0.06674270310632094	0.0	-0.4033073175884471	0.0	0.0	0.0	0.5377451079758516
-1.7231715084145767	0.0	0.0	0.0	0.0	0.0	0.08251432744339622	0.0	0.0	0.0
0.0	-0.09672822502510758	0.0	0.040168537890704924	-0.6425344524595498	0.0	0.0	0.0	0.0	0.0
0.0	0.0	-0.5410368297509089	0.0	0.0	0.0	-0.47829806384535806	0.0	0.0	0.0
0.0	-0.4530220893631995	0.0	0.2895159750048182	0.0	0.0	0.0	-0.5816499041259963	0.0	-0.7296009361227248
0.0	-0.11031759723351675	0.0	0.0	-0.372205425628597	0.0	0.0	0.0	0.0	0.0
0.0	0.0	0.0	0.0	0.0	-0.47407487358582606	-0.6570463886918243	0.0	0.0	-0.0966306711071971
-0.21992773260861073	0.0	0.3456972030318927	0.0	0.0	-0.30742733096507147	0.11911613295347377	-0.8616611406016094	0.0	0.0
0.0	0.0	0.0	-0.0724962618063143	0.0	0.0	0.22311376596198867	-0.7582067388115445	0.0	0.0
0.0	0.0	0.0	0.0	0.0	0.0	0.0	0.0	-2.029410612408634	0.0
0.0	0.0	0.0	-0.10798698143127922	0.0	-0.6525348508307275	0.0	0.0	0.0	-1.0608742899452588
-0.9284965265850254	0.0	0.0	0.0	0.0	0.0	0.06963773324532237	0.0	0.0	0.0
0.0	-0.3906632144348101	0.0	0.04319536187243779	-0.6909514173758705	0.0	0.0	0.0	0.0	0.0
0.0	0.0	-0.6677014747966753	0.0	0.0	0.0	-0.4901545112010695	0.0	0.0	0.0
0.0	-0.4475155844112723	0.0	0.335738566709463	0.0	0.0	0.0	-0.5745799219936462	0.0	-0.7207326021893005
0.0	-0.1402061052839937	0.0	0.0	-1.288219574358267	0.0	0.0	0.0	0.0	0.0
0.0	0.0	0.0	0.0	0.0	-0.24761565200138227	-0.5888644837454545	0.0	0.0	-0.08660327677747189
-0.2567084569394151	0.0	0.40351161950329834	0.0	0.0	-0.35884149223460177	-0.2626897291596553	-1.0057653902254398	0.0	0.0
0.0	0.0	0.0	-0.08802759229543836	0.0	0.0	0.2709128324171215	-1.5638708418569034	0.0	0.0
0.0	0.0	0.0	0.0	0.0	0.0	0.0	0.0	-0.4742314476810496	0.0
0.0	0.0	0.0	-0.08272986613253816	0.0	-0.49991323158149636	0.0	0.0	0.0	-0.13581997530884982
-1.5425523476049725	0.0	0.0	0.0	0.0	0.0	0.07959036684167117	0.0	0.0	0.0
0.0	0.23665637915682416	0.0	0.03532081741119275	-0.5649904942389276	0.0	0.0	0.0	0.0	0.0
0.0	0.0	-0.3865126517626949	0.0	0.0	0.0	-0.45204265015105943	0.0	0.0	0.0
0.0	-0.44401855377595795	0.0	0.3798850443577761	0.0	0.0	0.0	-0.5700899697782575	0.0	-0.7151005659485034
0.0	-0.10080186480262043	0.0	0.0	-0.06298486917528746	0.0	0.0	0.0	0.0	0.0
0.0	0.0	0.0	0.0	0.0	-0.14692221876708778	-0.5751844123022014	0.0	0.0	-0.08459137243234967
-0.2286076652006423	0.0	0.35934090491514126	0.0	0.0	-0.31956062801712554	0.05221884629032769	-0.8956684962401325	0.0	0.0
0.0	0.0	0.0	-0.07502333246444519	0.0	0.0	0.23089105319500455	-0.8833773563211419	0.0	0.0
0.0	0.0	0.0	0.0	0.0	0.0	0.0	0.0	-2.1316919457922183	0.0
0.0	0.0	0.0	-0.10222671475997272	0.0	-0.6177271850983707	0.0	0.0	0.0	-0.7619214360055611
-0.6749459673240692	0.0	0.0	0.0	0.0	0.0	0.06532576576015688	0.0	0.0	0.0
0.0	-0.8319276815340744	0.0	0.04988908071952811	-0.7980238974854489	0.0	0.0	0.0	0.0	0.0
0.0	0.0	-0.8230625062999976	0.0	0.0	0.0	-0.5173221971406777	0.0	0.0	0.0
0.0	-0.47159055726104815	0.0	0.162985868950704	0.0	0.0	0.0	-0.6054905684691679	0.0	-0.7595058168751814
0.0	-0.14829369854337252	0.0	0.0	-1.5626835756961959	0.0	0.0	0.0	0.0	0.0
0.0	0.0	0.0	0.0	0.0	-0.08713840406832986	-0.5552262075352826	0.0	0.0	-0.08165615392432013
-0.24448413630370497	0.0	0.3842966100881347	0.0	0.0	-0.341753650599888	-0.10970604198242928	-0.957871375509292	0.0	0.0
0.0	0.0	0.0	-0.08956840987021812	0.0	0.0	0.2756548370833482	-1.6714229856377971	0.0	0.0
0.0	0.0	0.0	0.0	0.0	0.0	0.0	0.0	0.4368045356633141	0.0
0.0	0.0	0.0	-0.0891899307556573	0.0	-0.538949578827544	0.0	0.0	0.0	-0.31416226392277413
-2.303912981340763	0.0	0.0	0.0	0.0	0.0	0.09234752835320417	0.0	0.0	0.0
0.0	0.1574207274452033	0.0	0.036334577374894206	-0.5812065612756385	0.0	0.0	0.0	0.0	0.0
0.0	0.0	-0.26141912191634487	0.0	0.0	0.0	-0.42919802284940245	0.0	0.0	0.0
0.0	-0.38280907715379253	0.0	0.5770374502154723	0.0	0.0	0.0	-0.49150111717080447	0.0	-0.6165215065788175
0.0	-0.10360813812146093	0.0	0.0	-0.15229384443537167	0.0	0.0	0.0	0.0	0.0
0.0	0.0	0.0	0.0	0.0	-0.3416681256402959	-0.6148355403818864	0.0	0.0	-0.09042279496573565
-0.2428546803780684	0.0	0.38173532166272833	0.0	0.0	-0.33947590563247565	-0.07909241387143949	-0.9514872836315172	0.0	0.0
0.0	0.0	0.0	-0.06776148958633677	0.0	0.0	0.20854207861356072	-0.44726891699929316	0.0	0.0
0.0	0.0	0.0	0.0	0.0	0.0	0.0	0.0	-1.9705380808636461	0.0
0.0	0.0	0.0	-0.1031827324328718	0.0	-0.6235041300718139	0.0	0.0	0.0	-0.8242908023579698
0.5131325235598376	0.0	0.0	0.0	0.0	0.0	0.04550937837273591	0.0	0.0	0.0
0.0	-0.4399707000418601	0.0	0.043342881606803454	-0.6933111376127765	0.0	0.0	0.0	0.0	0.0
0.0	0.0	-0.5191307710203705	0.0	0.0	0.0	-0.47198293758534354	0.0	0.0	0.0
0.0	-0.4390498338649033	0.0	0.23743840108511016	0.0	0.0	0.0	-0.5637104674807949	0.0	-0.7070983453425878
0.0	-0.15132018008474038	0.0	0.0	-1.624412483810422	0.0	0.0	0.0	0.0	0.0
0.0	0.0	0.0	0.0	0.0	-0.13705795875675686	-0.571278220987156	0.0	0.0	-0.08401689566062968
-0.2329347101910511	0.0	0.3661424452794914	0.0	0.0	-0.3256092144167976	-0.12193843955875383	-0.9126215493073658	0.0	0.0
0.0	0.0	0.0	-0.09881612425547363	0.0	0.0	0.3041155098356569	-2.1840026900164817	0.0	0.0
0.0	0.0	0.0	0.0	0.0	0.0	0.0	0.0	0.03518908903491802	0.0
0.0	0.0	0.0	-0.09873936969213906	0.0	-0.5966541431124506	0.0	0.0	0.0	-0.6398925728772231
-1.8057432326947316	0.0	0.0	0.0	0.0	0.0	0.08356176024781034	0.0	0.0	0.0
0.0	0.07113150506787404	0.0	0.03788993958982622	-0.6060860779726819	0.0	0.0	0.0	0.0	0.0
0.0	0.0	-0.40440803216176	0.0	0.0	0.0	-0.4651450647678429	0.0	0.0	0.0
0.0	-0.3863333724528636	0.0	0.6919652275851149	0.0	0.0	0.0	-0.4960260753813365	0.0	-0.6221974530938973
0.0	-0.10082815056089027	0.0	0.0	-0.075410204892429	0.0	0.0	0.0	0.0	0.0
0.0	0.0	0.0	0.0	0.0	-0.1800940028655087	-0.6076516565393502	0.0	0.0	-0.08936627364729033
-0.18190611274036889	0.0	0.2859322634888456	0.0	0.0	-0.25427857625179495	0.7125488557861579	-0.7126951509349321	0.0	0.0
0.0	0.0	0.0	-0.046707418199354436	0.0	0.0	0.14374628033457912	0.6321832294643381	0.0	0.0
0.0	0.0	0.0	0.0	0.0	0.0	0.0	0.0	-2.110717754101316	0.0
0.0	0.0	0.0	-0.09212800855077229	0.0	-0.5567035537081595	0.0	0.0	0.0	-0.4505597831886985
-0.3484177609280153	0.0	0.0	0.0	0.0	0.0	0.06022128239084626	0.0	0.0	0.0
0.0	-0.4900222054824463	0.0	0.04472918929160221	-0.7154864642730668	0.0	0.0	0.0	0.0	0.0
0.0	0.0	-0.8165896311102951	0.0	0.0	0.0	-0.5081420118570695	0.0	0.0	0.0
0.0	-0.502620421456041	0.0	0.050789678940305165	0.0	0.0	0.0	-0.6453308278248	0.0	-0.8094800201116092
0.0	-0.143038566999381	0.0	0.0	-1.380673779754087	0.0	0.0	0.0	0.0	0.0
0.0	0.0	0.0	0.0	0.0	-0.6775532540889717	-0.676659353603705	0.0	0.0	-0.0995151157894216
-0.28154531941894567	0.0	0.44255187054131284	0.0	0.0	-0.39355985290272644	-0.5213823570612383	-1.1030744426093124	0.0	0.0
0.0	0.0	0.0	-0.09034732938573746	0.0	0.0	0.27805203194772765	-1.677378864176561	0.0	0.0
0.0	0.0	0.0	0.0	0.0	0.0	0.0	0.0	0.6615003255622804	0.0
0.0	0.0	0.0	-0.10279913571340107	0.0	-0.6211861633613704	0.0	0.0	0.0	-0.9310075764923083
-2.0474758600696132	0.0	0.0	0.0	0.0	0.0	0.08766770921352908	0.0	0.0	0.0
0.0	-0.09005627821757756	0.0	0.04016350768019376	-0.6424539893975048	0.0	0.0	0.0	0.0	0.0
0.0	0.0	0.021237466270036975	0.0	0.0	0.0	-0.3956520243456596	0.0	0.0	0.0
0.0	-0.44938285725720034	0.0	0.3709424474517592	0.0	0.0	0.0	-0.5769773747830627	0.0	-0.7237398816319004
0.0	-0.10840916744296519	0.0	0.0	-0.3145686856743626	0.0	0.0	0.0	0.0	0.0
0.0	0.0	0.0	0.0	0.0	0.4424091576623443	-0.45389905949740966	0.0	0.0	-0.06675414626581609
-0.19296751661779651	0.0	0.3033193221225013	0.0	0.0	-0.2697408275578456	0.2943383767162868	-0.7560329408926965	0.0	0.0
0.0	0.0	0.0	-0.08232839677603809	0.0	0.0	0.2533730456252964	-1.33128587389545	0.0	0.0
0.0	0.0	0.0	0.0	0.0	0.0	0.0	0.0	-1.8184688467054193	0.0
0.0	0.0	0.0	-0.08510471588705851	0.0	-0.5142637783767832	0.0	0.0	0.0	-0.04115942426589814
0.45577822864918915	0.0	0.0	0.0	0.0	0.0	0.046220703376493144	0.0	0.0	0.0
0.0	-0.6108074044657369	0.0	0.047063768198359016	-0.7528303024694707	0.0	0.0	0.0	0.0	0.0
0.0	0.0	-0.7125924113264016	0.0	0.0	0.0	-0.5086970397861398	0.0	0.0	0.0
0.0	-0.47763757398034346	0.0	0.11134993383019309	0.0	0.0	0.0	-0.6132545313698964	0.0	-0.7692446555824711
0.0	-0.13549287138796617	0.0	0.0	-1.16344516513294	0.0	0.0	0.0	0.0	0.0
0.0	0.0	0.0	0.0	0.0	-0.2850331310125753	-0.6173969505146576	0.0	0.0	-0.09079949710483916
-0.2046153575738141	0.0	0.32162818200158483	0.0	0.0	-0.28602283353381197	0.409749337437279	-0.8016683494183209	0.0	0.0
0.0	0.0	0.0	-0.06979765967153537	0.0	0.0	0.21480857518219115	-0.6368145746613936	0.0	0.0
0.0	0.0	0.0	0.0	0.0	0.0	0.0	0.0	-0.106575203589506	0.0
0.0	0.0	0.0	-0.11842994137168163	0.0	-0.7156387103573343	0.0	0.0	0.0	-1.3633929399969775
-1.9552897192682646	0.0	0.0	0.0	0.0	0.0	0.08671655605033117	0.0	0.0	0.0
0.0	-0.2601647347877658	0.0	0.04224834953926302	-0.6758030429783624	0.0	0.0	0.0	0.0	0.0
0.0	0.0	-0.550292539070944	0.0	0.0	0.0	-0.47068910020562954	0.0	0.0	0.0
0.0	-0.3997074272021245	0.0	0.59071777391789	0.0	0.0	0.0	-0.5131974624843764	0.0	-0.6437366298667859
0.0	-0.11847395724391685	0.0	0.0	-0.6278558152274959	0.0	0.0	0.0	0.0	0.0
0.0	0.0	0.0	0.0	0.0	-0.33496069891332625	-0.6107640701438778	0.0	0.0	-0.08982401090990198
-0.2611067874244427	0.0	0.4104252112029402	0.0	0.0	-0.36498972550048414	-0.33774671529466205	-1.0229977347666181	0.0	0.0
0.0	0.0	0.0	-0.08456206248824052	0.0	0.0	0.26024735274862243	-1.3529555620936864	0.0	0.0
0.0	0.0	0.0	0.0	0.0	0.0	0.0	0.0	-2.0118152778270395	0.0
0.0	0.0	0.0	-0.06419699263900262	0.0	-0.3879243077289956	0.0	0.0	0.0	0.464843688917478
-0.28402419762815345	0.0	0.0	0.0	0.0	0.0	0.05854055152778809	0.0	0.0	0.0
0.0	-0.5818122627432264	0.0	0.04630003890707319	-0.7406137168586409	0.0	0.0	0.0	0.0	0.0
0.0	0.0	-0.4049795250330787	0.0	0.0	0.0	-0.45915883198799173	0.0	0.0	0.0
0.0	-0.4697351227715861	0.0	0.17307264980568604	0.0	0.0	0.0	-0.6031083153335102	0.0	-0.7565176033372304
0.0	-0.14046006669891073	0.0	0.0	-1.3099429988161397	0.0	0.0	0.0	0.0	0.0
0.0	0.0	0.0	0.0	0.0	0.011110773649318562	-0.5473152455111522	0.0	0.0	-0.08049270248062941
-0.2095019230506742	0.0	0.3293092143013586	0.0	0.0	-0.29285354907986205	0.17357473018656566	-0.8208135637688411	0.0	0.0
0.0	0.0	0.0	-0.08669965254241291	0.0	0.0	0.2668259783933967	-1.557114336998791	0.0	0.0
0.0	0.0	0.0	0.0	0.0	0.0	0.0	0.0	0.20573422707680766	0.0
0.0	0.0	0.0	-0.0977129452813737	0.0	-0.5904517500934919	0.0	0.0	0.0	-0.5852662542142653
-1.9943655326065488	0.0	0.0	0.0	0.0	0.0	0.08696768407439663	0.0	0.0	0.0
0.0	0.09863985060283054	0.0	0.03680887498244193	-0.5887934083348408	0.0	0.0	0.0	0.0	0.0
0.0	0.0	-0.5571104133687498	0.0	0.0	0.0	-0.4820638839900843	0.0	0.0	0.0
0.0	-0.4101367676985867	0.0	0.4773156066994524	0.0	0.0	0.0	-0.5265880344725805	0.0	-0.6605332867363385
0.0	-0.11273138359248143	0.0	0.0	-0.42986471050462544	0.0	0.0	0.0	0.0	0.0
0.0	0.0	0.0	0.0	0.0	-0.24444219360360986	-0.605101416586729	0.0	0.0	-0.08899121428717906
-0.21432552008331865	0.0	0.336891268565091	0.0	0.0	-0.29959624379965855	0.23356927087750287	-0.8397120722545698	0.0	0.0
0.0	0.0	0.0	-0.06887159509446122	0.0	0.0	0.21195852815677316	-0.5526424348436467	0.0	0.0
0.0	0.0	0.0	0.0	0.0	0.0	0.0	0.0	-1.6727712053300157	0.0
0.0	0.0	0.0	-0.10515743191540776	0.0	-0.6354366817108477	0.0	0.0	0.0	-0.8861419329198654
-0.3102583176335496	0.0	0.0	0.0	0.0	0.0	0.059222488167635534	0.0	0.0	0.0
0.0	-0.37907882356471	0.0	0.04336660467385279	-0.6936906109194395	0.0	0.0	0.0	0.0	0.0
0.0	0.0	-0.3918155801626715	0.0	0.0	0.0	-0.450694796058716	0.0	0.0	0.0
0.0	-0.4635658433710942	0.0	0.17602410694513182	0.0	0.0	0.0	-0.5951873753703694	0.0	-0.746581858190391
0.0	-0.1343982862652937	0.0	0.0	-1.1136614816890795	0.0	0.0	0.0	0.0	0.0
0.0	0.0	0.0	0.0	0.0	-0.3034182543186674	-0.6079281310879989	0.0	0.0	-0.0894069342789288
-0.23852324962748586	0.0	0.37492688746553926	0.0	0.0	-0.3334211885710245	-0.17995970954917814	-0.934517047469324	0.0	0.0
0.0	0.0	0.0	-0.09192055987328122	0.0	0.0	0.28289379026817574	-1.8056728485996365	0.0	0.0
0.0	0.0	0.0	0.0	0.0	0.0	0.0	0.0	-0.20702383869039975	0.0
0.0	0.0	0.0	-0.10220418553270216	0.0	-0.6175910473365638	0.0	0.0	0.0	-0.8098389211412552
-2.0736833626075812	0.0	0.0	0.0	0.0	0.0	0.08824186179649914	0.0	0.0	0.0
0.0	-0.17918007745242573	0.0	0.04102646073654892	-0.6562577546993973	0.0	0.0	0.0	0.0	0.0
0.0	0.0	-0.4068940904314169	0.0	0.0	0.0	-0.4594932861187259	0.0	0.0	0.0
0.0	-0.4078693386746073	0.0	0.5395181256633685	0.0	0.0	0.0	-0.5236768080547606	0.0	-0.6568815479418513
0.0	-0.11724816506337865	0.0	0.0	-0.5853179880193373	0.0	0.0	0.0	0.0	0.0
0.0	0.0	0.0	0.0	0.0	-0.11602367559026971	-0.5805006186859603	0.0	0.0	-0.0853732176710546
-0.20935283306749652	0.0	0.32907486463761554	0.0	0.0	-0.2926451427317481	0.22825126929327452	-0.8202294398685335	0.0	0.0
0.0	0.0	0.0	-0.07276035194469531	0.0	0.0	0.22392652711490202	-0.7718987304111713	0.0	0.0
0.0	0.0	0.0	0.0	0.0	0.0	0.0	0.0	-1.5455109707989192	0.0
0.0	0.0	0.0	-0.08215692468927557	0.0	-0.4964511081453301	0.0	0.0	0.0	-0.09293424936374328
-0.17178242309355074	0.0	0.0	0.0	0.0	0.0	0.05696099479644413	0.0	0.0	0.0
0.0	-0.522713578222881	0.0	0.04523223065697939	-0.72353309542371	0.0	0.0	0.0	0.0	0.0
0.0	0.0	-0.49134144822647446	0.0	0.0	0.0	-0.4654215715658329	0.0	0.0	0.0
0.0	-0.44395348251604966	0.0	0.2098742130329191	0.0	0.0	0.0	-0.5700064226555549	0.0	-0.714995767411614
0.0	-0.14171348120293262	0.0	0.0	-1.3429480390264752	0.0	0.0	0.0	0.0	0.0
0.0	0.0	0.0	0.0	0.0	-0.0466694791358111	-0.5440069713235377	0.0	0.0	-0.08000616034226944
-0.24285057045052622	0.0	0.38172886140217294	0.0	0.0	-0.33947016054503365	-0.1582094595372658	-0.9514711812290974	0.0	0.0
0.0	0.0	0.0	-0.092516546964182	0.0	0.0	0.2847279941430026	-1.8268672216534556	0.0	0.0
0.0	0.0	0.0	0.0	0.0	0.0	0.0	0.0	-0.5801717179877195	0.0
0.0	0.0	0.0	-0.10305701098492634	0.0	-0.6227444308451665	0.0	0.0	0.0	-0.749207255401822
-2.2958380751197343	0.0	0.0	0.0	0.0	0.0	0.09187260656808778	0.0	0.0	0.0
0.0	-0.1235282856319966	0.0	0.040276161757724145	-0.6442559998719781	0.0	0.0	0.0	0.0	0.0
0.0	0.0	-0.2802343117432686	0.0	0.0	0.0	-0.44099842031299596	0.0	0.0	0.0
0.0	-0.3909895896163091	0.0	0.5182151752877662	0.0	0.0	0.0	-0.502004345161768	0.0	-0.6296963819121716
0.0	-0.11416742927710326	0.0	0.0	-0.48891603963208224	0.0	0.0	0.0	0.0	0.0
0.0	0.0	0.0	0.0	0.0	-0.21965602302053314	-0.6050152710271217	0.0	0.0	-0.0889785450093609
-0.2027244504798286	0.0	0.3186559270438744	0.0	0.0	-0.28337961744591	0.30460910919150924	-0.7942599105459263	0.0	0.0
0.0	0.0	0.0	-0.06611737618900143	0.0	0.0	0.20348217176307953	-0.4098643567523652	0.0	0.0
0.0	0.0	0.0	0.0	0.0	0.0	0.0	0.0	-1.9148532081845828	0.0
0.0	0.0	0.0	-0.10397141460336708	0.0	-0.6282699138325583	0.0	0.0	0.0	-0.8404451393941678
0.6001371232893223	0.0	0.0	0.0	0.0	0.0	0.043829572039717525	0.0	0.0	0.0
0.0	-0.37219002763991177	0.0	0.04239299012165016	-0.6781167084062758	0.0	0.0	0.0	0.0	0.0
0.0	0.0	-0.5020373880031861	0.0	0.0	0.0	-0.47540216690023646	0.0	0.0	0.0
0.0	-0.4111975442206185	0.0	0.39229091522617976	0.0	0.0	0.0	-0.5279500002063183	0.0	-0.6622416880740731
0.0	-0.14798427000682932	0.0	0.0	-1.519403366123621	0.0	0.0	0.0	0.0	0.0
0.0	0.0	0.0	0.0	0.0	-0.3507889329726106	-0.6373673403877728	0.0	0.0	-0.09373650765527171
-0.20517583922596283	0.0	0.32250918476190216	0.0	0.0	-0.2868063062515598	0.14615416653979516	-0.8038642764801263	0.0	0.0
0.0	0.0	0.0	-0.09190515483903901	0.0	0.0	0.2828463798897794	-1.8303497907339787	0.0	0.0
0.0	0.0	0.0	0.0	0.0	0.0	0.0	0.0	0.15040773593315346	0.0
0.0	0.0	0.0	-0.09156880251183105	0.0	-0.5533244294436632	0.0	0.0	0.0	-0.47859121629436324
-1.6310750159479503	0.0	0.0	0.0	0.0	0.0	0.08095041820436058	0.0	0.0	0.0
0.0	-0.11259901846134435	0.0	0.04022509815179447	-0.6434391883124956	0.0	0.0	0.0	0.0	0.0
0.0	0.0	-0.42117058859117606	0.0	0.0	0.0	-0.46033165248413643	0.0	0.0	0.0
0.0	-0.38434000800683266	0.0	0.5864545758550392	0.0	0.0	0.0	-0.49346672945506637	0.0	-0.6189871006629544
0.0	-0.11177264304109459	0.0	0.0	-0.41638817067868694	0.0	0.0	0.0	0.0	0.0
0.0	0.0	0.0	0.0	0.0	-0.40827180455589746	-0.6454931902101928	0.0	0.0	-0.09493156227420065
-0.21576006295128494	0.0	0.33914617953608645	0.0	0.0	-0.30160152835301096	0.2134817422581492	-0.8453325087006345	0.0	0.0
0.0	0.0	0.0	-0.06546104913618196	0.0	0.0	0.2014622662285223	-0.35534591921933845	0.0	0.0
0.0	0.0	0.0	0.0	0.0	0.0	0.0	0.0	-1.4538183967830123	0.0
0.0	0.0	0.0	-0.09462695424907916	0.0	-0.5718039772672391	0.0	0.0	0.0	-0.5812924499591599
-1.316043774394556	0.0	0.0	0.0	0.0	0.0	0.07626165315982517	0.0	0.0	0.0
0.0	-0.6856017252706914	0.0	0.04853906415837767	-0.7764290823022245	0.0	0.0	0.0	0.0	0.0
0.0	0.0	-0.598260843692089	0.0	0.0	0.0	-0.47424101818791287	0.0	0.0	0.0
0.0	-0.44521770882360234	0.0	0.19957353276601553	0.0	0.0	0.0	-0.5716296042351005	0.0	-0.7170318286084487
0.0	-0.12979539927557499	0.0	0.0	-0.99812250299957	0.0	0.0	0.0	0.0	0.0
0.0	0.0	0.0	0.0	0.0	-0.17388812699729472	-0.5577981307948288	0.0	0.0	-0.08203440221071731
-0.2792964704107578	0.0	0.4390169784067446	0.0	0.0	-0.3904162855129738	-0.5242372160410605	-1.0942636128951517	0.0	0.0
0.0	0.0	0.0	-0.09393818512474711	0.0	0.0	0.2891032134430869	-1.8596218174195143	0.0	0.0
0.0	0.0	0.0	0.0	0.0	0.0	0.0	0.0	-0.5220488368084362	0.0
0.0	0.0	0.0	-0.09671925275212857	0.0	-0.5844471465964007	0.0	0.0	0.0	-0.5577605196001929
-1.2494023667414196	0.0	0.0	0.0	0.0	0.0	0.07435428229934961	0.0	0.0	0.0
0.0	0.15899554566460863	0.0	0.03518998508192274	-0.562897705119238	0.0	0.0	0.0	0.0	0.0
0.0	0.0	-0.02626674537149709	0.0	0.0	0.0	-0.4048979569591357	0.0	0.0	0.0
0.0	-0.3717899901212237	0.0	0.6269512257174045	0.0	0.0	0.0	-0.4773533502814262	0.0	-0.5987750513773042
0.0	-0.12293072077207762	0.0	0.0	-0.7304449435939127	0.0	0.0	0.0	0.0	0.0
0.0	0.0	0.0	0.0	0.0	0.13905973882144074	-0.5280703127573677	0.0	0.0	-0.07766238364863091
-0.18496536310502948	0.0	0.29074099898524414	0.0	0.0	-0.25855496815201634	0.476389426211896	-0.7246810752534921	0.0	0.0
0.0	0.0	0.0	-0.06905912368289757	0.0	0.0	0.2125356642538502	-0.5878441675347208	0.0	0.0
0.0	0.0	0.0	0.0	0.0	0.0	0.0	0.0	-1.691312738519834	0.0
0.0	0.0	0.0	-0.10077623987800595	0.0	-0.6089623747648192	0.0	0.0	0.0	-0.6292837023824756
-1.198581663471683	0.0	0.0	0.0	0.0	0.0	0.07398426742714505	0.0	0.0	0.0
0.0	-0.4711809408417894	0.0	0.04459249357334966	-0.7132998845991951	0.0	0.0	0.0	0.0	0.0
0.0	0.0	-0.8071255784824447	0.0	0.0	0.0	-0.5156451332193398	0.0	0.0	0.0
0.0	-0.46241191555134914	0.0	0.158932425457588	0.0	0.0	0.0	-0.5937058096333286	0.0	-0.744723434865631
0.0	-0.13890911800917474	0.0	0.0	-1.2553901304699706	0.0	0.0	0.0	0.0	0.0
0.0	0.0	0.0	0.0	0.0	-0.5607915251510638	-0.6680194755360778	0.0	0.0	-0.09824446392932781
-0.2406978868622112	0.0	0.3783451285428999	0.0	0.0	-0.3364610185777232	-0.17135967265491855	-0.9430371207581384	0.0	0.0
0.0	0.0	0.0	-0.08937179930063859	0.0	0.0	0.2750497503724772	-1.662505845198089	0.0	0.0
0.0	0.0	0.0	0.0	0.0	0.0	0.0	0.0	-0.09256036119202271	0.0
0.0	0.0	0.0	-0.10618963167127585	0.0	-0.6416739735102442	0.0	0.0	0.0	-1.0186752015872753
-1.5343083788725136	0.0	0.0	0.0	0.0	0.0	0.07932683920736425	0.0	0.0	0.0
0.0	-0.04070666286993485	0.0	0.038748149895511584	-0.6198139784095631	0.0	0.0	0.0	0.0	0.0
0.0	0.0	-0.0995647791125267	0.0	0.0	0.0	-0.4101201924008677	0.0	0.0	0.0
0.0	-0.36151448747579656	0.0	0.7534048223946934	0.0	0.0	0.0	-0.46416029575077294	0.0	-0.5822261533759429
0.0	-0.1166763846382442	0.0	0.0	-0.5577412640149846	0.0	0.0	0.0	0.0	0.0
0.0	0.0	0.0	0.0	0.0	0.025630162540619672	-0.546737031564807	0.0	0.0	-0.0804076655598876
-0.21369241680050519	0.0	0.33589611424097304	0.0	0.0	-0.29871125648972735	0.14091642861770204	-0.8372316188332704	0.0	0.0
0.0	0.0	0.0	-0.0763948259310462	0.0	0.0	0.2351119476894426	-0.951715280688666	0.0	0.0
0.0	0.0	0.0	0.0	0.0	0.0	0.0	0.0	-1.9880682203004576	0.0
0.0	0.0	0.0	-0.06779973893178767	0.0	-0.4096946867467619	0.0	0.0	0.0	0.44082350548119376
-1.089367261428077	0.0	0.0	0.0	0.0	0.0	0.07224101217831308	0.0	0.0	0.0
0.0	-0.48014216620477884	0.0	0.044865978642341806	-0.7176745416887524	0.0	0.0	0.0	0.0	0.0
0.0	0.0	-0.5429881107077699	0.0	0.0	0.0	-0.4722345401342578	0.0	0.0	0.0
0.0	-0.4565929507925136	0.0	0.1874736991029453	0.0	0.0	0.0	-0.5862346501169199	0.0	-0.7353518783014039
0.0	-0.1364706178639087	0.0	0.0	-1.1830119790182057	0.0	0.0	0.0	0.0	0.0
0.0	0.0	0.0	0.0	0.0	-0.25923352791147414	-0.5916683904875406	0.0	0.0	-0.08701564247169513
-0.24886179374424405	0.0	0.3911777065059262	0.0	0.0	-0.3478729859236388	-0.20701560015599937	-0.975022724539434	0.0	0.0
0.0	0.0	0.0	-0.08646562821006414	0.0	0.0	0.26610574746264093	-1.4907174280866307	0.0	0.0
0.0	0.0	0.0	0.0	0.0	0.0	0.0	0.0	-0.3125556021813689	0.0
0.0	0.0	0.0	-0.10579105499338341	0.0	-0.6392654871389618	0.0	0.0	0.0	-0.9052219200344135
-1.3605523802092294	0.0	0.0	0.0	0.0	0.0	0.0763069463714951	0.0	0.0	0.0
0.0	-0.0004937971100440475	0.0	0.03826180175090875	-0.6120343714035184	0.0	0.0	0.0	0.0	0.0
0.0	0.0	-0.25907194854629956	0.0	0.0	0.0	-0.43877719636059126	0.0	0.0	0.0
0.0	-0.3798103124840767	0.0	0.6013757504603703	0.0	0.0	0.0	-0.4876509049546883	0.0	-0.6116919374217994
0.0	-0.1143780203413495	0.0	0.0	-0.48615353026558533	0.0	0.0	0.0	0.0	0.0
0.0	0.0	0.0	0.0	0.0	-0.02399359294346115	-0.5622793068902738	0.0	0.0	-0.08269344099535247
-0.19767078197100607	0.0	0.3107122309586728	0.0	0.0	-0.2763153159009365	0.3554104257620413	-0.7744599984571499	0.0	0.0
0.0	0.0	0.0	-0.07134180317172227	0.0	0.0	0.2195608156829892	-0.6998450715721438	0.0	0.0
0.0	0.0	0.0	0.0	0.0	0.0	0.0	0.0	-1.905470232687469	0.0
0.0	0.0	0.0	-0.09318682284889303	0.0	-0.5631016696747713	0.0	0.0	0.0	-0.4249774315070751
-0.6623715004329032	0.0	0.0	0.0	0.0	0.0	0.06518022444485408	0.0	0.0	0.0
0.0	-0.5149204001073084	0.0	0.04563437610120132	-0.7299657991361355	0.0	0.0	0.0	0.0	0.0
0.0	0.0	-0.5515610581055646	0.0	0.0	0.0	-0.47291210348755336	0.0	0.0	0.0
0.0	-0.4744637420715001	0.0	0.15159960101348802	0.0	0.0	0.0	-0.6091795445892612	0.0	-0.7641331372124877
0.0	-0.13335498166752746	0.0	0.0	-1.092432366009052	0.0	0.0	0.0	0.0	0.0
0.0	0.0	0.0	0.0	0.0	-0.6275494576504811	-0.6796355850345737	0.0	0.0	-0.09995282497629922
-0.2519184726804664	0.0	0.39598240005814445	0.0	0.0	-0.3521457833368343	-0.29063225448943386	-0.9869985741851244	0.0	0.0
0.0	0.0	0.0	-0.08764488136555448	0.0	0.0	0.26973500510970344	-1.5572699998636392	0.0	0.0
0.0	0.0	0.0	0.0	0.0	0.0	0.0	0.0	0.0300066892849673	0.0
0.0	0.0	0.0	-0.09975187523674452	0.0	-0.6027724283516288	0.0	0.0	0.0	-0.8247009917327598
-1.8175258616806453	0.0	0.0	0.0	0.0	0.0	0.08364447984425083	0.0	0.0	0.0
0.0	-0.32982646237453556	0.0	0.04331337502281322	-0.6928391513821672	0.0	0.0	0.0	0.0	0.0
0.0	0.0	-0.5731502874793014	0.0	0.0	0.0	-0.4946538640163976	0.0	0.0	0.0
0.0	-0.3877462738488579	0.0	0.5279550632181759	0.0	0.0	0.0	-0.4978401457783778	0.0	-0.6244729584287819
0.0	-0.11913595241938967	0.0	0.0	-0.6526628586986984	0.0	0.0	0.0	0.0	0.0
0.0	0.0	0.0	0.0	0.0	0.13096127931102575	-0.540978362813764	0.0	0.0	-0.07956074814937529
-0.16862362516845236	0.0	0.26505395610826177	0.0	0.0	-0.23571156947017194	0.5479666654244115	-0.6606553137780049	0.0	0.0
0.0	0.0	0.0	-0.08402017153372537	0.0	0.0	0.25857963459888356	-1.435584555723532	0.0	0.0
0.0	0.0	0.0	0.0	0.0	0.0	0.0	0.0	-2.1346492654143847	0.0
0.0	0.0	0.0	-0.08282100327923012	0.0	-0.50046394763665	0.0	0.0	0.0	-0.057315074663102594
-0.6875099088975174	0.0	0.0	0.0	0.0	0.0	0.06532815540921036	0.0	0.0	0.0
0.0	-0.4039785240608541	0.0	0.04322319251551337	-0.6913965953173435	0.0	0.0	0.0	0.0	0.0
0.0	0.0	-0.4469516400325584	0.0	0.0	0.0	-0.46341147493454116	0.0	0.0	0.0
0.0	-0.40840648832216625	0.0	0.4096417463219959	0.0	0.0	0.0	-0.5243664720873538	0.0	-0.6577466379560003
0.0	-0.14232236436722137	0.0	0.0	-1.352233743802999	0.0	0.0	0.0	0.0	0.0
0.0	0.0	0.0	0.0	0.0	-0.5023983717914068	-0.663649186751206	0.0	0.0	-0.0976017331488494
-0.2202189821675191	0.0	0.34615500867879606	0.0	0.0	-0.30783445594870995	0.17212018935992288	-0.8628022355610853	0.0	0.0
0.0	0.0	0.0	-0.06799443204810159	0.0	0.0	0.2092589799902918	-0.4964932413605656	0.0	0.0
0.0	0.0	0.0	0.0	0.0	0.0	0.0	0.0	0.2379445758958174	0.0
0.0	0.0	0.0	-0.10833366855432831	0.0	-0.6546297832672615	0.0	0.0	0.0	-1.0660331960253377
-2.1049678348993703	0.0	0.0	0.0	0.0	0.0	0.08908284316922244	0.0	0.0	0.0
0.0	0.03685052203983763	0.0	0.03711097328284933	-0.5936257616201254	0.0	0.0	0.0	0.0	0.0
0.0	0.0	-0.44500761107123044	0.0	0.0	0.0	-0.4571578275928267	0.0	0.0	0.0
0.0	-0.4456515697466127	0.0	0.39908687511574614	0.0	0.0	0.0	-0.5721866524899168	0.0	-0.7177305701113641
0.0	-0.12597319986163913	0.0	0.0	-0.8309922890215952	0.0	0.0	0.0	0.0	0.0
0.0	0.0	0.0	0.0	0.0	-0.1778512219379056	-0.5774501480783161	0.0	0.0	-0.08492459025740073
-0.24722943738330563	0.0	0.3886118589812214	0.0	0.0	-0.3455911865649367	-0.2965262466436888	-0.9686272689634081	0.0	0.0
0.0	0.0	0.0	-0.09308251996344645	0.0	0.0	0.28646982695137635	-1.853003240825858	0.0	0.0
0.0	0.0	0.0	0.0	0.0	0.0	0.0	0.0	-1.8171324322120594	0.0
0.0	0.0	0.0	-0.07845616348208613	0.0	-0.47408845266328675	0.0	0.0	0.0	0.020858129753321908
-0.22449610242649934	0.0	0.0	0.0	0.0	0.0	0.05735668193477822	0.0	0.0	0.0
0.0	-0.20198842804056727	0.0	0.040394206472387166	-0.6461442387794566	0.0	0.0	0.0	0.0	0.0
0.0	0.0	-0.2051278583585956	0.0	0.0	0.0	-0.4327511815165327	0.0	0.0	0.0
0.0	-0.4880380764254304	0.0	0.22926096931592865	0.0	0.0	0.0	-0.6266080772390406	0.0	-0.7859948682062059
0.0	-0.1371905859820332	0.0	0.0	-1.184501135792833	0.0	0.0	0.0	0.0	0.0
0.0	0.0	0.0	0.0	0.0	-0.010137883456386778	-0.5627737948597054	0.0	0.0	-0.08276616448210011
-0.18644175815231873	0.0	0.29306169602678694	0.0	0.0	-0.26061875603112805	0.5244445047830435	-0.7304654855474398	0.0	0.0
0.0	0.0	0.0	-0.06696320647847603	0.0	0.0	0.2060852905522053	-0.507109801177072	0.0	0.0
0.0	0.0	0.0	0.0	0.0	0.0	0.0	0.0	-0.0926733234806245	0.0
0.0	0.0	0.0	-0.1032411619096231	0.0	-0.623857202908842	0.0	0.0	0.0	-0.7941055029788241
-1.8695622559209923	0.0	0.0	0.0	0.0	0.0	0.08522299420299943	0.0	0.0	0.0
0.0	-0.472738384502142	0.0	0.04522714398013186	-0.7234517291282287	0.0	0.0	0.0	0.0	0.0
0.0	0.0	-0.6221791500541041	0.0	0.0	0.0	-0.4838484747881506	0.0	0.0	0.0
0.0	-0.4756884745007101	0.0	0.14437324634458015	0.0	0.0	0.0	-0.6107520186843574	0.0	-0.7661055927457433
0.0	-0.1286021388264595	0.0	0.0	-0.9471040931608555	0.0	0.0	0.0	0.0	0.0
0.0	0.0	0.0	0.0	0.0	-0.587448125395652	-0.669826816325464	0.0	0.0	-0.09851026639990457
-0.2527768839833787	0.0	0.3973317086830637	0.0	0.0	-0.35334571884562355	-0.35216875698704014	-0.9903617683289436	0.0	0.0
0.0	0.0	0.0	-0.09118545311243581	0.0	0.0	0.2806314330967877	-1.7511582788802629	0.0	0.0
0.0	0.0	0.0	0.0	0.0	0.0	0.0	0.0	-1.8745121746418614	0.0
0.0	0.0	0.0	-0.09829063677259592	0.0	-0.5939425767288373	0.0	0.0	0.0	-0.7641419536615889
-0.8026073008303559	0.0	0.0	0.0	0.0	0.0	0.0668863940615725	0.0	0.0	0.0
0.0	-0.1499639212993975	0.0	0.03976098986749904	-0.6360153292927053	0.0	0.0	0.0	0.0	0.0
0.0	0.0	-0.27424131789432105	0.0	0.0	0.0	-0.4453261625116136	0.0	0.0	0.0
0.0	-0.38978116706110055	0.0	0.5693931637887184	0.0	0.0	0.0	-0.5004528118483067	0.0	-0.6277501937500196
0.0	-0.13065903442320434	0.0	0.0	-0.9844519200543872	0.0	0.0	0.0	0.0	0.0
0.0	0.0	0.0	0.0	0.0	0.16283060741197122	-0.5270342432930148	0.0	0.0	-0.07751001071214246
-0.1787817507658647	0.0	0.28102118118451686	0.0	0.0	-0.24991116768809216	0.569527162380846	-0.7004541239817985	0.0	0.0
0.0	0.0	0.0	-0.0712563975926849	0.0	0.0	0.21929797233219547	-0.721987574792232	0.0	0.0
0.0	0.0	0.0	0.0	0.0	0.0	0.0	0.0	0.3480926167967109	0.0
0.0	0.0	0.0	-0.09081543278169822	0.0	-0.5487720287935398	0.0	0.0	0.0	-0.3044565315050134
-1.619421812789274	0.0	0.0	0.0	0.0	0.0	0.08082773956677598	0.0	0.0	0.0
0.0	-0.4633065844961493	0.0	0.04499546558337542	-0.7197458100277714	0.0	0.0	0.0	0.0	0.0
0.0	0.0	-0.7544297120297775	0.0	0.0	0.0	-0.5110010465567928	0.0	0.0	0.0
0.0	-0.46492635304630653	0.0	0.17469755939879295	0.0	0.0	0.0	-0.5969341783204464	0.0	-0.7487729856341637
0.0	-0.12967996476931995	0.0	0.0	-0.9785938623720106	0.0	0.0	0.0	0.0	0.0
0.0	0.0	0.0	0.0	0.0	-0.48125255683964985	-0.6578661158115447	0.0	0.0	-0.09675122695084319
-0.2240858308602275	0.0	0.35223318154840766	0.0	0.0	-0.3132397541289113	-0.03292409839302301	-0.877952272418977	0.0	0.0
0.0	0.0	0.0	-0.08870265254604184	0.0	0.0	0.27299039105270717	-1.6473784884244522	0.0	0.0
0.0	0.0	0.0	0.0	0.0	0.0	0.0	0.0	-1.6188158181249055	0.0
0.0	0.0	0.0	-0.10117905071446016	0.0	-0.6113964469612527	0.0	0.0	0.0	-0.8407016980367148
-0.9037924398038086	0.0	0.0	0.0	0.0	0.0	0.06879593028668526	0.0	0.0	0.0
0.0	-0.3331466019027476	0.0	0.04365029086432992	-0.6982284447725043	0.0	0.0	0.0	0.0	0.0
0.0	0.0	-0.2443111056115015	0.0	0.0	0.0	-0.4346444021872252	0.0	0.0	0.0
0.0	-0.404612875726266	0.0	0.5155559012802015	0.0	0.0	0.0	-0.519495728575049	0.0	-0.6516369506664766
0.0	-0.11466222574477311	0.0	0.0	-0.5191300348683309	0.0	0.0	0.0	0.0	0.0
0.0	0.0	0.0	0.0	0.0	-0.13921222903393815	-0.5864173095252475	0.0	0.0	-0.08624337511560348
-0.20587889022995973	0.0	0.3236142876190439	0.0	0.0	-0.28778907041289326	0.3363619123497801	-0.8066187800746464	0.0	0.0
0.0	0.0	0.0	-0.06525158119812627	0.0	0.0	0.200817609809785	-0.3625751585164685	0.0	0.0
0.0	0.0	0.0	0.0	0.0	0.0	0.0	0.0	-0.301949233533437	0.0
0.0	0.0	0.0	-0.09030691244250992	0.0	-0.5456991839072534	0.0	0.0	0.0	-0.36904439670621025
-1.4865326104057173	0.0	0.0	0.0	0.0	0.0	0.07893346117839076	0.0	0.0	0.0
0.0	-0.37583516569758346	0.0	0.04296571322489042	-0.6872779660689942	0.0	0.0	0.0	0.0	0.0
0.0	0.0	-0.47619557857318673	0.0	0.0	0.0	-0.4590995472907853	0.0	0.0	0.0
0.0	-0.4639045703419221	0.0	0.19906692585320518	0.0	0.0	0.0	-0.5956222780268465	0.0	-0.7471273846024771
0.0	-0.14052895233623144	0.0	0.0	-1.2969263258432673	0.0	0.0	0.0	0.0	0.0
0.0	0.0	0.0	0.0	0.0	-0.43044293747843576	-0.6279458421538446	0.0	0.0	-0.09235090427498016
-0.2607257424932529	0.0	0.409826259150012	0.0	0.0	-0.36445707950452916	-0.39219227514822613	-1.0215048279552075	0.0	0.0
0.0	0.0	0.0	-0.08957290624337798	0.0	0.0	0.2756686750761477	-1.6488722886149432	0.0	0.0
0.0	0.0	0.0	0.0	0.0	0.0	0.0	0.0	-2.0335556611450096	0.0
0.0	0.0	0.0	-0.10002232133792568	0.0	-0.6044066578110782	0.0	0.0	0.0	-0.7635657921562174
-1.1291914852649185	0.0	0.0	0.0	0.0	0.0	0.07239998835360804	0.0	0.0	0.0
0.0	-0.22172673767060647	0.0	0.0423695206891394	-0.677741292228349	0.0	0.0	0.0	0.0	0.0
0.0	0.0	-0.16264764634681428	0.0	0.0	0.0	-0.4253257734005599	0.0	0.0	0.0
0.0	-0.4328822131307086	0.0	0.41068092527300915	0.0	0.0	0.0	-0.5557916571336603	0.0	-0.6971652715102639
0.0	-0.10645419850247041	0.0	0.0	-0.26553754093385895	0.0	0.0	0.0	0.0	0.0
0.0	0.0	0.0	0.0	0.0	0.37339707965464863	-0.4718533919661655	0.0	0.0	-0.06939465875564481
-0.1897705029075751	0.0	0.29829404093322537	0.0	0.0	-0.265271862319427	0.4128702258972779	-0.7435072696306243	0.0	0.0
0.0	0.0	0.0	-0.07816008567227972	0.0	0.0	0.24054469330907116	-1.101063938117258	0.0	0.0
0.0	0.0	0.0	0.0	0.0	0.0	0.0	0.0	0.017967431919137408	0.0
0.0	0.0	0.0	-0.08621078034685228	0.0	-0.520947413734625	0.0	0.0	0.0	-0.09539028730881016
-1.3706849666192347	0.0	0.0	0.0	0.0	0.0	0.07671336188464964	0.0	0.0	0.0
0.0	-0.5510140159062605	0.0	0.04555709669497153	-0.7287296406007323	0.0	0.0	0.0	0.0	0.0
0.0	0.0	-0.6443249667987787	0.0	0.0	0.0	-0.4932957599072982	0.0	0.0	0.0
0.0	-0.43730510804584544	0.0	0.25198215759734843	0.0	0.0	0.0	-0.5614703568345177	0.0	-0.7042884302838067
0.0	-0.14382198853489625	0.0	0.0	-1.4080730273646929	0.0	0.0	0.0	0.0	0.0
0.0	0.0	0.0	0.0	0.0	-0.576782197149251	-0.6792376439436665	0.0	0.0	-0.099894300471276
-0.22571652441682857	0.0	0.3547964153654103	0.0	0.0	-0.31551922912636404	-0.018967515529551227	-0.8843412132464311	0.0	0.0
0.0	0.0	0.0	-0.08301486414586441	0.0	0.0	0.2554857106962371	-1.3241124179007135	0.0	0.0
0.0	0.0	0.0	0.0	0.0	0.0	0.0	0.0	-1.8718442633962353	0.0
0.0	0.0	0.0	-0.10585740135701728	0.0	-0.6396663994889801	0.0	0.0	0.0	-1.0137994794704834
-1.3369891456568483	0.0	0.0	0.0	0.0	0.0	0.07615655458457408	0.0	0.0	0.0
0.0	0.25067309607211397	0.0	0.03517811149772198	-0.5627077757037354	0.0	0.0	0.0	0.0	0.0
0.0	0.0	-0.7431779494972665	0.0	0.0	0.0	-0.508806242250329	0.0	0.0	0.0
0.0	-0.38307704364690204	0.0	0.6645643227723977	0.0	0.0	0.0	-0.4918451681314214	0.0	-0.616953071857449
0.0	-0.09752647080097179	0.0	0.0	0.036542756016777485	0.0	0.0	0.0	0.0	0.0
0.0	0.0	0.0	0.0	0.0	0.01020506228428908	-0.5424596286194302	0.0	0.0	-0.07977859533848268
-0.2260031390460897	0.0	0.3552469355181367	0.0	0.0	-0.31591987514514563	0.15153537373128068	-0.8854641488827555	0.0	0.0
0.0	0.0	0.0	-0.07671364141735316	0.0	0.0	0.23609313102255008	-0.9605108959784538	0.0	0.0
0.0	0.0	0.0	0.0	0.0	0.0	0.0	0.0	-0.3921457242013786	0.0
0.0	0.0	0.0	-0.07965672452375853	0.0	-0.481343104194957	0.0	0.0	0.0	0.04698965821923906
-1.0764761756663894	0.0	0.0	0.0	0.0	0.0	0.07211278417901004	0.0	0.0	0.0
0.0	-0.708249588218381	0.0	0.04812543927208066	-0.7698127538572204	0.0	0.0	0.0	0.0	0.0
0.0	0.0	-0.29524230272884755	0.0	0.0	0.0	-0.43098201631994176	0.0	0.0	0.0
0.0	-0.4673241534706472	0.0	0.11252598093304322	0.0	0.0	0.0	-0.6000127928509021	0.0	-0.7526346901190233
0.0	-0.14412584389863228	0.0	0.0	-1.4288744372868274	0.0	0.0	0.0	0.0	0.0
0.0	0.0	0.0	0.0	0.0	-0.41127537257841484	-0.6228695766907822	0.0	0.0	-0.091604346730709
-0.25895278676898015	0.0	0.4070394080889353	0.0	0.0	-0.3619787424627772	-0.36392809775558377	-1.0145585141206912	0.0	0.0
0.0	0.0	0.0	-0.0866831456881899	0.0	0.0	0.26677517706491277	-1.49335059122583	0.0	0.0
0.0	0.0	0.0	0.0	0.0	0.0	0.0	0.0	-1.801201347267702	0.0
0.0	0.0	0.0	-0.10810385625497697	0.0	-0.6532410924038935	0.0	0.0	0.0	-1.0254696221358168
-1.5418037924509163	0.0	0.0	0.0	0.0	0.0	0.07929160790223268	0.0	0.0	0.0
0.0	0.08362548940813275	0.0	0.03795326956805635	-0.6070991019716407	0.0	0.0	0.0	0.0	0.0
0.0	0.0	-0.18417307002798156	0.0	0.0	0.0	-0.4275872484487595	0.0	0.0	0.0
0.0	-0.4259108948473931	0.0	0.49027001608132526	0.0	0.0	0.0	-0.5468409531694848	0.0	-0.6859378270545947
0.0	-0.09735774321947419	0.0	0.0	0.029071882052721824	0.0	0.0	0.0	0.0	0.0
0.0	0.0	0.0	0.0	0.0	0.18135085959822986	-0.5160144998081162	0.0	0.0	-0.07588935617891383
-0.19490113530228834	0.0	0.30635871403106346	0.0	0.0	-0.27244374830470486	0.32954630505417615	-0.7636087207245784	0.0	0.0
0.0	0.0	0.0	-0.07792152286086965	0.0	0.0	0.23981049480081726	-1.0793322014083164	0.0	0.0
0.0	0.0	0.0	0.0	0.0	0.0	0.0	0.0	-0.10196958964710756	0.0
0.0	0.0	0.0	-0.08292771005562705	0.0	-0.5011087465697799	0.0	0.0	0.0	-0.04136247827605332
-0.7865426070820931	0.0	0.0	0.0	0.0	0.0	0.06703196525127789	0.0	0.0	0.0
0.0	-0.756437125302083	0.0	0.048619325836179755	-0.7777129451438435	0.0	0.0	0.0	0.0	0.0
0.0	0.0	-0.61674851698389	0.0	0.0	0.0	-0.48860176193534605	0.0	0.0	0.0
0.0	-0.4742049064328158	0.0	0.14795450560874035	0.0	0.0	0.0	-0.6088472170318199	0.0	-0.7637162773535096
0.0	-0.1492982842152501	0.0	0.0	-1.5872623525509668	0.0	0.0	0.0	0.0	0.0
0.0	0.0	0.0	0.0	0.0	-0.5502674757771628	-0.6715482351674784	0.0	0.0	-0.09876343247892619
-0.2273039060442324	0.0	0.35729156857882655	0.0	0.0	-0.3177381602777356	0.10422883452483821	-0.8905604610303064	0.0	0.0
0.0	0.0	0.0	-0.07072432169950474	0.0	0.0	0.21766046091647337	-0.6581764963717478	0.0	0.0
0.0	0.0	0.0	0.0	0.0	0.0	0.0	0.0	-1.9088971954412666	0.0
0.0	0.0	0.0	-0.10914820100553473	0.0	-0.6595517729784287	0.0	0.0	0.0	-1.1249937041448501
-1.5596219666398934	0.0	0.0	0.0	0.0	0.0	0.08010685487252071	0.0	0.0	0.0
0.0	0.3222105544170717	0.0	0.03414334090867755	-0.5461556234779817	0.0	0.0	0.0	0.0	0.0
0.0	0.0	-0.40346103326600463	0.0	0.0	0.0	-0.4486685625387637	0.0	0.0	0.0
0.0	-0.4462956051952967	0.0	0.4341647576866583	0.0	0.0	0.0	-0.5730135507047639	0.0	-0.7187678017989325
0.0	-0.09732779848854858	0.0	0.0	0.04722547358703833	0.0	0.0	0.0	0.0	0.0
0.0	0.0	0.0	0.0	0.0	-0.07144791268462902	-0.5477814629491004	0.0	0.0	-0.08056126826941716
-0.2560577743028649	0.0	0.4024888327685434	0.0	0.0	-0.3579319315171458	-0.3378206777316534	-1.003216062152398	0.0	0.0
0.0	0.0	0.0	-0.09238794672399808	0.0	0.0	0.2843322153376387	-1.803944641526871	0.0	0.0
0.0	0.0	0.0	0.0	0.0	0.0	0.0	0.0	0.1757800526672324	0.0
0.0	0.0	0.0	-0.07723809107546413	0.0	-0.46672798489558703	0.0	0.0	0.0	0.09914593981068219
-1.1872943968500724	0.0	0.0	0.0	0.0	0.0	0.07331585584692532	0.0	0.0	0.0
0.0	-0.6618477859817602	0.0	0.047272895656047406	-0.7561754975792774	0.0	0.0	0.0	0.0	0.0
0.0	0.0	-0.46294690352466605	0.0	0.0	0.0	-0.4738917197694299	0.0	0.0	0.0
0.0	-0.4774904217930992	0.0	0.19987962877648646	0.0	0.0	0.0	-0.6130655978551468	0.0	-0.7690076641065877
0.0	-0.1462633115038627	0.0	0.0	-1.4895429500245823	0.0	0.0	0.0	0.0	0.0
0.0	0.0	0.0	0.0	0.0	-0.14954394600110676	-0.5968606178656822	0.0	0.0	-0.08777925433339324
-0.1840666843926674	0.0	0.28932839533765986	0.0	0.0	-0.2572987445977624	0.5857597264599409	-0.7211601162769072	0.0	0.0
0.0	0.0	0.0	-0.06184881425495325	0.0	0.0	0.1903452885001617	-0.2257199113489798	0.0	0.0
0.0	0.0	0.0	0.0	0.0	0.0	0.0	0.0	-1.7019839214355132	0.0
0.0	0.0	0.0	-0.10659600270182482	0.0	-0.6441295589547724	0.0	0.0	0.0	-0.945471955214482
-1.2977379649030825	0.0	0.0	0.0	0.0	0.0	0.07564884295673865	0.0	0.0	0.0
0.0	0.2257332716458662	0.0	0.035873187300725536	-0.5738261826449081	0.0	0.0	0.0	0.0	0.0
0.0	0.0	-0.9763709687156807	0.0	0.0	0.0	-0.5418186581030878	0.0	0.0	0.0
0.0	-0.3915661784337845	0.0	0.5626067733342489	0.0	0.0	0.0	-0.5027446464368694	0.0	-0.6306249894809091
0.0	-0.09263429704830382	0.0	0.0	0.18108658004466485	0.0	0.0	0.0	0.0	0.0
0.0	0.0	0.0	0.0	0.0	-0.6500308114890874	-0.6925499068582944	0.0	0.0	-0.1018521118549701
-0.24292277965053022	0.0	0.38184236467971994	0.0	0.0	-0.33957109861848644	-0.2090948298168249	-0.9517540917147342	0.0	0.0
0.0	0.0	0.0	-0.09227073165436557	0.0	0.0	0.28397147541861945	-1.7969047884521623	0.0	0.0
0.0	0.0	0.0	0.0	0.0	0.0	0.0	0.0	-0.41258376599035523	0.0
0.0	0.0	0.0	-0.08093715921556358	0.0	-0.4890804096510524	0.0	0.0	0.0	-0.19149258137397251
-1.419483544448997	0.0	0.0	0.0	0.0	0.0	0.07741980000404261	0.0	0.0	0.0
0.0	-0.5976487375667769	0.0	0.046302968079517844	-0.740660571793167	0.0	0.0	0.0	0.0	0.0
0.0	0.0	-0.06182848956076259	0.0	0.0	0.0	-0.4042092384561481	0.0	0.0	0.0
0.0	-0.4214420625946109	0.0	0.4200066200527821	0.0	0.0	0.0	-0.5411032730156546	0.0	-0.6787406853002302
0.0	-0.14345381383837716	0.0	0.0	-1.400335086976837	0.0	0.0	0.0	0.0	0.0
0.0	0.0	0.0	0.0	0.0	-0.10913157908352189	-0.5749583598782391	0.0	0.0	-0.0845581272950065
-0.21353740023251455	0.0	0.3356524487725833	0.0	0.0	-0.2984945656286547	0.21287083755063127	-0.8366242749971721	0.0	0.0
0.0	0.0	0.0	-0.06671677646717153	0.0	0.0	0.2053268800287069	-0.4387380259806564	0.0	0.0
0.0	0.0	0.0	0.0	0.0	0.0	0.0	0.0	-1.9767028654810688	0.0
0.0	0.0	0.0	-0.09326983653644391	0.0	-0.5636032979590787	0.0	0.0	0.0	-0.4578752252111584
-1.080220859435098	0.0	0.0	0.0	0.0	0.0	0.07205943931868258	0.0	0.0	0.0
0.0	0.02049553749460986	0.0	0.03825762828963142	-0.6119676128706588	0.0	0.0	0.0	0.0	0.0
0.0	0.0	-0.6193241103146068	0.0	0.0	0.0	-0.48503242715807265	0.0	0.0	0.0
0.0	-0.4624087121744412	0.0	0.23805120138224034	0.0	0.0	0.0	-0.5937016967127556	0.0	-0.744718275764462
0.0	-0.11096857999107235	0.0	0.0	-0.3832063637462802	0.0	0.0	0.0	0.0	0.0
0.0	0.0	0.0	0.0	0.0	-0.37312305243773847	-0.6225873363049045	0.0	0.0	-0.09156283812740441
-0.24535711785818878	0.0	0.3856688212145075	0.0	0.0	-0.3429739532242701	-0.29822204027150556	-0.9612916548575967	0.0	0.0
0.0	0.0	0.0	-0.09844527386974801	0.0	0.0	0.3029741844196133	-2.1553162259129746	0.0	0.0
0.0	0.0	0.0	0.0	0.0	0.0	0.0	0.0	0.22461930524914475	0.0
0.0	0.0	0.0	-0.09461264592147381	0.0	-0.5717175160818643	0.0	0.0	0.0	-0.5772359650803882
-1.5754195400184041	0.0	0.0	0.0	0.0	0.0	0.07969227095424504	0.0	0.0	0.0
0.0	-0.6828738944268562	0.0	0.04831537283812476	-0.7728509241833071	0.0	0.0	0.0	0.0	0.0
0.0	0.0	-0.002765154932165448	0.0	0.0	0.0	-0.4030836099532012	0.0	0.0	0.0
0.0	-0.4424468914273055	0.0	0.42705916802009414	0.0	0.0	0.0	-0.5680720609921824	0.0	-0.7125693729939666
0.0	-0.13286832233291462	0.0	0.0	-1.0898788165115862	0.0	0.0	0.0	0.0	0.0
0.0	0.0	0.0	0.0	0.0	0.19513132315291817	-0.5201504010377724	0.0	0.0	-0.07649761598877362
-0.17639013311655835	0.0	0.27726187569684435	0.0	0.0	-0.2465680302770241	0.7650582601067768	-0.6910839369338028	0.0	0.0
0.0	0.0	0.0	-0.045983254285824476	0.0	0.0	0.14151760075999495	0.6475287619223258	0.0	0.0
0.0	0.0	0.0	0.0	0.0	0.0	0.0	0.0	-2.0282664096118044	0.0
0.0	0.0	0.0	-0.09259538744898313	0.0	-0.5595277924782702	0.0	0.0	0.0	-0.37194956097485354
-0.8358604181655579	0.0	0.0	0.0	0.0	0.0	0.0681602214045392	0.0	0.0	0.0
0.0	0.07865738079222907	0.0	0.03690068066034945	-0.590261928576914	0.0	0.0	0.0	0.0	0.0
0.0	0.0	-0.9861324440273276	0.0	0.0	0.0	-0.5387671947367343	0.0	0.0	0.0
0.0	-0.46412217412228884	0.0	0.25066027124589363	0.0	0.0	0.0	-0.5959016666504028	0.0	-0.7474778397471313
0.0	-0.11838200661374326	0.0	0.0	-0.6008681431370674	0.0	0.0	0.0	0.0	0.0
0.0	0.0	0.0	0.0	0.0	-0.5970064768635731	-0.665814129266199	0.0	0.0	-0.09792012748406338
-0.2637654876426943	0.0	0.4146043350371568	0.0	0.0	-0.3687062059199314	-0.30208590532476154	-1.0334143322343567	0.0	0.0
0.0	0.0	0.0	-0.08626576889715147	0.0	0.0	0.265490662451973	-1.4633681005366364	0.0	0.0
0.0	0.0	0.0	0.0	0.0	0.0	0.0	0.0	0.054083590695813255	0.0
0.0	0.0	0.0	-0.10394712646263389	0.0	-0.6281231474531278	0.0	0.0	0.0	-0.9422289960936696
-1.639473474504306	0.0	0.0	0.0	0.0	0.0	0.08116899662311593	0.0	0.0	0.0
0.0	-0.6307718418139091	0.0	0.046926761819650956	-0.750638753482396	0.0	0.0	0.0	0.0	0.0
0.0	0.0	0.071186488216473	0.0	0.0	0.0	-0.38071163934932634	0.0	0.0	0.0
0.0	-0.43487784457163436	0.0	0.375974204617247	0.0	0.0	0.0	-0.5583539137289555	0.0	-0.7003792749808274
0.0	-0.1422766079201593	0.0	0.0	-1.3676204317902054	0.0	0.0	0.0	0.0	0.0
0.0	0.0	0.0	0.0	0.0	0.12024428126043031	-0.5163894860473867	0.0	0.0	-0.07594450475377901
-0.2250821953494195	0.0	0.35379933427061544	0.0	0.0	-0.31463252834591193	-0.024337521553177362	-0.881855957288679	0.0	0.0
0.0	0.0	0.0	-0.08170123150405749	0.0	0.0	0.25144288809405696	-1.2519559229273804	0.0	0.0
0.0	0.0	0.0	0.0	0.0	0.0	0.0	0.0	-1.5893586454691786	0.0
0.0	0.0	0.0	-0.08020926835744269	0.0	-0.4846819706334082	0.0	0.0	0.0	0.04509328760226783
-0.5360007838568821	0.0	0.0	0.0	0.0	0.0	0.06288091784898335	0.0	0.0	0.0
0.0	0.09687288607019284	0.0	0.03747088798890265	-0.5993829440004087	0.0	0.0	0.0	0.0	0.0
0.0	0.0	-0.522971701874329	0.0	0.0	0.0	-0.47364282362877025	0.0	0.0	0.0
0.0	-0.4435098067751765	0.0	0.37900602404288064	0.0	0.0	0.0	-0.569436772834495	0.0	-0.7142812189525509
0.0	-0.10260136452589048	0.0	0.0	-0.127044842361697	0.0	0.0	0.0	0.0	0.0
0.0	0.0	0.0	0.0	0.0	-0.37100575533981656	-0.6291407784130841	0.0	0.0	-0.09252664147504382
-0.2281443754554915	0.0	0.35861267493162646	0.0	0.0	-0.31891301560314833	0.12439747543919555	-0.8938533601247335	0.0	0.0
0.0	0.0	0.0	-0.0699931216758696	0.0	0.0	0.2154101270802187	-0.607348452965556	0.0	0.0
0.0	0.0	0.0	0.0	0.0	0.0	0.0	0.0	-0.5941831848911735	0.0
0.0	0.0	0.0	-0.10276634996874996	0.0	-0.6209880483598051	0.0	0.0	0.0	-0.8490958509136937
-2.091206086260223	0.0	0.0	0.0	0.0	0.0	0.08881244027218498	0.0	0.0	0.0
0.0	-0.5610066757175088	0.0	0.0457159485516681	-0.7312706290490156	0.0	0.0	0.0	0.0	0.0
0.0	0.0	-0.4167083505016207	0.0	0.0	0.0	-0.4537881699928344	0.0	0.0	0.0
0.0	-0.45865997435053457	0.0	0.22325034174039413	0.0	0.0	0.0	-0.5888885693905674	0.0	-0.7386808601729936
0.0	-0.1444968097866468	0.0	0.0	-1.4291645472801473	0.0	0.0	0.0	0.0	0.0
0.0	0.0	0.0	0.0	0.0	-0.28961591920969554	-0.6048727598018389	0.0	0.0	-0.08895758613099797
-0.24228506506068148	0.0	0.3808399619930352	0.0	0.0	-0.3386796653647113	-0.2796766066130798	-0.9492555715219889	0.0	0.0
0.0	0.0	0.0	-0.09347857934010607	0.0	0.0	0.2876887353042949	-1.8850423704476755	0.0	0.0
0.0	0.0	0.0	0.0	0.0	0.0	0.0	0.0	-1.6531424280037306	0.0
0.0	0.0	0.0	-0.0895424396179843	0.0	-0.5410796903914221	0.0	0.0	0.0	-0.3854722759972742
0.08180823837102458	0.0	0.0	0.0	0.0	0.0	0.05244132380698861	0.0	0.0	0.0
0.0	-0.02538016600473325	0.0	0.03969043302559304	-0.6348867046485945	0.0	0.0	0.0	0.0	0.0
0.0	0.0	-0.460469176348667	0.0	0.0	0.0	-0.46861590825528293	0.0	0.0	0.0
0.0	-0.43377407538455126	0.0	0.45723181177987704	0.0	0.0	0.0	-0.5569367483038731	0.0	-0.6986016331150826
0.0	-0.09794460709988285	0.0	0.0	0.0034898641679490527	0.0	0.0	0.0	0.0	0.0
0.0	0.0	0.0	0.0	0.0	0.10689363748819926	-0.5256577422532149	0.0	0.0	-0.07730757109517654
-0.20625436989334717	0.0	0.3242044918097059	0.0	0.0	-0.28831393696509067	0.5231999867521578	-0.8080898825644943	0.0	0.0
0.0	0.0	0.0	-0.057107657904474335	0.0	0.0	0.1757539534159323	0.07636464007102806	0.0	0.0
0.0	0.0	0.0	0.0	0.0	0.0	0.0	0.0	-0.611529365704495	0.0
0.0	0.0	0.0	-0.09916206076304816	0.0	-0.5992083459547506	0.0	0.0	0.0	-0.5933641925809241
-2.1773986953495803	0.0	0.0	0.0	0.0	0.0	0.09066745645102027	0.0	0.0	0.0
0.0	-0.6362510223512613	0.0	0.047309934519612185	-0.7567679698765034	0.0	0.0	0.0	0.0	0.0
0.0	0.0	-1.0460847796886017	0.0	0.0	0.0	-0.541939100045233	0.0	0.0	0.0
0.0	-0.4460119964168861	0.0	0.15260884693465449	0.0	0.0	0.0	-0.5726494161015183	0.0	-0.7183110443138576
0.0	-0.13743122392299817	0.0	0.0	-1.223077000858399	0.0	0.0	0.0	0.0	0.0
0.0	0.0	0.0	0.0	0.0	-0.47075876491922203	-0.6205417500895716	0.0	0.0	-0.09126199731586172
-0.29225551375380315	0.0	0.45938687439267917	0.0	0.0	-0.4085311637939365	-0.6108748413426344	-1.1450362186762786	0.0	0.0
0.0	0.0	0.0	-0.09180168378853026	0.0	0.0	0.28252793842573914	-1.7261766255131912	0.0	0.0
0.0	0.0	0.0	0.0	0.0	0.0	0.0	0.0	-1.6258974027446507	0.0
0.0	0.0	0.0	-0.11013539438329292	0.0	-0.6655171039373875	0.0	0.0	0.0	-1.0825913988281348
0.17872154271310614	0.0	0.0	0.0	0.0	0.0	0.050416152466054034	0.0	0.0	0.0
0.0	-0.03724963274564663	0.0	0.038895277043613376	-0.6221674188510534	0.0	0.0	0.0	0.0	0.0
0.0	0.0	0.28904165134927373	0.0	0.0	0.0	-0.3613371525214834	0.0	0.0	0.0
0.0	-0.3577998767483976	0.0	0.6900814895527332	0.0	0.0	0.0	-0.45939098532598965	0.0	-0.5762437001409328
0.0	-0.11300415625185105	0.0	0.0	-0.4475457561021608	0.0	0.0	0.0	0.0	0.0
0.0	0.0	0.0	0.0	0.0	0.09674796071654512	-0.5538203698825919	0.0	0.0	-0.08144939982265349
-0.1571990344399794	0.0	0.2470960159532303	0.0	0.0	-0.21974163519511075	0.6915248353074018	-0.61589458369072	0.0	0.0
0.0	0.0	0.0	-0.06958262954353883	0.0	0.0	0.2141468006236522	-0.6471163400146545	0.0	0.0
0.0	0.0	0.0	0.0	0.0	0.0	0.0	0.0	-0.3414080334797429	0.0
0.0	0.0	0.0	-0.08860950056766628	0.0	-0.5354422030205871	0.0	0.0	0.0	-0.25537458186335615
-2.0526455225042715	0.0	0.0	0.0	0.0	0.0	0.08803334702450856	0.0	0.0	0.0
0.0	-0.3893868932512253	0.0	0.04322577842188875	-0.6914379593804703	0.0	0.0	0.0	0.0	0.0
0.0	0.0	-0.9634434805921249	0.0	0.0	0.0	-0.5435282084235582	0.0	0.0	0.0
0.0	-0.4515787597771719	0.0	0.23005135751453118	0.0	0.0	0.0	-0.5797967659787698	0.0	-0.7272764255926101
0.0	-0.13943173315848795	0.0	0.0	-1.2649796126397927	0.0	0.0	0.0	0.0	0.0
0.0	0.0	0.0	0.0	0.0	-0.4176873620145548	-0.6414587707211883	0.0	0.0	-0.09433822720766655
-0.2259092079148464	0.0	0.3550992882479935	0.0	0.0	-0.3157885729367786	-0.0003759670167626794	-0.8850961334227447	0.0	0.0
0.0	0.0	0.0	-0.08718833845672039	0.0	0.0	0.26832995324667974	-1.5576955857865793	0.0	0.0
0.0	0.0	0.0	0.0	0.0	0.0	0.0	0.0	-1.7158362436204255	0.0
0.0	0.0	0.0	-0.1026835527954979	0.0	-0.620487728410297	0.0	0.0	0.0	-0.8649013456502949
-0.039520296753065676	0.0	0.0	0.0	0.0	0.0	0.054595675013743954	0.0	0.0	0.0
0.0	-0.14565768004287927	0.0	0.04064499828234737	-0.6501558953334635	0.0	0.0	0.0	0.0	0.0
0.0	0.0	-0.18064369683096745	0.0	0.0	0.0	-0.42088474939984793	0.0	0.0	0.0
0.0	-0.3684507691182162	0.0	0.6763158092055844	0.0	0.0	0.0	-0.4730660150237017	0.0	-0.5933971706361253
0.0	-0.11328435084008193	0.0	0.0	-0.4639265296844819	0.0	0.0	0.0	0.0	0.0
0.0	0.0	0.0	0.0	0.0	-0.012106275933498445	-0.5483698410192506	0.0	0.0	-0.08064780001019209
-0.22281578078174288	0.0	0.35023683140813716	0.0	0.0	-0.31146440683100884	0.23462080412323447	-0.872976306967654	0.0	0.0
0.0	0.0	0.0	-0.06459591974180098	0.0	0.0	0.19879975270830183	-0.29397616422091555	0.0	0.0
0.0	0.0	0.0	0.0	0.0	0.0	0.0	0.0	-0.3635821021749983	0.0
0.0	0.0	0.0	-0.08572920825510497	0.0	-0.5180374095018224	0.0	0.0	0.0	-0.15662138598764463
-2.107861763306687	0.0	0.0	0.0	0.0	0.0	0.08945582972043271	0.0	0.0	0.0
0.0	-0.40189464570129957	0.0	0.04351086903892406	-0.6959982583890265	0.0	0.0	0.0	0.0	0.0
0.0	0.0	-1.0084978544730105	0.0	0.0	0.0	-0.537508913586979	0.0	0.0	0.0
0.0	-0.46015914745415915	0.0	0.16431042427029618	0.0	0.0	0.0	-0.5908134068597894	0.0	-0.7410953077805088
0.0	-0.13822181432315325	0.0	0.0	-1.2297438905752343	0.0	0.0	0.0	0.0	0.0
0.0	0.0	0.0	0.0	0.0	-0.7563650894403614	-0.6929120184336512	0.0	0.0	-0.10190536697537655
-0.28548235312491904	0.0	0.4487403649356027	0.0	0.0	-0.39906325963452255	-0.5954065048110846	-1.1184994593338433	0.0	0.0
0.0	0.0	0.0	-0.09084018306257094	0.0	0.0	0.27956883346502953	-1.6862589333293274	0.0	0.0
0.0	0.0	0.0	0.0	0.0	0.0	0.0	0.0	-1.4121529667553663	0.0
0.0	0.0	0.0	-0.10733490854112493	0.0	-0.6485945583948437	0.0	0.0	0.0	-1.0878695784501975
0.2355801412635126	0.0	0.0	0.0	0.0	0.0	0.04962850694143088	0.0	0.0	0.0
0.0	-0.20705320042885322	0.0	0.040983647017455424	-0.6555729080258553	0.0	0.0	0.0	0.0	0.0
0.0	0.0	0.14862083298309736	0.0	0.0	0.0	-0.37941534084510753	0.0	0.0	0.0
0.0	-0.3586311209773673	0.0	0.7182469699864776	0.0	0.0	0.0	-0.46045824702787524	0.0	-0.5775824352309932
0.0	-0.12442379877366204	0.0	0.0	-0.8017507768548989	0.0	0.0	0.0	0.0	0.0
0.0	0.0	0.0	0.0	0.0	0.636121723838535	-0.41665805163655256	0.0	0.0	-0.06127717592667784
-0.17556571293355422	0.0	0.27596599660052884	0.0	0.0	-0.24541560946383933	0.6738156960320675	-0.687853917568821	0.0	0.0
0.0	0.0	0.0	-0.06697804280704256	0.0	0.0	0.2061309506877357	-0.4811662609006639	0.0	0.0
0.0	0.0	0.0	0.0	0.0	0.0	0.0	0.0	-0.7201311021900424	0.0
0.0	0.0	0.0	-0.08040774461365692	0.0	-0.4858813066322999	0.0	0.0	0.0	0.19229357997681462
-1.9111229526504925	0.0	0.0	0.0	0.0	0.0	0.08587459632347878	0.0	0.0	0.0
0.0	-0.4226732024458388	0.0	0.044347454684160355	-0.709380251553926	0.0	0.0	0.0	0.0	0.0
0.0	0.0	-0.8056396463745231	0.0	0.0	0.0	-0.5137407861914147	0.0	0.0	0.0
0.0	-0.42584925757225767	0.0	0.15314486519360415	0.0	0.0	0.0	-0.5467618150523489	0.0	-0.6858385590173515
0.0	-0.12839354508332346	0.0	0.0	-0.9368239914825465	0.0	0.0	0.0	0.0	0.0
0.0	0.0	0.0	0.0	0.0	-0.42711641591766136	-0.6284717902585412	0.0	0.0	-0.09242825454917554
-0.2482834435783928	0.0	0.390268616813888	0.0	0.0	-0.3470645355943333	-0.25211783312375474	-0.9727567899178037	0.0	0.0
0.0	0.0	0.0	-0.0911387401949456	0.0	0.0	0.2804876698918909	-1.7386678532183215	0.0	0.0
0.0	0.0	0.0	0.0	0.0	0.0	0.0	0.0	-1.715428983236243	0.0
0.0	0.0	0.0	-0.12872511030959136	0.0	-0.7778495105680174	0.0	0.0	0.0	-1.700988510598231
0.007077902294359673	0.0	0.0	0.0	0.0	0.0	0.05369553002437471	0.0	0.0	0.0
0.0	-0.24435430315153342	0.0	0.04132402756646642	-0.6610176227496459	0.0	0.0	0.0	0.0	0.0
0.0	0.0	-0.26591005140228385	0.0	0.0	0.0	-0.4376035956628491	0.0	0.0	0.0
0.0	-0.34035247557296266	0.0	0.8522606578632168	0.0	0.0	0.0	-0.43698969528027753	0.0	-0.5481443192732147
0.0	-0.1284613577891799	0.0	0.0	-0.9251825315998393	0.0	0.0	0.0	0.0	0.0
0.0	0.0	0.0	0.0	0.0	0.03228103633503899	-0.5493128535370017	0.0	0.0	-0.080786487223182
-0.20789338821358236	0.0	0.32678081105013423	0.0	0.0	-0.29060504878448756	0.3202263797217462	-0.8145114392209898	0.0	0.0
0.0	0.0	0.0	-0.07119191663671319	0.0	0.0	0.21909952639082936	-0.6664454749137199	0.0	0.0
0.0	0.0	0.0	0.0	0.0	0.0	0.0	0.0	-0.5411555644080144	0.0
0.0	0.0	0.0	-0.0597212333424023	0.0	-0.3608785575260423	0.0	0.0	0.0	0.7117381312882618
-1.9886246860677188	0.0	0.0	0.0	0.0	0.0	0.08726631990360867	0.0	0.0	0.0
0.0	-0.513952050872765	0.0	0.04573298372643732	-0.7315431230771199	0.0	0.0	0.0	0.0	0.0
0.0	0.0	-0.7207422137839504	0.0	0.0	0.0	-0.4976326862267392	0.0	0.0	0.0
0.0	-0.4788210493889264	0.0	0.13274159252145767	0.0	0.0	0.0	-0.6147740342243938	0.0	-0.7711506658770112
0.0	-0.13147926280879207	0.0	0.0	-1.0362523667588657	0.0	0.0	0.0	0.0	0.0
0.0	0.0	0.0	0.0	0.0	-0.5756421215373035	-0.6627360847710434	0.0	0.0	-0.09746744482666854
-0.2606960484627161	0.0	0.40977958407551557	0.0	0.0	-0.3644155715216783	-0.3721958025999887	-1.0213884888654623	0.0	0.0
0.0	0.0	0.0	-0.08784605221546898	0.0	0.0	0.27035412649345303	-1.5586634905644747	0.0	0.0
0.0	0.0	0.0	0.0	0.0	0.0	0.0	0.0	-1.7386488718022695	0.0
0.0	0.0	0.0	-0.10061090933650396	0.0	-0.6079633289649751	0.0	0.0	0.0	-0.8327951551196927
0.4575959338173939	0.0	0.0	0.0	0.0	0.0	0.04604084594762534	0.0	0.0	0.0
0.0	-0.39546541886412245	0.0	0.04482145845273968	-0.7169623983758137	0.0	0.0	0.0	0.0	0.0
0.0	0.0	-0.02029673195864845	0.0	0.0	0.0	-0.4035106588867888	0.0	0.0	0.0
0.0	-0.4033675945669458	0.0	0.45376808913956757	0.0	0.0	0.0	-0.5178968712920704	0.0	-0.6496314010014412
0.0	-0.11170117709865231	0.0	0.0	-0.43504085180524293	0.0	0.0	0.0	0.0	0.0
0.0	0.0	0.0	0.0	0.0	0.24520485962084762	-0.5043556309670799	0.0	0.0	-0.0741747065897072
-0.1869943765117337	0.0	0.2939303387346796	0.0	0.0	-0.2613912369968623	0.3677284230165933	-0.7326306047902152	0.0	0.0
0.0	0.0	0.0	-0.08584490219810595	0.0	0.0	0.26419540733326213	-1.5176765103332468	0.0	0.0
0.0	0.0	0.0	0.0	0.0	0.0	0.0	0.0	-0.5416431198154723	0.0
0.0	0.0	0.0	-0.08405824658836548	0.0	-0.5079402597574935	0.0	0.0	0.0	-0.056255679240720724
-1.4891644475418753	0.0	0.0	0.0	0.0	0.0	0.07865999885278352	0.0	0.0	0.0
0.0	-0.5355274044415034	0.0	0.04560735936494812	-0.7295336404182122	0.0	0.0	0.0	0.0	0.0
0.0	0.0	-0.764430500386431	0.0	0.0	0.0	-0.5127292184393013	0.0	0.0	0.0
0.0	-0.43728251666378115	0.0	0.2583022454747643	0.0	0.0	0.0	-0.5614413510188628	0.0	-0.7042520464211003
0.0	-0.13855545949801962	0.0	0.0	-1.2493083035866535	0.0	0.0	0.0	0.0	0.0
0.0	0.0	0.0	0.0	0.0	-0.5557102637922364	-0.6735525783618685	0.0	0.0	-0.09905820775101722
-0.22339270472651693	0.0	0.3511436792699548	0.0	0.0	-0.3122708635084274	0.15912607195587947	-0.8752366537570199	0.0	0.0
0.0	0.0	0.0	-0.06884538986631585	0.0	0.0	0.21187787921027948	-0.5482935405979894	0.0	0.0
0.0	0.0	0.0	0.0	0.0	0.0	0.0	0.0	-1.5747968496345819	0.0
0.0	0.0	0.0	-0.11647736559528094	0.0	-0.7038398460303401	0.0	0.0	0.0	-1.3577380297145734
-0.906038934101291	0.0	0.0	0.0	0.0	0.0	0.06919174727297692	0.0	0.0	0.0
0.0	0.011079572552977313	0.0	0.038087617783342805	-0.6092481310745391	0.0	0.0	0.0	0.0	0.0
0.0	0.0	-0.1356366918298657	0.0	0.0	0.0	-0.4082303995252119	0.0	0.0	0.0
0.0	-0.40210412099471793	0.0	0.5542631109664806	0.0	0.0	0.0	-0.5162746561740723	0.0	-0.6475965520995708
0.0	-0.11482398393163354	0.0	0.0	-0.4988281896007965	0.0	0.0	0.0	0.0	0.0
0.0	0.0	0.0	0.0	0.0	0.02256894473197213	-0.5300693525221577	0.0	0.0	-0.07795637895454258
-0.24808424240021	0.0	0.3899554990032252	0.0	0.0	-0.34678608100469394	-0.2853324858612622	-0.9719763339363489	0.0	0.0
0.0	0.0	0.0	-0.09285289456991394	0.0	0.0	0.28576313415046456	-1.8257087014165005	0.0	0.0
0.0	0.0	0.0	0.0	0.0	0.0	0.0	0.0	-0.6315103845568202	0.0
0.0	0.0	0.0	-0.07137791899268349	0.0	-0.4313166189587296	0.0	0.0	0.0	0.3304625469331759
-1.9748764871292663	0.0	0.0	0.0	0.0	0.0	0.08660902264209111	0.0	0.0	0.0
0.0	-0.5308837780289737	0.0	0.045440183344069164	-0.7268594989462948	0.0	0.0	0.0	0.0	0.0
0.0	0.0	-0.5796723514657321	0.0	0.0	0.0	-0.4865308950381609	0.0	0.0	0.0
0.0	-0.45769538771873075	0.0	0.25628222987053817	0.0	0.0	0.0	-0.5876501050086241	0.0	-0.737127374534965
0.0	-0.1407838139939396	0.0	0.0	-1.3158236442475124	0.0	0.0	0.0	0.0	0.0
0.0	0.0	0.0	0.0	0.0	-0.17058147353490827	-0.5895654206446853	0.0	0.0	-0.08670636234972706
-0.21018116903032638	0.0	0.33037689882004684	0.0	0.0	-0.2938030372417977	0.27863700285608123	-0.8234748009790558	0.0	0.0
0.0	0.0	0.0	-0.06961742333166965	0.0	0.0	0.21425388163594897	-0.6136906375360187	0.0	0.0
0.0	0.0	0.0	0.0	0.0	0.0	0.0	0.0	-1.5228388705387856	0.0
0.0	0.0	0.0	-0.10408412984762508	0.0	-0.6289510202411586	0.0	0.0	0.0	-0.8464207380457907
-0.10539337098912462	0.0	0.0	0.0	0.0	0.0	0.055828255731568716	0.0	0.0	0.0
0.0	-0.12415112062969857	0.0	0.04034746701225331	-0.6453965960968407	0.0	0.0	0.0	0.0	0.0
0.0	0.0	-0.42273082445177645	0.0	0.0	0.0	-0.45541323671782175	0.0	0.0	0.0
0.0	-0.45073213958347147	0.0	0.25794285721626053	0.0	0.0	0.0	-0.5787097625719622	0.0	-0.7259129272105942
0.0	-0.11486972807142311	0.0	0.0	-0.510440714253642	0.0	0.0	0.0	0.0	0.0
0.0	0.0	0.0	0.0	0.0	-0.22896687961342443	-0.5902366950081205	0.0	0.0	-0.086805085504366
-0.23921374317279448	0.0	0.3760122516644671	0.0	0.0	-0.33438639921165164	-0.16255574746371426	-0.9372223518380435	0.0	0.0
0.0	0.0	0.0	-0.09199511730244606	0.0	0.0	0.28312324746206324	-1.8048948744397548	0.0	0.0
0.0	0.0	0.0	0.0	0.0	0.0	0.0	0.0	-0.5801034912429509	0.0
0.0	0.0	0.0	-0.09902140699862688	0.0	-0.5983584149540971	0.0	0.0	0.0	-0.677517794376804
-1.9411166521739336	0.0	0.0	0.0	0.0	0.0	0.08612567923668282	0.0	0.0	0.0
0.0	-0.6173017796893102	0.0	0.04619116551889815	-0.7388721821518313	0.0	0.0	0.0	0.0	0.0
0.0	0.0	-0.6259240737366908	0.0	0.0	0.0	-0.49182270654550375	0.0	0.0	0.0
0.0	-0.3937696918649444	0.0	0.5103482825755324	0.0	0.0	0.0	-0.5055738095308282	0.0	-0.6341737909629585
0.0	-0.1501558991228249	0.0	0.0	-1.6021594790799585	0.0	0.0	0.0	0.0	0.0
0.0	0.0	0.0	0.0	0.0	-0.46658607561557647	-0.6580967005900417	0.0	0.0	-0.09678513865369515
-0.21924079679444086	0.0	0.3446174311140711	0.0	0.0	-0.3064670935207543	0.19968913500145202	-0.8589697751692603	0.0	0.0
0.0	0.0	0.0	-0.06549711930277193	0.0	0.0	0.20157327541032347	-0.35590212603451654	0.0	0.0
0.0	0.0	0.0	0.0	0.0	0.0	0.0	0.0	-1.6275508238661636	0.0
0.0	0.0	0.0	-0.09282173086923211	0.0	-0.5608955218842698	0.0	0.0	0.0	-0.5409461028168634
0.3122093386496283	0.0	0.0	0.0	0.0	0.0	0.04887978055948347	0.0	0.0	0.0
0.0	-0.03003088313765523	0.0	0.03960383743575565	-0.6335015247833734	0.0	0.0	0.0	0.0	0.0
0.0	0.0	-0.8195253656330247	0.0	0.0	0.0	-0.5183820143627415	0.0	0.0	0.0
0.0	-0.4006296696757948	0.0	0.4473221254965758	0.0	0.0	0.0	-0.5143815598142555	0.0	-0.6452219194098803
0.0	-0.09979497687144873	0.0	0.0	-0.05197925136822912	0.0	0.0	0.0	0.0	0.0
0.0	0.0	0.0	0.0	0.0	-0.2728239730957185	-0.602220069537259	0.0	0.0	-0.08856745958146131
-0.23714010067146962	0.0	0.3727527609022367	0.0	0.0	-0.3314877453129524	-0.019647226940722184	-0.9290979686977356	0.0	0.0
0.0	0.0	0.0	-0.08691066003508621	0.0	0.0	0.2674753729299359	-1.5124174242718689	0.0	0.0
0.0	0.0	0.0	0.0	0.0	0.0	0.0	0.0	-0.5987263191148857	0.0
0.0	0.0	0.0	-0.09638785161894198	0.0	-0.5824445830823288	0.0	0.0	0.0	-0.5892099327805811
-2.0284230637744227	0.0	0.0	0.0	0.0	0.0	0.08779118239742954	0.0	0.0	0.0
0.0	-0.4725266281758874	0.0	0.04403842316614983	-0.7044369947752525	0.0	0.0	0.0	0.0	0.0
0.0	0.0	-0.2932963190150093	0.0	0.0	0.0	-0.4338079458872052	0.0	0.0	0.0
0.0	-0.4122941711631214	0.0	0.45628568443787865	0.0	0.0	0.0	-0.5293579954695633	0.0	-0.6640078272152178
0.0	-0.14752661241632165	0.0	0.0	-1.5130368055066428	0.0	0.0	0.0	0.0	0.0
0.0	0.0	0.0	0.0	0.0	-0.29378168261984716	-0.6044975669918836	0.0	0.0	-0.08890240717614101
-0.24472628489896717	0.0	0.38467723553771915	0.0	0.0	-0.34209213950010725	-0.12276256198213463	-0.9588200964018957	0.0	0.0
0.0	0.0	0.0	-0.07283121482927979	0.0	0.0	0.2241446140155593	-0.7327510154572907	0.0	0.0
0.0	0.0	0.0	0.0	0.0	0.0	0.0	0.0	-1.7832800481901787	0.0
0.0	0.0	0.0	-0.09064366449140304	0.0	-0.5477340814947117	0.0	0.0	0.0	-0.4060199199777341
-0.3302126762984201	0.0	0.0	0.0	0.0	0.0	0.05926202216872178	0.0	0.0	0.0
0.0	-0.12162213449086724	0.0	0.04083006733224243	-0.6531162530384186	0.0	0.0	0.0	0.0	0.0
0.0	0.0	-0.55525129651066	0.0	0.0	0.0	-0.48400231907457814	0.0	0.0	0.0
0.0	-0.4318435575392058	0.0	0.27816096441105465	0.0	0.0	0.0	-0.5544580931874369	0.0	-0.6954924963638359
0.0	-0.10511850108889587	0.0	0.0	-0.21824397831439835	0.0	0.0	0.0	0.0	0.0
0.0	0.0	0.0	0.0	0.0	-0.11902804362280972	-0.5804573416790143	0.0	0.0	-0.08536685299681446
-0.20419179152368674	0.0	0.3209623923938282	0.0	0.0	-0.2854307491307513	0.13316354582520806	-0.8000088479014188	0.0	0.0
0.0	0.0	0.0	-0.09608282997223444	0.0	0.0	0.2957035508487902	-2.067631925853546	0.0	0.0
0.0	0.0	0.0	0.0	0.0	0.0	0.0	0.0	-0.507469429832534	0.0
0.0	0.0	0.0	-0.10199436022926223	0.0	-0.6163231322484121	0.0	0.0	0.0	-0.7569853008855384
-1.7661088945607362	0.0	0.0	0.0	0.0	0.0	0.0830788889184184	0.0	0.0	0.0
0.0	-0.6105600960032663	0.0	0.04627317298817723	-0.7401839706096085	0.0	0.0	0.0	0.0	0.0
0.0	0.0	-0.3980916160170058	0.0	0.0	0.0	-0.4596157689299294	0.0	0.0	0.0
0.0	-0.3855746504473989	0.0	0.5363338161182833	0.0	0.0	0.0	-0.49505192733845144	0.0	-0.620975516463341
0.0	-0.14656397876984903	0.0	0.0	-1.494093574713952	0.0	0.0	0.0	0.0	0.0
0.0	0.0	0.0	0.0	0.0	-0.44342748136537313	-0.660407949361089	0.0	0.0	-0.09712504999585572
-0.20249846139622948	0.0	0.31830070220165324	0.0	0.0	-0.2830637172182577	0.3395088101341915	-0.7933745014652804	0.0	0.0
0.0	0.0	0.0	-0.06269330222175833	0.0	0.0	0.19294427617054463	-0.22027563199652686	0.0	0.0
0.0	0.0	0.0	0.0	0.0	0.0	0.0	0.0	-1.8936579180459854	0.0
0.0	0.0	0.0	-0.09469173203710309	0.0	-0.5721954111575571	0.0	0.0	0.0	-0.6030547313980267
-0.21496433990577257	0.0	0.0	0.0	0.0	0.0	0.05780216743671069	0.0	0.0	0.0
0.0	-0.08614028511213201	0.0	0.040732928573417836	-0.651562425030444	0.0	0.0	0.0	0.0	0.0
0.0	0.0	-0.7956735873040771	0.0	0.0	0.0	-0.5101401427059107	0.0	0.0	0.0
0.0	-0.4431043838442034	0.0	0.320845305911372	0.0	0.0	0.0	-0.5689162370494466	0.0	-0.7136282773920647
0.0	-0.09711628160743473	0.0	0.0	0.02377641202475989	0.0	0.0	0.0	0.0	0.0
0.0	0.0	0.0	0.0	0.0	-0.4504632268226754	-0.6366080097351985	0.0	0.0	-0.09362483421514124
-0.25750538415061375	0.0	0.4047642832972804	0.0	0.0	-0.35995548182839365	-0.33676028912468675	-1.0088876940915008	0.0	0.0
0.0	0.0	0.0	-0.09635850657750514	0.0	0.0	0.2965519703956337	-2.019345145654357	0.0	0.0
0.0	0.0	0.0	0.0	0.0	0.0	0.0	0.0	-0.4366959592035511	0.0
0.0	0.0	0.0	-0.08626564666626144	0.0	-0.5212789554174903	0.0	0.0	0.0	-0.31279797152907074
-1.7759616866328367	0.0	0.0	0.0	0.0	0.0	0.0832786704836906	0.0	0.0	0.0
0.0	-0.495701357182983	0.0	0.04430453063843894	-0.7086936400997079	0.0	0.0	0.0	0.0	0.0
0.0	0.0	-0.3277648948820764	0.0	0.0	0.0	-0.4475965134982804	0.0	0.0	0.0
0.0	-0.4200034695488073	0.0	0.4690956350737987	0.0	0.0	0.0	-0.5392562162676178	0.0	-0.6764238030607937
0.0	-0.14964327339549957	0.0	0.0	-1.5781419144743214	0.0	0.0	0.0	0.0	0.0
0.0	0.0	0.0	0.0	0.0	0.03954885557942722	-0.5414282558317113	0.0	0.0	-0.07962691313406878
-0.20676652080291502	0.0	0.3250095250579817	0.0	0.0	-0.2890298502576629	0.4693533662381867	-0.8100964532305219	0.0	0.0
0.0	0.0	0.0	-0.052389362175004846	0.0	0.0	0.16123297394892466	0.34061832629653677	0.0	0.0
0.0	0.0	0.0	0.0	0.0	0.0	0.0	0.0	-2.0441553665516436	0.0
0.0	0.0	0.0	-0.10008963694882238	0.0	-0.6048134270487479	0.0	0.0	0.0	-0.6397850177269604
-0.0854168108098572	0.0	0.0	0.0	0.0	0.0	0.05595655429824095	0.0	0.0	0.0
0.0	0.0327763891001589	0.0	0.038199007868501986	-0.6110299227736025	0.0	0.0	0.0	0.0	0.0
0.0	0.0	-0.6210646741650581	0.0	0.0	0.0	-0.4747402125945998	0.0	0.0	0.0
0.0	-0.4390956776860729	0.0	0.3079048517294282	0.0	0.0	0.0	-0.5637693278649001	0.0	-0.7071721777132958
0.0	-0.10782800790231666	0.0	0.0	-0.2881296040079131	0.0	0.0	0.0	0.0	0.0
0.0	0.0	0.0	0.0	0.0	-0.5823691234999567	-0.6484023321828911	0.0	0.0	-0.09535940473099835
-0.2933453192862823	0.0	0.4610999040318161	0.0	0.0	-0.41005455514684647	-0.6433023505654593	-1.1493059988764005	0.0	0.0
0.0	0.0	0.0	-0.09139628035552387	0.0	0.0	0.28128027289901686	-1.7003675170750594	0.0	0.0
0.0	0.0	0.0	0.0	0.0	0.0	0.0	0.0	0.31577502364660215	0.0
0.0	0.0	0.0	-0.10055780595728749	0.0	-0.6076424402321265	0.0	0.0	0.0	-0.7993883950964596
-2.1940821325429365	0.0	0.0	0.0	0.0	0.0	0.09003972425700793	0.0	0.0	0.0
0.0	-0.6549964616840054	0.0	0.046900079515074446	-0.750211944321254	0.0	0.0	0.0	0.0	0.0
0.0	0.0	-0.35847140859750537	0.0	0.0	0.0	-0.457058178747377	0.0	0.0	0.0
0.0	-0.42787409594336895	0.0	0.40855136458237695	0.0	0.0	0.0	-0.5493615713822954	0.0	-0.6890996008202726
0.0	-0.14939324333927997	0.0	0.0	-1.5823451450495702	0.0	0.0	0.0	0.0	0.0
0.0	0.0	0.0	0.0	0.0	0.2364434402073581	-0.5067813676018148	0.0	0.0	-0.07453145546311694
-0.18576596989203073	0.0	0.2919994465839707	0.0	0.0	-0.2596741012634295	0.480376624833442	-0.7278177954346098	0.0	0.0
0.0	0.0	0.0	-0.07236403590134069	0.0	0.0	0.22270682884714527	-0.7859878535369265	0.0	0.0
0.0	0.0	0.0	0.0	0.0	0.0	0.0	0.0	-1.6411649980221104	0.0
0.0	0.0	0.0	-0.08574155762665663	0.0	-0.5181120332686554	0.0	0.0	0.0	-0.1231936917694203
0.8306781538702392	0.0	0.0	0.0	0.0	0.0	0.04035992046673661	0.0	0.0	0.0
0.0	0.12341155037442042	0.0	0.03658013176450307	-0.5851344402466296	0.0	0.0	0.0	0.0	0.0
0.0	0.0	-0.8537090275017737	0.0	0.0	0.0	-0.5215628727590902	0.0	0.0	0.0
0.0	-0.4406996788907722	0.0	0.2544088631600163	0.0	0.0	0.0	-0.5658287575678596	0.0	-0.7097554530280505
0.0	-0.11064567976473812	0.0	0.0	-0.3658633410794001	0.0	0.0	0.0	0.0	0.0
0.0	0.0	0.0	0.0	0.0	-0.40462429539642025	-0.6257518645279478	0.0	0.0	-0.09202823979643902
-0.24715216507265778	0.0	0.3884903971658063	0.0	0.0	-0.3454831709911925	-0.1214485273107001	-0.9683245215720718	0.0	0.0
0.0	0.0	0.0	-0.08892030326655086	0.0	0.0	0.2736602307203972	-1.6228053024781899	0.0	0.0
0.0	0.0	0.0	0.0	0.0	0.0	0.0	0.0	-0.29299718780745465	0.0
0.0	0.0	0.0	-0.1158769878641979	0.0	-0.7002119328504197	0.0	0.0	0.0	-1.277448378164327
-1.7245183224017877	0.0	0.0	0.0	0.0	0.0	0.08262369106527451	0.0	0.0	0.0
0.0	-0.4414624763528459	0.0	0.04301010258713919	-0.6879880166724079	0.0	0.0	0.0	0.0	0.0
0.0	0.0	0.006619370997666518	0.0	0.0	0.0	-0.38976337521607574	0.0	0.0	0.0
0.0	-0.4273802229026127	0.0	0.49004244515111894	0.0	0.0	0.0	-0.5487274716031653	0.0	-0.6883042086278784
0.0	-0.15723791416715976	0.0	0.0	-1.8015574633116014	0.0	0.0	0.0	0.0	0.0
0.0	0.0	0.0	0.0	0.0	-0.08426658000261722	-0.5646662779792427	0.0	0.0	-0.08304448868728148
-0.23017038659543457	0.0	0.3617972955162264	0.0	0.0	-0.32174508771097404	-0.0791714252886929	-0.9017911269948246	0.0	0.0
0.0	0.0	0.0	-0.08014084575008976	0.0	0.0	0.24664066059643366	-1.1574679637227707	0.0	0.0
0.0	0.0	0.0	0.0	0.0	0.0	0.0	0.0	-1.7010515574189038	0.0
0.0	0.0	0.0	-0.07028099576858725	0.0	-0.42468822150821	0.0	0.0	0.0	0.3137931065095212
-0.370942158087638	0.0	0.0	0.0	0.0	0.0	0.059874908798293484	0.0	0.0	0.0
0.0	0.09813184892658434	0.0	0.037980707527642384	-0.6075379985624797	0.0	0.0	0.0	0.0	0.0
0.0	0.0	-0.7846058165656964	0.0	0.0	0.0	-0.5217708339961984	0.0	0.0	0.0
0.0	-0.5151099171246202	0.0	0.11697684594992808	0.0	0.0	0.0	-0.6613665005409424	0.0	-0.8295945971829066
0.0	-0.09542467621702258	0.0	0.0	0.0873053989180941	0.0	0.0	0.0	0.0	0.0
0.0	0.0	0.0	0.0	0.0	-0.27809482118087275	-0.6220500407740094	0.0	0.0	-0.09148381900694831
-0.19676484399220903	0.0	0.3092882167078286	0.0	0.0	-0.27504894493653825	0.3637535701003253	-0.7709105981934106	0.0	0.0
0.0	0.0	0.0	-0.08007798641789658	0.0	0.0	0.24644720534809347	-1.2233667909472183	0.0	0.0
0.0	0.0	0.0	0.0	0.0	0.0	0.0	0.0	-0.23211445775307205	0.0
0.0	0.0	0.0	-0.1034507128747629	0.0	-0.6251234602480745	0.0	0.0	0.0	-0.8863706001334587
-1.6898358948513692	0.0	0.0	0.0	0.0	0.0	0.08204176366107611	0.0	0.0	0.0
0.0	-0.7994610126477817	0.0	0.049511837930245065	-0.7919895357241168	0.0	0.0	0.0	0.0	0.0
0.0	0.0	-0.4133873823710921	0.0	0.0	0.0	-0.4560960582294729	0.0	0.0	0.0
0.0	-0.45803769378224507	0.0	0.24244460566098833	0.0	0.0	0.0	-0.588089602979473	0.0	-0.7376786651458304
0.0	-0.14532438457027272	0.0	0.0	-1.4713343873621239	0.0	0.0	0.0	0.0	0.0
0.0	0.0	0.0	0.0	0.0	-0.5864421599497408	-0.6821877972443829	0.0	0.0	-0.10032817439284937
-0.22942749409441113	0.0	0.36062956711421457	0.0	0.0	-0.320706630868471	-0.0631913558933841	-0.8988805272619779	0.0	0.0
0.0	0.0	0.0	-0.0786263082779809	0.0	0.0	0.2419795353097871	-1.0847397956595863	0.0	0.0
0.0	0.0	0.0	0.0	0.0	0.0	0.0	0.0	-1.7245329922798727	0.0
0.0	0.0	0.0	-0.09111016811001725	0.0	-0.5505530311972564	0.0	0.0	0.0	-0.5366997231028604
-0.9715922034589886	0.0	0.0	0.0	0.0	0.0	0.06984021898133241	0.0	0.0	0.0
0.0	0.06340496866570033	0.0	0.038210889819233915	-0.6112199860198292	0.0	0.0	0.0	0.0	0.0
0.0	0.0	-0.5535439480628636	0.0	0.0	0.0	-0.48546056451256225	0.0	0.0	0.0
0.0	-0.3736236184550243	0.0	0.5511644299655151	0.0	0.0	0.0	-0.47970760577933574	0.0	-0.6017281456750294
0.0	-0.09700173648198492	0.0	0.0	0.03865305544797448	0.0	0.0	0.0	0.0	0.0
0.0	0.0	0.0	0.0	0.0	-0.062420728371135104	-0.5719110915879652	0.0	0.0	-0.08410997084060591
-0.19634746835101516	0.0	0.3086321576012168	0.0	0.0	-0.2744655138346026	0.2808043427059687	-0.769275350256351	0.0	0.0
0.0	0.0	0.0	-0.08639920172689297	0.0	0.0	0.2659013139863394	-1.527103709959742	0.0	0.0
0.0	0.0	0.0	0.0	0.0	0.0	0.0	0.0	-0.19495085082464048	0.0
0.0	0.0	0.0	-0.09466083419832351	0.0	-0.5720087042383359	0.0	0.0	0.0	-0.4840836240679014
-1.3568285931789976	0.0	0.0	0.0	0.0	0.0	0.07622992708940467	0.0	0.0	0.0
0.0	-0.5757394180286243	0.0	0.04628927090406672	-0.7404414722791974	0.0	0.0	0.0	0.0	0.0
0.0	0.0	-0.5453524295704638	0.0	0.0	0.0	-0.48427307807931497	0.0	0.0	0.0
0.0	-0.42921242390617714	0.0	0.3090004063959586	0.0	0.0	0.0	-0.5510798945050172	0.0	-0.6912550041823395
0.0	-0.13772428642065923	0.0	0.0	-1.2273032328216056	0.0	0.0	0.0	0.0	0.0
0.0	0.0	0.0	0.0	0.0	-0.14408836816319792	-0.5907683868951865	0.0	0.0	-0.08688328050665763
-0.195879551781987	0.0	0.3078966548647193	0.0	0.0	-0.2738114337864685	0.32448896898461377	-0.7674420865756275	0.0	0.0
0.0	0.0	0.0	-0.07948225610369912	0.0	0.0	0.2446137917266654	-1.1649098584324507	0.0	0.0
0.0	0.0	0.0	0.0	0.0	0.0	0.0	0.0	-1.7843081541428731	0.0
0.0	0.0	0.0	-0.10061045288385902	0.0	-0.6079605707504696	0.0	0.0	0.0	-0.7236176682161287
-0.6466856181897418	0.0	0.0	0.0	0.0	0.0	0.06473922511996398	0.0	0.0	0.0
0.0	-0.05476606958503228	0.0	0.038427334810583316	-0.6146822321285303	0.0	0.0	0.0	0.0	0.0
0.0	0.0	-0.43339020154291563	0.0	0.0	0.0	-0.45897790999443894	0.0	0.0	0.0
0.0	-0.40143841310002737	0.0	0.5167465106942346	0.0	0.0	0.0	-0.5154199319956841	0.0	-0.6465244165137912
0.0	-0.12747667218291575	0.0	0.0	-0.8823407856172583	0.0	0.0	0.0	0.0	0.0
0.0	0.0	0.0	0.0	0.0	-0.4011963864186102	-0.6371629350814156	0.0	0.0	-0.0937064461219141
-0.23065122797187165	0.0	0.3625531143343659	0.0	0.0	-0.32241723478047846	-0.00794462983725941	-0.9036750291473857	0.0	0.0
0.0	0.0	0.0	-0.07884969690771264	0.0	0.0	0.2426670339091728	-1.0778023265007497	0.0	0.0
0.0	0.0	0.0	0.0	0.0	0.0	0.0	0.0	-0.34650023424315707	0.0
0.0	0.0	0.0	-0.09071947722763553	0.0	-0.5481921964625794	0.0	0.0	0.0	-0.44699544326340224
-2.317550992919298	0.0	0.0	0.0	0.0	0.0	0.09238927026888823	0.0	0.0	0.0
0.0	-0.29499099468374945	0.0	0.04225204659006693	-0.6758621808668377	0.0	0.0	0.0	0.0	0.0
0.0	0.0	-0.5635801915949363	0.0	0.0	0.0	-0.4815863134272736	0.0	0.0	0.0
0.0	-0.441532306700947	0.0	0.2623803435533416	0.0	0.0	0.0	-0.5668977956949883	0.0	-0.7110964164027047
0.0	-0.12951107313924806	0.0	0.0	-0.9610742348317477	0.0	0.0	0.0	0.0	0.0
0.0	0.0	0.0	0.0	0.0	-0.37453263552484434	-0.6334574079925078	0.0	0.0	-0.09316148068938206
-0.2211235212563196	0.0	0.3475768240602507	0.0	0.0	-0.30909887146614	-0.04906123505263404	-0.8663461550737811	0.0	0.0
0.0	0.0	0.0	-0.0889990647919002	0.0	0.0	0.27390262639840535	-1.6600823824134343	0.0	0.0
0.0	0.0	0.0	0.0	0.0	0.0	0.0	0.0	-1.4944566098708338	0.0
0.0	0.0	0.0	-0.10253748358619805	0.0	-0.6196050734046831	0.0	0.0	0.0	-0.8464289786286725
0.6022449458072028	0.0	0.0	0.0	0.0	0.0	0.04377221077943777	0.0	0.0	0.0
0.0	-0.4326982184136168	0.0	0.04447124384238125	-0.711360378368955	0.0	0.0	0.0	0.0	0.0
0.0	0.0	-0.5348657887096683	0.0	0.0	0.0	-0.48115409027123673	0.0	0.0	0.0
0.0	-0.4247851276522418	0.0	0.42952241846556494	0.0	0.0	0.0	-0.5453955437810633	0.0	-0.6841247569665705
0.0	-0.12902594384741944	0.0	0.0	-0.9564760629201738	0.0	0.0	0.0	0.0	0.0
0.0	0.0	0.0	0.0	0.0	-0.3791779421684421	-0.6444759165463237	0.0	0.0	-0.09478195360344142
-0.20254154556264467	0.0	0.318368424792379	0.0	0.0	-0.28312394268473606	0.4660803081178445	-0.793543302150555	0.0	0.0
0.0	0.0	0.0	-0.06113276505418523	0.0	0.0	0.18814158268393283	-0.1467036847695078	0.0	0.0
0.0	0.0	0.0	0.0	0.0	0.0	0.0	0.0	-0.48417707174789765	0.0
0.0	0.0	0.0	-0.09758708576219904	0.0	-0.5896912165413755	0.0	0.0	0.0	-0.691319987640942
-1.8227093246933577	0.0	0.0	0.0	0.0	0.0	0.0846034548295126	0.0	0.0	0.0
0.0	-0.2721043722844505	0.0	0.04164390414569697	-0.6661343567281085	0.0	0.0	0.0	0.0	0.0
0.0	0.0	-0.48485873289735093	0.0	0.0	0.0	-0.45811749870672414	0.0	0.0	0.0
0.0	-0.4697300126150864	0.0	0.2554961122878261	0.0	0.0	0.0	-0.6031017542361424	0.0	-0.7565093733302322
0.0	-0.13454986358128457	0.0	0.0	-1.1104378929733447	0.0	0.0	0.0	0.0	0.0
0.0	0.0	0.0	0.0	0.0	-0.06334248492237805	-0.5375635265118848	0.0	0.0	-0.07905853410596689
-0.2713842120771358	0.0	0.4265799585586537	0.0	0.0	-0.37935608663509773	-0.496466191303382	-1.0632639501440408	0.0	0.0
0.0	0.0	0.0	-0.09603241914409562	0.0	0.0	0.2955484069912853	-1.9923100182370563	0.0	0.0
0.0	0.0	0.0	0.0	0.0	0.0	0.0	0.0	-2.040121614981644	0.0
0.0	0.0	0.0	-0.08194484882854361	0.0	-0.4951695935746539	0.0	0.0	0.0	-0.05115563622173691
-0.8699885129844189	0.0	0.0	0.0	0.0	0.0	0.06798928073206235	0.0	0.0	0.0
0.0	-0.32768003547980956	0.0	0.04331284080641704	-0.6928306060763725	0.0	0.0	0.0	0.0	0.0
0.0	0.0	-0.150154238358855	0.0	0.0	0.0	-0.4261769147886142	0.0	0.0	0.0
0.0	-0.477996944973244	0.0	0.21499861036331136	0.0	0.0	0.0	-0.613715939562729	0.0	-0.7698234295959065
0.0	-0.12122369024927593	0.0	0.0	-0.7156875714840558	0.0	0.0	0.0	0.0	0.0
0.0	0.0	0.0	0.0	0.0	-0.05781745783515047	-0.5779689653696248	0.0	0.0	-0.08500089181525726
-0.17696603894370372	0.0	0.27816712321289194	0.0	0.0	-0.24737306377246607	0.5904158486810093	-0.6933402948110527	0.0	0.0
0.0	0.0	0.0	-0.06460441581519777	0.0	0.0	0.19882590013831014	-0.3862387337954998	0.0	0.0
0.0	0.0	0.0	0.0	0.0	0.0	0.0	0.0	0.1457377813177427	0.0
0.0	0.0	0.0	-0.1085984250403286	0.0	-0.6562296319879947	0.0	0.0	0.0	-0.9875407804392256
-1.524189558398564	0.0	0.0	0.0	0.0	0.0	0.07923485110740738	0.0	0.0	0.0
0.0	-0.18696918716575128	0.0	0.040661073664035506	-0.6504130365467975	0.0	0.0	0.0	0.0	0.0
0.0	0.0	-0.6881275330076383	0.0	0.0	0.0	-0.5008754517311376	0.0	0.0	0.0
0.0	-0.4731699187847277	0.0	0.24578928861685867	0.0	0.0	0.0	-0.6075183624783294	0.0	-0.7620494095016968
0.0	-0.12781148584313265	0.0	0.0	-0.9025618717316557	0.0	0.0	0.0	0.0	0.0
0.0	0.0	0.0	0.0	0.0	-0.5644630045882721	-0.679629958603852	0.0	0.0	-0.099951997506906
-0.22263322389774987	0.0	0.3499498762186208	0.0	0.0	-0.3112092185701671	0.010220099372521552	-0.8722610621414546	0.0	0.0
0.0	0.0	0.0	-0.08309816989410852	0.0	0.0	0.2557420916289076	-1.3437646418727542	0.0	0.0
0.0	0.0	0.0	0.0	0.0	0.0	0.0	0.0	-2.185858434898821	0.0
0.0	0.0	0.0	-0.09472995681077122	0.0	-0.5724263926763751	0.0	0.0	0.0	-0.6581581277271148
