-0.7961462703421491	0.0	0.33842225828128414	0.0	0.0	0.0	0.0	-0.14368361631466484	0.0	0.0
0.0	0.0002206298411653318	0.0	0.0	0.0	0.0	0.0	-0.48897408788921837	0.0	0.0
-0.08511762878447858	0.0	0.5698602534752015	0.06162626899240411	-0.15649973042343432	0.0	0.0	0.0	-0.24267176209276223	-0.1280614934993138
0.0	0.0	-0.5228050039960179	-0.7314628475824785	0.0	0.0	0.0	0.0	0.0	-0.666371561938877
0.0	0.0	0.9010852320624052	0.0	-0.7338243066725099	0.0	0.0	0.0	0.0	0.0
0.0	0.0	0.0	0.0	0.0	-0.24055920599337077	0.0	0.0	0.0	0.25993540827650274
0.0	0.0	0.0	0.0	0.0	0.0	-0.7076233008963637	0.0	0.0	0.0
0.14433596832644074	0.17092516046221512	0.0	0.0	0.0	0.0	0.0	-0.8658423004038542	0.0	0.0
0.0	0.0	-0.530249812050509	0.0	0.0	0.0	0.0	0.0	-0.6149025611230886	-0.4986009766746018
0.0	0.0	-0.13811969939907573	-0.37405950290194806	0.0	-0.17953422265565977	0.0	0.0	-0.20119469923828	0.05471217814300877
-1.1449715500170103	0.0	0.36780773305558234	0.0	0.0	0.0	0.0	-0.15615977939015963	0.0	0.0
0.0	-0.4548054111223063	0.0	0.0	0.0	0.0	0.0	-0.5554114670484377	0.0	0.0
-0.09127344647533642	0.0	0.3052005310794367	0.06608316097004084	-0.16781799460575061	0.0	0.0	0.0	-0.26022209975483157	-0.13732306737605818
0.0	0.0	-0.4717503378702346	-0.41553557776181527	0.0	0.0	0.0	0.0	0.0	-0.6012968642017351
0.0	0.0	1.0963347163308361	0.0	-1.5187784789714793	0.0	0.0	0.0	0.0	0.0
0.0	0.0	0.0	0.0	0.0	-1.5998110886276384	0.0	0.0	0.0	0.37026016256565814
0.0	0.0	0.0	0.0	0.0	0.0	-0.915450693663327	0.0	0.0	0.0
0.16913681265950886	0.20029475105269534	0.0	0.0	0.0	0.0	0.0	-1.5408710725380739	0.0	0.0
0.0	0.0	-0.5178455020094213	0.0	0.0	0.0	0.0	0.0	-0.5432291288330495	-0.4869370383555217
0.0	0.0	-0.13261027042267512	-0.35913871844359585	0.0	-0.1723728180706649	0.0	0.0	-0.19316928424893196	0.04170419206242859
-0.6631378146548941	0.0	0.32604992477602474	0.0	0.0	0.0	0.0	-0.13843070644604383	0.0	0.0
0.0	0.24587737176227553	0.0	0.0	0.0	0.0	0.0	-0.4349878032554197	0.0	0.0
-0.07763000517455972	0.0	0.775483133845908	0.056205132228043485	-0.1427327694166666	0.0	0.0	0.0	-0.22132442381214365	-0.11679618599556686
0.0	0.0	-0.4644218895662463	-0.30636025093851704	0.0	0.0	0.0	0.0	0.0	-0.5919559636640765
0.0	0.0	0.8221560432938176	0.0	-0.4272820887326736	0.0	0.0	0.0	0.0	0.0
0.0	0.0	0.0	0.0	0.0	-0.5864098257998349	0.0	0.0	0.0	0.2863672105238163
0.0	0.0	0.0	0.0	0.0	0.0	-1.0166411349532232	0.0	0.0	0.0
0.14259934910018598	0.16886862581356796	0.0	0.0	0.0	0.0	0.0	-0.831224738260353	0.0	0.0
0.0	0.0	-0.5190753468986607	0.0	0.0	0.0	0.0	0.0	-0.49616702176831096	-0.48809347792230207
0.0	0.0	-0.11286063663484444	-0.30565222644200024	0.0	-0.14670135219534994	0.0	0.0	-0.16440060282769686	0.4527870201449894
-0.9672283653762397	0.0	0.3520648268401415	0.0	0.0	0.0	0.0	-0.1494758286718323	0.0	0.0
0.0	-0.4750711815678397	0.0	0.0	0.0	0.0	0.0	-0.5546159111005561	0.0	0.0
-0.09868376124032521	0.0	0.24481567969868945	0.07144832512636257	-0.18144281333760207	0.0	0.0	0.0	-0.28134902924478655	-0.14847206188702286
0.0	0.0	-0.5158924563868468	-0.6979478045437579	0.0	0.0	0.0	0.0	0.0	-0.6575607718506181
0.0	0.0	1.0311250977233704	0.0	-1.2362176713486366	0.0	0.0	0.0	0.0	0.0
0.0	0.0	0.0	0.0	0.0	-1.0918445103928296	0.0	0.0	0.0	0.32890638465878086
0.0	0.0	0.0	0.0	0.0	0.0	-0.44363512276652717	0.0	0.0	0.0
0.17265606349962193	0.20446230901851473	0.0	0.0	0.0	0.0	0.0	-1.6461368729355756	0.0	0.0
0.0	0.0	-0.5546692159012729	0.0	0.0	0.0	0.0	0.0	-0.7688773962315005	-0.5215628680946456
0.0	0.0	-0.1328608312347575	-0.3598172940068357	0.0	-0.1726985083293383	0.0	0.0	-0.1935342684434179	-0.0034502145279435847
-1.0760872276289422	0.0	0.3630947488121177	0.0	0.0	0.0	0.0	-0.1541587921525761	0.0	0.0
0.0	0.336538735157498	0.0	0.0	0.0	0.0	0.0	-0.4181289231179218	0.0	0.0
-0.07339461821678961	0.0	0.8168569633670286	0.053138657049237085	-0.13494546464096283	0.0	0.0	0.0	-0.20924926581180472	-0.1104239457545598
0.0	0.0	-0.43428650185967055	-0.13099977470757485	0.0	0.0	0.0	0.0	0.0	-0.5535451504121485
0.0	0.0	0.8432450133774048	0.0	-0.5226260458891607	0.0	0.0	0.0	0.0	0.0
0.0	0.0	0.0	0.0	0.0	-0.4803916273925992	0.0	0.0	0.0	0.27822462468830106
0.0	0.0	0.0	0.0	0.0	0.0	-1.2531674514120787	0.0	0.0	0.0
0.13998712248569165	0.1657751816885645	0.0	0.0	0.0	0.0	0.0	-0.7463724581275171	0.0	0.0
0.0	0.0	-0.4762172772901591	0.0	0.0	0.0	0.0	0.0	-0.2528148100316516	-0.44779346294907385
0.0	0.0	-0.12002019193088333	-0.32504192759749834	0.0	-0.15600766548901437	0.0	0.0	-0.17482970585017288	0.45711345009744664
-0.864080191088745	0.0	0.3426344747513702	0.0	0.0	0.0	0.0	-0.1454719930550006	0.0	0.0
0.0	-0.37667297494676544	0.0	0.0	0.0	0.0	0.0	-0.5366996387380308	0.0	0.0
-0.09278685036185598	0.0	0.4271524423737807	0.06717888504432111	-0.1706005826975993	0.0	0.0	0.0	-0.2645368391706775	-0.1396000194568791
0.0	0.0	-0.5066470961288424	-0.6769195098576868	0.0	0.0	0.0	0.0	0.0	-0.6457765595559306
0.0	0.0	1.0009881450548823	0.0	-1.125720134385628	0.0	0.0	0.0	0.0	0.0
0.0	0.0	0.0	0.0	0.0	-1.0283151333099494	0.0	0.0	0.0	0.32511850991069485
0.0	0.0	0.0	0.0	0.0	0.0	-0.27281142084244214	0.0	0.0	0.0
0.16957568080388108	0.20081446633134936	0.0	0.0	0.0	0.0	0.0	-1.5662236956467894	0.0	0.0
0.0	0.0	-0.4916754601626942	0.0	0.0	0.0	0.0	0.0	-0.42784772313533825	-0.4623289986582811
0.0	0.0	-0.15303341299383888	-0.4144492251352739	0.0	-0.19891974107768193	0.0	0.0	-0.22291904510841226	-0.19153163022973774
-1.042542506748061	0.0	0.36230398778107376	0.0	0.0	0.0	0.0	-0.15382305949374295	0.0	0.0
0.0	0.3983005837022685	0.0	0.0	0.0	0.0	0.0	-0.4305445464268961	0.0	0.0
-0.08011393666232272	0.0	0.678649102737924	0.05800353089362637	-0.1472997975843507	0.0	0.0	0.0	-0.22840615340989137	-0.12053331989621083
0.0	0.0	-0.4521359491952397	-0.26417903575758706	0.0	0.0	0.0	0.0	0.0	-0.5762962029266335
0.0	0.0	0.9555132701440772	0.0	-0.9671211584033661	0.0	0.0	0.0	0.0	0.0
0.0	0.0	0.0	0.0	0.0	-1.113429418658503	0.0	0.0	0.0	0.3302044542624558
0.0	0.0	0.0	0.0	0.0	0.0	-1.030441726224955	0.0	0.0	0.0
0.12283620259819343	0.145464764487392	0.0	0.0	0.0	0.0	0.0	-0.26176768299556485	0.0	0.0
0.0	0.0	-0.455737112900542	0.0	0.0	0.0	0.0	0.0	-0.15464581289277102	-0.42853569097998767
0.0	0.0	-0.12616834361737458	-0.3416925181622074	0.0	-0.1639993106967991	0.0	0.0	-0.18378552847950602	0.27927071497313916
-0.7187944005787121	0.0	0.3286600757727918	0.0	0.0	0.0	0.0	-0.13953889577214632	0.0	0.0
0.0	-0.5984110366384837	0.0	0.0	0.0	0.0	0.0	-0.5706907862949943	0.0	0.0
-0.09504979250498152	0.0	0.38920591268685956	0.06881728455354161	-0.17476129347420824	0.0	0.0	0.0	-0.2709885245057651	-0.14300466964144865
0.0	0.0	-0.4963592713266939	-0.5643999003867858	0.0	0.0	0.0	0.0	0.0	-0.6326636133714801
0.0	0.0	0.9608815300990069	0.0	-0.9568789460361611	0.0	0.0	0.0	0.0	0.0
0.0	0.0	0.0	0.0	0.0	-0.6578609483854736	0.0	0.0	0.0	0.293303108813435
0.0	0.0	0.0	0.0	0.0	0.0	-0.738609635608555	0.0	0.0	0.0
0.18062225581282126	0.21389601230948455	0.0	0.0	0.0	0.0	0.0	-1.8765567631121307	0.0	0.0
0.0	0.0	-0.544943117148379	0.0	0.0	0.0	0.0	0.0	-0.7005120911070111	-0.5124172876017954
0.0	0.0	-0.12910964143504777	-0.3496582204070877	0.0	-0.16782254242690145	0.0	0.0	-0.18807002614617938	0.14233666773804388
-1.1736964256424678	0.0	0.37603466271488567	0.0	0.0	0.0	0.0	-0.15965267909072417	0.0	0.0
0.0	0.7909986432157059	0.0	0.0	0.0	0.0	0.0	-0.3558584197853642	0.0	0.0
-0.09192561392308249	0.0	0.459306834707761	0.06655533867443453	-0.16901708850933703	0.0	0.0	0.0	-0.26208143989369753	-0.13830426878595023
0.0	0.0	-0.44613658950055696	-0.2510340976668122	0.0	0.0	0.0	0.0	0.0	-0.568649369671745
0.0	0.0	0.9906628743867226	0.0	-1.0853643457822788	0.0	0.0	0.0	0.0	0.0
0.0	0.0	0.0	0.0	0.0	-1.3806692065604387	0.0	0.0	0.0	0.35215008183245783
0.0	0.0	0.0	0.0	0.0	0.0	-0.9966966822324115	0.0	0.0	0.0
0.11259041206081978	0.1333315213881941	0.0	0.0	0.0	0.0	0.0	0.01878054720615774	0.0	0.0
0.0	0.0	-0.4706846918184065	0.0	0.0	0.0	0.0	0.0	-0.26411576517765356	-0.44259109897447085
0.0	0.0	-0.12879445589273864	-0.348804626402822	0.0	-0.1674128500254774	0.0	0.0	-0.18761090510359793	0.19780078114475086
-1.0751003109326995	0.0	0.3605320657846682	0.0	0.0	0.0	0.0	-0.15307075625705854	0.0	0.0
0.0	-0.5434509556255173	0.0	0.0	0.0	0.0	0.0	-0.5559099841260918	0.0	0.0
-0.0947684088297305	0.0	0.3964330025574594	0.06861355911723983	-0.17424393332271904	0.0	0.0	0.0	-0.2701862950114473	-0.14258132122099143
0.0	0.0	-0.5178340680337287	-0.7068769358687528	0.0	0.0	0.0	0.0	0.0	-0.6600355660395071
0.0	0.0	1.0061682328270551	0.0	-1.142626892521497	0.0	0.0	0.0	0.0	0.0
0.0	0.0	0.0	0.0	0.0	-0.4999547153333235	0.0	0.0	0.0	0.2807916764024642
0.0	0.0	0.0	0.0	0.0	0.0	-0.5053712662223675	0.0	0.0	0.0
0.18197188034897543	0.21549426112494377	0.0	0.0	0.0	0.0	0.0	-1.9048447371849009	0.0	0.0
0.0	0.0	-0.5027943826887771	0.0	0.0	0.0	0.0	0.0	-0.46392932543473564	-0.47278426993812467
0.0	0.0	-0.13419027767483738	-0.36341773678708095	0.0	-0.17442658284890736	0.0	0.0	-0.1954708320026278	0.09604699179666387
-0.9081212906506644	0.0	0.35073512171077964	0.0	0.0	0.0	0.0	-0.14891127702978257	0.0	0.0
0.0	0.5575732350466106	0.0	0.0	0.0	0.0	0.0	-0.39117721326846105	0.0	0.0
-0.08877309351890443	0.0	0.6021883881417381	0.06427287294781238	-0.1632207734515307	0.0	0.0	0.0	-0.2530935522793426	-0.1335612269858981
0.0	0.0	-0.42445262417943613	-0.1236742180482493	0.0	0.0	0.0	0.0	0.0	-0.5410108089662821
0.0	0.0	0.9303532252476555	0.0	-0.8455999739635607	0.0	0.0	0.0	0.0	0.0
0.0	0.0	0.0	0.0	0.0	-1.2227058135334037	0.0	0.0	0.0	0.33960713446199736
0.0	0.0	0.0	0.0	0.0	0.0	-1.1956947309062933	0.0	0.0	0.0
0.12451761739814353	0.14745592509564054	0.0	0.0	0.0	0.0	0.0	-0.32047450594303206	0.0	0.0
0.0	0.0	-0.44678600977897565	0.0	0.0	0.0	0.0	0.0	-0.1283576531549393	-0.42011884922483594
0.0	0.0	-0.13348422876057867	-0.3615055960349571	0.0	-0.1735088285855415	0.0	0.0	-0.19444235236091245	0.2116905973655937
-0.9736365435981635	0.0	0.3523318057198221	0.0	0.0	0.0	0.0	-0.14958917964084645	0.0	0.0
0.0	-0.27681770957669505	0.0	0.0	0.0	0.0	0.0	-0.5008820683254057	0.0	0.0
-0.10121703163632172	0.0	0.26708311639238336	0.07328244580246208	-0.18610055744683898	0.0	0.0	0.0	-0.2885714248828333	-0.15228342734658404
0.0	0.0	-0.5026693763521507	-0.6727095080873771	0.0	0.0	0.0	0.0	0.0	-0.6407065251830971
0.0	0.0	0.9741544911812345	0.0	-0.9978503591429654	0.0	0.0	0.0	0.0	0.0
0.0	0.0	0.0	0.0	0.0	-0.605212793846627	0.0	0.0	0.0	0.29089088389468026
0.0	0.0	0.0	0.0	0.0	0.0	-0.3896517610049477	0.0	0.0	0.0
0.1777921004632629	0.21054449319151816	0.0	0.0	0.0	0.0	0.0	-1.8000357475352935	0.0	0.0
0.0	0.0	-0.5270861905056902	0.0	0.0	0.0	0.0	0.0	-0.6520973119968584	-0.49562618110423534
0.0	0.0	-0.15640453965685913	-0.42357900147619526	0.0	-0.2033016837516982	0.0	0.0	-0.22782966117557293	-0.21321627157508616
-1.0252848362966376	0.0	0.360689984461809	0.0	0.0	0.0	0.0	-0.1531378036396109	0.0	0.0
0.0	0.388535835091083	0.0	0.0	0.0	0.0	0.0	-0.4249969278095143	0.0	0.0
-0.08563227711270636	0.0	0.6335455520165943	0.06199888106777292	-0.15744597770241406	0.0	0.0	0.0	-0.24413903295606787	-0.1288357941287011
0.0	0.0	-0.37822298529421305	0.1755040311314322	0.0	0.0	0.0	0.0	0.0	-0.48208613067064165
0.0	0.0	0.9727511606666646	0.0	-1.0257004977402706	0.0	0.0	0.0	0.0	0.0
0.0	0.0	0.0	0.0	0.0	-1.0942699100277393	0.0	0.0	0.0	0.328805615990479
0.0	0.0	0.0	0.0	0.0	0.0	-1.425896653884612	0.0	0.0	0.0
0.12785326229955868	0.15140605372005847	0.0	0.0	0.0	0.0	0.0	-0.40457492768099024	0.0	0.0
0.0	0.0	-0.41654108865425105	0.0	0.0	0.0	0.0	0.0	0.06037216456139083	-0.3916791461461718
0.0	0.0	-0.12851988880927345	-0.34806103640660085	0.0	-0.16705595533115633	0.0	0.0	-0.18721095171520474	0.39328813968210985
-1.0310240519070786	0.0	0.35683298105309696	0.0	0.0	0.0	0.0	-0.15150023937088863	0.0	0.0
0.0	-0.6083588859946485	0.0	0.0	0.0	0.0	0.0	-0.5711380368334088	0.0	0.0
-0.0979112715324199	0.0	0.30353196225327916	0.07088903254252221	-0.18002249145166033	0.0	0.0	0.0	-0.27914664835973435	-0.14730983277984594
0.0	0.0	-0.5152392854603709	-0.7422519124750163	0.0	0.0	0.0	0.0	0.0	-0.6567282348106854
0.0	0.0	1.0097315737675845	0.0	-1.1504212837238246	0.0	0.0	0.0	0.0	0.0
0.0	0.0	0.0	0.0	0.0	-0.7017179919979144	0.0	0.0	0.0	0.2986716850348697
0.0	0.0	0.0	0.0	0.0	0.0	-0.08481133738771618	0.0	0.0	0.0
0.18181094882812368	0.2153036832229561	0.0	0.0	0.0	0.0	0.0	-1.8990659842751492	0.0	0.0
0.0	0.0	-0.5134313121763173	0.0	0.0	0.0	0.0	0.0	-0.5657898396765387	-0.4827863167296118
0.0	0.0	-0.15525492780317135	-0.42046559158324326	0.0	-0.20180736634870977	0.0	0.0	-0.22615505710280284	-0.2156785490605837
-1.1704711779823924	0.0	0.373216671234427	0.0	0.0	0.0	0.0	-0.1584562471281442	0.0	0.0
0.0	0.8031910974701258	0.0	0.0	0.0	0.0	0.0	-0.3244330422468456	0.0	0.0
-0.08291686357154315	0.0	0.7036110311206571	0.06003288638837396	-0.1524533399463012	0.0	0.0	0.0	-0.23639734421009584	-0.12475038998251521
0.0	0.0	-0.45020264248544184	-0.2629938470579203	0.0	0.0	0.0	0.0	0.0	-0.57383199427892
0.0	0.0	0.8574611599248715	0.0	-0.5602229078892653	0.0	0.0	0.0	0.0	0.0
0.0	0.0	0.0	0.0	0.0	-1.0869654244668667	0.0	0.0	0.0	0.32824929547807163
0.0	0.0	0.0	0.0	0.0	0.0	-1.1881700953187417	0.0	0.0	0.0
0.13099187546049582	0.15512285393543293	0.0	0.0	0.0	0.0	0.0	-0.5057550330363947	0.0	0.0
0.0	0.0	-0.45971938421753106	0.0	0.0	0.0	0.0	0.0	-0.18698079851154303	-0.43228027385943407
0.0	0.0	-0.129081430653667	-0.3495818192064938	0.0	-0.16778587277928608	0.0	0.0	-0.18802893237244636	0.2413233862837868
-0.3915429290104391	0.0	0.29935132381007373	0.0	0.0	0.0	0.0	-0.12709530682779063	0.0	0.0
0.0	-0.39019244473921877	0.0	0.0	0.0	0.0	0.0	-0.5197561400438705	0.0	0.0
-0.09875235493425816	0.0	0.42351992992750653	0.07149798785186211	-0.18156893168420726	0.0	0.0	0.0	-0.2815445909963634	-0.1485752627282015
0.0	0.0	-0.5080617748999161	-0.6502857586264585	0.0	0.0	0.0	0.0	0.0	-0.6475797207634875
0.0	0.0	0.9902038608608552	0.0	-1.0687752548383607	0.0	0.0	0.0	0.0	0.0
0.0	0.0	0.0	0.0	0.0	-0.8994526810322498	0.0	0.0	0.0	0.3132449321369205
0.0	0.0	0.0	0.0	0.0	0.0	-0.18649716782136405	0.0	0.0	0.0
0.182479116658245	0.2160949391718605	0.0	0.0	0.0	0.0	0.0	-1.9490785682160618	0.0	0.0
0.0	0.0	-0.5066816847998825	0.0	0.0	0.0	0.0	0.0	-0.4906346251927206	-0.4764395520055171
0.0	0.0	-0.13297390887093405	-0.3601235339173014	0.0	-0.1728454917473375	0.0	0.0	-0.1936989851427743	0.070648997033807
-1.3934373407287692	0.0	0.3961756447309178	0.0	0.0	0.0	0.0	-0.1682039166685634	0.0	0.0
0.0	0.601509506829092	0.0	0.0	0.0	0.0	0.0	-0.40016321480236955	0.0	0.0
-0.09640688431521846	0.0	0.319692758710418	0.06979983665396268	-0.17725648166841532	0.0	0.0	0.0	-0.27485761561667615	-0.14504644649210172
0.0	0.0	-0.5019051335395299	-0.5969527590727822	0.0	0.0	0.0	0.0	0.0	-0.6397324150027162
0.0	0.0	1.0301304533382512	0.0	-1.2370583335824616	0.0	0.0	0.0	0.0	0.0
0.0	0.0	0.0	0.0	0.0	-1.2252042979018556	0.0	0.0	0.0	0.33940106753194155
0.0	0.0	0.0	0.0	0.0	0.0	-1.1643934724398979	0.0	0.0	0.0
0.11221787788855257	0.13289035995136902	0.0	0.0	0.0	0.0	0.0	0.044822597207553994	0.0	0.0
0.0	0.0	-0.5028725430398383	0.0	0.0	0.0	0.0	0.0	-0.45576968979408483	-0.47285776515960465
0.0	0.0	-0.12752435761020647	-0.34536491190686225	0.0	-0.1657619189212049	0.0	0.0	-0.185760792172069	0.11674206896043837
-0.8477373950518623	0.0	0.33864197480884345	0.0	0.0	0.0	0.0	-0.14377690115179154	0.0	0.0
0.0	-0.6827463281915042	0.0	0.0	0.0	0.0	0.0	-0.5805377551537106	0.0	0.0
-0.0823611696833215	0.0	0.6719507467769539	0.059630556794351856	-0.15143162511534836	0.0	0.0	0.0	-0.23481305177896647	-0.1239143353335506
0.0	0.0	-0.5244646875707774	-0.7048243669611837	0.0	0.0	0.0	0.0	0.0	-0.6684870082861448
0.0	0.0	0.9229633757265647	0.0	-0.8292072817577671	0.0	0.0	0.0	0.0	0.0
0.0	0.0	0.0	0.0	0.0	-0.4935510678981936	0.0	0.0	0.0	0.2795245549341156
0.0	0.0	0.0	0.0	0.0	0.0	-0.2940030249560337	0.0	0.0	0.0
0.1868052852101989	0.22121806310626965	0.0	0.0	0.0	0.0	0.0	-2.0450020526575927	0.0	0.0
0.0	0.0	-0.49636120138866663	0.0	0.0	0.0	0.0	0.0	-0.38919655751980375	-0.46673506368389533
0.0	0.0	-0.1233405200419228	-0.33403412992700254	0.0	-0.16032357791114343	0.0	0.0	-0.1796663252359624	0.2462816391656174
-0.8186464980984478	0.0	0.3439365835227828	0.0	0.0	0.0	0.0	-0.14602482813760354	0.0	0.0
0.0	0.8266508143093382	0.0	0.0	0.0	0.0	0.0	-0.34220240668571866	0.0	0.0
-0.09398797335523493	0.0	0.3414078322619807	0.06804851369516567	-0.172809002120856	0.0	0.0	0.0	-0.267961260614929	-0.14140713751931888
0.0	0.0	-0.4616791091132325	-0.3507431578658313	0.0	0.0	0.0	0.0	0.0	-0.5884599931194944
0.0	0.0	0.9479153816923712	0.0	-0.9061589788590318	0.0	0.0	0.0	0.0	0.0
0.0	0.0	0.0	0.0	0.0	-1.1001111887476738	0.0	0.0	0.0	0.3293404091911364
0.0	0.0	0.0	0.0	0.0	0.0	-1.2188865048937876	0.0	0.0	0.0
0.11608208280410194	0.1374664185243461	0.0	0.0	0.0	0.0	0.0	-0.09427893415370447	0.0	0.0
0.0	0.0	-0.5649374130328367	0.0	0.0	0.0	0.0	0.0	-0.8153715332850665	-0.531218190929531
0.0	0.0	-0.12937925064522174	-0.3503883833568641	0.0	-0.16817299265362495	0.0	0.0	-0.18846275755371084	0.12201988093657878
-1.4363289143502156	0.0	0.392739143894892	0.0	0.0	0.0	0.0	-0.16674488477717359	0.0	0.0
0.0	-0.5074863606617526	0.0	0.0	0.0	0.0	0.0	-0.55310596568931	0.0	0.0
-0.08697092387316961	0.0	0.5029868224901487	0.0629680787125405	-0.1599072522954265	0.0	0.0	0.0	-0.24795553692616695	-0.13084981996401904
0.0	0.0	-0.5143651926587249	-0.6453777742509744	0.0	0.0	0.0	0.0	0.0	-0.6556141089299838
0.0	0.0	1.0013021008212124	0.0	-1.1395377572141552	0.0	0.0	0.0	0.0	0.0
0.0	0.0	0.0	0.0	0.0	-0.9362002822085453	0.0	0.0	0.0	0.31543642592577353
0.0	0.0	0.0	0.0	0.0	0.0	-0.39314943392374646	0.0	0.0	0.0
0.17843783294119356	0.21130918080671005	0.0	0.0	0.0	0.0	0.0	-1.793443277038415	0.0	0.0
0.0	0.0	-0.4880662269472383	0.0	0.0	0.0	0.0	0.0	-0.34480258446901657	-0.4589351884854614
0.0	0.0	-0.12131201152829522	-0.3285404683454818	0.0	-0.15768683093928498	0.0	0.0	-0.17671145955005924	0.23616526812959804
-0.3294221551889145	0.0	0.29954158076937865	0.0	0.0	0.0	0.0	-0.12717608404404349	0.0	0.0
0.0	0.7803862641635206	0.0	0.0	0.0	0.0	0.0	-0.34861302016242707	0.0	0.0
-0.09210059293380163	0.0	0.5457648045942598	0.06668202575132556	-0.16933880997172224	0.0	0.0	0.0	-0.262580307936274	-0.13856752886219675
0.0	0.0	-0.5315371976798214	-0.7594136292325087	0.0	0.0	0.0	0.0	0.0	-0.6775016878935881
0.0	0.0	0.8447472072294131	0.0	-0.4884534308930344	0.0	0.0	0.0	0.0	0.0
0.0	0.0	0.0	0.0	0.0	-1.0097531809582039	0.0	0.0	0.0	0.3214578292547674
0.0	0.0	0.0	0.0	0.0	0.0	-1.3646204528734192	0.0	0.0	0.0
0.11882517757629286	0.14071483899456028	0.0	0.0	0.0	0.0	0.0	-0.18748653574305196	0.0	0.0
0.0	0.0	-0.5667126361012341	0.0	0.0	0.0	0.0	0.0	-0.8100039382273013	-0.5328874568785286
0.0	0.0	-0.12176220940108792	-0.329759706392169	0.0	-0.15827201846492198	0.0	0.0	-0.17736724888357444	0.1252937186063504
-1.5764995675044078	0.0	0.4065664807036832	0.0	0.0	0.0	0.0	-0.17261554401447668	0.0	0.0
0.0	-0.44718241342695264	0.0	0.0	0.0	0.0	0.0	-0.5520343670940433	0.0	0.0
-0.09219656134263139	0.0	0.4186308410825782	0.0667515081260319	-0.16951526025970023	0.0	0.0	0.0	-0.2628539154510572	-0.13871191561191004
0.0	0.0	-0.48131511603671034	-0.4373511658930245	0.0	0.0	0.0	0.0	0.0	-0.6134882091920785
0.0	0.0	1.060671291669668	0.0	-1.3709894917009775	0.0	0.0	0.0	0.0	0.0
0.0	0.0	0.0	0.0	0.0	-0.7681828808220801	0.0	0.0	0.0	0.30133975248813083
0.0	0.0	0.0	0.0	0.0	0.0	-0.15921478281277723	0.0	0.0	0.0
0.17017744900385315	0.20152709068502853	0.0	0.0	0.0	0.0	0.0	-1.555801250006824	0.0	0.0
0.0	0.0	-0.4614313488014727	0.0	0.0	0.0	0.0	0.0	-0.18825903561621904	-0.4338900570110485
0.0	0.0	-0.11530768450346615	-0.3122793876166649	0.0	-0.1498821355217371	0.0	0.0	-0.16796514186225195	0.40566718005164826
-0.38298346318212384	0.0	0.3036305994041923	0.0	0.0	0.0	0.0	-0.1289121547966349	0.0	0.0
0.0	0.41874162224634326	0.0	0.0	0.0	0.0	0.0	-0.42461763945218206	0.0	0.0
-0.0888964284646481	0.0	0.5796572050057308	0.0643621690507596	-0.1634475406446059	0.0	0.0	0.0	-0.2534451822417681	-0.13374678734017656
0.0	0.0	-0.4644207660420153	-0.3842999444809494	0.0	0.0	0.0	0.0	0.0	-0.5919545316108427
0.0	0.0	0.8612323455662818	0.0	-0.5627535359995337	0.0	0.0	0.0	0.0	0.0
0.0	0.0	0.0	0.0	0.0	-0.8725867205411437	0.0	0.0	0.0	0.3115698749186604
0.0	0.0	0.0	0.0	0.0	0.0	-0.9654401016026718	0.0	0.0	0.0
0.12361442553709537	0.14638634960750807	0.0	0.0	0.0	0.0	0.0	-0.3073490520337756	0.0	0.0
0.0	0.0	-0.5235204529058469	0.0	0.0	0.0	0.0	0.0	-0.5855833954495003	-0.49227327043940733
0.0	0.0	-0.14043946360671838	-0.3803419510258277	0.0	-0.18254955693147654	0.0	0.0	-0.20457382809600985	0.03812230683761797
-1.5722848474792188	0.0	0.405126308353671	0.0	0.0	0.0	0.0	-0.17200409140962422	0.0	0.0
0.0	-0.7961553507865368	0.0	0.0	0.0	0.0	0.0	-0.609636816650877	0.0	0.0
-0.09725181886455815	0.0	0.2990833354576423	0.07041158024412339	-0.17881000273197695	0.0	0.0	0.0	-0.27726653793828465	-0.146317670583313
0.0	0.0	-0.4648268823916528	-0.3729918918970314	0.0	0.0	0.0	0.0	0.0	-0.5924721708533295
0.0	0.0	1.029130544548289	0.0	-1.2311495491055318	0.0	0.0	0.0	0.0	0.0
0.0	0.0	0.0	0.0	0.0	-1.134342483564938	0.0	0.0	0.0	0.33206670718924763
0.0	0.0	0.0	0.0	0.0	0.0	-0.777269008343572	0.0	0.0	0.0
0.1849212898232336	0.21898700304853816	0.0	0.0	0.0	0.0	0.0	-1.961211869869979	0.0	0.0
0.0	0.0	-0.49301166516766226	0.0	0.0	0.0	0.0	0.0	-0.40144604867445244	-0.46358545006170204
0.0	0.0	-0.12848216128581408	-0.34795886170789864	0.0	-0.1670069153924186	0.0	0.0	-0.18715599519728265	0.18072379043754572
-0.07821013462693926	0.0	0.2760977113470964	0.0	0.0	0.0	0.0	-0.11722254270161046	0.0	0.0
0.0	0.6174506291035251	0.0	0.0	0.0	0.0	0.0	-0.3881278481945459	0.0	0.0
-0.07956482869647784	0.0	0.6173929577585247	0.05760596959296196	-0.14629019182047684	0.0	0.0	0.0	-0.2268406375519702	-0.11970717392383515
0.0	0.0	-0.4572916225866282	-0.301678046918314	0.0	0.0	0.0	0.0	0.0	-0.5828676666739323
0.0	0.0	0.9684884396032613	0.0	-1.0213497707094756	0.0	0.0	0.0	0.0	0.0
0.0	0.0	0.0	0.0	0.0	-1.1275379113460988	0.0	0.0	0.0	0.3315623812480722
0.0	0.0	0.0	0.0	0.0	0.0	-0.4465972714782902	0.0	0.0	0.0
0.11759251801641225	0.13925510213540568	0.0	0.0	0.0	0.0	0.0	-0.15489217825574153	0.0	0.0
0.0	0.0	-0.5386685545683056	0.0	0.0	0.0	0.0	0.0	-0.6402466850613706	-0.506517232647448
0.0	0.0	-0.12920784292772067	-0.34992417234365625	0.0	-0.16795018916177964	0.0	0.0	-0.18821307322685674	0.16177534772681335
-1.6521442350902305	0.0	0.4121438956037076	0.0	0.0	0.0	0.0	-0.17498354175372915	0.0	0.0
0.0	-0.5845077707854193	0.0	0.0	0.0	0.0	0.0	-0.5714022107353663	0.0	0.0
-0.08661799959162458	0.0	0.5401735977816238	0.06271255694790681	-0.15925835551916018	0.0	0.0	0.0	-0.24694934398457657	-0.1303188370027659
0.0	0.0	-0.5218884029689319	-0.6910105701443723	0.0	0.0	0.0	0.0	0.0	-0.6652032547240921
0.0	0.0	0.9816206327320939	0.0	-1.0598363925130574	0.0	0.0	0.0	0.0	0.0
0.0	0.0	0.0	0.0	0.0	-0.37183381421479633	0.0	0.0	0.0	0.2694730885392475
0.0	0.0	0.0	0.0	0.0	0.0	-0.9510467669991883	0.0	0.0	0.0
0.17810135817105563	0.21091072154015192	0.0	0.0	0.0	0.0	0.0	-1.7732711104782473	0.0	0.0
0.0	0.0	-0.46910075491300474	0.0	0.0	0.0	0.0	0.0	-0.23419939972705528	-0.4411017019580528
0.0	0.0	-0.12132816123863277	-0.3285842054274995	0.0	-0.1577078230620899	0.0	0.0	-0.17673498433420143	0.31084031228358944
-0.06700456947407019	0.0	0.27469811533523053	0.0	0.0	0.0	0.0	-0.11662831755405141	0.0	0.0
0.0	0.5735714142992608	0.0	0.0	0.0	0.0	0.0	-0.3729539086216139	0.0	0.0
-0.0950577380884589	0.0	0.46824765184409933	0.0688230372591993	-0.17477590245345287	0.0	0.0	0.0	-0.27101117749517334	-0.14301662396044654
0.0	0.0	-0.4877908233563822	-0.4863353591365078	0.0	0.0	0.0	0.0	0.0	-0.6217421990511763
0.0	0.0	0.9693525520373412	0.0	-0.9914931342964574	0.0	0.0	0.0	0.0	0.0
0.0	0.0	0.0	0.0	0.0	-1.5160209488106113	0.0	0.0	0.0	0.36240106309304443
0.0	0.0	0.0	0.0	0.0	0.0	-0.6816987321651031	0.0	0.0	0.0
0.13386350040615813	0.1585234820693332	0.0	0.0	0.0	0.0	0.0	-0.6160601295630146	0.0	0.0
0.0	0.0	-0.5401723819936576	0.0	0.0	0.0	0.0	0.0	-0.6534922624075307	-0.5079313016503787
0.0	0.0	-0.1175507792365057	-0.31835419739726284	0.0	-0.15279781135213177	0.0	0.0	-0.17123258866484672	0.20505634241170567
-1.417383072190256	0.0	0.3921432192612353	0.0	0.0	0.0	0.0	-0.1664918736222642	0.0	0.0
0.0	-0.14579412288643112	0.0	0.0	0.0	0.0	0.0	-0.4826956814297075	0.0	0.0
-0.0904928821698776	0.0	0.4111807209568352	0.06551802227267566	-0.16638282653155803	0.0	0.0	0.0	-0.25799669805911435	-0.13614868984514253
0.0	0.0	-0.5111180281521465	-0.6390299620925752	0.0	0.0	0.0	0.0	0.0	-0.6514752463185278
0.0	0.0	0.9751944641881896	0.0	-1.0252139749443707	0.0	0.0	0.0	0.0	0.0
0.0	0.0	0.0	0.0	0.0	-0.5601636219732118	0.0	0.0	0.0	0.2850667800575071
0.0	0.0	0.0	0.0	0.0	0.0	-0.7655242066198453	0.0	0.0	0.0
0.17004358065975203	0.2013685614669715	0.0	0.0	0.0	0.0	0.0	-1.5697839101359872	0.0	0.0
0.0	0.0	-0.5236284835824246	0.0	0.0	0.0	0.0	0.0	-0.5629239909814914	-0.4923748531267149
0.0	0.0	-0.1250432671700444	-0.3386455557198765	0.0	-0.1625368855229939	0.0	0.0	-0.1821466643752146	0.20681634640255975
-0.39442381840691443	0.0	0.3029817003982989	0.0	0.0	0.0	0.0	-0.12863665236289057	0.0	0.0
0.0	0.2938838923893521	0.0	0.0	0.0	0.0	0.0	-0.43452291691556444	0.0	0.0
-0.08285785523347167	0.0	0.7627991822629152	0.05999016358504027	-0.15234484551180152	0.0	0.0	0.0	-0.2362291104660117	-0.12466161053682033
0.0	0.0	-0.5127145891860146	-0.6413299800367819	0.0	0.0	0.0	0.0	0.0	-0.653510236155537
0.0	0.0	0.9040175011746576	0.0	-0.7506821537557786	0.0	0.0	0.0	0.0	0.0
0.0	0.0	0.0	0.0	0.0	-1.2595744988725976	0.0	0.0	0.0	0.34215554180196756
0.0	0.0	0.0	0.0	0.0	0.0	-1.042526505494099	0.0	0.0	0.0
0.13577379739143305	0.1607856889365787	0.0	0.0	0.0	0.0	0.0	-0.6480948679056817	0.0	0.0
0.0	0.0	-0.4683794413681838	0.0	0.0	0.0	0.0	0.0	-0.23345981614113764	-0.4404234412029088
0.0	0.0	-0.12687266238154615	-0.34359997327510416	0.0	-0.16491481603294947	0.0	0.0	-0.1848114878650383	0.144214617992674
-1.4098507711410786	0.0	0.39262395594082805	0.0	0.0	0.0	0.0	-0.16669597953707543	0.0	0.0
0.0	-0.4280519312511637	0.0	0.0	0.0	0.0	0.0	-0.5462239767194446	0.0	0.0
-0.10652863230903094	0.0	0.2619223587248849	0.07712811369184182	-0.1958666198391634	0.0	0.0	0.0	-0.30371488591654217	-0.1602748566748308
0.0	0.0	-0.47516006912796044	-0.4556720050468728	0.0	0.0	0.0	0.0	0.0	-0.6056429357324886
0.0	0.0	0.9069868805563445	0.0	-0.7118078819147464	0.0	0.0	0.0	0.0	0.0
0.0	0.0	0.0	0.0	0.0	-0.16905424354156762	0.0	0.0	0.0	0.2536145870850526
0.0	0.0	0.0	0.0	0.0	0.0	-0.6433362733027037	0.0	0.0	0.0
0.1710752321492783	0.2025902610781838	0.0	0.0	0.0	0.0	0.0	-1.5874702812605865	0.0	0.0
0.0	0.0	-0.5188452766243081	0.0	0.0	0.0	0.0	0.0	-0.56979910213047	-0.4878771397720773
0.0	0.0	-0.13088516210058423	-0.3544667334608538	0.0	-0.1701304443690793	0.0	0.0	-0.1906563722492201	0.22463290365159438
-0.47331185914622864	0.0	0.3123061137318948	0.0	0.0	0.0	0.0	-0.13259550966319902	0.0	0.0
0.0	0.4536911770414995	0.0	0.0	0.0	0.0	0.0	-0.4216931025505798	0.0	0.0
-0.091811910689794	0.0	0.4164581034555357	0.06647301605642922	-0.16880803046093937	0.0	0.0	0.0	-0.2617572701021773	-0.13813319957175144
0.0	0.0	-0.4839079558578179	-0.5122869274545657	0.0	0.0	0.0	0.0	0.0	-0.6167930641728887
0.0	0.0	1.067423073905632	0.0	-1.3994211657709537	0.0	0.0	0.0	0.0	0.0
0.0	0.0	0.0	0.0	0.0	-1.297829444066881	0.0	0.0	0.0	0.34633081729093473
0.0	0.0	0.0	0.0	0.0	0.0	-1.122056541104885	0.0	0.0	0.0
0.12030852818340966	0.142471448545755	0.0	0.0	0.0	0.0	0.0	-0.21146864130456167	0.0	0.0
0.0	0.0	-0.49592478724794425	0.0	0.0	0.0	0.0	0.0	-0.43302843053769013	-0.46632469764160045
0.0	0.0	-0.1422924530959099	-0.3853602672415822	0.0	-0.18495815634907226	0.0	0.0	-0.2072730206412557	-0.05017518361187978
-1.3589275614509433	0.0	0.387701339582016	0.0	0.0	0.0	0.0	-0.16460598899166648	0.0	0.0
0.0	-0.47850228205159917	0.0	0.0	0.0	0.0	0.0	-0.5637311730801187	0.0	0.0
-0.09738461032756475	0.0	0.5034297353107613	0.07050772298841741	-0.17905415695078966	0.0	0.0	0.0	-0.27764512858723567	-0.14651745849234465
0.0	0.0	-0.48356061043639886	-0.4667165529198256	0.0	0.0	0.0	0.0	0.0	-0.6163503348393242
0.0	0.0	0.7455702045122709	0.0	-0.0716092996390465	0.0	0.0	0.0	0.0	0.0
0.0	0.0	0.0	0.0	0.0	-0.6821416493952008	0.0	0.0	0.0	0.2945735805863424
0.0	0.0	0.0	0.0	0.0	0.0	-0.6536243135376112	0.0	0.0	0.0
0.16730287558523607	0.19812297091824732	0.0	0.0	0.0	0.0	0.0	-1.4801162510924737	0.0	0.0
0.0	0.0	-0.5373946678045175	0.0	0.0	0.0	0.0	0.0	-0.6431018095948945	-0.5053193799181063
0.0	0.0	-0.11882053410060914	-0.3217929818381522	0.0	-0.15444829606562208	0.0	0.0	-0.1730822013493596	0.2997197021500907
-0.1142859064642896	0.0	0.27656190867068375	0.0	0.0	0.0	0.0	-0.1174196265177736	0.0	0.0
0.0	0.05603912422203183	0.0	0.0	0.0	0.0	0.0	-0.44717498254870275	0.0	0.0
-0.10128888869449584	0.0	0.3073534741499976	0.07333447124606618	-0.1862326759091818	0.0	0.0	0.0	-0.2887762905396301	-0.1523915379967473
0.0	0.0	-0.5118132302184155	-0.6647976169900985	0.0	0.0	0.0	0.0	0.0	-0.6523613565952504
0.0	0.0	1.1509823326148139	0.0	-1.720604752468021	0.0	0.0	0.0	0.0	0.0
0.0	0.0	0.0	0.0	0.0	-1.2633078893949572	0.0	0.0	0.0	0.34249561362721426
0.0	0.0	0.0	0.0	0.0	0.0	-1.1620852187048114	0.0	0.0	0.0
0.16293474964986462	0.19295016032169587	0.0	0.0	0.0	0.0	0.0	-1.4205330257734339	0.0	0.0
0.0	0.0	-0.49945184660835396	0.0	0.0	0.0	0.0	0.0	-0.4432705977961111	-0.46964123864156604
0.0	0.0	-0.12739665908334213	-0.3450190753050741	0.0	-0.16559593060922184	0.0	0.0	-0.185574777672925	0.09671824228341697
-1.5005558707042068	0.0	0.40178267770563253	0.0	0.0	0.0	0.0	-0.17058448932561648	0.0	0.0
0.0	0.23118158160161473	0.0	0.0	0.0	0.0	0.0	-0.43482541285876186	0.0	0.0
-0.08634945580457185	0.0	0.7231970999977843	0.06251812775746196	-0.1587646031569197	0.0	0.0	0.0	-0.2461837212230666	-0.12991480649896728
0.0	0.0	-0.4940189919703863	-0.4974140705761336	0.0	0.0	0.0	0.0	0.0	-0.6296806740382371
0.0	0.0	0.7516836606525671	0.0	-0.1203846350429254	0.0	0.0	0.0	0.0	0.0
0.0	0.0	0.0	0.0	0.0	-0.7202977617617623	0.0	0.0	0.0	0.2971597665871489
0.0	0.0	0.0	0.0	0.0	0.0	-0.606263492916935	0.0	0.0	0.0
0.14488475771054132	0.1715750463820241	0.0	0.0	0.0	0.0	0.0	-0.8663607352648999	0.0	0.0
0.0	0.0	-0.4866262484868683	0.0	0.0	0.0	0.0	0.0	-0.3186158290347645	-0.4575811575166348
0.0	0.0	-0.11123288676520128	-0.3012439102515039	0.0	-0.14458552940688685	0.0	0.0	-0.1620295098780101	0.43027069186923916
-0.3471872203430906	0.0	0.29723969628830277	0.0	0.0	0.0	0.0	-0.12619877513930622	0.0	0.0
0.0	-0.33734602699092264	0.0	0.0	0.0	0.0	0.0	-0.5306235857257622	0.0	0.0
-0.10394799929220053	0.0	0.27127811323113005	0.07525970186297669	-0.1911217934474604	0.0	0.0	0.0	-0.2963574586661346	-0.15639223302766916
0.0	0.0	-0.473997639001067	-0.44205854313570714	0.0	0.0	0.0	0.0	0.0	-0.6041612927233703
0.0	0.0	1.0142208478292287	0.0	-1.1557644140237864	0.0	0.0	0.0	0.0	0.0
0.0	0.0	0.0	0.0	0.0	-1.0984349000630087	0.0	0.0	0.0	0.3292268665498126
0.0	0.0	0.0	0.0	0.0	0.0	-1.0597639050754233	0.0	0.0	0.0
0.16764701059657047	0.19853050157547034	0.0	0.0	0.0	0.0	0.0	-1.5305205356790372	0.0	0.0
0.0	0.0	-0.540636989730566	0.0	0.0	0.0	0.0	0.0	-0.6903251913523589	-0.5083681785075289
0.0	0.0	-0.1297136804107115	-0.3512940950864652	0.0	-0.16860769956539312	0.0	0.0	-0.18894991106169545	0.10976724526836268
-1.5436069290970917	0.0	0.40697695589317345	0.0	0.0	0.0	0.0	-0.17278981907526297	0.0	0.0
0.0	0.23102434267178185	0.0	0.0	0.0	0.0	0.0	-0.448742916789266	0.0	0.0
-0.09196741190535168	0.0	0.4828269419666411	0.06658560095658977	-0.16909393948663498	0.0	0.0	0.0	-0.26220060662982536	-0.13836715484270593
0.0	0.0	-0.4971264517874754	-0.5627729637705151	0.0	0.0	0.0	0.0	0.0	-0.6336414679023902
0.0	0.0	0.8934719364280778	0.0	-0.6879373530457147	0.0	0.0	0.0	0.0	0.0
0.0	0.0	0.0	0.0	0.0	-0.6581577111934755	0.0	0.0	0.0	0.29327515854135716
0.0	0.0	0.0	0.0	0.0	0.0	-0.4433340452547143	0.0	0.0	0.0
0.13595718946609336	0.16100286501647249	0.0	0.0	0.0	0.0	0.0	-0.6106365242032095	0.0	0.0
0.0	0.0	-0.49717729299602814	0.0	0.0	0.0	0.0	0.0	-0.4172122555529525	-0.46750244551645626
0.0	0.0	-0.12835118767914577	-0.34760415544646917	0.0	-0.16683666998380633	0.0	0.0	-0.18696520999056396	0.19293394100659023
-0.7998551670594025	0.0	0.33673480130527544	0.0	0.0	0.0	0.0	-0.14296717431135303	0.0	0.0
0.0	-0.43988996894241683	0.0	0.0	0.0	0.0	0.0	-0.5375541305711221	0.0	0.0
-0.10229604259901609	0.0	0.2508841377889587	0.07406366375674892	-0.18808445816396507	0.0	0.0	0.0	-0.29164770291564196	-0.15390682495948807
0.0	0.0	-0.48853525718040064	-0.5465808018281549	0.0	0.0	0.0	0.0	0.0	-0.6226910605316129
0.0	0.0	0.9917256509764123	0.0	-1.0673595267885876	0.0	0.0	0.0	0.0	0.0
0.0	0.0	0.0	0.0	0.0	-1.4621845476443698	0.0	0.0	0.0	0.3594082493806732
0.0	0.0	0.0	0.0	0.0	0.0	-0.9443947238546375	0.0	0.0	0.0
0.17840801344306928	0.211273868039138	0.0	0.0	0.0	0.0	0.0	-1.816943420778474	0.0	0.0
0.0	0.0	-0.5443358223630693	0.0	0.0	0.0	0.0	0.0	-0.7227724395637146	-0.5118462402082775
0.0	0.0	-0.13780518936887104	-0.3732077383378208	0.0	-0.17912540831537466	0.0	0.0	-0.20073656219331273	-0.06735353449717396
-0.9702848421820529	0.0	0.3560146756518632	0.0	0.0	0.0	0.0	-0.15115281222500224	0.0	0.0
0.0	0.5088348532380038	0.0	0.0	0.0	0.0	0.0	-0.39293870564401906	0.0	0.0
-0.09253111324220835	0.0	0.6668973236958929	0.06699372804744738	-0.1701303770438979	0.0	0.0	0.0	-0.26380772842894673	-0.139215256888267
0.0	0.0	-0.4519538883013817	-0.26522596261498754	0.0	0.0	0.0	0.0	0.0	-0.5760641466125569
0.0	0.0	0.9051151507508888	0.0	-0.7343223996408756	0.0	0.0	0.0	0.0	0.0
0.0	0.0	0.0	0.0	0.0	-0.3321092677647728	0.0	0.0	0.0	0.2660543255058526
0.0	0.0	0.0	0.0	0.0	0.0	-0.5205632687102129	0.0	0.0	0.0
0.13061788373492367	0.15467996643866996	0.0	0.0	0.0	0.0	0.0	-0.48982550005914427	0.0	0.0
0.0	0.0	-0.41710242606120396	0.0	0.0	0.0	0.0	0.0	0.06291704183255464	-0.39220697920332726
0.0	0.0	-0.11865895748907537	-0.32135539569183236	0.0	-0.1542382714892781	0.0	0.0	-0.17284683769085968	0.49786188928567143
-1.1365581795226176	0.0	0.36802968033968286	0.0	0.0	0.0	0.0	-0.1562540113374693	0.0	0.0
0.0	-0.42200432794064735	0.0	0.0	0.0	0.0	0.0	-0.5333506349763211	0.0	0.0
-0.11545953399459384	0.0	0.08542659747303238	0.0835942025324132	-0.21228723359671745	0.0	0.0	0.0	-0.3291770337707829	-0.17371161031190208
0.0	0.0	-0.5047456367972738	-0.68938000415793	0.0	0.0	0.0	0.0	0.0	-0.6433529438386828
0.0	0.0	0.9870765653603478	0.0	-1.0199839918432678	0.0	0.0	0.0	0.0	0.0
0.0	0.0	0.0	0.0	0.0	-1.3007621622961882	0.0	0.0	0.0	0.34699289762970464
0.0	0.0	0.0	0.0	0.0	0.0	-0.872963501304962	0.0	0.0	0.0
0.17845708230416962	0.2113319762366616	0.0	0.0	0.0	0.0	0.0	-1.8069898199586651	0.0	0.0
0.0	0.0	-0.5271381221214184	0.0	0.0	0.0	0.0	0.0	-0.6611741753654748	-0.49567501309574935
0.0	0.0	-0.14845129160091847	-0.40203980013703455	0.0	-0.1929636927661741	0.0	0.0	-0.2162444104289794	-0.210835840775353
-0.7462675455883869	0.0	0.3364241791745497	0.0	0.0	0.0	0.0	-0.1428352937687531	0.0	0.0
0.0	0.3831337027377618	0.0	0.0	0.0	0.0	0.0	-0.42976292140154515	0.0	0.0
-0.09314929581163484	0.0	0.5447628872470481	0.06744130025844439	-0.17126698536874535	0.0	0.0	0.0	-0.2655701771197767	-0.1401453272418062
0.0	0.0	-0.4232267671349509	-0.05771014121037288	0.0	0.0	0.0	0.0	0.0	-0.5394483214858569
0.0	0.0	0.9998184973614225	0.0	-1.1201572507927748	0.0	0.0	0.0	0.0	0.0
0.0	0.0	0.0	0.0	0.0	-0.3886229312525884	0.0	0.0	0.0	0.269652290910659
0.0	0.0	0.0	0.0	0.0	0.0	-0.7549044175469195	0.0	0.0	0.0
0.1255897792947735	0.14872559783451372	0.0	0.0	0.0	0.0	0.0	-0.34939123419155793	0.0	0.0
0.0	0.0	-0.4540659037267003	0.0	0.0	0.0	0.0	0.0	-0.12812680739563764	-0.4269642306845418
0.0	0.0	-0.10403771763175286	-0.2817577587389908	0.0	-0.1352329236390647	0.0	0.0	-0.1515485292787836	0.6985288870123548
-0.9907271639128443	0.0	0.35460832091994876	0.0	0.0	0.0	0.0	-0.15055571753410057	0.0	0.0
0.0	-0.414091646732474	0.0	0.0	0.0	0.0	0.0	-0.5454688552989655	0.0	0.0
-0.10018506715102798	0.0	0.31077667639038264	0.07253529010898821	-0.18420315774173257	0.0	0.0	0.0	-0.28562927713224834	-0.1507308122759788
0.0	0.0	-0.5351279555671302	-0.8365477951235779	0.0	0.0	0.0	0.0	0.0	-0.6820784974566589
0.0	0.0	0.9059467239849822	0.0	-0.721226742355402	0.0	0.0	0.0	0.0	0.0
0.0	0.0	0.0	0.0	0.0	-1.2104246669564787	0.0	0.0	0.0	0.33913594260660307
0.0	0.0	0.0	0.0	0.0	0.0	-1.0936299391768198	0.0	0.0	0.0
0.16948906682696466	0.20071189655560764	0.0	0.0	0.0	0.0	0.0	-1.557625242948017	0.0	0.0
0.0	0.0	-0.5629027569870294	0.0	0.0	0.0	0.0	0.0	-0.8329207278420623	-0.529304976688656
0.0	0.0	-0.14118283534953774	-0.3823551704709912	0.0	-0.183515825092875	0.0	0.0	-0.20565667474909036	-0.1666625607572968
-0.8118429139384227	0.0	0.33988009395347846	0.0	0.0	0.0	0.0	-0.144302568219416	0.0	0.0
0.0	0.3568024015768523	0.0	0.0	0.0	0.0	0.0	-0.40479161050451534	0.0	0.0
-0.08725270092904525	0.0	0.5437445859404997	0.06317208896152486	-0.1604253357278927	0.0	0.0	0.0	-0.24875888795512704	-0.13127376023496623
0.0	0.0	-0.45888393794741655	-0.2635664284624766	0.0	0.0	0.0	0.0	0.0	-0.5848972449410828
0.0	0.0	1.0140008457063554	0.0	-1.1908456186891188	0.0	0.0	0.0	0.0	0.0
0.0	0.0	0.0	0.0	0.0	-1.0239138119094973	0.0	0.0	0.0	0.32127252737882644
0.0	0.0	0.0	0.0	0.0	0.0	-0.5668534482052974	0.0	0.0	0.0
0.1455575972286491	0.17237183462497813	0.0	0.0	0.0	0.0	0.0	-0.9144585199949513	0.0	0.0
0.0	0.0	-0.49450354520949835	0.0	0.0	0.0	0.0	0.0	-0.3507632851952269	-0.4649882847804251
0.0	0.0	-0.10228270992785186	-0.27700479944233386	0.0	-0.13295168537076976	0.0	0.0	-0.14899206377325852	0.5583894256977708
-0.6322361451288099	0.0	0.32276476179046115	0.0	0.0	0.0	0.0	-0.13703592792188266	0.0	0.0
0.0	-0.3157834433194199	0.0	0.0	0.0	0.0	0.0	-0.5334479177750975	0.0	0.0
-0.09639203813602466	0.0	0.386369173747129	0.06978908782736151	-0.17722918505460186	0.0	0.0	0.0	-0.27481528891518375	-0.14502411006300392
0.0	0.0	-0.5374929234835545	-0.8167582571360027	0.0	0.0	0.0	0.0	0.0	-0.6850929050318684
0.0	0.0	0.9339819143957858	0.0	-0.844014962176596	0.0	0.0	0.0	0.0	0.0
0.0	0.0	0.0	0.0	0.0	-0.7321730516234954	0.0	0.0	0.0	0.29929666817056455
0.0	0.0	0.0	0.0	0.0	0.0	-0.9824403746831409	0.0	0.0	0.0
0.1626305155535334	0.19258988102100288	0.0	0.0	0.0	0.0	0.0	-1.378983001105805	0.0	0.0
0.0	0.0	-0.5655865083014797	0.0	0.0	0.0	0.0	0.0	-0.8209852759449392	-0.5318285438755297
0.0	0.0	-0.12825485341753118	-0.34734326039551866	0.0	-0.16671145036018034	0.0	0.0	-0.18682488284768559	0.06199828203889901
-1.5364262343151625	0.0	0.40466600378142425	0.0	0.0	0.0	0.0	-0.17180866033519526	0.0	0.0
0.0	0.19029495719870404	0.0	0.0	0.0	0.0	0.0	-0.43609994345586484	0.0	0.0
-0.08861729546903838	0.0	0.6143164590883626	0.06416007313575643	-0.1629343186577033	0.0	0.0	0.0	-0.25264936947219063	-0.13332682512067878
0.0	0.0	-0.46084853143517474	-0.2825693297231311	0.0	0.0	0.0	0.0	0.0	-0.5874013319735442
0.0	0.0	0.9449313061860946	0.0	-0.9055339882413154	0.0	0.0	0.0	0.0	0.0
0.0	0.0	0.0	0.0	0.0	-1.0030569527834925	0.0	0.0	0.0	0.31972612684027907
0.0	0.0	0.0	0.0	0.0	0.0	-0.7883022477809059	0.0	0.0	0.0
0.1501329471663721	0.17779004348409885	0.0	0.0	0.0	0.0	0.0	-1.0127393076849076	0.0	0.0
0.0	0.0	-0.4375720942422081	0.0	0.0	0.0	0.0	0.0	-0.026134518472696877	-0.4114548814473387
0.0	0.0	-0.10449859038252238	-0.2830059067787269	0.0	-0.135831986853165	0.0	0.0	-0.1522198683772729	0.5740005931796149
-0.1415459090693103	0.0	0.2766574254802827	0.0	0.0	0.0	0.0	-0.11746017999877606	0.0	0.0
0.0	-0.17163307574191577	0.0	0.0	0.0	0.0	0.0	-0.46061436025424185	0.0	0.0
-0.10297604070222632	0.0	0.3603581425008533	0.07455599121724321	-0.18933472231441864	0.0	0.0	0.0	-0.29358638871178405	-0.15492989825132397
0.0	0.0	-0.5370436422168563	-0.8345029723398082	0.0	0.0	0.0	0.0	0.0	-0.6845202474307528
0.0	0.0	1.0043526449838696	0.0	-1.1175158355869672	0.0	0.0	0.0	0.0	0.0
0.0	0.0	0.0	0.0	0.0	-0.6229738129322848	0.0	0.0	0.0	0.29073132994569084
0.0	0.0	0.0	0.0	0.0	0.0	-0.7680666531275842	0.0	0.0	0.0
0.1880796622604204	0.2227272025420188	0.0	0.0	0.0	0.0	0.0	-2.1258600934520953	0.0	0.0
0.0	0.0	-0.5291057636678166	0.0	0.0	0.0	0.0	0.0	-0.6274398249154547	-0.49752521270824107
0.0	0.0	-0.1330325996865288	-0.36028248197034385	0.0	-0.17292178071987854	0.0	0.0	-0.19378447824073944	0.0372424411356026
-0.9528920992283685	0.0	0.3582847152724283	0.0	0.0	0.0	0.0	-0.15211660078760106	0.0	0.0
0.0	0.9033651021819529	0.0	0.0	0.0	0.0	0.0	-0.3445172774849643	0.0	0.0
-0.10681264916738512	0.0	0.4160637161472929	0.07733374558691763	-0.19638882143715064	0.0	0.0	0.0	-0.3045246226592724	-0.16070216678178778
0.0	0.0	-0.47907781316391845	-0.43828215119078706	0.0	0.0	0.0	0.0	0.0	-0.6106365245324495
0.0	0.0	0.8904263965467965	0.0	-0.6434930598154722	0.0	0.0	0.0	0.0	0.0
0.0	0.0	0.0	0.0	0.0	-1.2293190169438857	0.0	0.0	0.0	0.3386657113373338
0.0	0.0	0.0	0.0	0.0	0.0	-0.9519325666732826	0.0	0.0	0.0
0.10320830349126656	0.12222106547537616	0.0	0.0	0.0	0.0	0.0	0.2740072764599042	0.0	0.0
0.0	0.0	-0.4810574917597589	0.0	0.0	0.0	0.0	0.0	-0.31921551059965014	-0.452344781227763
0.0	0.0	-0.11194668406794671	-0.3031770353987448	0.0	-0.14551335537551885	0.0	0.0	-0.16306927635786622	0.36702196584168345
-1.5717249584479829	0.0	0.4061895350675907	0.0	0.0	0.0	0.0	-0.17245550456428546	0.0	0.0
0.0	-0.6289350452420343	0.0	0.0	0.0	0.0	0.0	-0.5683058189494296	0.0	0.0
-0.11364754874621044	0.0	0.08692197068223928	0.08228230167331048	-0.20895566519011552	0.0	0.0	0.0	-0.3240110339727308	-0.17098543548278114
0.0	0.0	-0.4974274530055954	-0.5731425471557784	0.0	0.0	0.0	0.0	0.0	-0.6340251265329141
0.0	0.0	1.068934243819734	0.0	-1.358540400247932	0.0	0.0	0.0	0.0	0.0
0.0	0.0	0.0	0.0	0.0	-0.4000026928749736	0.0	0.0	0.0	0.271496557588073
0.0	0.0	0.0	0.0	0.0	0.0	-0.7816481044510062	0.0	0.0	0.0
0.1866861225580902	0.22107694862407268	0.0	0.0	0.0	0.0	0.0	-2.0177382618106225	0.0	0.0
0.0	0.0	-0.5034381897404524	0.0	0.0	0.0	0.0	0.0	-0.46882504034304373	-0.4733896503031152
0.0	0.0	-0.11738852751830696	-0.31791478290882663	0.0	-0.15258690924165735	0.0	0.0	-0.17099624159932375	0.3460478506423019
0.06018004437454638	0.0	0.2636586000042662	0.0	0.0	0.0	0.0	-0.11194128103000649	0.0	0.0
0.0	0.7524152486010299	0.0	0.0	0.0	0.0	0.0	-0.3520837655122746	0.0	0.0
-0.08353934282147119	0.0	0.582094349982105	0.06048356945187173	-0.15359784827200404	0.0	0.0	0.0	-0.23817204280782936	-0.12568692479388735
0.0	0.0	-0.47243778821691057	-0.39895658676472134	0.0	0.0	0.0	0.0	0.0	-0.6021730940728504
0.0	0.0	1.0182157958662574	0.0	-1.216080005314967	0.0	0.0	0.0	0.0	0.0
0.0	0.0	0.0	0.0	0.0	-1.0765051855599286	0.0	0.0	0.0	0.32735640836804936
0.0	0.0	0.0	0.0	0.0	0.0	-0.6633611516592839	0.0	0.0	0.0
0.12074411725791205	0.14298728069291958	0.0	0.0	0.0	0.0	0.0	-0.25473033095629827	0.0	0.0
0.0	0.0	-0.521769178494712	0.0	0.0	0.0	0.0	0.0	-0.5471098046316265	-0.49062652373252885
0.0	0.0	-0.12848537716534877	-0.3479675710397708	0.0	-0.16701109553786442	0.0	0.0	-0.18716067966965402	0.16445382437251022
-1.6572615809994249	0.0	0.41368380082814565	0.0	0.0	0.0	0.0	-0.1756373378502176	0.0	0.0
0.0	-0.3934552826851824	0.0	0.0	0.0	0.0	0.0	-0.5399293620355002	0.0	0.0
-0.09014936211245438	0.0	0.5773894566904727	0.06526930928847526	-0.16575122063334977	0.0	0.0	0.0	-0.25701731671544253	-0.13563185576237013
0.0	0.0	-0.5252671521162354	-0.7336022887286775	0.0	0.0	0.0	0.0	0.0	-0.66950983620185
0.0	0.0	0.8874080730246171	0.0	-0.6670651517646913	0.0	0.0	0.0	0.0	0.0
0.0	0.0	0.0	0.0	0.0	-0.784128552398065	0.0	0.0	0.0	0.3035666363518926
0.0	0.0	0.0	0.0	0.0	0.0	-1.410807909781262	0.0	0.0	0.0
0.16998914069055313	0.20130409270995428	0.0	0.0	0.0	0.0	0.0	-1.5498827304648526	0.0	0.0
0.0	0.0	-0.4629056480757182	0.0	0.0	0.0	0.0	0.0	-0.2162433034117459	-0.4352763602993172
0.0	0.0	-0.12881492532643155	-0.34886006227638067	0.0	-0.16743945711977493	0.0	0.0	-0.18764072229530437	0.1566566854808611
0.12303404114572958	0.0	0.25682998634926824	0.0	0.0	0.0	0.0	-0.1090420630254085	0.0	0.0
0.0	0.4521941169782636	0.0	0.0	0.0	0.0	0.0	-0.37985827410071765	0.0	0.0
-0.10214358947338432	0.0	0.45415723882427483	0.07395328571329207	-0.18780415344443402	0.0	0.0	0.0	-0.29121305654259405	-0.15367745561219953
0.0	0.0	-0.47323220971897534	-0.41362366068193657	0.0	0.0	0.0	0.0	0.0	-0.6031856702592344
0.0	0.0	0.9819723568458374	0.0	-1.027814574456606	0.0	0.0	0.0	0.0	0.0
0.0	0.0	0.0	0.0	0.0	-1.3784374023866115	0.0	0.0	0.0	0.3513777948152124
0.0	0.0	0.0	0.0	0.0	0.0	-0.3445079136496765	0.0	0.0	0.0
0.1474363557560111	0.17459669310261566	0.0	0.0	0.0	0.0	0.0	-1.0037602023821592	0.0	0.0
0.0	0.0	-0.5015458242092591	0.0	0.0	0.0	0.0	0.0	-0.44471018440412036	-0.47161023373259414
0.0	0.0	-0.12020116693504726	-0.3255320489950236	0.0	-0.15624290497211515	0.0	0.0	-0.17509332654795043	0.2354046806764627
-1.3750121068719288	0.0	0.39085055205099	0.0	0.0	0.0	0.0	-0.1659430471343059	0.0	0.0
0.0	-0.22110439279669802	0.0	0.0	0.0	0.0	0.0	-0.5174436560749254	0.0	0.0
-0.10845117550482665	0.0	0.25791731623126435	0.07852005994111548	-0.19940146328071734	0.0	0.0	0.0	-0.3091960882442587	-0.1631673685608696
0.0	0.0	-0.5307052657300225	-0.7818239686194912	0.0	0.0	0.0	0.0	0.0	-0.6764413005817279
0.0	0.0	0.9472735150435326	0.0	-0.8723647424746379	0.0	0.0	0.0	0.0	0.0
0.0	0.0	0.0	0.0	0.0	-0.646539837387025	0.0	0.0	0.0	0.2919637773130695
0.0	0.0	0.0	0.0	0.0	0.0	-1.186812990411748	0.0	0.0	0.0
0.1588723937989862	0.188139447969695	0.0	0.0	0.0	0.0	0.0	-1.249752809524015	0.0	0.0
0.0	0.0	-0.513003328175114	0.0	0.0	0.0	0.0	0.0	-0.5257394096354239	-0.4823838776600421
0.0	0.0	-0.12303718183973292	-0.3332126212094483	0.0	-0.15992928521742297	0.0	0.0	-0.17922446184773758	0.1849972153298497
-0.1277136700183521	0.0	0.2786456983263398	0.0	0.0	0.0	0.0	-0.11830433910991905	0.0	0.0
0.0	0.20864739760009487	0.0	0.0	0.0	0.0	0.0	-0.4386990085391959	0.0	0.0
-0.0907961621507047	0.0	0.46489650047552866	0.06573760091866666	-0.16694044586283008	0.0	0.0	0.0	-0.25886135428140084	-0.13660498177723457
0.0	0.0	-0.42492922185932497	-0.10358829700078598	0.0	0.0	0.0	0.0	0.0	-0.5416182842925251
0.0	0.0	1.055797771644619	0.0	-1.3540835701182552	0.0	0.0	0.0	0.0	0.0
0.0	0.0	0.0	0.0	0.0	-1.1437008320160562	0.0	0.0	0.0	0.33236194230535787
0.0	0.0	0.0	0.0	0.0	0.0	-0.37953175715433085	0.0	0.0	0.0
0.14573774039713255	0.17258516329375156	0.0	0.0	0.0	0.0	0.0	-0.9371936702277954	0.0	0.0
0.0	0.0	-0.506382363082763	0.0	0.0	0.0	0.0	0.0	-0.45767525335268466	-0.4761580957992082
0.0	0.0	-0.12168707340380042	-0.329556221053599	0.0	-0.15817435330256527	0.0	0.0	-0.1772578005974719	0.32657346705055856
-1.461675247294954	0.0	0.39853087760744343	0.0	0.0	0.0	0.0	-0.16920387565081546	0.0	0.0
0.0	-0.013261872589407142	0.0	0.0	0.0	0.0	0.0	-0.49045119952886784	0.0	0.0
-0.09007591953370808	0.0	0.6439986075926181	0.06521613590737961	-0.1656161869870942	0.0	0.0	0.0	-0.25680793071337094	-0.13552135965886017
0.0	0.0	-0.5138287227383989	-0.669131862788959	0.0	0.0	0.0	0.0	0.0	-0.6549303199531981
0.0	0.0	0.7305498044064762	0.0	-0.025953972040885676	0.0	0.0	0.0	0.0	0.0
0.0	0.0	0.0	0.0	0.0	-0.45257205588300464	0.0	0.0	0.0	0.2767429474270964
0.0	0.0	0.0	0.0	0.0	0.0	-1.2526722975410252	0.0	0.0	0.0
0.14538688629200003	0.17216967576895822	0.0	0.0	0.0	0.0	0.0	-0.8719720549215786	0.0	0.0
0.0	0.0	-0.503919028845038	0.0	0.0	0.0	0.0	0.0	-0.4585628264064896	-0.47384178973196783
0.0	0.0	-0.13143003484973692	-0.3559423725664964	0.0	-0.17083869457445178	0.0	0.0	-0.19145007155037605	0.1479799752145674
-0.5021272839392048	0.0	0.31076134456142784	0.0	0.0	0.0	0.0	-0.13193964848577133	0.0	0.0
0.0	-0.3929606196081802	0.0	0.0	0.0	0.0	0.0	-0.5341007500145996	0.0	0.0
-0.10636192279983718	0.0	0.29078170772976186	0.0770074138414832	-0.1955601029211004	0.0	0.0	0.0	-0.30323959435906583	-0.16002403825997638
0.0	0.0	-0.4593389979814878	-0.37382444277713556	0.0	0.0	0.0	0.0	0.0	-0.5854772682066641
0.0	0.0	1.0805888376714419	0.0	-1.4218883275615797	0.0	0.0	0.0	0.0	0.0
0.0	0.0	0.0	0.0	0.0	-1.2476435241394415	0.0	0.0	0.0	0.34193901444641417
0.0	0.0	0.0	0.0	0.0	0.0	-0.36914923545727785	0.0	0.0	0.0
0.17366434250179516	0.2056563305242794	0.0	0.0	0.0	0.0	0.0	-1.694055975481883	0.0	0.0
0.0	0.0	-0.46392846854872777	0.0	0.0	0.0	0.0	0.0	-0.2624563498258554	-0.4362381320439091
0.0	0.0	-0.1378621512138249	-0.37336200394584423	0.0	-0.17919944989379769	0.0	0.0	-0.20081953675315764	0.06670617884702568
-1.3146124272118058	0.0	0.38579721552086704	0.0	0.0	0.0	0.0	-0.16379755685009542	0.0	0.0
0.0	0.42518311202004744	0.0	0.0	0.0	0.0	0.0	-0.3972992394084728	0.0	0.0
-0.08976009266693658	0.0	0.5188430840412736	0.06498747315296982	-0.16503549858897906	0.0	0.0	0.0	-0.25590750311252997	-0.13504619063895743
0.0	0.0	-0.47441918611536127	-0.44045070617760684	0.0	0.0	0.0	0.0	0.0	-0.6046986001455181
0.0	0.0	0.8417275661092734	0.0	-0.4811525991901604	0.0	0.0	0.0	0.0	0.0
0.0	0.0	0.0	0.0	0.0	-0.46797742436960155	0.0	0.0	0.0	0.2784157788038838
0.0	0.0	0.0	0.0	0.0	0.0	-1.0291559178859355	0.0	0.0	0.0
0.1402280149400057	0.16606045071668815	0.0	0.0	0.0	0.0	0.0	-0.7480548234989413	0.0	0.0
0.0	0.0	-0.5143529925334089	0.0	0.0	0.0	0.0	0.0	-0.5288176533302463	-0.4836529850730678
0.0	0.0	-0.13751501322919524	-0.37242187547370087	0.0	-0.17874822426489836	0.0	0.0	-0.20031387157494188	0.1187552988499565
-0.7567402909250036	0.0	0.3325933219757124	0.0	0.0	0.0	0.0	-0.14120883037148885	0.0	0.0
0.0	-0.21333699799336814	0.0	0.0	0.0	0.0	0.0	-0.48862128694394635	0.0	0.0
-0.09620166332226106	0.0	0.4651666631757668	0.06965125398906133	-0.17687915642411856	0.0	0.0	0.0	-0.2742725271844608	-0.14473768663552625
0.0	0.0	-0.5132877312403096	-0.6670000802445564	0.0	0.0	0.0	0.0	0.0	-0.6542407677361727
0.0	0.0	1.0169990034408856	0.0	-1.1838164947414973	0.0	0.0	0.0	0.0	0.0
0.0	0.0	0.0	0.0	0.0	-1.4996263028263443	0.0	0.0	0.0	0.36176867836219695
0.0	0.0	0.0	0.0	0.0	0.0	-0.6011497075984868	0.0	0.0	0.0
0.17625647135182254	0.20872597452755107	0.0	0.0	0.0	0.0	0.0	-1.7665839291312828	0.0	0.0
0.0	0.0	-0.47345169875411924	0.0	0.0	0.0	0.0	0.0	-0.28510744355557827	-0.44519295253341257
0.0	0.0	-0.12777895111647702	-0.3460544089214949	0.0	-0.1660928510578974	0.0	0.0	-0.18613165066759846	0.08541624807968085
-1.0102627898889325	0.0	0.36124494838331894	0.0	0.0	0.0	0.0	-0.15337342414392313	0.0	0.0
0.0	0.5401143413572458	0.0	0.0	0.0	0.0	0.0	-0.41089553547806923	0.0	0.0
-0.09297796359380442	0.0	0.5383680206113621	0.06731725350697981	-0.17095196900508228	0.0	0.0	0.0	-0.2650817061438119	-0.1398875538520485
0.0	0.0	-0.4564378317589001	-0.2955597177488607	0.0	0.0	0.0	0.0	0.0	-0.5817794178563167
0.0	0.0	0.8626899359474374	0.0	-0.5599162121704502	0.0	0.0	0.0	0.0	0.0
0.0	0.0	0.0	0.0	0.0	-0.1890068999844361	0.0	0.0	0.0	0.2544667777049871
0.0	0.0	0.0	0.0	0.0	0.0	-1.1168035884732443	0.0	0.0	0.0
0.11442701008182214	0.13550645266197356	0.0	0.0	0.0	0.0	0.0	-0.028945335731296984	0.0	0.0
0.0	0.0	-0.500826929612118	0.0	0.0	0.0	0.0	0.0	-0.4253848605771944	-0.4709342475462446
0.0	0.0	-0.11963872404716312	-0.3240088259647968	0.0	-0.15551181630696592	0.0	0.0	-0.17427403336849165	0.4269070916875387
-1.2180223465879885	0.0	0.3730203821446202	0.0	0.0	0.0	0.0	-0.15837290885598154	0.0	0.0
0.0	-0.6807002925104266	0.0	0.0	0.0	0.0	0.0	-0.5872257224818576	0.0	0.0
-0.09049105234861797	0.0	0.26870808026369164	0.0655166974583127	-0.16637946216934607	0.0	0.0	0.0	-0.25799148120855436	-0.13614593683561102
0.0	0.0	-0.48969853765426835	-0.546687997579754	0.0	0.0	0.0	0.0	0.0	-0.6241737873999849
0.0	0.0	1.0873478585419245	0.0	-1.483724486753981	0.0	0.0	0.0	0.0	0.0
0.0	0.0	0.0	0.0	0.0	-1.3880040533427178	0.0	0.0	0.0	0.35370270464924636
0.0	0.0	0.0	0.0	0.0	0.0	-0.44874519846694705	0.0	0.0	0.0
0.18220033827839482	0.2157648049727292	0.0	0.0	0.0	0.0	0.0	-1.9009532981524493	0.0	0.0
0.0	0.0	-0.5388253536818441	0.0	0.0	0.0	0.0	0.0	-0.6806659424959701	-0.5066646729470488
0.0	0.0	-0.1426952111808492	-0.38645102757264	0.0	-0.185481679496114	0.0	0.0	-0.20785970590134317	-0.10983905597297416
-0.47145213117451656	0.0	0.31134795823326483	0.0	0.0	0.0	0.0	-0.13218870649447687	0.0	0.0
0.0	0.9611057047331334	0.0	0.0	0.0	0.0	0.0	-0.31874247588664684	0.0	0.0
-0.07029550128781792	0.0	0.9611323243359211	0.0508948561324222	-0.12924733875492767	0.0	0.0	0.0	-0.20041363238515775	-0.10576125075094274
0.0	0.0	-0.43453780334012526	-0.12356972408116951	0.0	0.0	0.0	0.0	0.0	-0.553865461347905
0.0	0.0	0.8240117569130428	0.0	-0.45067547968912947	0.0	0.0	0.0	0.0	0.0
0.0	0.0	0.0	0.0	0.0	-0.2126283466523915	0.0	0.0	0.0	0.2562833798323231
0.0	0.0	0.0	0.0	0.0	0.0	-1.1025909998458254	0.0	0.0	0.0
0.11121595812161517	0.13170386916241528	0.0	0.0	0.0	0.0	0.0	0.025986883237702818	0.0	0.0
0.0	0.0	-0.46056322496004504	0.0	0.0	0.0	0.0	0.0	-0.1538980574273443	-0.4330737485742072
0.0	0.0	-0.11807829325650909	-0.31978282512346534	0.0	-0.15348349789744947	0.0	0.0	-0.1720010020415071	0.5315537872192684
-1.2926004279163696	0.0	0.3804548575455153	0.0	0.0	0.0	0.0	-0.1615293570057813	0.0	0.0
0.0	-0.4821637891679671	0.0	0.0	0.0	0.0	0.0	-0.5381356178048384	0.0	0.0
-0.10244645380045159	0.0	0.08005167949556335	0.07417256342056128	-0.18836100854269947	0.0	0.0	0.0	-0.2920765277291628	-0.1541331221833408
0.0	0.0	-0.46373271252760834	-0.45216624323847765	0.0	0.0	0.0	0.0	0.0	-0.5910775329371719
0.0	0.0	1.0334552326500146	0.0	-1.2376346411227659	0.0	0.0	0.0	0.0	0.0
0.0	0.0	0.0	0.0	0.0	-1.4589389451607615	0.0	0.0	0.0	0.36093052993824615
0.0	0.0	0.0	0.0	0.0	0.0	-0.7621465349911785	0.0	0.0	0.0
0.18430779740165343	0.21826049466800906	0.0	0.0	0.0	0.0	0.0	-1.9660288510108657	0.0	0.0
0.0	0.0	-0.5588357859121932	0.0	0.0	0.0	0.0	0.0	-0.850672098644611	-0.525480749496233
0.0	0.0	-0.1638041930034577	-0.4436189426613983	0.0	-0.21292008733411877	0.0	0.0	-0.23860850761104666	-0.3845729276975056
-0.18730666765527948	0.0	0.28584146455689463	0.0	0.0	0.0	0.0	-0.1213594387343111	0.0	0.0
0.0	0.730465213916049	0.0	0.0	0.0	0.0	0.0	-0.37140226216992317	0.0	0.0
-0.0711927021557127	0.0	0.8603515615505184	0.05154444121620199	-0.13089695818120106	0.0	0.0	0.0	-0.2029715668421252	-0.10711111075940714
0.0	0.0	-0.4771258368166094	-0.3684124837606071	0.0	0.0	0.0	0.0	0.0	-0.6081485194110717
0.0	0.0	0.941323911662713	0.0	-0.928338552201243	0.0	0.0	0.0	0.0	0.0
0.0	0.0	0.0	0.0	0.0	-0.5563027742798015	0.0	0.0	0.0	0.2837247352880156
0.0	0.0	0.0	0.0	0.0	0.0	-0.8919657838116963	0.0	0.0	0.0
0.11157717379102582	0.13213162703158232	0.0	0.0	0.0	0.0	0.0	0.01523464487645576	0.0	0.0
0.0	0.0	-0.48968632253203626	0.0	0.0	0.0	0.0	0.0	-0.3109637431862917	-0.46045858599080464
0.0	0.0	-0.11008953035432449	-0.2981474415178398	0.0	-0.143099343110955	0.0	0.0	-0.1603640179155359	0.5030879260915433
-1.692627854301656	0.0	0.41713312795735064	0.0	0.0	0.0	0.0	-0.177101815388703	0.0	0.0
0.0	-0.5008356677163607	0.0	0.0	0.0	0.0	0.0	-0.5638548109764467	0.0	0.0
-0.09428096869945601	0.0	0.23556783418089333	0.0682606461306475	-0.17334771182225084	0.0	0.0	0.0	-0.26879659516879845	-0.14184795597144356
0.0	0.0	-0.5378653341848867	-0.825275013538244	0.0	0.0	0.0	0.0	0.0	-0.685567582777553
0.0	0.0	0.9570782988284164	0.0	-0.9429874589402614	0.0	0.0	0.0	0.0	0.0
0.0	0.0	0.0	0.0	0.0	-1.1288532957447475	0.0	0.0	0.0	0.33189707336119084
0.0	0.0	0.0	0.0	0.0	0.0	-1.0212812088431007	0.0	0.0	0.0
0.1705378061603217	0.20195383188825922	0.0	0.0	0.0	0.0	0.0	-1.559789843584239	0.0	0.0
0.0	0.0	-0.5877438654103428	0.0	0.0	0.0	0.0	0.0	-0.9534575395448237	-0.5526634025476809
0.0	0.0	-0.13251933858959347	-0.3588924543956109	0.0	-0.17225462076761547	0.0	0.0	-0.1930368266568025	-0.061140065968457113
-0.023988681568681836	0.0	0.2689944494162123	0.0	0.0	0.0	0.0	-0.11420671753974594	0.0	0.0
0.0	0.3261910148496263	0.0	0.0	0.0	0.0	0.0	-0.4293026795058361	0.0	0.0
-0.0722707521649021	0.0	0.9054097555593786	0.0523249634276676	-0.13287909206146123	0.0	0.0	0.0	-0.20604510518065813	-0.10873306259494651
0.0	0.0	-0.45251979596535746	-0.20137643739123212	0.0	0.0	0.0	0.0	0.0	-0.5767854571797365
0.0	0.0	0.9987566221891451	0.0	-1.160812159809409	0.0	0.0	0.0	0.0	0.0
0.0	0.0	0.0	0.0	0.0	-0.5060285434919494	0.0	0.0	0.0	0.27907693521024884
0.0	0.0	0.0	0.0	0.0	0.0	-0.7545240251269214	0.0	0.0	0.0
0.13433651428460686	0.15908363331931027	0.0	0.0	0.0	0.0	0.0	-0.6216708478172477	0.0	0.0
0.0	0.0	-0.44327485957348073	0.0	0.0	0.0	0.0	0.0	-0.029773783495671502	-0.416817267815611
0.0	0.0	-0.1020385984166123	-0.2763436900499431	0.0	-0.13263437820457719	0.0	0.0	-0.14863647407607464	0.6915353974415637
-1.1109625280118571	0.0	0.3652703541520314	0.0	0.0	0.0	0.0	-0.15508248684245815	0.0	0.0
0.0	-0.41542417532650966	0.0	0.0	0.0	0.0	0.0	-0.5515385064927487	0.0	0.0
-0.09366477754893532	0.0	0.5686297220603067	0.06781451573280856	-0.17221476497771446	0.0	0.0	0.0	-0.2670398240460802	-0.14092088175493145
0.0	0.0	-0.535856246278412	-0.813137436692993	0.0	0.0	0.0	0.0	0.0	-0.6830067827927078
0.0	0.0	0.7753586799396439	0.0	-0.20140756809903704	0.0	0.0	0.0	0.0	0.0
0.0	0.0	0.0	0.0	0.0	-1.343755719467954	0.0	0.0	0.0	0.34943425088720714
0.0	0.0	0.0	0.0	0.0	0.0	-0.9590719802518496	0.0	0.0	0.0
0.1657831887967667	0.19632333143002245	0.0	0.0	0.0	0.0	0.0	-1.4481399289077954	0.0	0.0
0.0	0.0	-0.5261331585222826	0.0	0.0	0.0	0.0	0.0	-0.5957319157908423	-0.49473003240803565
0.0	0.0	-0.13302275727324545	-0.36025582648067694	0.0	-0.17290898710661723	0.0	0.0	-0.1937701411013673	-0.04066157780736146
-0.8838618170439283	0.0	0.3473483600483279	0.0	0.0	0.0	0.0	-0.14747336285200863	0.0	0.0
0.0	0.31527987878954933	0.0	0.0	0.0	0.0	0.0	-0.4087957634844714	0.0	0.0
-0.10442913921661762	0.0	0.22230171417320388	0.07560805341868308	-0.19200643120749344	0.0	0.0	0.0	-0.29772919651807966	-0.15711611946791543
0.0	0.0	-0.45414139029587847	-0.27402641600018196	0.0	0.0	0.0	0.0	0.0	-0.5788523546627391
0.0	0.0	1.0982695420617152	0.0	-1.4983361598613496	0.0	0.0	0.0	0.0	0.0
0.0	0.0	0.0	0.0	0.0	-0.2343466385749644	0.0	0.0	0.0	0.257389708888473
0.0	0.0	0.0	0.0	0.0	0.0	-0.7699772405696175	0.0	0.0	0.0
0.1491446295335607	0.17661966057861359	0.0	0.0	0.0	0.0	0.0	-1.0118337778338933	0.0	0.0
0.0	0.0	-0.5088260815471499	0.0	0.0	0.0	0.0	0.0	-0.4708277813369215	-0.4784559568929242
0.0	0.0	-0.10843749560162456	-0.2936733563506966	0.0	-0.14095195373480857	0.0	0.0	-0.15795754992692346	0.5566499442393525
-1.1010942009102513	0.0	0.3638297160601565	0.0	0.0	0.0	0.0	-0.15447083649802604	0.0	0.0
0.0	-0.21021582489271884	0.0	0.0	0.0	0.0	0.0	-0.5080317892576123	0.0	0.0
-0.08350396159337434	0.0	0.6163875878590223	0.0604579529830965	-0.1535327953242389	0.0	0.0	0.0	-0.23807117034357156	-0.12563369289614035
0.0	0.0	-0.47259924686830235	-0.4355440540475557	0.0	0.0	0.0	0.0	0.0	-0.6023788905990775
0.0	0.0	0.781372046809062	0.0	-0.24788940007616533	0.0	0.0	0.0	0.0	0.0
0.0	0.0	0.0	0.0	0.0	-1.400318209867231	0.0	0.0	0.0	0.35483802348489235
0.0	0.0	0.0	0.0	0.0	0.0	-0.7186864428389246	0.0	0.0	0.0
0.16330959434773365	0.1933940579230669	0.0	0.0	0.0	0.0	0.0	-1.386720389016081	0.0	0.0
0.0	0.0	-0.5357950343595277	0.0	0.0	0.0	0.0	0.0	-0.6554670515119355	-0.5038152232359774
0.0	0.0	-0.14462191728037344	-0.3916689851048514	0.0	-0.18798609909280414	0.0	0.0	-0.21066627915556305	-0.10161966068103034
-1.106986031129807	0.0	0.36724450681147597	0.0	0.0	0.0	0.0	-0.1559206509594012	0.0	0.0
0.0	0.474134025375777	0.0	0.0	0.0	0.0	0.0	-0.38631957411069473	0.0	0.0
-0.09090940841762922	0.0	0.4286220321411425	0.06581959268708808	-0.1671486637196741	0.0	0.0	0.0	-0.25918422125428825	-0.13677536347468877
0.0	0.0	-0.47841635714144204	-0.45701049959550044	0.0	0.0	0.0	0.0	0.0	-0.60979342724095
0.0	0.0	1.1171612773377444	0.0	-1.6047063739045186	0.0	0.0	0.0	0.0	0.0
0.0	0.0	0.0	0.0	0.0	-0.45069983434246486	0.0	0.0	0.0	0.2767073591318548
0.0	0.0	0.0	0.0	0.0	0.0	-0.8956155618805651	0.0	0.0	0.0
0.14002478317048828	0.16581978012557655	0.0	0.0	0.0	0.0	0.0	-0.7514218894279991	0.0	0.0
0.0	0.0	-0.44498490538329905	0.0	0.0	0.0	0.0	0.0	-0.12062482747894765	-0.4184252467183032
0.0	0.0	-0.13313107999184662	-0.3605491889948529	0.0	-0.17304978986802358	0.0	0.0	-0.19392793145918338	0.22852978071029484
-0.785465281877086	0.0	0.3350210168414469	0.0	0.0	0.0	0.0	-0.1422395544715785	0.0	0.0
0.0	-0.2520963740351069	0.0	0.0	0.0	0.0	0.0	-0.5126391234020031	0.0	0.0
-0.08203067889209005	0.0	0.7295998759532862	0.059391277168135866	-0.1508239752022368	0.0	0.0	0.0	-0.2338708170878822	-0.12341710409112451
0.0	0.0	-0.4554368049235948	-0.34875608116318113	0.0	0.0	0.0	0.0	0.0	-0.5805035008113638
0.0	0.0	0.7020119231101045	0.0	0.07337628585007772	0.0	0.0	0.0	0.0	0.0
0.0	0.0	0.0	0.0	0.0	-1.378824389463405	0.0	0.0	0.0	0.35373046215716947
0.0	0.0	0.0	0.0	0.0	0.0	-0.5766887969290875	0.0	0.0	0.0
0.16656183058657142	0.19724541256065203	0.0	0.0	0.0	0.0	0.0	-1.4885620157486572	0.0	0.0
0.0	0.0	-0.5251227777564741	0.0	0.0	0.0	0.0	0.0	-0.6068931323365574	-0.49377995788618495
0.0	0.0	-0.1539787424917986	-0.41700939203126214	0.0	-0.20014852304946487	0.0	0.0	-0.224296077384406	-0.18602649645355096
-1.3392475506639556	0.0	0.3864216143142466	0.0	0.0	0.0	0.0	-0.16406265725191566	0.0	0.0
0.0	0.1934547637629911	0.0	0.0	0.0	0.0	0.0	-0.4138224040264777	0.0	0.0
-0.099442918473122	0.0	0.2729789498168548	0.07199796482502387	-0.1828386217497763	0.0	0.0	0.0	-0.28351339902363376	-0.14961423196883902
0.0	0.0	-0.47052100076842907	-0.3956004705924412	0.0	0.0	0.0	0.0	0.0	-0.5997299410116009
0.0	0.0	1.064446805447037	0.0	-1.3708077060321018	0.0	0.0	0.0	0.0	0.0
0.0	0.0	0.0	0.0	0.0	-0.7943795108862852	0.0	0.0	0.0	0.30389295274675093
0.0	0.0	0.0	0.0	0.0	0.0	-0.8597518519404322	0.0	0.0	0.0
0.16399158454053758	0.1942016825539214	0.0	0.0	0.0	0.0	0.0	-1.4137567611679833	0.0	0.0
0.0	0.0	-0.49658489649527354	0.0	0.0	0.0	0.0	0.0	-0.41375734769510975	-0.46694540717878547
0.0	0.0	-0.12141422682551786	-0.3288172905760139	0.0	-0.1578196949985772	0.0	0.0	-0.17686035341582737	0.3032685313270358
-0.44655289777545093	0.0	0.3066100517028345	0.0	0.0	0.0	0.0	-0.1301771380252207	0.0	0.0
0.0	0.30240266902209123	0.0	0.0	0.0	0.0	0.0	-0.4208165453438863	0.0	0.0
-0.07890599077386774	0.0	0.753300488649417	0.057128962378111416	-0.14507883338916658	0.0	0.0	0.0	-0.22496227977936176	-0.11871593662612956
0.0	0.0	-0.45955155395974256	-0.32565223443780145	0.0	0.0	0.0	0.0	0.0	-0.5857481938063551
0.0	0.0	0.8491808308796416	0.0	-0.5350151600829811	0.0	0.0	0.0	0.0	0.0
0.0	0.0	0.0	0.0	0.0	-0.6649916005133516	0.0	0.0	0.0	0.29423623473620364
0.0	0.0	0.0	0.0	0.0	0.0	-0.9997941840201864	0.0	0.0	0.0
0.14332466114314124	0.16972755293176842	0.0	0.0	0.0	0.0	0.0	-0.8616296699652282	0.0	0.0
0.0	0.0	-0.5012011653340274	0.0	0.0	0.0	0.0	0.0	-0.4301656048407354	-0.4712861463912983
0.0	0.0	-0.13423743064329605	-0.36354543773067366	0.0	-0.1744878744067008	0.0	0.0	-0.19553951827510385	0.1809036543445337
-1.1255721081494707	0.0	0.36728350848002944	0.0	0.0	0.0	0.0	-0.15593720986072326	0.0	0.0
0.0	-0.05287166551544975	0.0	0.0	0.0	0.0	0.0	-0.4705496454558654	0.0	0.0
-0.10041000404163727	0.0	0.1835985813852692	0.07269814733991627	-0.18461673320483402	0.0	0.0	0.0	-0.28627057591351535	-0.1510692351686965
0.0	0.0	-0.5027558508043848	-0.6520142008282918	0.0	0.0	0.0	0.0	0.0	-0.6408167462317913
0.0	0.0	1.038592324664631	0.0	-1.2630249731748933	0.0	0.0	0.0	0.0	0.0
0.0	0.0	0.0	0.0	0.0	-1.226235594258521	0.0	0.0	0.0	0.34084738264372755
0.0	0.0	0.0	0.0	0.0	0.0	-0.5506147576822573	0.0	0.0	0.0
0.16406477154622034	0.19428835187713392	0.0	0.0	0.0	0.0	0.0	-1.4132304359010592	0.0	0.0
0.0	0.0	-0.5469698749840999	0.0	0.0	0.0	0.0	0.0	-0.751106394879168	-0.5143230750502917
0.0	0.0	-0.14734898813268632	-0.3990545120921869	0.0	-0.19153086893901028	0.0	0.0	-0.21463871901982357	-0.18689619864004514
-0.8890599044794048	0.0	0.34445100590315264	0.0	0.0	0.0	0.0	-0.14624323595835423	0.0	0.0
0.0	0.12292097001219415	0.0	0.0	0.0	0.0	0.0	-0.4451247748721727	0.0	0.0
-0.06812940960253218	0.0	1.0029728663498747	0.04932657761284988	-0.12526470002707957	0.0	0.0	0.0	-0.19423806930111392	-0.10250231437976506
0.0	0.0	-0.4750268030253829	-0.3595970238414996	0.0	0.0	0.0	0.0	0.0	-0.6054730736610675
0.0	0.0	0.8338762250421468	0.0	-0.4956717113503024	0.0	0.0	0.0	0.0	0.0
0.0	0.0	0.0	0.0	0.0	-0.5213174382318526	0.0	0.0	0.0	0.28114541498863604
0.0	0.0	0.0	0.0	0.0	0.0	-1.0246962347398845	0.0	0.0	0.0
0.1543275373857633	0.1827573500718868	0.0	0.0	0.0	0.0	0.0	-1.1524443847774284	0.0	0.0
0.0	0.0	-0.4408394960459515	0.0	0.0	0.0	0.0	0.0	-0.029263262776679788	-0.414527262980554
0.0	0.0	-0.11401913090316637	-0.30878969193033123	0.0	-0.14820721536200265	0.0	0.0	-0.16608814563946367	0.5013614298436059
-1.175093917303927	0.0	0.37124648001428273	0.0	0.0	0.0	0.0	-0.15761976491571705	0.0	0.0
0.0	-0.19822461905604227	0.0	0.0	0.0	0.0	0.0	-0.5064623430508318	0.0	0.0
-0.09227235516738987	0.0	0.20975117900598117	0.0668063838397851	-0.1696546169747762	0.0	0.0	0.0	-0.26307000489424953	-0.13882594922087219
0.0	0.0	-0.48210794837210114	-0.5101787314251225	0.0	0.0	0.0	0.0	0.0	-0.6144987598135374
0.0	0.0	1.0438914907383245	0.0	-1.3022268048036765	0.0	0.0	0.0	0.0	0.0
0.0	0.0	0.0	0.0	0.0	-1.1744356619755953	0.0	0.0	0.0	0.3365371878843741
0.0	0.0	0.0	0.0	0.0	0.0	-0.23625611526614065	0.0	0.0	0.0
0.16253938037846266	0.19248195716388444	0.0	0.0	0.0	0.0	0.0	-1.3624565019141464	0.0	0.0
0.0	0.0	-0.5756753288307772	0.0	0.0	0.0	0.0	0.0	-0.9028813192725411	-0.5413151964967726
0.0	0.0	-0.14601915796964032	-0.3954530301030339	0.0	-0.18980229563900128	0.0	0.0	-0.21270159650322315	-0.1469287787321294
-0.9741704561473498	0.0	0.35263472811063135	0.0	0.0	0.0	0.0	-0.14971779111219352	0.0	0.0
0.0	0.11327920767761612	0.0	0.0	0.0	0.0	0.0	-0.4616114534409954	0.0	0.0
-0.06336860855634789	0.0	1.0350921269142042	0.04587969580844307	-0.11651135373480938	0.0	0.0	0.0	-0.18066494707779743	-0.0953395761675531
0.0	0.0	-0.48835178953442504	-0.41534252113508474	0.0	0.0	0.0	0.0	0.0	-0.6224572111597064
0.0	0.0	0.9492737060412921	0.0	-0.9777009536514866	0.0	0.0	0.0	0.0	0.0
0.0	0.0	0.0	0.0	0.0	-0.7900759910011099	0.0	0.0	0.0	0.302450482170289
0.0	0.0	0.0	0.0	0.0	0.0	-0.8266036419601379	0.0	0.0	0.0
0.14515520670217769	0.17189531677497108	0.0	0.0	0.0	0.0	0.0	-0.8882262776543497	0.0	0.0
0.0	0.0	-0.4066034664453883	0.0	0.0	0.0	0.0	0.0	0.1910526852114507	-0.3823346673240082
0.0	0.0	-0.10552373314813536	-0.28578222612330323	0.0	-0.1371645137145479	0.0	0.0	-0.15371316217461797	0.5915233579611858
-0.9196408555701836	0.0	0.3468394601599201	0.0	0.0	0.0	0.0	-0.14725729971041768	0.0	0.0
0.0	-0.49956585164626766	0.0	0.0	0.0	0.0	0.0	-0.5592980485801414	0.0	0.0
-0.08740519389807096	0.0	0.5596354500978112	0.06328249585211651	-0.1607057137046385	0.0	0.0	0.0	-0.24919364792234752	-0.13150318952758694
0.0	0.0	-0.5985126909984041	-1.182914498183912	0.0	0.0	0.0	0.0	0.0	-0.7628692030344162
0.0	0.0	0.8827279687746363	0.0	-0.6538459578423406	0.0	0.0	0.0	0.0	0.0
0.0	0.0	0.0	0.0	0.0	-1.275978821788791	0.0	0.0	0.0	0.3437599285000326
0.0	0.0	0.0	0.0	0.0	0.0	-0.43954826620030696	0.0	0.0	0.0
0.17327999188659313	0.2052011758505076	0.0	0.0	0.0	0.0	0.0	-1.664890944198798	0.0	0.0
0.0	0.0	-0.5511084880245158	0.0	0.0	0.0	0.0	0.0	-0.7272362780956132	-0.5182146681393112
0.0	0.0	-0.13077768165389178	-0.3541756520102253	0.0	-0.1699907364307362	0.0	0.0	-0.19049980880287345	-0.11530690992505233
-0.5401241743896756	0.0	0.317623510808429	0.0	0.0	0.0	0.0	-0.13485311188244323	0.0	0.0
0.0	0.42918196923650176	0.0	0.0	0.0	0.0	0.0	-0.40644018507324997	0.0	0.0
-0.09998332154212922	0.0	0.386187454168044	0.07238922366729358	-0.1838322224389328	0.0	0.0	0.0	-0.2850540970772458	-0.15042728121723745
0.0	0.0	-0.4141346579075966	0.022154140036082737	0.0	0.0	0.0	0.0	0.0	-0.5278594442164322
0.0	0.0	1.10830677489337	0.0	-1.5489518067551058	0.0	0.0	0.0	0.0	0.0
0.0	0.0	0.0	0.0	0.0	-0.604597117206259	0.0	0.0	0.0	0.28617107909149564
0.0	0.0	0.0	0.0	0.0	0.0	-0.6017186013253539	0.0	0.0	0.0
0.13375564566886372	0.15839575861625071	0.0	0.0	0.0	0.0	0.0	-0.5905789035093922	0.0	0.0
0.0	0.0	-0.47027593751085606	0.0	0.0	0.0	0.0	0.0	-0.2067322090760837	-0.4422067418425438
0.0	0.0	-0.08845120619921253	-0.23954594721755199	0.0	-0.11497287220447976	0.0	0.0	-0.12884413958283444	0.8728684605213362
-1.4012579308244892	0.0	0.39121059630615823	0.0	0.0	0.0	0.0	-0.1660959107812735	0.0	0.0
0.0	-0.36406536383599464	0.0	0.0	0.0	0.0	0.0	-0.5309259491200788	0.0	0.0
-0.09880168914658492	0.0	0.5168828482636795	0.07153370646248125	-0.18165963899173038	0.0	0.0	0.0	-0.28168524364855496	-0.14864948722201551
0.0	0.0	-0.5474650656978708	-0.8802909128917716	0.0	0.0	0.0	0.0	0.0	-0.6978034795910996
0.0	0.0	0.7579777539720812	0.0	-0.11927996481875502	0.0	0.0	0.0	0.0	0.0
0.0	0.0	0.0	0.0	0.0	-0.9035961258321323	0.0	0.0	0.0	0.3132191323954499
0.0	0.0	0.0	0.0	0.0	0.0	-0.9294993039405259	0.0	0.0	0.0
0.17141790470725352	0.20299605987273955	0.0	0.0	0.0	0.0	0.0	-1.6003489551839056	0.0	0.0
0.0	0.0	-0.5214184808393325	0.0	0.0	0.0	0.0	0.0	-0.5674040756285946	-0.49029675804564715
0.0	0.0	-0.1276877193534787	-0.3458073325952034	0.0	-0.1659742638923977	0.0	0.0	-0.18599875617682501	0.0664774893541431
-0.41613543531585084	0.0	0.30744070892850617	0.0	0.0	0.0	0.0	-0.13052980937346048	0.0	0.0
0.0	0.311185726204676	0.0	0.0	0.0	0.0	0.0	-0.427694919941342	0.0	0.0
-0.11706882512368148	0.0	0.14476734640312428	0.0847593502159719	-0.21524612274191138	0.0	0.0	0.0	-0.3337651492950627	-0.17613282702586838
0.0	0.0	-0.5012354040912392	-0.5900630438015084	0.0	0.0	0.0	0.0	0.0	-0.6388787723345648
0.0	0.0	1.1214130887565419	0.0	-1.5657115988448793	0.0	0.0	0.0	0.0	0.0
0.0	0.0	0.0	0.0	0.0	-1.0652691306312496	0.0	0.0	0.0	0.32531805444851924
0.0	0.0	0.0	0.0	0.0	0.0	-0.23367065584636393	0.0	0.0	0.0
0.13759742961366922	0.16294526588627437	0.0	0.0	0.0	0.0	0.0	-0.6989023452485794	0.0	0.0
0.0	0.0	-0.4931389300680005	0.0	0.0	0.0	0.0	0.0	-0.4055665282337084	-0.46370511894637295
0.0	0.0	-0.11213987322019375	-0.30370023548222297	0.0	-0.14576447135987936	0.0	0.0	-0.16335068902782965	0.3316000600168151
-1.4237988861854654	0.0	0.3928958840963601	0.0	0.0	0.0	0.0	-0.16681143181543046	0.0	0.0
0.0	-0.36820029676545596	0.0	0.0	0.0	0.0	0.0	-0.5269677167665211	0.0	0.0
-0.09844092800255547	0.0	0.5217093002852079	0.07127251070760114	-0.18099633313377683	0.0	0.0	0.0	-0.2806567076828986	-0.14810671351507979
0.0	0.0	-0.47318128676946647	-0.40049133859567676	0.0	0.0	0.0	0.0	0.0	-0.6031207634485815
0.0	0.0	0.8336021401051097	0.0	-0.42922578488788754	0.0	0.0	0.0	0.0	0.0
0.0	0.0	0.0	0.0	0.0	-0.9183449892824114	0.0	0.0	0.0	0.31368106331930623
0.0	0.0	0.0	0.0	0.0	0.0	-0.9603002253846066	0.0	0.0	0.0
0.17457725833795268	0.20673742131261852	0.0	0.0	0.0	0.0	0.0	-1.689317233063092	0.0	0.0
0.0	0.0	-0.4756977707813047	0.0	0.0	0.0	0.0	0.0	-0.28346286920925534	-0.4473049640438089
0.0	0.0	-0.11692964539653082	-0.31667202594433147	0.0	-0.15199043353701785	0.0	0.0	-0.17032780218859336	0.36093133037182956
-0.8062404155950034	0.0	0.3433196338392467	0.0	0.0	0.0	0.0	-0.14576289039726445	0.0	0.0
0.0	0.513661594910715	0.0	0.0	0.0	0.0	0.0	-0.3966064184824968	0.0	0.0
-0.11475941122477908	0.0	0.13831612961141215	0.0830873045518602	-0.21099996765305787	0.0	0.0	0.0	-0.3271809722185702	-0.172658258981329
0.0	0.0	-0.4744356699442201	-0.4720325707308656	0.0	0.0	0.0	0.0	0.0	-0.6047196105694801
0.0	0.0	1.0078828594296498	0.0	-1.1065533391676463	0.0	0.0	0.0	0.0	0.0
0.0	0.0	0.0	0.0	0.0	-0.9151621179304206	0.0	0.0	0.0	0.31464121861276
0.0	0.0	0.0	0.0	0.0	0.0	-0.6253903805340024	0.0	0.0	0.0
0.1275427050654562	0.15103828644979903	0.0	0.0	0.0	0.0	0.0	-0.40752497806746657	0.0	0.0
0.0	0.0	-0.5136039557584007	0.0	0.0	0.0	0.0	0.0	-0.5584784425308671	-0.48294865579449603
0.0	0.0	-0.1346742035882195	-0.36472831802486705	0.0	-0.17505561160483418	0.0	0.0	-0.19617575193092282	0.0790806005777388
-1.3221528437139294	0.0	0.3829414011955979	0.0	0.0	0.0	0.0	-0.16258506647826873	0.0	0.0
0.0	-0.5706104115931963	0.0	0.0	0.0	0.0	0.0	-0.5627002029603094	0.0	0.0
-0.09691969152191668	0.0	0.3520297407318247	0.0701711157334263	-0.17819934380818042	0.0	0.0	0.0	-0.27631963741216603	-0.145817977110433
0.0	0.0	-0.44912358828791576	-0.2705149167978238	0.0	0.0	0.0	0.0	0.0	-0.5724566229157422
0.0	0.0	1.0390387105853738	0.0	-1.272371986489023	0.0	0.0	0.0	0.0	0.0
0.0	0.0	0.0	0.0	0.0	-1.1093041163796624	0.0	0.0	0.0	0.32985057689252073
0.0	0.0	0.0	0.0	0.0	0.0	-0.7803127593271162	0.0	0.0	0.0
0.18163549208017601	0.21509590429477302	0.0	0.0	0.0	0.0	0.0	-1.8855379986141974	0.0	0.0
0.0	0.0	-0.47386891594982766	0.0	0.0	0.0	0.0	0.0	-0.2855117610857729	-0.44558526743204724
0.0	0.0	-0.12590793539113407	-0.3409872735657964	0.0	-0.16366082032450147	0.0	0.0	-0.1834061998610281	0.2584580860979243
-0.3151055775810745	0.0	0.2978374545443585	0.0	0.0	0.0	0.0	-0.12645256479353356	0.0	0.0
0.0	0.8710167916919442	0.0	0.0	0.0	0.0	0.0	-0.3290831288636433	0.0	0.0
-0.08566949453644744	0.0	0.7963399176062734	0.06202582696604834	-0.15751440673251874	0.0	0.0	0.0	-0.24424514044436113	-0.1288917886263926
0.0	0.0	-0.5288680490514385	-0.752659389800564	0.0	0.0	0.0	0.0	0.0	-0.6740995690788337
0.0	0.0	0.758437938932646	0.0	-0.14946294766429613	0.0	0.0	0.0	0.0	0.0
0.0	0.0	0.0	0.0	0.0	-0.8849968957585399	0.0	0.0	0.0	0.31189822795691263
0.0	0.0	0.0	0.0	0.0	0.0	-0.6910668331294412	0.0	0.0	0.0
0.11793536140693071	0.13966110323282613	0.0	0.0	0.0	0.0	0.0	-0.16653163622054667	0.0	0.0
0.0	0.0	-0.5037190608643219	0.0	0.0	0.0	0.0	0.0	-0.449029318931105	-0.47365375717029073
0.0	0.0	-0.13050933086293404	-0.3534488971453818	0.0	-0.16964192195413913	0.0	0.0	-0.19010891049573841	0.08642448408739511
-1.250468737140683	0.0	0.3784643575537761	0.0	0.0	0.0	0.0	-0.16068425231751438	0.0	0.0
0.0	-0.28862245910470197	0.0	0.0	0.0	0.0	0.0	-0.5168481934631405	0.0	0.0
-0.10638731982332655	0.0	0.16823729462284553	0.07702580161641906	-0.19560679862193708	0.0	0.0	0.0	-0.3033120016914844	-0.16006224868483115
0.0	0.0	-0.4468724739169562	-0.2933108617941753	0.0	0.0	0.0	0.0	0.0	-0.5695873340068495
0.0	0.0	0.9960524267784595	0.0	-1.0762310384244134	0.0	0.0	0.0	0.0	0.0
0.0	0.0	0.0	0.0	0.0	-0.7030113181907769	0.0	0.0	0.0	0.29745394830907823
0.0	0.0	0.0	0.0	0.0	0.0	-1.24161465311097	0.0	0.0	0.0
0.16927556254014986	0.2004590610711035	0.0	0.0	0.0	0.0	0.0	-1.5474424078174844	0.0	0.0
0.0	0.0	-0.5260052396798293	0.0	0.0	0.0	0.0	0.0	-0.6197001273610034	-0.4946097486128644
0.0	0.0	-0.136001482338812	-0.36832289020985604	0.0	-0.17678086846371638	0.0	0.0	-0.19810915788382202	0.12832712923446055
-0.9355546635095591	0.0	0.35139299594045253	0.0	0.0	0.0	0.0	-0.1491905900657504	0.0	0.0
0.0	0.34638157854178486	0.0	0.0	0.0	0.0	0.0	-0.42436044894864966	0.0	0.0
-0.07835197797785227	0.0	0.5211506812679423	0.05672784991668546	-0.14406020946289289	0.0	0.0	0.0	-0.2233827801698105	-0.11788241122030424
0.0	0.0	-0.5030267642777889	-0.6135085001833586	0.0	0.0	0.0	0.0	0.0	-0.6411620547752114
0.0	0.0	1.0247460003664446	0.0	-1.253956319942188	0.0	0.0	0.0	0.0	0.0
0.0	0.0	0.0	0.0	0.0	-1.1562990624035954	0.0	0.0	0.0	0.334938321873367
0.0	0.0	0.0	0.0	0.0	0.0	-0.4167999353380427	0.0	0.0	0.0
0.13451862481943944	0.15929929177748278	0.0	0.0	0.0	0.0	0.0	-0.5958760627093544	0.0	0.0
0.0	0.0	-0.5236054934421412	0.0	0.0	0.0	0.0	0.0	-0.5760995403020882	-0.49235323519090685
0.0	0.0	-0.14424754484674737	-0.39065509956186484	0.0	-0.187499472897213	0.0	0.0	-0.21012094239683704	-0.09911733952342994
-1.100705233268254	0.0	0.36266582957655313	0.0	0.0	0.0	0.0	-0.15397668632069075	0.0	0.0
0.0	-0.3866149485263476	0.0	0.0	0.0	0.0	0.0	-0.5399614545818059	0.0	0.0
-0.07624078436898028	0.0	0.7311072463015719	0.055199318317610706	-0.14017850792375888	0.0	0.0	0.0	-0.2173637324061424	-0.11470607030856521
0.0	0.0	-0.5045721398911917	-0.584037076859029	0.0	0.0	0.0	0.0	0.0	-0.6431318032539258
0.0	0.0	0.8562274801680972	0.0	-0.569567217619068	0.0	0.0	0.0	0.0	0.0
0.0	0.0	0.0	0.0	0.0	-0.9606991386726399	0.0	0.0	0.0	0.3178955851246567
0.0	0.0	0.0	0.0	0.0	0.0	-0.9659589522926014	0.0	0.0	0.0
0.16895334222967665	0.20007748218324614	0.0	0.0	0.0	0.0	0.0	-1.5404061540072616	0.0	0.0
0.0	0.0	-0.5096847388273666	0.0	0.0	0.0	0.0	0.0	-0.4649424364509218	-0.47926336379588796
0.0	0.0	-0.12806223598956987	-0.3468216086712032	0.0	-0.16646107752886505	0.0	0.0	-0.1865443029908271	0.1506328158974103
-0.8672938731481292	0.0	0.34629485424965056	0.0	0.0	0.0	0.0	-0.14702607689708597	0.0	0.0
0.0	0.35959772979384763	0.0	0.0	0.0	0.0	0.0	-0.4246529290308296	0.0	0.0
-0.08885343192808941	0.0	0.5988499809917702	0.0643310389997285	-0.16336848597077783	0.0	0.0	0.0	-0.25332259840761306	-0.13368209803003442
0.0	0.0	-0.48605711275929875	-0.4890820332350221	0.0	0.0	0.0	0.0	0.0	-0.6195323972518476
0.0	0.0	0.962012683065642	0.0	-0.974857328957257	0.0	0.0	0.0	0.0	0.0
0.0	0.0	0.0	0.0	0.0	-0.9844736639646361	0.0	0.0	0.0	0.3198170971791623
0.0	0.0	0.0	0.0	0.0	0.0	-0.4953154701355933	0.0	0.0	0.0
0.13236914017709578	0.15675383473261983	0.0	0.0	0.0	0.0	0.0	-0.5372923528146949	0.0	0.0
0.0	0.0	-0.45751629052362874	0.0	0.0	0.0	0.0	0.0	-0.18133248359377818	-0.43020867544954966
0.0	0.0	-0.1278470373850473	-0.34623880199421847	0.0	-0.16618135266450726	0.0	0.0	-0.18623082983166306	0.21114396988634565
-1.2560113796425463	0.0	0.3780729791676403	0.0	0.0	0.0	0.0	-0.16051808516836474	0.0	0.0
0.0	-0.4593031842453449	0.0	0.0	0.0	0.0	0.0	-0.5584430201312255	0.0	0.0
-0.09327517349643553	0.0	0.35963390022457586	0.06753243733750132	-0.17149842771528342	0.0	0.0	0.0	-0.26592905647314885	-0.1403347132073696
0.0	0.0	-0.4592289741454825	-0.3297764906030962	0.0	0.0	0.0	0.0	0.0	-0.5853370309195514
0.0	0.0	1.0001988095307306	0.0	-1.1214407632168402	0.0	0.0	0.0	0.0	0.0
0.0	0.0	0.0	0.0	0.0	-0.8596297107887543	0.0	0.0	0.0	0.30960318714953494
0.0	0.0	0.0	0.0	0.0	0.0	-0.8162294620555839	0.0	0.0	0.0
0.16785460385380924	0.19877633711609013	0.0	0.0	0.0	0.0	0.0	-1.5002890921534957	0.0	0.0
0.0	0.0	-0.5155097825775269	0.0	0.0	0.0	0.0	0.0	-0.523683328087778	-0.4847407301937577
0.0	0.0	-0.12717650207925615	-0.34442284015638003	0.0	-0.16530976059319413	0.0	0.0	-0.1852540817662948	0.2262808824285476
-0.611276022892526	0.0	0.3231268629494421	0.0	0.0	0.0	0.0	-0.13718966486654563	0.0	0.0
0.0	0.2758985243551917	0.0	0.0	0.0	0.0	0.0	-0.4420872210304639	0.0	0.0
-0.08840175921273535	0.0	0.46436380649349973	0.06400402208618856	-0.16253802747232138	0.0	0.0	0.0	-0.252034872054219	-0.13300254570547906
0.0	0.0	-0.4947704283138155	-0.5447398853672676	0.0	0.0	0.0	0.0	0.0	-0.6306384609875609
0.0	0.0	0.9768625176701232	0.0	-1.0365399789490684	0.0	0.0	0.0	0.0	0.0
0.0	0.0	0.0	0.0	0.0	-0.7177051380458332	0.0	0.0	0.0	0.2981809041306071
0.0	0.0	0.0	0.0	0.0	0.0	-0.4850439820929977	0.0	0.0	0.0
0.1335780583434006	0.15818545662117084	0.0	0.0	0.0	0.0	0.0	-0.577192519610155	0.0	0.0
0.0	0.0	-0.5421011984848502	0.0	0.0	0.0	0.0	0.0	-0.673801742176868	-0.5097449935451778
0.0	0.0	-0.12916531139856974	-0.34980898730690135	0.0	-0.16789490475949895	0.0	0.0	-0.188151118862252	0.14469218484712887
-1.238862572151238	0.0	0.37489085887137613	0.0	0.0	0.0	0.0	-0.15916705538079237	0.0	0.0
0.0	-0.34783766745020106	0.0	0.0	0.0	0.0	0.0	-0.5184108341361537	0.0	0.0
-0.0839812754794674	0.0	0.5482994903846855	0.06080353443735272	-0.15441039841971596	0.0	0.0	0.0	-0.2394320000972156	-0.12635182297088446
0.0	0.0	-0.4971396702697811	-0.5786749753390014	0.0	0.0	0.0	0.0	0.0	-0.6336583162887546
0.0	0.0	1.0069499373287678	0.0	-1.1690703913386873	0.0	0.0	0.0	0.0	0.0
0.0	0.0	0.0	0.0	0.0	-1.44843424696161	0.0	0.0	0.0	0.3585059568536663
0.0	0.0	0.0	0.0	0.0	0.0	-0.9653998578311057	0.0	0.0	0.0
0.17705856040082144	0.2096758223097411	0.0	0.0	0.0	0.0	0.0	-1.7676057917538377	0.0	0.0
0.0	0.0	-0.4680554140833546	0.0	0.0	0.0	0.0	0.0	-0.2569120586003011	-0.4401187540214833
0.0	0.0	-0.14097159985343077	-0.3817830967913294	0.0	-0.1832412516558067	0.0	0.0	-0.20534897452752462	-0.04261245076173115
-0.533515802661743	0.0	0.3171858507671821	0.0	0.0	0.0	0.0	-0.13466729497500296	0.0	0.0
0.0	0.5232408001259065	0.0	0.0	0.0	0.0	0.0	-0.4045217699986197	0.0	0.0
-0.08595101339219359	0.0	0.6759847694581953	0.0622296502747847	-0.1580320154307702	0.0	0.0	0.0	-0.2450477553404978	-0.12931534042911438
0.0	0.0	-0.44574296362435556	-0.21984393892844567	0.0	0.0	0.0	0.0	0.0	-0.5681476508895241
0.0	0.0	0.9077863680274967	0.0	-0.7594238979332404	0.0	0.0	0.0	0.0	0.0
0.0	0.0	0.0	0.0	0.0	-0.7115501948638181	0.0	0.0	0.0	0.29703973979248205
0.0	0.0	0.0	0.0	0.0	0.0	-1.132240166742529	0.0	0.0	0.0
0.12103039766099877	0.14332629891825974	0.0	0.0	0.0	0.0	0.0	-0.23292152478002137	0.0	0.0
0.0	0.0	-0.4743768936705533	0.0	0.0	0.0	0.0	0.0	-0.26132289414481935	-0.44606292566393474
0.0	0.0	-0.1198537326668108	-0.3245911181196086	0.0	-0.15579129422040378	0.0	0.0	-0.17458722978255758	0.40298064904973696
-1.5093147556876088	0.0	0.40172984224447655	0.0	0.0	0.0	0.0	-0.1705620570241269	0.0	0.0
0.0	-0.7153924017448678	0.0	0.0	0.0	0.0	0.0	-0.6166783917624784	0.0	0.0
-0.10527235284651397	0.0	0.16932290616925438	0.07621855104081057	-0.19355678813886754	0.0	0.0	0.0	-0.3001332124700007	-0.15838475439496352
0.0	0.0	-0.4847739444908755	-0.5256324850570909	0.0	0.0	0.0	0.0	0.0	-0.6178968604135925
0.0	0.0	0.9811051807197548	0.0	-1.0175264698101567	0.0	0.0	0.0	0.0	0.0
0.0	0.0	0.0	0.0	0.0	-1.1392963241356961	0.0	0.0	0.0	0.3330368009210732
0.0	0.0	0.0	0.0	0.0	0.0	-0.22098099811267424	0.0	0.0	0.0
0.16840672520697844	0.19943016881153855	0.0	0.0	0.0	0.0	0.0	-1.4964676212712444	0.0	0.0
0.0	0.0	-0.5341956998543776	0.0	0.0	0.0	0.0	0.0	-0.6667273472035604	-0.5023113476509707
0.0	0.0	-0.13672783416872483	-0.37029001586688537	0.0	-0.17772501337371308	0.0	0.0	-0.19916721215556088	-0.0009862830761699914
0.03006393065146451	0.0	0.26411036640060426	0.0	0.0	0.0	0.0	-0.11213308705921082	0.0	0.0
0.0	0.4469369006890096	0.0	0.0	0.0	0.0	0.0	-0.3868825118603326	0.0	0.0
-0.08373573148892864	0.0	0.742653874843783	0.06062575739837147	-0.1539589341475649	0.0	0.0	0.0	-0.2387319501345198	-0.12598239620703752
0.0	0.0	-0.49311706416475265	-0.5078057236254017	0.0	0.0	0.0	0.0	0.0	-0.6285310694323087
0.0	0.0	0.9771692362325358	0.0	-1.0478498276634918	0.0	0.0	0.0	0.0	0.0
0.0	0.0	0.0	0.0	0.0	-0.9409174908465305	0.0	0.0	0.0	0.31574601328558366
0.0	0.0	0.0	0.0	0.0	0.0	-1.3894585112352988	0.0	0.0	0.0
0.14369899889448123	0.17017085019825534	0.0	0.0	0.0	0.0	0.0	-0.8945257512771461	0.0	0.0
0.0	0.0	-0.46510508710825244	0.0	0.0	0.0	0.0	0.0	-0.20469442993927078	-0.43734452218233044
0.0	0.0	-0.1202263888981384	-0.32560035579714613	0.0	-0.156275689618745	0.0	0.0	-0.17513006660241331	0.3047670859742456
-1.6745755462615113	0.0	0.4166686909556886	0.0	0.0	0.0	0.0	-0.17690462981264768	0.0	0.0
0.0	-0.24715087767667065	0.0	0.0	0.0	0.0	0.0	-0.49929308569047165	0.0	0.0
-0.11390053623454384	0.0	0.15283248059217158	0.0824654679013926	-0.20942081529227505	0.0	0.0	0.0	-0.3247323054702808	-0.17136606116579503
0.0	0.0	-0.4727819930157588	-0.45790751156557796	0.0	0.0	0.0	0.0	0.0	-0.6026118203430318
0.0	0.0	0.8737794487164429	0.0	-0.5601614976659584	0.0	0.0	0.0	0.0	0.0
0.0	0.0	0.0	0.0	0.0	-0.8489194721072786	0.0	0.0	0.0	0.30916252327346266
0.0	0.0	0.0	0.0	0.0	0.0	0.022071222504425725	0.0	0.0	0.0
0.1744112516248984	0.20654083327988065	0.0	0.0	0.0	0.0	0.0	-1.6803371068733437	0.0	0.0
0.0	0.0	-0.5284888311191606	0.0	0.0	0.0	0.0	0.0	-0.6415085656824858	-0.4969451027971923
0.0	0.0	-0.1334575378191258	-0.3614333109059329	0.0	-0.1734741344944992	0.0	0.0	-0.19440347249105056	0.09465517994352846
-0.07891955256198946	0.0	0.27713770053510856	0.0	0.0	0.0	0.0	-0.1176640899219991	0.0	0.0
0.0	0.6014836191988642	0.0	0.0	0.0	0.0	0.0	-0.3744776296629501	0.0	0.0
-0.10602772341708366	0.0	0.30310802712022233	0.07676544914682738	-0.19494563428451475	0.0	0.0	0.0	-0.3022867864124481	-0.15952122735355026
0.0	0.0	-0.48884608723447937	-0.5278976111991059	0.0	0.0	0.0	0.0	0.0	-0.6230872470773628
0.0	0.0	1.0439694820834788	0.0	-1.272900976193196	0.0	0.0	0.0	0.0	0.0
0.0	0.0	0.0	0.0	0.0	-1.0877026241759071	0.0	0.0	0.0	0.32809311673767133
0.0	0.0	0.0	0.0	0.0	0.0	-1.24226873427951	0.0	0.0	0.0
0.12874114748084042	0.15245750277217116	0.0	0.0	0.0	0.0	0.0	-0.4706779955631133	0.0	0.0
0.0	0.0	-0.5161648489692534	0.0	0.0	0.0	0.0	0.0	-0.5451812713049111	-0.48535669786650143
0.0	0.0	-0.12593498539957138	-0.34106053112973245	0.0	-0.16369598114702533	0.0	0.0	-0.1834456027726737	0.15618673970111618
-1.5108744084356265	0.0	0.402760313219427	0.0	0.0	0.0	0.0	-0.170999563105849	0.0	0.0
0.0	-0.26459708043572283	0.0	0.0	0.0	0.0	0.0	-0.5259188965442196	0.0	0.0
-0.10586332424592539	0.0	0.3544029605945491	0.07664642201121978	-0.19464336522068484	0.0	0.0	0.0	-0.30181808166677687	-0.15927388489712582
0.0	0.0	-0.46179637086278513	-0.3529803231965345	0.0	0.0	0.0	0.0	0.0	-0.5886094559107986
0.0	0.0	0.8276357049615369	0.0	-0.38883748340743685	0.0	0.0	0.0	0.0	0.0
0.0	0.0	0.0	0.0	0.0	-1.0016038586786709	0.0	0.0	0.0	0.320806898636534
0.0	0.0	0.0	0.0	0.0	0.0	-0.5824772309046322	0.0	0.0	0.0
0.15987627851115743	0.18932826568092104	0.0	0.0	0.0	0.0	0.0	-1.2719237979548532	0.0	0.0
0.0	0.0	-0.5082184817307516	0.0	0.0	0.0	0.0	0.0	-0.49213174763752066	-0.4778846226746017
0.0	0.0	-0.12194826442619267	-0.33026358563970487	0.0	-0.15851386118865138	0.0	0.0	-0.17763826949092143	0.2687084789176962
-0.10369826998326226	0.0	0.27590682900616603	0.0	0.0	0.0	0.0	-0.11714149996767574	0.0	0.0
0.0	0.03170503085845999	0.0	0.0	0.0	0.0	0.0	-0.45903070419628395	0.0	0.0
-0.10001092368391648	0.0	0.3690989365677967	0.07240920797652353	-0.18388297253395428	0.0	0.0	0.0	-0.28513279123826396	-0.15046880929492867
0.0	0.0	-0.49337222317493323	-0.5640047416841222	0.0	0.0	0.0	0.0	0.0	-0.6288562972072099
0.0	0.0	1.0966275638690393	0.0	-1.5011452593670567	0.0	0.0	0.0	0.0	0.0
0.0	0.0	0.0	0.0	0.0	-0.9062011160649948	0.0	0.0	0.0	0.3138533468252832
0.0	0.0	0.0	0.0	0.0	0.0	-0.9229390534190575	0.0	0.0	0.0
0.15892122816615334	0.18819727847543033	0.0	0.0	0.0	0.0	0.0	-1.30573802642269	0.0	0.0
0.0	0.0	-0.488814546378857	0.0	0.0	0.0	0.0	0.0	-0.39030979484191564	-0.459638843236468
0.0	0.0	-0.1338294690070641	-0.36244058500136767	0.0	-0.17395758744870066	0.0	0.0	-0.1949452531625996	0.09495051248215047
-1.2851947906528205	0.0	0.38279267650260784	0.0	0.0	0.0	0.0	-0.16252192257682258	0.0	0.0
0.0	0.044722889560640855	0.0	0.0	0.0	0.0	0.0	-0.4864225638644491	0.0	0.0
-0.08409754122029793	0.0	0.646718461243154	0.06088771234410769	-0.15462416796848397	0.0	0.0	0.0	-0.239763475639959	-0.12652674753852322
0.0	0.0	-0.4302915294015979	-0.13631994046784945	0.0	0.0	0.0	0.0	0.0	-0.5484531256295989
0.0	0.0	0.8248703996587624	0.0	-0.42444053375275104	0.0	0.0	0.0	0.0	0.0
0.0	0.0	0.0	0.0	0.0	-0.8751949022762531	0.0	0.0	0.0	0.3108037202415242
0.0	0.0	0.0	0.0	0.0	0.0	-0.4333196072290679	0.0	0.0	0.0
0.13937247621834897	0.16504730690384392	0.0	0.0	0.0	0.0	0.0	-0.7094709093217486	0.0	0.0
0.0	0.0	-0.4897960953082268	0.0	0.0	0.0	0.0	0.0	-0.3585655919857762	-0.4605618067976339
0.0	0.0	-0.12619913345919812	-0.34177590404399716	0.0	-0.1640393327236463	0.0	0.0	-0.18383037909091213	0.3115328561616415
-0.766027881164947	0.0	0.3339685183472104	0.0	0.0	0.0	0.0	-0.14179269618694418	0.0	0.0
0.0	-0.3879986958530104	0.0	0.0	0.0	0.0	0.0	-0.5434443822040901	0.0	0.0
-0.09132220139700424	0.0	0.4233666978514655	0.06611846016669742	-0.16790763681273865	0.0	0.0	0.0	-0.26036110083980984	-0.13739642031332142
0.0	0.0	-0.5109450679942383	-0.6985699190503109	0.0	0.0	0.0	0.0	0.0	-0.6512547898774121
0.0	0.0	1.004574396064412	0.0	-1.1435379957409724	0.0	0.0	0.0	0.0	0.0
0.0	0.0	0.0	0.0	0.0	-0.9769267386967725	0.0	0.0	0.0	0.3208557240035835
0.0	0.0	0.0	0.0	0.0	0.0	-1.0906694445441634	0.0	0.0	0.0
0.16691869089750125	0.19766801273866394	0.0	0.0	0.0	0.0	0.0	-1.4935982830069658	0.0	0.0
0.0	0.0	-0.5089989343332708	0.0	0.0	0.0	0.0	0.0	-0.5242420557886944	-0.47861849267515766
0.0	0.0	-0.15190573236962054	-0.4113952099907109	0.0	-0.19745393087715493	0.0	0.0	-0.22127638758009763	-0.18976695203182625
-0.9507169739477204	0.0	0.35255101919581977	0.0	0.0	0.0	0.0	-0.1496822508978501	0.0	0.0
0.0	-0.0032794425755917622	0.0	0.0	0.0	0.0	0.0	-0.48087108236917714	0.0	0.0
-0.09532087355592618	0.0	0.5917891050942099	0.06901355075600549	-0.17525971092311485	0.0	0.0	0.0	-0.2717613810484358	-0.14341251751901624
0.0	0.0	-0.4773783555639922	-0.4383661622155042	0.0	0.0	0.0	0.0	0.0	-0.6084703818852756
0.0	0.0	0.9625009346607647	0.0	-0.962915194871188	0.0	0.0	0.0	0.0	0.0
0.0	0.0	0.0	0.0	0.0	-1.0979366884866342	0.0	0.0	0.0	0.32883194824871637
0.0	0.0	0.0	0.0	0.0	0.0	-0.35196968857268995	0.0	0.0	0.0
0.15006677323553722	0.1777116791659215	0.0	0.0	0.0	0.0	0.0	-1.023114142584435	0.0	0.0
0.0	0.0	-0.4167464828980874	0.0	0.0	0.0	0.0	0.0	0.05078811634980118	-0.3918722810954971
0.0	0.0	-0.12455726672512678	-0.3373293561797171	0.0	-0.161905160197293	0.0	0.0	-0.18143872254091947	0.2817822987647516
-0.9291080151440039	0.0	0.35088805527752565	0.0	0.0	0.0	0.0	-0.1489762078887561	0.0	0.0
0.0	-0.1436931944297527	0.0	0.0	0.0	0.0	0.0	-0.4945602964525194	0.0	0.0
-0.1140299865204321	0.0	0.19412167338791808	0.08255919159004813	-0.20965882632634703	0.0	0.0	0.0	-0.325101370368217	-0.17156082219452082
0.0	0.0	-0.4927993809634625	-0.5795384169009098	0.0	0.0	0.0	0.0	0.0	-0.6281261478087066
0.0	0.0	0.9424064311425301	0.0	-0.8404439939326618	0.0	0.0	0.0	0.0	0.0
0.0	0.0	0.0	0.0	0.0	-1.008306117148702	0.0	0.0	0.0	0.3221030573734169
0.0	0.0	0.0	0.0	0.0	0.0	-1.0102000547124352	0.0	0.0	0.0
0.16210117792847992	0.19196303021208794	0.0	0.0	0.0	0.0	0.0	-1.360068853595545	0.0	0.0
0.0	0.0	-0.5200694119538141	0.0	0.0	0.0	0.0	0.0	-0.5918510094266259	-0.48902821056362233
0.0	0.0	-0.13286666563203217	-0.35983309487922244	0.0	-0.17270609214239274	0.0	0.0	-0.19354276722968825	0.05798705197907361
