-0.36811728088510165	0.0	0.0	0.0	0.0	0.0	-0.8110464734315682	-0.7253049919411151	0.5204801883937407	0.0
0.0	-0.7260753412867393	-0.6326540142770662	0.5123931827830348	0.6941866810022659	0.0	0.0	-0.6947658442037196	0.0	0.0
0.0	-0.10375515382730148	0.3437396149694134	-0.4057455996401385	-0.42440195645638323	0.0	0.0	-0.4569494458634279	0.0	0.0
0.0	-0.12064220700643626	-0.1712449735964971	0.5814075447831294	0.0	0.0	0.0	0.0	0.0	-0.2200292265097447
0.0	-0.11725626472702634	-0.27558095681173495	0.0	0.6504174008613542	-0.1620585885861173	0.0	0.0	0.0	0.0
0.0	0.0	0.0	0.0	-0.357972586022629	-0.05459524803461435	-0.11512992712497745	0.0	0.0	0.0
-0.1652709027395641	0.0	0.0	0.0	0.0	-0.23924261531147403	0.7767521657345263	0.0	0.0	0.0
-0.06630939962384483	-0.18859423025446992	-0.11581088691424377	0.0	0.0	0.0	0.0	0.8732307264853002	0.0	0.0
-0.550617157599251	0.0	0.0	0.0	0.0	0.0	0.0	0.0	-0.5054886832126141	0.0
0.0	0.0	0.0	-0.31463665639863514	0.0	0.0	0.0	0.0	0.0	-0.7628499729866149
-1.6109911510104387	0.0	0.0	0.0	0.0	0.0	-1.0857043652754792	-0.9709268478472797	0.696738881296877	0.0
0.0	-1.197300548978208	-0.7046639875129513	0.5707148223297609	0.7732004281556808	0.0	0.0	-0.7738455128967039	0.0	0.0
0.0	-0.14229494998011183	-0.5983549493171787	-0.5564595846635603	-0.5820458351971711	0.0	0.0	-0.6266830720602422	0.0	0.0
0.0	-0.13992693004502607	-0.1986185766621546	0.23374584683737554	0.0	0.0	0.0	0.0	0.0	-0.25520101919262556
0.0	-0.15350023673534252	-0.3607631729428902	0.0	-0.0671561126138559	-0.21215098204668306	0.0	0.0	0.0	0.0
0.0	0.0	0.0	0.0	-0.4894906238774267	-1.1335803955530808	-0.15742831170821958	0.0	0.0	0.0
-0.2050738239860739	0.0	0.0	0.0	0.0	-0.2968604707125388	0.09312432112097124	0.0	0.0	0.0
-0.078715778105728	-0.2238798973440419	-0.13747891141048743	0.0	0.0	0.0	0.0	0.3953000302507914	0.0	0.0
-0.515180139126773	0.0	0.0	0.0	0.0	0.0	0.0	0.0	-0.5358362645380472	0.0
0.0	0.0	0.0	-0.3164762279077588	0.0	0.0	0.0	0.0	0.0	-0.8009435632396094
0.19729366686701444	0.0	0.0	0.0	0.0	0.0	-0.6612976296126419	-0.5913871616844475	0.42438050854081316	0.0
0.0	-0.3186869110612274	-0.5507788450614087	0.4460816165895457	0.6043482374111612	0.0	0.0	-0.6048524479780747	0.0	0.0
0.0	-0.12174535392930598	0.023536639108857393	-0.4760981966801245	-0.4979893961033908	0.0	0.0	-0.536180324179759	0.0	0.0
0.0	-0.1333331752147027	-0.18925910455169945	0.408746428642071	0.0	0.0	0.0	0.0	0.0	-0.24317522149618967
0.0	-0.0996183079076658	-0.23412743594614058	0.0	0.7474383702045504	-0.137681363246876	0.0	0.0	0.0	0.0
0.0	0.0	0.0	0.0	-0.39909579270076667	-0.35014000230506603	-0.1283558331660062	0.0	0.0	0.0
-0.1506307911056334	0.0	0.0	0.0	0.0	-0.21804990360182203	0.8933041180338444	0.0	0.0	0.0
-0.06647240877827451	-0.1890578536046811	-0.11609558614024694	0.0	0.0	0.0	0.0	1.0046331642974378	0.0	0.0
-0.460304645658538	0.0	0.0	0.0	0.0	0.0	0.0	0.0	0.10929529177552455	0.0
0.0	0.0	0.0	-0.3327718159365338	0.0	0.0	0.0	0.0	0.0	-0.9824425781949933
-1.5442996702776735	0.0	0.0	0.0	0.0	0.0	-1.0806568043621014	-0.9664129004379409	0.6934996643824526	0.0
0.0	-1.8012104480394813	-0.7810562436894569	0.6325857192164032	0.8570226841956449	0.0	0.0	-0.8577377022377377	0.0	0.0
0.0	-0.16239401151928073	-1.003978606410696	-0.6350591093675394	-0.6642593997817188	0.0	0.0	-0.7152016149365333	0.0	0.0
0.0	-0.14203717865862514	-0.2016139584367813	0.04908346736264335	0.0	0.0	0.0	0.0	0.0	-0.2590497250619462
0.0	-0.12118508100756145	-0.28481463786278954	0.0	0.11596903061863495	-0.16748856218044864	0.0	0.0	0.0	0.0
0.0	0.0	0.0	0.0	-0.4913155992582678	-1.1051428978054645	-0.15801525409097464	0.0	0.0	0.0
-0.1910090177210638	0.0	0.0	0.0	0.0	-0.2765005587200892	0.18098059477097694	0.0	0.0	0.0
-0.09775116284665927	-0.2780194877064717	-0.17072464734093876	0.0	0.0	0.0	0.0	0.0011436115970001604	0.0	0.0
-0.6015517942277031	0.0	0.0	0.0	0.0	0.0	0.0	0.0	-1.0030298314379804	0.0
0.0	0.0	0.0	-0.3496201797089547	0.0	0.0	0.0	0.0	0.0	-1.1837409486248125
0.031335068605937266	0.0	0.0	0.0	0.0	0.0	-0.7013074540019019	-0.6271672634503003	0.4500563749897652	0.0
0.0	0.7166905421145515	-0.37566015930800534	0.3042511393728596	0.41219730419761585	0.0	0.0	-0.412541202340382	0.0	0.0
0.0	-0.1104442036196346	0.42109532682371764	-0.4319038425697421	-0.45176296662292925	0.0	0.0	-0.4864087785636336	0.0	0.0
0.0	-0.11409455103538607	-0.1619509362798421	0.8685266054252007	0.0	0.0	0.0	0.0	0.0	-0.2080875046653721
0.0	-0.08469749217463163	-0.19905986249329632	0.0	1.0173359267318096	-0.11705946859691178	0.0	0.0	0.0	0.0
0.0	0.0	0.0	0.0	-0.42569056405346883	-0.5366661332225882	-0.1369091531890889	0.0	0.0	0.0
-0.13977068681855392	0.0	0.0	0.0	0.0	-0.2023290494821436	0.8837716711585011	0.0	0.0	0.0
-0.05034003003322426	-0.14317486312587346	-0.08792001674738331	0.0	0.0	0.0	0.0	1.4786302532185762	0.0	0.0
-0.3923450527160164	0.0	0.0	0.0	0.0	0.0	0.0	0.0	0.44754179102903646	0.0
0.0	0.0	0.0	-0.27188252923670464	0.0	0.0	0.0	0.0	0.0	-0.26569702704454246
-1.095831610772251	0.0	0.0	0.0	0.0	0.0	-0.9808724129249203	-0.8771774255323216	0.6294641244284517	0.0
0.0	-1.0754007709385083	-0.6655485140915514	0.5390347863698866	0.7302805382040424	0.0	0.0	-0.7308898146797231	0.0	0.0
0.0	-0.16941026256732641	-1.1576145194124325	-0.6624969077197399	-0.692958799878374	0.0	0.0	-0.7461019790165637	0.0	0.0
0.0	-0.171038780036933	-0.24278013556100708	-0.2360815495257581	0.0	0.0	0.0	0.0	0.0	-0.31194331907977274
0.0	-0.12715967144926466	-0.2988563895279637	0.0	0.12679732446736214	-0.175745977650885	0.0	0.0	0.0	0.0
0.0	0.0	0.0	0.0	-0.4635771307913361	-0.8949631246963535	-0.14909410208702076	0.0	0.0	0.0
-0.18615606871039048	0.0	0.0	0.0	0.0	-0.2694755337819954	0.3316734425849076	0.0	0.0	0.0
-0.08764832684756498	-0.24928545317373887	-0.15307981261099918	0.0	0.0	0.0	0.0	0.3149289206032815	0.0	0.0
-0.6124347877169242	0.0	0.0	0.0	0.0	0.0	0.0	0.0	-0.9811377852995349	0.0
0.0	0.0	0.0	-0.3599256086819909	0.0	0.0	0.0	0.0	0.0	-1.3276781908840927
-0.9377582975721757	0.0	0.0	0.0	0.0	0.0	-0.9276534595457889	-0.8295846255926984	0.59531144417119	0.0
0.0	-0.38700529824269614	-0.5770644982327773	0.4673706453257327	0.6331904638433448	0.0	0.0	-0.6337187376149475	0.0	0.0
0.0	-0.09209411734316438	0.6159919477810553	-0.3601438722449183	-0.37670344206340656	0.0	0.0	-0.4055929207843088	0.0	0.0
0.0	-0.11725325379181165	-0.16643454101109859	0.7595738857895218	0.0	0.0	0.0	0.0	0.0	-0.2138483983154148
0.0	-0.10901351848643552	-0.2562084831871783	0.0	0.7280459245943444	-0.15066638003390523	0.0	0.0	0.0	0.0
0.0	0.0	0.0	0.0	-0.4346324925723347	-0.6401797424803437	-0.13978502586462585	0.0	0.0	0.0
-0.15725248362850783	0.0	0.0	0.0	0.0	-0.22763532372539516	0.6029801820819524	0.0	0.0	0.0
-0.06726606836015024	-0.19131514470936656	-0.1174817307985672	0.0	0.0	0.0	0.0	0.9366983614677965	0.0	0.0
-0.42379245954786515	0.0	0.0	0.0	0.0	0.0	0.0	0.0	0.0915768646688373	0.0
0.0	0.0	0.0	-0.27543562382795667	0.0	0.0	0.0	0.0	0.0	-0.3093111411054146
-0.8947110824348917	0.0	0.0	0.0	0.0	0.0	-0.9206714467765921	-0.8233407309686719	0.5908308139724007	0.0
0.0	-1.1279481523566135	-0.6926956825973117	0.5610215654945063	0.7600680719560529	0.0	0.0	-0.7607022003107502	0.0	0.0
0.0	-0.14373901520017265	-0.6798377612445241	-0.5621067557873033	-0.5879526656729327	0.0	0.0	-0.6330428988038446	0.0	0.0
0.0	-0.166513472253411	-0.23635671020155632	-0.12679759540277913	0.0	0.0	0.0	0.0	0.0	-0.3036899888727602
0.0	-0.14335997265607928	-0.3369310673936253	0.0	0.0747227478020911	-0.198136235044452	0.0	0.0	0.0	0.0
0.0	0.0	0.0	0.0	-0.4533350340804249	-0.832204809366538	-0.1458000737340797	0.0	0.0	0.0
-0.17580970972459375	0.0	0.0	0.0	0.0	-0.2544983663454868	0.4567123309694241	0.0	0.0	0.0
-0.08642938070941356	-0.24581858105680812	-0.15095089523034405	0.0	0.0	0.0	0.0	0.387134480172263	0.0	0.0
-0.5309637131032119	0.0	0.0	0.0	0.0	0.0	0.0	0.0	-0.4875383818375375	0.0
0.0	0.0	0.0	-0.35419169826179253	0.0	0.0	0.0	0.0	0.0	-1.257797521746035
-0.8537343123417531	0.0	0.0	0.0	0.0	0.0	-0.9080538446330704	-0.812057025138225	0.5827336060368907	0.0
0.0	-0.5919843142328729	-0.5988408718329681	0.4850075608066603	0.6570848329181318	0.0	0.0	-0.657633041873841	0.0	0.0
0.0	-0.1072840295188438	0.29196749297113045	-0.41954564456035126	-0.4388365333649652	0.0	0.0	-0.4724910139907827	0.0	0.0
0.0	-0.12607224228096	-0.17895260983995756	0.585769114279249	0.0	0.0	0.0	0.0	0.0	-0.22993261348367788
0.0	-0.0961213516941104	-0.22590873188368535	0.0	0.7872601794270426	-0.1328482586819681	0.0	0.0	0.0	0.0
0.0	0.0	0.0	0.0	-0.4246176350526074	-0.5514958391660578	-0.136564081408448	0.0	0.0	0.0
-0.17749013060461977	0.0	0.0	0.0	0.0	-0.2569309075823127	0.5088262973272787	0.0	0.0	0.0
-0.07681911430966826	-0.21848549095975034	-0.13416634460026364	0.0	0.0	0.0	0.0	0.7562147448960534	0.0	0.0
-0.4929222462751169	0.0	0.0	0.0	0.0	0.0	0.0	0.0	-0.2696797670608255	0.0
0.0	0.0	0.0	-0.2893765911200052	0.0	0.0	0.0	0.0	0.0	-0.4772941909391102
-0.9557354244576188	0.0	0.0	0.0	0.0	0.0	-0.9353228803019652	-0.836443257424504	0.6002332109142917	0.0
0.0	-1.1038360513502696	-0.6804176505710005	0.5510774573938684	0.7465958642260124	0.0	0.0	-0.7472187526546594	0.0	0.0
0.0	-0.1372160354796438	-0.47149629590079967	-0.5365979475930446	-0.5612709515295982	0.0	0.0	-0.6043149575043183	0.0	0.0
0.0	-0.15970639457570399	-0.22669443804894182	0.018695319065191396	0.0	0.0	0.0	0.0	0.0	-0.2912751294849697
0.0	-0.11394143432267272	-0.2677902930324729	0.0	0.36926707177632845	-0.15747719809084187	0.0	0.0	0.0	0.0
0.0	0.0	0.0	0.0	-0.48040392697612294	-1.0059267680670945	-0.15450587911728444	0.0	0.0	0.0
-0.1692992273805229	0.0	0.0	0.0	0.0	-0.24507393169234554	0.4364694808761941	0.0	0.0	0.0
-0.08833958534396616	-0.25125149968863997	-0.15428711142548637	0.0	0.0	0.0	0.0	0.3978801733610493	0.0	0.0
-0.5232995226680918	0.0	0.0	0.0	0.0	0.0	0.0	0.0	-0.457651158439761	0.0
0.0	0.0	0.0	-0.3304767515797582	0.0	0.0	0.0	0.0	0.0	-0.9792448536712222
-1.09482217004412	0.0	0.0	0.0	0.0	0.0	-0.9834875470348832	-0.8795160952469264	0.6311423580917698	0.0
0.0	-0.5545925069408353	-0.5876917183851214	0.4759777434158601	0.6448512998126954	0.0	0.0	-0.6453893022743991	0.0	0.0
0.0	-0.1289035011820274	-0.18237691583216598	-0.5040908952809299	-0.5272692110002434	0.0	0.0	-0.5677056152123783	0.0	0.0
0.0	-0.1397519110582049	-0.19837014684210433	0.4258561424235957	0.0	0.0	0.0	0.0	0.0	-0.2548818167074395
0.0	-0.10587961653912217	-0.24884304562010806	0.0	0.6356844575059558	-0.14633504876106257	0.0	0.0	0.0	0.0
0.0	0.0	0.0	0.0	-0.396438330249259	-0.3366682798283338	-0.12750114911944602	0.0	0.0	0.0
-0.1492253218398105	0.0	0.0	0.0	0.0	-0.2160153764266106	0.6867126175510403	0.0	0.0	0.0
-0.07578605550473452	-0.21554731128644172	-0.13236208370946043	0.0	0.0	0.0	0.0	0.69093542122782	0.0	0.0
-0.5250756170378919	0.0	0.0	0.0	0.0	0.0	0.0	0.0	-0.5065743492490538	0.0
0.0	0.0	0.0	-0.2726786351990635	0.0	0.0	0.0	0.0	0.0	-0.2973987027359757
-0.9832691455957706	0.0	0.0	0.0	0.0	0.0	-0.940891125659408	-0.841422844028239	0.6038065713660081	0.0
0.0	-1.0822005914784105	-0.6775805637755307	0.5487796707677555	0.743482839062467	0.0	0.0	-0.74410313027963	0.0	0.0
0.0	-0.14108338965188835	-0.5360080783332722	-0.5517216487274479	-0.5770900469332084	0.0	0.0	-0.6213472231872954	0.0	0.0
0.0	-0.15730323862513357	-0.22328329042892406	0.005654673300983459	0.0	0.0	0.0	0.0	0.0	-0.2868922144330419
0.0	-0.11842715136981358	-0.2783328273585972	0.0	0.27043132247093704	-0.16367685808469104	0.0	0.0	0.0	0.0
0.0	0.0	0.0	0.0	-0.515050085536282	-1.2817775510179528	-0.1656486589443949	0.0	0.0	0.0
-0.17069329867946179	0.0	0.0	0.0	0.0	-0.247091959415074	0.3588329503649579	0.0	0.0	0.0
-0.08222594929543636	-0.2338633693305144	-0.14360950588136195	0.0	0.0	0.0	0.0	0.458526801451317	0.0	0.0
-0.502595528979768	0.0	0.0	0.0	0.0	0.0	0.0	0.0	-0.3492109996546382	0.0
0.0	0.0	0.0	-0.3453114121402246	0.0	0.0	0.0	0.0	0.0	-1.1476359178638076
-0.7439316587072244	0.0	0.0	0.0	0.0	0.0	-0.8983343035853276	-0.8033650057876233	0.5764961970580614	0.0
0.0	-1.0845775129593416	-0.685346292889014	0.5550692169767296	0.7520038720397284	0.0	0.0	-0.7526312723946406	0.0	0.0
0.0	-0.10830657114453934	0.21637650741059034	-0.4235444026920719	-0.44301915611183723	0.0	0.0	-0.4769944030948227	0.0	0.0
0.0	-0.14272603194047417	-0.20259174776100847	0.3286864664176876	0.0	0.0	0.0	0.0	0.0	-0.2603060669222692
0.0	-0.09179865771375442	-0.2157493417147756	0.0	0.8137054731167599	-0.12687391106841384	0.0	0.0	0.0	0.0
0.0	0.0	0.0	0.0	-0.3897658411704728	-0.2665039245398171	-0.12535516584760323	0.0	0.0	0.0
-0.1448639353715841	0.0	0.0	0.0	0.0	-0.20970192688560577	0.7847322411092007	0.0	0.0	0.0
-0.07686532085666165	-0.2186169095551888	-0.13424704539410137	0.0	0.0	0.0	0.0	0.6223013452891748	0.0	0.0
-0.5211669363540844	0.0	0.0	0.0	0.0	0.0	0.0	0.0	-0.4158859544778526	0.0
0.0	0.0	0.0	-0.3023866560709976	0.0	0.0	0.0	0.0	0.0	-0.6414642512633906
-1.3451184078155372	0.0	0.0	0.0	0.0	0.0	-1.0419954641671785	-0.9318387250274152	0.6686891728910476	0.0
0.0	-0.7769666386096923	-0.6243698279737514	0.5056837326081655	0.6850967650846788	0.0	0.0	-0.68566834452668	0.0	0.0
0.0	-0.14834702173721906	-0.6767190837792524	-0.580126857021326	-0.6068013388958691	0.0	0.0	-0.6533370813669892	0.0	0.0
0.0	-0.163551856569488	-0.23215285972351168	-0.0615203208455648	0.0	0.0	0.0	0.0	0.0	-0.29828854584281017
0.0	-0.12067655581676492	-0.2836194790457419	0.0	0.2729619103789016	-0.16678573513003198	0.0	0.0	0.0	0.0
0.0	0.0	0.0	0.0	-0.4933565638739606	-1.1156480865323282	-0.15867166219775217	0.0	0.0	0.0
-0.1716799778914078	0.0	0.0	0.0	0.0	-0.24852025508737033	0.32429619371679974	0.0	0.0	0.0
-0.0802482338073363	-0.2282384393468858	-0.1401553804324785	0.0	0.0	0.0	0.0	0.501780858911487	0.0	0.0
-0.5669947612148115	0.0	0.0	0.0	0.0	0.0	0.0	0.0	-0.7829713533180033	0.0
0.0	0.0	0.0	-0.351065094749003	0.0	0.0	0.0	0.0	0.0	-1.219258545900177
-0.6799813845013163	0.0	0.0	0.0	0.0	0.0	-0.8690269980456238	-0.7771559836111842	0.5576885548226193	0.0
0.0	-1.2408581338201388	-0.7093492350124685	0.5745094538727964	0.7783413682872005	0.0	0.0	-0.7789907421386696	0.0	0.0
0.0	-0.12054356844749656	-0.05383819142224899	-0.47139848632388315	-0.493073591047868	0.0	0.0	-0.5308875248372456	0.0	0.0
0.0	-0.1378407702889963	-0.19565738769517615	0.3857541651443921	0.0	0.0	0.0	0.0	0.0	-0.25139624697496793
0.0	-0.10669375305823563	-0.25075646595150763	0.0	0.592761161038947	-0.1474602578533963	0.0	0.0	0.0	0.0
0.0	0.0	0.0	0.0	-0.39562457567931164	-0.33099291343017123	-0.12723943213889002	0.0	0.0	0.0
-0.14793652503388557	0.0	0.0	0.0	0.0	-0.21414974180282914	0.7745766334601402	0.0	0.0	0.0
-0.07605647467092837	-0.21631642539068166	-0.13283437698391584	0.0	0.0	0.0	0.0	0.5696093773739895	0.0	0.0
-0.4528370079539283	0.0	0.0	0.0	0.0	0.0	0.0	0.0	-0.019157767412990356	0.0
0.0	0.0	0.0	-0.27891524517982325	0.0	0.0	0.0	0.0	0.0	-0.36739986338721375
-0.9972643015596264	0.0	0.0	0.0	0.0	0.0	-0.9420697384338196	-0.8424768572776022	0.6045629332009514	0.0
0.0	-0.7047958826867502	-0.6111882755251806	0.4950078537538083	0.670633159483145	0.0	0.0	-0.6711926718712052	0.0	0.0
0.0	-0.1448054608192464	-0.5980691561674094	-0.5662772051696531	-0.5923148741078271	0.0	0.0	-0.6377396460660609	0.0	0.0
0.0	-0.15436461675360452	-0.21911207840216435	0.07303065204183345	0.0	0.0	0.0	0.0	0.0	-0.28153270789348844
0.0	-0.12346880264431775	-0.29018194335571224	0.0	0.26397761257658314	-0.17064486863484485	0.0	0.0	0.0	0.0
0.0	0.0	0.0	0.0	-0.49753033933873475	-1.1544220373357486	-0.1600140176848986	0.0	0.0	0.0
-0.183202431618966	0.0	0.0	0.0	0.0	-0.26519991205596843	0.3128384516120801	0.0	0.0	0.0
-0.08413725791212535	-0.23929942785898847	-0.14694765020661973	0.0	0.0	0.0	0.0	0.5281241907048844	0.0	0.0
-0.5196328519449048	0.0	0.0	0.0	0.0	0.0	0.0	0.0	-0.4431387223432849	0.0
0.0	0.0	0.0	-0.34159545030197414	0.0	0.0	0.0	0.0	0.0	-1.1023433168539254
-0.6930391466879091	0.0	0.0	0.0	0.0	0.0	-0.8768132838192836	-0.7841191258296826	0.5626853184103028	0.0
0.0	-1.3418087354018042	-0.7149876768367405	0.5790760875889788	0.7845282115343558	0.0	0.0	-0.7851827470981424	0.0	0.0
0.0	-0.1313427958648434	-0.2751299252827315	-0.5136300174090276	-0.5372469460579535	0.0	0.0	-0.5784485452018194	0.0	0.0
0.0	-0.13672340803611197	-0.19407135346850873	0.3672937594196237	0.0	0.0	0.0	0.0	0.0	-0.24935838345826178
0.0	-0.09923366359515103	-0.23322342755117947	0.0	0.6317163672544476	-0.137149750590282	0.0	0.0	0.0	0.0
0.0	0.0	0.0	0.0	-0.38165915288850727	-0.21350368379446127	-0.12274792029984331	0.0	0.0	0.0
-0.14961619871710763	0.0	0.0	0.0	0.0	-0.21658120141358192	0.7850115622867384	0.0	0.0	0.0
-0.08545481632907773	-0.24304676861112937	-0.1492487961933753	0.0	0.0	0.0	0.0	0.41806999181634147	0.0	0.0
-0.5067417835069072	0.0	0.0	0.0	0.0	0.0	0.0	0.0	-0.3196425842327262	0.0
0.0	0.0	0.0	-0.27906603648380257	0.0	0.0	0.0	0.0	0.0	-0.3681508879189468
-1.2709357958005731	0.0	0.0	0.0	0.0	0.0	-1.0066656190668624	-0.900243848709976	0.6460166318763116	0.0
0.0	-0.4009723212594911	-0.568107292709077	0.4601161097603888	0.6233620700716591	0.0	0.0	-0.6238821439682747	0.0	0.0
0.0	-0.12152766668340605	-0.08096267908372701	-0.475246907477964	-0.49709896425834427	0.0	0.0	-0.5352216048996442	0.0	0.0
0.0	-0.14672418353930844	-0.20826690392704778	0.23227266149352044	0.0	0.0	0.0	0.0	0.0	-0.2675979610743156
0.0	-0.11539126570386611	-0.2711977520725089	0.0	0.4684844579055273	-0.1594809940319035	0.0	0.0	0.0	0.0
0.0	0.0	0.0	0.0	-0.4993614266888142	-1.1651774269830817	-0.16060292577843843	0.0	0.0	0.0
-0.2085382758132661	0.0	0.0	0.0	0.0	-0.30187553689792884	0.10699442779213952	0.0	0.0	0.0
-0.08144127395402308	-0.2316316308009397	-0.14223905240501752	0.0	0.0	0.0	0.0	0.6692916473616166	0.0	0.0
-0.5486255140325883	0.0	0.0	0.0	0.0	0.0	0.0	0.0	-0.6539585082969168	0.0
0.0	0.0	0.0	-0.34409351096232116	0.0	0.0	0.0	0.0	0.0	-1.1243394019735136
-0.4434066744998433	0.0	0.0	0.0	0.0	0.0	-0.8031208568198502	-0.7182172485367595	0.5153940107672602	0.0
0.0	-1.0827673037968863	-0.6758526489610079	0.5473802142695573	0.7415868652393676	0.0	0.0	-0.742205574636684	0.0	0.0
0.0	-0.1373907224106436	-0.48376969702399375	-0.537281079475686	-0.5619854941094017	0.0	0.0	-0.6050842985285992	0.0	0.0
0.0	-0.1523684494485106	-0.2162786287667746	0.2003959246663457	0.0	0.0	0.0	0.0	0.0	-0.2778920653768904
0.0	-0.1212907928535618	-0.28506308660652985	0.0	0.39340076923456924	-0.16763466535540078	0.0	0.0	0.0	0.0
0.0	0.0	0.0	0.0	-0.3974613481295742	-0.3644267033684958	-0.12783016865503913	0.0	0.0	0.0
-0.15366315454704016	0.0	0.0	0.0	0.0	-0.22243948790414936	0.7804384455878777	0.0	0.0	0.0
-0.09235174166528198	-0.2626626953467449	-0.16129443443920716	0.0	0.0	0.0	0.0	0.41126783913227327	0.0	0.0
-0.46625911029706135	0.0	0.0	0.0	0.0	0.0	0.0	0.0	-0.03871574634343089	0.0
0.0	0.0	0.0	-0.2819043841373488	0.0	0.0	0.0	0.0	0.0	-0.4145248863033377
-1.2259279367847662	0.0	0.0	0.0	0.0	0.0	-1.007225394858283	-0.9007444466278332	0.6463758618574792	0.0
0.0	-0.15230989861569366	-0.5290988761933072	0.4285227803215778	0.5805596495050568	0.0	0.0	-0.5810440131415885	0.0	0.0
0.0	-0.12026689454503713	-0.057145038624052624	-0.470316523507414	-0.4919418791167224	0.0	0.0	-0.5296690216424631	0.0	0.0
0.0	-0.1569467722401689	-0.22277730601272333	0.1537652085404968	0.0	0.0	0.0	0.0	0.0	-0.28624208522116235
0.0	-0.1140300138536578	-0.26799847663749937	0.0	0.5031725171764866	-0.15759962288240828	0.0	0.0	0.0	0.0
0.0	0.0	0.0	0.0	-0.5058400139329386	-1.211829506368948	-0.1626865470008795	0.0	0.0	0.0
-0.19966375044133303	0.0	0.0	0.0	0.0	-0.28902896424396923	0.1498553002597599	0.0	0.0	0.0
-0.07910272532270002	-0.2249804353212807	-0.13815472359760927	0.0	0.0	0.0	0.0	0.7601077044264815	0.0	0.0
-0.5855499702302417	0.0	0.0	0.0	0.0	0.0	0.0	0.0	-0.8559004613914382	0.0
0.0	0.0	0.0	-0.3411494105519163	0.0	0.0	0.0	0.0	0.0	-1.0994863133424762
-0.2819920513403067	0.0	0.0	0.0	0.0	0.0	-0.7509116866227652	-0.6715274804291073	0.4818893478037605	0.0
0.0	-1.3251993588875288	-0.7113134877787018	0.5761003229797139	0.7804966665666229	0.0	0.0	-0.781147838593548	0.0	0.0
0.0	-0.14683125620398563	-0.7239470919878611	-0.5741992941725509	-0.600601224163215	0.0	0.0	-0.6466614783254018	0.0	0.0
0.0	-0.16185171483675925	-0.2297396020970501	0.0024692656335114638	0.0	0.0	0.0	0.0	0.0	-0.2951877995974328
0.0	-0.12031763384884983	-0.2827759244640822	0.0	0.38001993960096714	-0.1662896730418503	0.0	0.0	0.0	0.0
0.0	0.0	0.0	0.0	-0.3630272668819864	-0.09254660192633968	-0.1167555964127956	0.0	0.0	0.0
-0.1444320330167247	0.0	0.0	0.0	0.0	-0.20907671429692296	0.9385188023267665	0.0	0.0	0.0
-0.10113125451070183	-0.2876329933208465	-0.17662805493752096	0.0	0.0	0.0	0.0	0.24851570409098467	0.0	0.0
-0.406601664118889	0.0	0.0	0.0	0.0	0.0	0.0	0.0	0.3293434856939672	0.0
0.0	0.0	0.0	-0.3072360807286241	0.0	0.0	0.0	0.0	0.0	-0.7140120334858264
-1.1150240219161407	0.0	0.0	0.0	0.0	0.0	-0.9763850512268456	-0.8731644547015772	0.6265844092228323	0.0
0.0	-0.3431566379495614	-0.5719900570430552	0.46326080169339884	0.6276224765897435	0.0	0.0	-0.6281461049634846	0.0	0.0
0.0	-0.09402781505333832	0.483251720220611	-0.3677058034646746	-0.3846130741262054	0.0	0.0	-0.41410914445645625	0.0	0.0
0.0	-0.13542008616007925	-0.1922213597906158	0.48393725705937374	0.0	0.0	0.0	0.0	0.0	-0.2469813637452404
0.0	-0.11952133641613397	-0.28090443035734564	0.0	0.5717622617180075	-0.16518911915382475	0.0	0.0	0.0	0.0
0.0	0.0	0.0	0.0	-0.4762157449811525	-0.9897686265359358	-0.15315889025083362	0.0	0.0	0.0
-0.20855641050813087	0.0	0.0	0.0	0.0	-0.3019017882933978	0.17109720478725476	0.0	0.0	0.0
-0.07982059272806011	-0.22702216170557415	-0.1394084954817342	0.0	0.0	0.0	0.0	0.7756939943253554	0.0	0.0
-0.5839623870477546	0.0	0.0	0.0	0.0	0.0	0.0	0.0	-0.8221171004222696	0.0
0.0	0.0	0.0	-0.3133325520888952	0.0	0.0	0.0	0.0	0.0	-0.7608501851754312
-0.5625928266954006	0.0	0.0	0.0	0.0	0.0	-0.8073043864058186	-0.7219585075053089	0.5180787450437595	0.0
0.0	-1.5242561962404961	-0.759939592606711	0.6154831199854931	0.8338522030191915	0.0	0.0	-0.8345478898202441	0.0	0.0
0.0	-0.12640073401832602	-0.3463642721609891	-0.4943035572438632	-0.5170318469595363	0.0	0.0	-0.5566831452299996	0.0	0.0
0.0	-0.1606128650748338	-0.22798112303706713	-0.016928270937213163	0.0	0.0	0.0	0.0	0.0	-0.29292836517856735
0.0	-0.12996513622194117	-0.30544991924815107	0.0	0.250561465224443	-0.17962337953168392	0.0	0.0	0.0	0.0
0.0	0.0	0.0	0.0	-0.4460385273837192	-0.760602255167412	-0.14345339603567756	0.0	0.0	0.0
-0.18192174899468838	0.0	0.0	0.0	0.0	-0.2633460233475673	0.5097956844201311	0.0	0.0	0.0
-0.09857857092421322	-0.2803727647739435	-0.17216973452081233	0.0	0.0	0.0	0.0	0.24055511415994557	0.0	0.0
-0.40696461958718655	0.0	0.0	0.0	0.0	0.0	0.0	0.0	0.28142940316809084	0.0
0.0	0.0	0.0	-0.33437459576329165	0.0	0.0	0.0	0.0	0.0	-1.0248417714154603
-0.5966196993450565	0.0	0.0	0.0	0.0	0.0	-0.846211296753538	-0.7567522921041236	0.543046828490223	0.0
0.0	0.005772195117811796	-0.49677863169673836	0.40234627219517843	0.5450959003626556	0.0	0.0	-0.5455506764270674	0.0	0.0
0.0	-0.11246159391410819	0.14247747270953348	-0.4397930625703393	-0.46001493634518337	0.0	0.0	-0.4952935938537189	0.0	0.0
0.0	-0.1311329266266073	-0.18613597276620397	0.4921536538360983	0.0	0.0	0.0	0.0	0.0	-0.23916237220421707
0.0	-0.11398692384454702	-0.26789720455649435	0.0	0.6087556798747511	-0.15754006865667108	0.0	0.0	0.0	0.0
0.0	0.0	0.0	0.0	-0.4602797073257448	-0.8561542587929474	-0.1480335959529848	0.0	0.0	0.0
-0.1977247744405872	0.0	0.0	0.0	0.0	-0.28622214415794595	0.3577274655127337	0.0	0.0	0.0
-0.08798439198191317	-0.2502412746061044	-0.1536667580740949	0.0	0.0	0.0	0.0	0.7960604094561939	0.0	0.0
-0.5659428883873265	0.0	0.0	0.0	0.0	0.0	0.0	0.0	-0.6177595308721193	0.0
0.0	0.0	0.0	-0.32979551584219324	0.0	0.0	0.0	0.0	0.0	-0.9463003309447857
-1.002196573046726	0.0	0.0	0.0	0.0	0.0	-0.92211870122534	-0.8246349858735044	0.5917595736585761	0.0
0.0	-1.3709073381398778	-0.7171330248408501	0.5808136276459387	0.7868822185855391	0.0	0.0	-0.7875387181084411	0.0	0.0
0.0	-0.14106053725977208	-0.6219011548843456	-0.5516322820097439	-0.5769965710954684	0.0	0.0	-0.6212465786647923	0.0	0.0
0.0	-0.15605623771601218	-0.2215132412640749	0.01777482913502937	0.0	0.0	0.0	0.0	0.0	-0.2846179138188606
0.0	-0.1194213501539843	-0.2806694381387603	0.0	0.32981081945126545	-0.1650509292450834	0.0	0.0	0.0	0.0
0.0	0.0	0.0	0.0	-0.4338472882383867	-0.6554423662048778	-0.13953249111399013	0.0	0.0	0.0
-0.19263817031505293	0.0	0.0	0.0	0.0	-0.2788588850852669	0.38725915648347986	0.0	0.0	0.0
-0.11094104525294615	-0.31553356163372426	-0.19376107940685908	0.0	0.0	0.0	0.0	0.07607579880199689	0.0	0.0
-0.5030557239251745	0.0	0.0	0.0	0.0	0.0	0.0	0.0	-0.3364314483323858	0.0
0.0	0.0	0.0	-0.33520855614381045	0.0	0.0	0.0	0.0	0.0	-1.030421906137653
-0.4178985419704573	0.0	0.0	0.0	0.0	0.0	-0.8004527045794071	-0.7158311656146992	0.5136817532995799	0.0
0.0	-0.4101167839137214	-0.5631245790909465	0.45608055725922	0.6178947319201619	0.0	0.0	-0.6184102443909335	0.0	0.0
0.0	-0.12432502586078069	-0.10042448242676238	-0.486186279017251	-0.508541332796153	0.0	0.0	-0.5475414914674955	0.0	0.0
0.0	-0.1361604473247225	-0.19327226171985887	0.4107759053073462	0.0	0.0	0.0	0.0	0.0	-0.24833164652302162
0.0	-0.10898419325172419	-0.25613956169919394	0.0	0.5890177552811967	-0.1506258499508573	0.0	0.0	0.0	0.0
0.0	0.0	0.0	0.0	-0.4408690324552622	-0.6943045329003712	-0.14179080063696575	0.0	0.0	0.0
-0.17964546090140746	0.0	0.0	0.0	0.0	-0.2600509175085373	0.5384140455105914	0.0	0.0	0.0
-0.08268185867157248	-0.2351600463981087	-0.14440576206076272	0.0	0.0	0.0	0.0	0.7367735286054868	0.0	0.0
-0.5054202231215014	0.0	0.0	0.0	0.0	0.0	0.0	0.0	-0.25023323905978767	0.0
0.0	0.0	0.0	-0.3107090024513987	0.0	0.0	0.0	0.0	0.0	-0.7313469554306837
-1.0952761959129091	0.0	0.0	0.0	0.0	0.0	-0.9719993578680398	-0.8692424041280681	0.6237699385600473	0.0
0.0	-1.1492930349044608	-0.682451060387393	0.5527243375277346	0.7488270458508884	0.0	0.0	-0.7494517957648221	0.0	0.0
0.0	-0.14573678734460216	-0.6590641014263303	-0.569919256918911	-0.5961243889596736	0.0	0.0	-0.6418413135397326	0.0	0.0
0.0	-0.15316272194500363	-0.2174060548647	0.0333386769350964	0.0	0.0	0.0	0.0	0.0	-0.2793406725217514
0.0	-0.12172524292929754	-0.2860841507504109	0.0	0.2271534744668363	-0.16823511400732374	0.0	0.0	0.0	0.0
0.0	0.0	0.0	0.0	-0.504194999431214	-1.2068194952016218	-0.1621574830247595	0.0	0.0	0.0
-0.19353931929288726	0.0	0.0	0.0	0.0	-0.28016336902447597	0.21528725397278103	0.0	0.0	0.0
-0.09427646501228802	-0.26813690745152285	-0.16465600789856275	0.0	0.0	0.0	0.0	0.2868015229505635	0.0	0.0
-0.5994072305203366	0.0	0.0	0.0	0.0	0.0	0.0	0.0	-0.9028228327776432	0.0
0.0	0.0	0.0	-0.346469398276283	0.0	0.0	0.0	0.0	0.0	-1.157306008752706
-0.6127685228278508	0.0	0.0	0.0	0.0	0.0	-0.8402478715095425	-0.7514193028855933	0.5392198656759539	0.0
0.0	-0.37017958176248067	-0.5588531471554499	0.4526210793217076	0.6132078555366812	0.0	0.0	-0.6137194577245197	0.0	0.0
0.0	-0.11652523795853796	0.06542319688450449	-0.4556843761939077	-0.4766369393896675	0.0	0.0	-0.513190342360103	0.0	0.0
0.0	-0.1430607100120244	-0.20306680486538392	0.38884262282383264	0.0	0.0	0.0	0.0	0.0	-0.26091645825246956
0.0	-0.09807677616073246	-0.23050445857461563	0.0	0.8631627911493995	-0.1355508292429975	0.0	0.0	0.0	0.0
0.0	0.0	0.0	0.0	-0.3266460641851303	0.21758134090538195	-0.10505479758418561	0.0	0.0	0.0
-0.14616354734726061	0.0	0.0	0.0	0.0	-0.21158321731723678	0.9349869661257595	0.0	0.0	0.0
-0.08225115591774008	-0.2339350608788869	-0.14365352982520196	0.0	0.0	0.0	0.0	0.7556541746869704	0.0	0.0
-0.40233733844837727	0.0	0.0	0.0	0.0	0.0	0.0	0.0	0.27984567438622987	0.0
0.0	0.0	0.0	-0.29612482900165926	0.0	0.0	0.0	0.0	0.0	-0.5697876221030689
-0.9377456106751241	0.0	0.0	0.0	0.0	0.0	-0.9219425540413999	-0.8244774604591004	0.5916465331331741	0.0
0.0	-1.0573307474306932	-0.6718726522282599	0.5441567727875819	0.737219769386094	0.0	0.0	-0.7378348352948725	0.0	0.0
0.0	-0.14978618687867018	-0.8164373618638399	-0.5857548658648309	-0.6126881260015228	0.0	0.0	-0.6596753276095484	0.0	0.0
0.0	-0.16772374708029392	-0.23807462871379814	-0.10269208647393901	0.0	0.0	0.0	0.0	0.0	-0.305897307858636
0.0	-0.13837431934714975	-0.3252135603384163	0.0	0.05078783438533796	-0.19124561866411802	0.0	0.0	0.0	0.0
0.0	0.0	0.0	0.0	-0.5051260915330942	-1.2374737199592798	-0.16245693770375363	0.0	0.0	0.0
-0.20650199377163103	0.0	0.0	0.0	0.0	-0.29892785867340654	0.16682230502656115	0.0	0.0	0.0
-0.09867871535358336	-0.2806575910833125	-0.172344639063014	0.0	0.0	0.0	0.0	0.2607574263292691	0.0	0.0
-0.5747815482501076	0.0	0.0	0.0	0.0	0.0	0.0	0.0	-0.727674896124219	0.0
0.0	0.0	0.0	-0.3346905191954438	0.0	0.0	0.0	0.0	0.0	-1.0347229808991023
-1.0711070157233347	0.0	0.0	0.0	0.0	0.0	-0.957419708591195	-0.8562040730981527	0.6144136083731716	0.0
0.0	-0.6763597303635751	-0.6179854995434764	0.5005129974345983	0.6780914894309623	0.0	0.0	-0.6786572243386536	0.0	0.0
0.0	-0.10603908082002228	0.27964762951477606	-0.41467713983850074	-0.4337441727064564	0.0	0.0	-0.4670081189530887	0.0	0.0
0.0	-0.13749341032084605	-0.1951643293364941	0.41465559537116126	0.0	0.0	0.0	0.0	0.0	-0.2507627261947283
0.0	-0.09932281454815864	-0.23343295413799095	0.0	0.7939519846053997	-0.1372729651379154	0.0	0.0	0.0	0.0
0.0	0.0	0.0	0.0	-0.3858767635875254	-0.2538838240252308	-0.12410437392612401	0.0	0.0	0.0
-0.1794752574679402	0.0	0.0	0.0	0.0	-0.2598045346675005	0.5354839115343071	0.0	0.0	0.0
-0.07620854755265638	-0.21674894428294686	-0.13309997575887736	0.0	0.0	0.0	0.0	0.7175063186309318	0.0	0.0
-0.4765155691028855	0.0	0.0	0.0	0.0	0.0	0.0	0.0	-0.22036328244937975	0.0
0.0	0.0	0.0	-0.30904957121241333	0.0	0.0	0.0	0.0	0.0	-0.7134457633989164
-0.8228034332947025	0.0	0.0	0.0	0.0	0.0	-0.8919981336339812	-0.7976986773514063	0.5724300294116894	0.0
0.0	-1.3818654114677473	-0.7308368004493702	0.5919124605652523	0.8019188393801592	0.0	0.0	-0.8025878840262634	0.0	0.0
0.0	-0.13493692810619418	-0.4207818913582805	-0.5276852550300921	-0.5519484495373003	0.0	0.0	-0.594277510563663	0.0	0.0
0.0	-0.1539804195911272	-0.21856673167338006	0.00904354887454728	0.0	0.0	0.0	0.0	0.0	-0.2808320028369023
0.0	-0.11691809367580701	-0.27478617196950916	0.0	0.31333075951907197	-0.16159120611074276	0.0	0.0	0.0	0.0
0.0	0.0	0.0	0.0	-0.4862002772935221	-1.0635532032124742	-0.15637008161683233	0.0	0.0	0.0
-0.2049685793950455	0.0	0.0	0.0	0.0	-0.296708120899065	0.2324527303221534	0.0	0.0	0.0
-0.08234086340142885	-0.23419020289390016	-0.14381020600245248	0.0	0.0	0.0	0.0	0.41236858526724834	0.0	0.0
-0.5151200321912449	0.0	0.0	0.0	0.0	0.0	0.0	0.0	-0.3777287604216828	0.0
0.0	0.0	0.0	-0.3538039057403479	0.0	0.0	0.0	0.0	0.0	-1.2423244553342643
-0.8608237584239526	0.0	0.0	0.0	0.0	0.0	-0.9190400081167696	-0.8218817632735058	0.5897838560867142	0.0
0.0	-0.417245247640633	-0.5672195859071623	0.45939714662517334	0.6223880238716543	0.0	0.0	-0.62290728511696	0.0	0.0
0.0	-0.11948209388402026	0.023880840208642562	-0.4672474767848552	-0.4887317163086347	0.0	0.0	-0.5262126706667629	0.0	0.0
0.0	-0.1337875328786201	-0.18990404025116614	0.47587506474416974	0.0	0.0	0.0	0.0	0.0	-0.24400388642060694
0.0	-0.10509784955727129	-0.24700570163372204	0.0	0.6804537647599729	-0.14525457724871374	0.0	0.0	0.0	0.0
0.0	0.0	0.0	0.0	-0.4106116705866084	-0.45067746479566684	-0.1320595306935406	0.0	0.0	0.0
-0.16729547150628	0.0	0.0	0.0	0.0	-0.2421733376503621	0.591303673961464	0.0	0.0	0.0
-0.07659185216693568	-0.21783912213243828	-0.13376942605687167	0.0	0.0	0.0	0.0	0.7672130032502741	0.0	0.0
-0.521674723276693	0.0	0.0	0.0	0.0	0.0	0.0	0.0	-0.4355222152680598	0.0
0.0	0.0	0.0	-0.2963286338697469	0.0	0.0	0.0	0.0	0.0	-0.5639793980057324
-1.0345319639939459	0.0	0.0	0.0	0.0	0.0	-0.9480397081937478	-0.8478156991448171	0.6083940958866179	0.0
0.0	-0.9624215251115138	-0.655766690516412	0.5311123839161297	0.7195473230682228	0.0	0.0	-0.7201476447722115	0.0	0.0
0.0	-0.14323559282186996	-0.650362604391547	-0.5601380688621537	-0.5858934576780102	0.0	0.0	-0.6308257696462553	0.0	0.0
0.0	-0.16410222016767012	-0.2329340705632151	-0.080706938661948	0.0	0.0	0.0	0.0	0.0	-0.2992923079573467
0.0	-0.12931130548066075	-0.303913256779033	0.0	0.22682758405112613	-0.1787197272845925	0.0	0.0	0.0	0.0
0.0	0.0	0.0	0.0	-0.4624238777035312	-0.8853671573989925	-0.14872319674638879	0.0	0.0	0.0
-0.17317593916942525	0.0	0.0	0.0	0.0	-0.2506857765592387	0.43735774216330725	0.0	0.0	0.0
-0.0975201770873769	-0.2773625283354214	-0.17032122541586026	0.0	0.0	0.0	0.0	0.3080795185962446	0.0	0.0
-0.5229459670023469	0.0	0.0	0.0	0.0	0.0	0.0	0.0	-0.4660801447755686	0.0
0.0	0.0	0.0	-0.35508898451741355	0.0	0.0	0.0	0.0	0.0	-1.2659911777207082
-0.6375153496238533	0.0	0.0	0.0	0.0	0.0	-0.8613383694081008	-0.7702801744995534	0.5527544616321073	0.0
0.0	-0.6836097200562474	-0.6153006359683384	0.4983384980059094	0.6751454928955595	0.0	0.0	-0.6757087699445341	0.0	0.0
0.0	-0.11211414216021547	0.11708093700842515	-0.43843431541389566	-0.4585937134113162	0.0	0.0	-0.4937633769869036	0.0	0.0
0.0	-0.13679542542784714	-0.19417357819277561	0.4856672413541351	0.0	0.0	0.0	0.0	0.0	-0.2494897299529251
0.0	-0.10821716970503045	-0.2543368683984387	0.0	0.647734185455427	-0.14956575517742338	0.0	0.0	0.0	0.0
0.0	0.0	0.0	0.0	-0.41548599621455207	-0.49411016569804445	-0.1336271947444774	0.0	0.0	0.0
-0.17397883227706007	0.0	0.0	0.0	0.0	-0.25184802740740403	0.5798697190869186	0.0	0.0	0.0
-0.08584125570528027	-0.2441458622103531	-0.1499237214249485	0.0	0.0	0.0	0.0	0.6316894650907294	0.0	0.0
-0.5427916017985708	0.0	0.0	0.0	0.0	0.0	0.0	0.0	-0.503751158456783	0.0
0.0	0.0	0.0	-0.2718566522697255	0.0	0.0	0.0	0.0	0.0	-0.2853525713058951
-1.1084568526287237	0.0	0.0	0.0	0.0	0.0	-0.9620929773822599	-0.8603832974630657	0.6174126274188949	0.0
0.0	-1.0693415426701116	-0.673555367115789	0.5455196213864685	0.7390661470846245	0.0	0.0	-0.7396827534349704	0.0	0.0
0.0	-0.14502404819039308	-0.6500555725719694	-0.5671320144076336	-0.5932089878414516	0.0	0.0	-0.6387023295996854	0.0	0.0
0.0	-0.16172347461886205	-0.22955757216513215	-0.05340221344556639	0.0	0.0	0.0	0.0	0.0	-0.2949539129946301
0.0	-0.12308781550038894	-0.2892865302031502	0.0	0.2690229494078553	-0.17011831051056642	0.0	0.0	0.0	0.0
0.0	0.0	0.0	0.0	-0.46305714518621754	-0.8871784543064953	-0.1489268660830337	0.0	0.0	0.0
-0.19102270260391016	0.0	0.0	0.0	0.0	-0.2765203686630866	0.3151031614193126	0.0	0.0	0.0
-0.08883817306534299	-0.2526695605979651	-0.1551579063134624	0.0	0.0	0.0	0.0	0.36891649739118426	0.0	0.0
-0.5108520633719913	0.0	0.0	0.0	0.0	0.0	0.0	0.0	-0.41153404439581864	0.0
0.0	0.0	0.0	-0.34725421728857003	0.0	0.0	0.0	0.0	0.0	-1.173850871656228
-0.4913737262953406	0.0	0.0	0.0	0.0	0.0	-0.8190607403680953	-0.7324720138149882	0.5256232563949028	0.0
0.0	-0.5781821592861427	-0.5937767637735528	0.4809060860859378	0.6515281838071333	0.0	0.0	-0.6520717568244464	0.0	0.0
0.0	-0.10921996609073478	0.28039463382691054	-0.427116331087737	-0.44675532330819595	0.0	0.0	-0.4810170978634429	0.0	0.0
0.0	-0.10781047932098474	-0.15303104230978454	0.8468311288644331	0.0	0.0	0.0	0.0	0.0	-0.1966265120910426
0.0	-0.10412063233821756	-0.24470900169306925	0.0	0.7058908222845575	-0.14390397612193748	0.0	0.0	0.0	0.0
0.0	0.0	0.0	0.0	-0.42213779143568425	-0.5407840890823308	-0.13576652252811616	0.0	0.0	0.0
-0.1731304890779519	0.0	0.0	0.0	0.0	-0.2506199839812955	0.6015806716060825	0.0	0.0	0.0
-0.07595451113486372	-0.21602642525936966	-0.13265629533016018	0.0	0.0	0.0	0.0	0.8037132450803193	0.0	0.0
-0.4780116980604653	0.0	0.0	0.0	0.0	0.0	0.0	0.0	-0.11582970527606884	0.0
0.0	0.0	0.0	-0.25709135695334756	0.0	0.0	0.0	0.0	0.0	-0.09017014863753459
-0.9460443270128405	0.0	0.0	0.0	0.0	0.0	-0.9346773975264195	-0.8358660132163709	0.5998189794150788	0.0
0.0	-0.8881904947096064	-0.6440140434024411	0.5215937906171766	0.7066515997993817	0.0	0.0	-0.7072411625410081	0.0	0.0
0.0	-0.1408192603110901	-0.5747235070233249	-0.5506887427578503	-0.5760096475038086	0.0	0.0	-0.6201839676625152	0.0	0.0
0.0	-0.15472928269754865	-0.2196297016410937	0.013738955668928132	0.0	0.0	0.0	0.0	0.0	-0.2821977915948849
0.0	-0.13185872995883205	-0.3099003285720362	0.0	0.2265304244896571	-0.1822404945239656	0.0	0.0	0.0	0.0
0.0	0.0	0.0	0.0	-0.456044493836605	-0.8443822867377806	-0.14667148097713978	0.0	0.0	0.0
-0.19600255601096628	0.0	0.0	0.0	0.0	-0.28372909768448773	0.31593641764354496	0.0	0.0	0.0
-0.094137500464242	-0.26774167069594873	-0.1644133031289503	0.0	0.0	0.0	0.0	0.37754721677570513	0.0	0.0
-0.5982829607527697	0.0	0.0	0.0	0.0	0.0	0.0	0.0	-0.8662881674896861	0.0
0.0	0.0	0.0	-0.36416580904659546	0.0	0.0	0.0	0.0	0.0	-1.36207800852731
-1.0558676679935526	0.0	0.0	0.0	0.0	0.0	-0.9405409948292865	-0.8411097280142513	0.6035818787418568	0.0
0.0	-1.000331131324852	-0.6723400666975898	0.5445353367138577	0.737732645131437	0.0	0.0	-0.7383481389348535	0.0	0.0
0.0	-0.11249193620196667	0.0695661924176727	-0.4399117193245096	-0.4601390489878376	0.0	0.0	-0.49542722472516687	0.0	0.0
0.0	-0.1370494377445478	-0.1945341346973849	0.45748093331146555	0.0	0.0	0.0	0.0	0.0	-0.24995300176263774
0.0	-0.11768512543527644	-0.27658888457229985	0.0	0.4938682855471416	-0.16265131223496326	0.0	0.0	0.0	0.0
0.0	0.0	0.0	0.0	-0.43750944973750233	-0.6800103854310227	-0.14071030305539514	0.0	0.0	0.0
-0.1850742068550223	0.0	0.0	0.0	0.0	-0.2679094537558466	0.41501229479759405	0.0	0.0	0.0
-0.08595986898370477	-0.24448321679461002	-0.1501308822355134	0.0	0.0	0.0	0.0	0.509108257740943	0.0	0.0
-0.4459337344296976	0.0	0.0	0.0	0.0	0.0	0.0	0.0	-0.0397389040321845	0.0
0.0	0.0	0.0	-0.26818176694354645	0.0	0.0	0.0	0.0	0.0	-0.24333825636041428
-0.5549216285329552	0.0	0.0	0.0	0.0	0.0	-0.8301715522967973	-0.7424082229230923	0.5327534982186424	0.0
0.0	-0.9924783750135183	-0.6637016101954274	0.5375389593550042	0.7282540022825948	0.0	0.0	-0.7288615880098583	0.0	0.0
0.0	-0.13658361133026276	-0.45759952718680663	-0.5341247854776991	-0.5586840723587154	0.0	0.0	-0.601529689939766	0.0	0.0
0.0	-0.15502214357683672	-0.22004540154236005	0.08925439309620242	0.0	0.0	0.0	0.0	0.0	-0.2827319160472109
0.0	-0.12227464094224373	-0.28737537071576325	0.0	0.2986427130690785	-0.16899443093386368	0.0	0.0	0.0	0.0
0.0	0.0	0.0	0.0	-0.4815068284603274	-1.0271650246721502	-0.15486059054620505	0.0	0.0	0.0
-0.17954515042506908	0.0	0.0	0.0	0.0	-0.25990571021369874	0.4423298375025497	0.0	0.0	0.0
-0.08680478137838696	-0.24688627885838185	-0.15160654110662455	0.0	0.0	0.0	0.0	0.4852139426616809	0.0	0.0
-0.49809398877270633	0.0	0.0	0.0	0.0	0.0	0.0	0.0	-0.2344630029777648	0.0
0.0	0.0	0.0	-0.32600815463265964	0.0	0.0	0.0	0.0	0.0	-0.9237674596867873
-1.0270996228969607	0.0	0.0	0.0	0.0	0.0	-0.9651936207874172	-0.8631561498379422	0.619402431353101	0.0
0.0	-0.5152504393425559	-0.5970298632003507	0.48354080574564207	0.6550976834753518	0.0	0.0	-0.6556442345429676	0.0	0.0
0.0	-0.10327430513156936	0.26280976297211844	-0.4038651895092765	-0.4224350842606378	0.0	0.0	-0.4548317337599437	0.0	0.0
0.0	-0.14074813360323693	-0.19978422992010328	0.34757490803431734	0.0	0.0	0.0	0.0	0.0	-0.256698743647472
0.0	-0.12198789880759954	-0.286701456430608	0.0	0.5377192358648506	-0.16859812779614403	0.0	0.0	0.0	0.0
0.0	0.0	0.0	0.0	-0.43636831381148367	-0.6738005076404776	-0.14034329479517624	0.0	0.0	0.0
-0.17485380891275257	0.0	0.0	0.0	0.0	-0.25311462482527725	0.4641219580802428	0.0	0.0	0.0
-0.08438531042125212	-0.24000492771703016	-0.1473808796016412	0.0	0.0	0.0	0.0	0.661561527409251	0.0	0.0
-0.5876171079005837	0.0	0.0	0.0	0.0	0.0	0.0	0.0	-0.8329440925071195	0.0
0.0	0.0	0.0	-0.33355634398623846	0.0	0.0	0.0	0.0	0.0	-0.9979769995143803
-1.1271965550984975	0.0	0.0	0.0	0.0	0.0	-0.9480817373647396	-0.8478532851137179	0.6084210676466247	0.0
0.0	-1.4172043120135434	-0.7413213189588204	0.6004039830843082	0.8134230943785233	0.0	0.0	-0.8141017370784904	0.0	0.0
0.0	-0.12881023710267653	-0.39624374288614106	-0.5037261761474199	-0.5268877219244382	0.0	0.0	-0.567294869646435	0.0	0.0
0.0	-0.16435641617824104	-0.23329488781116403	0.050012808792914254	0.0	0.0	0.0	0.0	0.0	-0.29975591479093844
0.0	-0.13003565271230824	-0.3056156502812144	0.0	0.24832812716787667	-0.17972083959428728	0.0	0.0	0.0	0.0
0.0	0.0	0.0	0.0	-0.44787814340187987	-0.7736215979218306	-0.14404504709047478	0.0	0.0	0.0
-0.17624541580909348	0.0	0.0	0.0	0.0	-0.255129085131643	0.4455009009110492	0.0	0.0	0.0
-0.09842078024998485	-0.279923983591845	-0.17189414949014029	0.0	0.0	0.0	0.0	0.20791798577522813	0.0	0.0
-0.4138088387646221	0.0	0.0	0.0	0.0	0.0	0.0	0.0	0.129415131252832	0.0
0.0	0.0	0.0	-0.28490179682467437	0.0	0.0	0.0	0.0	0.0	-0.45951272041813307
-0.33879755776406517	0.0	0.0	0.0	0.0	0.0	-0.795281716331106	-0.7112068392503998	0.5103633282452544	0.0
0.0	-0.18513297704937437	-0.5371911205250924	0.4350767746620065	0.5894389549512737	0.0	0.0	-0.5899307266339545	0.0	0.0
0.0	-0.10913153626618793	0.2304307592062489	-0.4267705168234494	-0.446393608355614	0.0	0.0	-0.4806276429030489	0.0	0.0
0.0	-0.13096372167927395	-0.1858957956552452	0.4681852510792138	0.0	0.0	0.0	0.0	0.0	-0.2388537734591577
0.0	-0.11626807693124971	-0.27325847332734476	0.0	0.6489465479775343	-0.1606928251464034	0.0	0.0	0.0	0.0
0.0	0.0	0.0	0.0	-0.3969909750360736	-0.36017458192973684	-0.12767888885851067	0.0	0.0	0.0
-0.17588485097698967	0.0	0.0	0.0	0.0	-0.2546071392113875	0.6479104353820705	0.0	0.0	0.0
-0.07269903122206144	-0.2067673348174913	-0.12697052501446032	0.0	0.0	0.0	0.0	0.9385190031717954	0.0	0.0
-0.5434607694012553	0.0	0.0	0.0	0.0	0.0	0.0	0.0	-0.45359749186488396	0.0
0.0	0.0	0.0	-0.3352547975264663	0.0	0.0	0.0	0.0	0.0	-1.0088982853207176
-1.4423630870887196	0.0	0.0	0.0	0.0	0.0	-1.045865888157105	-0.9352999790156667	0.6711729750817128	0.0
0.0	-1.2301683074135916	-0.7027799864294805	0.5691889499101739	0.7711331869312118	0.0	0.0	-0.7717765469631926	0.0	0.0
0.0	-0.14699514166320635	-0.7491022126236018	-0.5748401857472913	-0.6012715842076308	0.0	0.0	-0.6473832484448951	0.0	0.0
0.0	-0.15969784054224448	-0.22668229606919638	0.00034244054560905735	0.0	0.0	0.0	0.0	0.0	-0.29125952849910963
0.0	-0.14043715486946778	-0.33006172933227823	0.0	0.0630447237568933	-0.19409664085905506	0.0	0.0	0.0	0.0
0.0	0.0	0.0	0.0	-0.47112038647990123	-0.975436818192241	-0.15152013835800682	0.0	0.0	0.0
-0.20866867144036866	0.0	0.0	0.0	0.0	-0.3020642948119723	0.13245173480603267	0.0	0.0	0.0
-0.09535129096293828	-0.27119387937360795	-0.16653321606707844	0.0	0.0	0.0	0.0	0.2097458323275443	0.0	0.0
-0.5753708416368853	0.0	0.0	0.0	0.0	0.0	0.0	0.0	-0.831829759761243	0.0
0.0	0.0	0.0	-0.3215249572459209	0.0	0.0	0.0	0.0	0.0	-0.876349192901778
-0.1316075857634802	0.0	0.0	0.0	0.0	0.0	-0.7208427975220422	-0.64463738709746	0.4625929676620431	0.0
0.0	-0.44170483477169586	-0.5790388349644372	0.4689696815429875	0.6353568268664229	0.0	0.0	-0.635886908044849	0.0	0.0
0.0	-0.10469571595361842	0.29625630941536496	-0.40942376819238685	-0.42824924877732284	0.0	0.0	-0.4610917879694984	0.0	0.0
0.0	-0.14730960148283376	-0.2090978724808356	0.357990778524201	0.0	0.0	0.0	0.0	0.0	-0.2686656558761185
0.0	-0.0963492302774585	-0.22644430239825158	0.0	0.8777371961987745	-0.13316320715548777	0.0	0.0	0.0	0.0
0.0	0.0	0.0	0.0	-0.3634962811194075	-0.0745700769584674	-0.11690643917864768	0.0	0.0	0.0
-0.17441817628299325	0.0	0.0	0.0	0.0	-0.25248401237062834	0.7709405358790605	0.0	0.0	0.0
-0.07900783309992125	-0.22471054710311533	-0.1379889921546523	0.0	0.0	0.0	0.0	0.8442775565908694	0.0	0.0
-0.43330801936985636	0.0	0.0	0.0	0.0	0.0	0.0	0.0	0.20810669571333662	0.0
0.0	0.0	0.0	-0.2977640971814775	0.0	0.0	0.0	0.0	0.0	-0.5923632467229694
-1.278746131027614	0.0	0.0	0.0	0.0	0.0	-1.0010749530093381	-0.8952442116575621	0.642428883185962	0.0
0.0	-1.5234306568612601	-0.7526454098123162	0.6095754841316497	0.8258485795055547	0.0	0.0	-0.8265375888459986	0.0	0.0
0.0	-0.14246510064955792	-0.7099435568739432	-0.5571249770113803	-0.5827418225707283	0.0	0.0	-0.6274324348749907	0.0	0.0
0.0	-0.17034206271907287	-0.24179118367044014	-0.1498461587730383	0.0	0.0	0.0	0.0	0.0	-0.3106726346621996
0.0	-0.1340206076698191	-0.31498127098045026	0.0	0.05079744496316341	-0.18522840183411202	0.0	0.0	0.0	0.0
0.0	0.0	0.0	0.0	-0.5286238245136198	-1.4203534743829698	-0.1700141987658593	0.0	0.0	0.0
-0.2266618164334767	0.0	0.0	0.0	0.0	-0.3281107857215861	-0.057365377559894015	0.0	0.0	0.0
-0.10508707576804777	-0.2988839633082923	-0.18353698747025815	0.0	0.0	0.0	0.0	0.05229502968391675	0.0	0.0
-0.6104528074934756	0.0	0.0	0.0	0.0	0.0	0.0	0.0	-0.9867782697166558	0.0
0.0	0.0	0.0	-0.330743929600174	0.0	0.0	0.0	0.0	0.0	-0.9916639193641253
-0.39013064585316504	0.0	0.0	0.0	0.0	0.0	-0.7835145023205342	-0.7006836209852417	0.5028118475771017	0.0
0.0	0.0732350565440234	-0.4905410141480985	0.3972943597175771	0.5382516048618996	0.0	0.0	-0.5387006706984975	0.0	0.0
0.0	-0.09391231373730669	0.6470038158585968	-0.3672541232444276	-0.3841406254555716	0.0	0.0	-0.413600463582203	0.0	0.0
0.0	-0.11762511719478008	-0.16696238064701832	0.8140406132588889	0.0	0.0	0.0	0.0	0.0	-0.21452660886007155
0.0	-0.08901944219302999	-0.20921750416929108	0.0	0.9873119687889671	-0.12303278798886019	0.0	0.0	0.0	0.0
0.0	0.0	0.0	0.0	-0.41803997266794723	-0.4852195357570477	-0.13444859597585468	0.0	0.0	0.0
-0.1516798768662239	0.0	0.0	0.0	0.0	-0.2195685376559072	0.7675535065763307	0.0	0.0	0.0
-0.06878359975805289	-0.19563123967475546	-0.1201321341819228	0.0	0.0	0.0	0.0	1.1056760209878795	0.0	0.0
-0.36085671874168557	0.0	0.0	0.0	0.0	0.0	0.0	0.0	0.5524043558276315	0.0
0.0	0.0	0.0	-0.268571223055795	0.0	0.0	0.0	0.0	0.0	-0.2307414684709681
-1.082977604294169	0.0	0.0	0.0	0.0	0.0	-0.9590128033162593	-0.8576287504681626	0.6154359594588279	0.0
0.0	-1.828170559046053	-0.8012057608728964	0.6489050264651871	0.8791319669026446	0.0	0.0	-0.879865430822921	0.0	0.0
0.0	-0.14528640550434987	-0.7501257058229699	-0.5681579906771937	-0.5942821389402321	0.0	0.0	-0.6398577809176057	0.0	0.0
0.0	-0.17093657172001445	-0.24263505647992617	-0.20383705108002614	0.0	0.0	0.0	0.0	0.0	-0.31175690988292126
0.0	-0.12320130313384593	-0.28955325395294035	0.0	0.15884730849398254	-0.17027516051549224	0.0	0.0	0.0	0.0
0.0	0.0	0.0	0.0	-0.4911992808885142	-1.1064740208480304	-0.15797784417201458	0.0	0.0	0.0
-0.19017458607471188	0.0	0.0	0.0	0.0	-0.2752926533594797	0.26960935285786847	0.0	0.0	0.0
-0.1016953183131094	-0.28923727837293456	-0.17761320530238042	0.0	0.0	0.0	0.0	0.02415647875813487	0.0	0.0
-0.5621281731693798	0.0	0.0	0.0	0.0	0.0	0.0	0.0	-0.6888239416088394	0.0
0.0	0.0	0.0	-0.33710550473299805	0.0	0.0	0.0	0.0	0.0	-1.0653037208159826
-0.9464539561272928	0.0	0.0	0.0	0.0	0.0	-0.9280459992122109	-0.82993566710378	0.5955633522014004	0.0
0.0	0.5329245673594463	-0.41000540885334474	0.332067720522864	0.449883012739777	0.0	0.0	-0.4502583522458041	0.0	0.0
0.0	-0.10449174604415458	0.4587936230713525	-0.40862612209798943	-0.4274149265731577	0.0	0.0	-0.46019348139229016	0.0	0.0
0.0	-0.1165625469962665	-0.16545412072618337	0.8105740512142457	0.0	0.0	0.0	0.0	0.0	-0.21258867598655595
0.0	-0.09715567017815438	-0.22833963379024422	0.0	0.9356645954571196	-0.13427777883650244	0.0	0.0	0.0	0.0
0.0	0.0	0.0	0.0	-0.3945853177833545	-0.31696274512392986	-0.1269051895446316	0.0	0.0	0.0
-0.17068681100800262	0.0	0.0	0.0	0.0	-0.24708256800096878	0.5940888795138008	0.0	0.0	0.0
-0.06439981355547585	-0.18316307092092646	-0.11247575105912483	0.0	0.0	0.0	0.0	1.191675774644097	0.0	0.0
-0.4315793857329397	0.0	0.0	0.0	0.0	0.0	0.0	0.0	0.04876614201882967	0.0
0.0	0.0	0.0	-0.2848788305446829	0.0	0.0	0.0	0.0	0.0	-0.41724027197713554
-0.6601874370672491	0.0	0.0	0.0	0.0	0.0	-0.8495274501610985	-0.7597178713888342	0.5451749336073157	0.0
0.0	-1.266604764995273	-0.7072803660330615	0.5728338549874709	0.7760712786997912	0.0	0.0	-0.7767187586048783	0.0	0.0
0.0	-0.14828486294868315	-0.7805546004565248	-0.5798837784464594	-0.6065470834638015	0.0	0.0	-0.6530633270239105	0.0	0.0
0.0	-0.16296941150450217	-0.23132611100720557	-0.06768293687365334	0.0	0.0	0.0	0.0	0.0	-0.2972262730254171
0.0	-0.13678036853277437	-0.3214673853126382	0.0	0.054160252536483156	-0.189042636846006	0.0	0.0	0.0	0.0
0.0	0.0	0.0	0.0	-0.503224072482613	-1.2189112546034393	-0.16184521679767738	0.0	0.0	0.0
-0.19921993933604637	0.0	0.0	0.0	0.0	-0.28838651280349775	0.26540233232779575	0.0	0.0	0.0
-0.0973743516232596	-0.27694777806905324	-0.17006653789900883	0.0	0.0	0.0	0.0	0.254103533092758	0.0	0.0
-0.5320501942729522	0.0	0.0	0.0	0.0	0.0	0.0	0.0	-0.4355180803511818	0.0
0.0	0.0	0.0	-0.3346077714628486	0.0	0.0	0.0	0.0	0.0	-1.029593083957233
-0.7345214156105817	0.0	0.0	0.0	0.0	0.0	-0.8818692308957069	-0.7886405728412259	0.5659299170529817	0.0
0.0	-0.39758518548412436	-0.5690717321128094	0.4608972194420281	0.6244203119757586	0.0	0.0	-0.6249412687685545	0.0	0.0
0.0	-0.09611433570305612	0.5148710549719864	-0.37586536509561225	-0.39314781590299286	0.0	0.0	-0.42329841765880843	0.0	0.0
0.0	-0.13271574157813765	-0.1883826914835472	0.5601660626192267	0.0	0.0	0.0	0.0	0.0	-0.2420491359507946
0.0	-0.08795916564939511	-0.2067255944614374	0.0	0.9794573085809161	-0.12156739148682724	0.0	0.0	0.0	0.0
0.0	0.0	0.0	0.0	-0.3847430208511837	-0.23387932430142744	-0.12373974343845524	0.0	0.0	0.0
-0.1900147826566925	0.0	0.0	0.0	0.0	-0.27506132535782346	0.5234691352777414	0.0	0.0	0.0
-0.08120045088281293	-0.2309466925870509	-0.1418184493890881	0.0	0.0	0.0	0.0	0.7959310654957152	0.0	0.0
-0.5433334463596882	0.0	0.0	0.0	0.0	0.0	0.0	0.0	-0.5234308469695794	0.0
0.0	0.0	0.0	-0.28886899252690673	0.0	0.0	0.0	0.0	0.0	-0.477299379537828
-0.8956226299676251	0.0	0.0	0.0	0.0	0.0	-0.9052023015120149	-0.8095069388876971	0.5809036594808317	0.0
0.0	-1.5975899804127063	-0.7720480908223161	0.6252899208583309	0.8471383878825214	0.0	0.0	-0.8478451594098747	0.0	0.0
0.0	-0.13529741067512996	-0.5689125788972927	-0.5290949605791401	-0.5534229739525348	0.0	0.0	-0.5958651166154338	0.0	0.0
0.0	-0.176388976357634	-0.25037444480325793	-0.2632126976888707	0.0	0.0	0.0	0.0	0.0	-0.3217010944664276
0.0	-0.13223663475997058	-0.31078849746368514	0.0	0.1090693587415883	-0.18276279257631273	0.0	0.0	0.0	0.0
0.0	0.0	0.0	0.0	-0.5102109286313659	-1.2706223443874725	-0.16409230573869413	0.0	0.0	0.0
-0.2103525626618551	0.0	0.0	0.0	0.0	-0.3045018596406904	0.14466757886029136	0.0	0.0	0.0
-0.09942646019551156	-0.282784293537115	-0.17365059257519322	0.0	0.0	0.0	0.0	0.146543891203893	0.0	0.0
-0.550183500889161	0.0	0.0	0.0	0.0	0.0	0.0	0.0	-0.579815082417551	0.0
0.0	0.0	0.0	-0.3574495225531635	0.0	0.0	0.0	0.0	0.0	-1.3039216650382066
-0.7883109798347889	0.0	0.0	0.0	0.0	0.0	-0.9007681589390724	-0.8055415610104882	0.5780580970656903	0.0
0.0	-0.36336425621023216	-0.5645302482030924	0.45721902355210403	0.6194371180483255	0.0	0.0	-0.6199539173390726	0.0	0.0
0.0	-0.10116005201211364	0.4298714524879219	-0.39559717709639464	-0.4137869050884056	0.0	0.0	-0.4455203236206615	0.0	0.0
0.0	-0.13293546002688908	-0.18869456972988177	0.5451930133854455	0.0	0.0	0.0	0.0	0.0	-0.24244986204432603
0.0	-0.09137489003761019	-0.21475338382775283	0.0	0.960527064604544	-0.12628822644299761	0.0	0.0	0.0	0.0
0.0	0.0	0.0	0.0	-0.3549181367727164	0.0012074965356987377	-0.11414756553283265	0.0	0.0	0.0
-0.16279098431798067	0.0	0.0	0.0	0.0	-0.23565273857513375	0.7366147580184044	0.0	0.0	0.0
-0.07284365689710566	-0.20717867269741064	-0.1272231170721845	0.0	0.0	0.0	0.0	0.8760714016076978	0.0	0.0
-0.4993621415329401	0.0	0.0	0.0	0.0	0.0	0.0	0.0	-0.298885990260056	0.0
0.0	0.0	0.0	-0.2901095292709292	0.0	0.0	0.0	0.0	0.0	-0.49175070659898257
-1.291843229615873	0.0	0.0	0.0	0.0	0.0	-1.003065591250033	-0.8970244053954326	0.6437063534672357	0.0
0.0	-1.5999093643221336	-0.7669090688910849	0.6211277725998641	0.8414995386892293	0.0	0.0	-0.8422016056982727	0.0	0.0
0.0	-0.14750423337552282	-0.7648133864887595	-0.5768310432080155	-0.6033539821488692	0.0	0.0	-0.6496253459914313	0.0	0.0
0.0	-0.17518776123747007	-0.24866938604612482	-0.22085253033574503	0.0	0.0	0.0	0.0	0.0	-0.3195102987215571
0.0	-0.12520830242258124	-0.2942701941147113	0.0	0.1373646215696066	-0.17304901206860948	0.0	0.0	0.0	0.0
0.0	0.0	0.0	0.0	-0.5021017125727693	-1.1986670689160008	-0.16148424721600071	0.0	0.0	0.0
-0.20945373331238826	0.0	0.0	0.0	0.0	-0.30320073354577204	0.09858894569999443	0.0	0.0	0.0
-0.08925245101337628	-0.253847831418753	-0.15588145224907507	0.0	0.0	0.0	0.0	0.19560524366037346	0.0	0.0
-0.527229416591119	0.0	0.0	0.0	0.0	0.0	0.0	0.0	-0.5342739083258218	0.0
0.0	0.0	0.0	-0.3299558017238049	0.0	0.0	0.0	0.0	0.0	-0.9868646435548252
-0.4277726682805958	0.0	0.0	0.0	0.0	0.0	-0.819540138895398	-0.732900731720031	0.5259309051474466	0.0
0.0	0.21650366543424338	-0.4719589385926195	0.38224454003459174	0.5178622149822962	0.0	0.0	-0.5182942698553571	0.0	0.0
0.0	-0.09810113940458562	0.5860811947732999	-0.3836349729609346	-0.40127467367265507	0.0	0.0	-0.4320485261301856	0.0	0.0
0.0	-0.11825703535914102	-0.16785935370525626	0.763015017487738	0.0	0.0	0.0	0.0	0.0	-0.21567911152370714
0.0	-0.09833959890183798	-0.23112215642329226	0.0	0.9219768041055005	-0.1359140736510558	0.0	0.0	0.0	0.0
0.0	0.0	0.0	0.0	-0.38851522693220414	-0.2704321255460249	-0.1249529475444837	0.0	0.0	0.0
-0.16806393326010777	0.0	0.0	0.0	0.0	-0.24328574640898257	0.6960914420998628	0.0	0.0	0.0
-0.05403523074501008	-0.15368458780786884	-0.09437376952128375	0.0	0.0	0.0	0.0	1.276468029892695	0.0	0.0
-0.48947360448584654	0.0	0.0	0.0	0.0	0.0	0.0	0.0	-0.17876447347604563	0.0
0.0	0.0	0.0	-0.2898980050670103	0.0	0.0	0.0	0.0	0.0	-0.4764179162350317
-1.3169290574207009	0.0	0.0	0.0	0.0	0.0	-1.0068427768188277	-0.9004022778580837	0.6461303209226719	0.0
0.0	-1.3961243938777406	-0.7297803424462641	0.5910568240459666	0.8007596290404722	0.0	0.0	-0.8014277065519569	0.0	0.0
0.0	-0.15705313056401987	-0.9395920862082917	-0.6141730245239285	-0.6424129637927539	0.0	0.0	-0.691679770450705	0.0	0.0
0.0	-0.1678895329996437	-0.23830995270269212	-0.1645797965593946	0.0	0.0	0.0	0.0	0.0	-0.3061996709246465
0.0	-0.13581057488176124	-0.31918813257609296	0.0	0.050695154788972685	-0.18770229575063815	0.0	0.0	0.0	0.0
0.0	0.0	0.0	0.0	-0.4693875392662721	-0.9579182044214516	-0.15096282592344168	0.0	0.0	0.0
-0.21512146531000503	0.0	0.0	0.0	0.0	-0.3114052208663932	0.12210145496231228	0.0	0.0	0.0
-0.08545648173559159	-0.24305150528588929	-0.14925170486403946	0.0	0.0	0.0	0.0	0.26674796175576343	0.0	0.0
-0.5148131289707709	0.0	0.0	0.0	0.0	0.0	0.0	0.0	-0.4695984750494526	0.0
0.0	0.0	0.0	-0.3391877121535749	0.0	0.0	0.0	0.0	0.0	-1.0865575345719831
0.10934655526165815	0.0	0.0	0.0	0.0	0.0	-0.6687226949798328	-0.5980272706704672	0.4291454628902231	0.0
0.0	-0.3739275927352059	-0.5693483849590684	0.46112128351057374	0.6247238724002567	0.0	0.0	-0.6252450824549375	0.0	0.0
0.0	-0.09405168200167781	0.6124053909642352	-0.36779913771274203	-0.38471069992305773	0.0	0.0	-0.4142142571994467	0.0	0.0
0.0	-0.10698073679367616	-0.15185326845512295	0.8034829243621586	0.0	0.0	0.0	0.0	0.0	-0.19511321412496502
0.0	-0.10372826430002192	-0.24378684064998962	0.0	0.8404583281413607	-0.1433616885893752	0.0	0.0	0.0	0.0
0.0	0.0	0.0	0.0	-0.37820957451206294	-0.20056758709002387	-0.12163847862023149	0.0	0.0	0.0
-0.18394973507175677	0.0	0.0	0.0	0.0	-0.26628169251165273	0.7194084754324485	0.0	0.0	0.0
-0.06793803426874101	-0.19322632010843244	-0.11865533466606545	0.0	0.0	0.0	0.0	1.038459111434696	0.0	0.0
-0.4534165339747511	0.0	0.0	0.0	0.0	0.0	0.0	0.0	0.14083377250492846	0.0
0.0	0.0	0.0	-0.3071622436585701	0.0	0.0	0.0	0.0	0.0	-0.6649344636013677
-1.3249843892045183	0.0	0.0	0.0	0.0	0.0	-1.0165133563063984	-0.9090505117226875	0.65233630935669	0.0
0.0	-1.403145211625398	-0.7296514867913997	0.5909524624871594	0.8006182407344469	0.0	0.0	-0.8012862002850053	0.0	0.0
0.0	-0.1465222501214074	-0.7261547399994507	-0.5729908929159074	-0.5993372600981489	0.0	0.0	-0.6453005805483374	0.0	0.0
0.0	-0.14933815849574775	-0.21197729752398745	0.057474512600977135	0.0	0.0	0.0	0.0	0.0	-0.27236537127057053
0.0	-0.1398900151094333	-0.3287758168146736	0.0	0.024783942078085985	-0.19334044503892592	0.0	0.0	0.0	0.0
0.0	0.0	0.0	0.0	-0.49721448164722615	-1.1866741671576615	-0.15991243260708776	0.0	0.0	0.0
-0.24297439467809395	0.0	0.0	0.0	0.0	-0.3517245242383119	-0.11075794850881437	0.0	0.0	0.0
-0.09614695838536473	-0.2734568810886335	-0.1679228674649602	0.0	0.0	0.0	0.0	0.17206303651210542	0.0	0.0
-0.6371452540957531	0.0	0.0	0.0	0.0	0.0	0.0	0.0	-1.1450062147194475	0.0
0.0	0.0	0.0	-0.34086200099535624	0.0	0.0	0.0	0.0	0.0	-1.0894953483367333
-0.3783168397682306	0.0	0.0	0.0	0.0	0.0	-0.7931585917390931	-0.70930816523412	0.5090008362995602	0.0
0.0	-0.2662304773015747	-0.5477800280204012	0.44365284292566287	0.6010577519299162	0.0	0.0	-0.6015592172293708	0.0	0.0
0.0	-0.10467908093100367	0.3655958496325762	-0.40935871516150724	-0.42818120458016284	0.0	0.0	-0.46101852544628547	0.0	0.0
0.0	-0.12362288592028114	-0.17547588328031757	0.6476701584103376	0.0	0.0	0.0	0.0	0.0	-0.22546543736961575
0.0	-0.10250964629458417	-0.24092278970389855	0.0	0.8023720474557259	-0.1416774501015927	0.0	0.0	0.0	0.0
0.0	0.0	0.0	0.0	-0.39275052119125226	-0.30272142892892706	-0.12631508849727224	0.0	0.0	0.0
-0.14472551391384095	0.0	0.0	0.0	0.0	-0.209501550951205	0.8519221077501726	0.0	0.0	0.0
-0.0713016130443326	-0.20279286050363243	-0.12452990212432836	0.0	0.0	0.0	0.0	0.9521733719228997	0.0	0.0
-0.42042426990922094	0.0	0.0	0.0	0.0	0.0	0.0	0.0	0.21950618579154635	0.0
0.0	0.0	0.0	-0.2892181771782159	0.0	0.0	0.0	0.0	0.0	-0.47332058304632607
-1.3466795372081388	0.0	0.0	0.0	0.0	0.0	-1.0167718508548198	-0.9092816789769712	0.6525021954010394	0.0
0.0	-1.181997859108967	-0.6891018632621013	0.5581108931744706	0.7561247135640535	0.0	0.0	-0.7567555519563628	0.0	0.0
0.0	-0.14985047360431705	-0.8295342335779534	-0.5860062659648193	-0.6129510855860087	0.0	0.0	-0.6599584536286145	0.0	0.0
0.0	-0.16682681223495177	-0.23680147906145302	-0.05291203557639268	0.0	0.0	0.0	0.0	0.0	-0.30426146344607696
0.0	-0.133860696030761	-0.31460543944087704	0.0	0.1484655407056097	-0.18500738972371794	0.0	0.0	0.0	0.0
0.0	0.0	0.0	0.0	-0.449202966752227	-0.7934236230215647	-0.14447113227614117	0.0	0.0	0.0
-0.19577582903136204	0.0	0.0	0.0	0.0	-0.28340089256995726	0.2740629209435883	0.0	0.0	0.0
-0.10573688718309746	-0.30073212788717646	-0.1846718980067855	0.0	0.0	0.0	0.0	0.11522139358141814	0.0	0.0
-0.5506526626526878	0.0	0.0	0.0	0.0	0.0	0.0	0.0	-0.6732518956750848	0.0
0.0	0.0	0.0	-0.31058439936974297	0.0	0.0	0.0	0.0	0.0	-0.7568690617300027
0.37412462297112126	0.0	0.0	0.0	0.0	0.0	-0.6105918154009011	-0.5460418191264449	0.39184060780994384	0.0
0.0	-0.2363934760274835	-0.5503422258362829	0.4457279940575174	0.6038691520913624	0.0	0.0	-0.6043729629551482	0.0	0.0
0.0	-0.0972879301573875	0.47381579774579174	-0.3804548314309387	-0.3979483078702028	0.0	0.0	-0.428467060524181	0.0	0.0
0.0	-0.13749703101064573	-0.19516946870640894	0.5133248917295798	0.0	0.0	0.0	0.0	0.0	-0.25076932966788934
0.0	-0.1044664355350293	-0.24552172394776317	0.0	0.7493891022809824	-0.1443819069014514	0.0	0.0	0.0	0.0
0.0	0.0	0.0	0.0	-0.44925303621223006	-0.7541776549454515	-0.14448723544578718	0.0	0.0	0.0
-0.17963414557398574	0.0	0.0	0.0	0.0	-0.26003453768316814	0.6525822959150143	0.0	0.0	0.0
-0.07220942212892495	-0.20537481052124562	-0.12611541150658553	0.0	0.0	0.0	0.0	1.0326290022765257	0.0	0.0
-0.4903551844974959	0.0	0.0	0.0	0.0	0.0	0.0	0.0	-0.013380341056186573	0.0
0.0	0.0	0.0	-0.2903796713198981	0.0	0.0	0.0	0.0	0.0	-0.4988650039545379
-1.203407741158994	0.0	0.0	0.0	0.0	0.0	-1.0007428959469742	-0.8949472587050108	0.6422157892042505	0.0
0.0	-1.4745693722055875	-0.7361016167714126	0.5961764910323663	0.807695717873314	0.0	0.0	-0.8083695821962199	0.0	0.0
0.0	-0.1502686478705442	-0.8214617267394693	-0.5876415810517868	-0.6146615931625472	0.0	0.0	-0.6618001404478052	0.0	0.0
0.0	-0.16566647530895814	-0.23515444465131313	-0.08230983390035362	0.0	0.0	0.0	0.0	0.0	-0.30214522201903266
0.0	-0.12332942438133694	-0.28985437028180927	0.0	0.21135624208568082	-0.17045223547677146	0.0	0.0	0.0	0.0
0.0	0.0	0.0	0.0	-0.45890788617537986	-0.857460653109609	-0.14759239549452277	0.0	0.0	0.0
-0.2004407827066421	0.0	0.0	0.0	0.0	-0.2901537794912538	0.23765181923705858	0.0	0.0	0.0
-0.10356654563498792	-0.2945593394744184	-0.18088134672718964	0.0	0.0	0.0	0.0	0.07228734056337238	0.0	0.0
-0.6513581063855758	0.0	0.0	0.0	0.0	0.0	0.0	0.0	-1.2097160969882719	0.0
0.0	0.0	0.0	-0.31748875453165265	0.0	0.0	0.0	0.0	0.0	-0.8352049234080373
-0.6909133260984059	0.0	0.0	0.0	0.0	0.0	-0.8497561004079541	-0.759922349394578	0.5453216673981133	0.0
0.0	0.05299904019119328	-0.48965976700139513	0.3965806283254926	0.5372846465907002	0.0	0.0	-0.5377329056894805	0.0	0.0
0.0	-0.11229727125526608	0.20797784330614077	-0.4391504612798306	-0.4593427879715345	0.0	0.0	-0.49456989825758796	0.0	0.0
0.0	-0.12902768157710579	-0.18314769327545483	0.5567558104182831	0.0	0.0	0.0	0.0	0.0	-0.23532279191677608
0.0	-0.1042014928684599	-0.2448990437547396	0.0	0.7216207388141652	-0.14401573256782038	0.0	0.0	0.0	0.0
0.0	0.0	0.0	0.0	-0.45013383806574425	-0.758635553763465	-0.14477051594593202	0.0	0.0	0.0
-0.1712093362805941	0.0	0.0	0.0	0.0	-0.24783896438235795	0.5399615602336114	0.0	0.0	0.0
-0.07495246271222603	-0.21317644392916463	-0.1309061947831035	0.0	0.0	0.0	0.0	0.9553286524181994	0.0	0.0
-0.3784705580749287	0.0	0.0	0.0	0.0	0.0	0.0	0.0	0.4023350041747711	0.0
0.0	0.0	0.0	-0.31168491074662097	0.0	0.0	0.0	0.0	0.0	-0.7362942793149918
-1.1467312593479515	0.0	0.0	0.0	0.0	0.0	-0.9820944632901341	-0.8782702842763375	0.6302483618613843	0.0
0.0	-1.272334130464585	-0.7071895940447166	0.572760337793292	0.7759716781220739	0.0	0.0	-0.7766190749299321	0.0	0.0
0.0	-0.13977238729775615	-0.6071463746653609	-0.5465948341386286	-0.5717274992091819	0.0	0.0	-0.6155734203722228	0.0	0.0
0.0	-0.157458958087776	-0.22350432563650474	0.01668496646810902	0.0	0.0	0.0	0.0	0.0	-0.287176218130984
0.0	-0.13146054157476791	-0.30896448828983736	0.0	0.19582596783970874	-0.1816901627556541	0.0	0.0	0.0	0.0
0.0	0.0	0.0	0.0	-0.45749833534239015	-0.8470309846617146	-0.14713906054369835	0.0	0.0	0.0
-0.16289156551214456	0.0	0.0	0.0	0.0	-0.2357983377552922	0.4875495972511533	0.0	0.0	0.0
-0.10486974374695884	-0.29826583728906386	-0.18315741211201403	0.0	0.0	0.0	0.0	0.14089281096211204	0.0	0.0
-0.5600294295892795	0.0	0.0	0.0	0.0	0.0	0.0	0.0	-0.6961724116539516	0.0
0.0	0.0	0.0	-0.33272681566677953	0.0	0.0	0.0	0.0	0.0	-1.0031307524628286
-0.42910327675053894	0.0	0.0	0.0	0.0	0.0	-0.7940799616645381	-0.7101321306026176	0.5095921153545654	0.0
0.0	-0.3991822000273788	-0.5759836051212205	0.466495218553468	0.6320044418080822	0.0	0.0	-0.6325317260759423	0.0	0.0
0.0	-0.10244397131418209	0.3154792502024124	-0.40061808052037695	-0.4190386718067793	0.0	0.0	-0.451174849607776	0.0	0.0
0.0	-0.14771850304418446	-0.20967828574427438	0.3914586718370392	0.0	0.0	0.0	0.0	0.0	-0.26941141721864614
0.0	-0.1067045061818925	-0.25078173842725104	0.0	0.7209850438447029	-0.14747511962685278	0.0	0.0	0.0	0.0
0.0	0.0	0.0	0.0	-0.4217598095291541	-0.540331597141047	-0.1356449572712989	0.0	0.0	0.0
-0.17055121578509327	0.0	0.0	0.0	0.0	-0.2468862832635175	0.6354843664363874	0.0	0.0	0.0
-0.0800341052288624	-0.22762942441594308	-0.1397813999602163	0.0	0.0	0.0	0.0	0.8147519252397807	0.0	0.0
-0.4335413508418893	0.0	0.0	0.0	0.0	0.0	0.0	0.0	0.14717961364527232	0.0
0.0	0.0	0.0	-0.28305875748655984	0.0	0.0	0.0	0.0	0.0	-0.4237056894252762
-0.9763510714537416	0.0	0.0	0.0	0.0	0.0	-0.9379990085521948	-0.8388364731557232	0.6019505868988664	0.0
0.0	-1.4266823127849575	-0.7441953162760501	0.602731663932691	0.8165766200241905	0.0	0.0	-0.8172578937253837	0.0	0.0
0.0	-0.13166436715660468	-0.4679770306942237	-0.51488755625688	-0.5385623070817621	0.0	0.0	-0.5798647815829102	0.0	0.0
0.0	-0.16915969084769877	-0.24011287186797206	-0.12806570745194656	0.0	0.0	0.0	0.0	0.0	-0.3085162055420705
0.0	-0.13342374203179194	-0.3135784904637888	0.0	0.14313092315353082	-0.1844034804271457	0.0	0.0	0.0	0.0
0.0	0.0	0.0	0.0	-0.4984839311994861	-1.178810174666069	-0.16032070865991177	0.0	0.0	0.0
-0.20292608869790377	0.0	0.0	0.0	0.0	-0.29375145515794804	0.190656653121137	0.0	0.0	0.0
-0.09690213778589511	-0.27560472858167345	-0.1692418056042122	0.0	0.0	0.0	0.0	0.21637232727420597	0.0	0.0
-0.5978593293796978	0.0	0.0	0.0	0.0	0.0	0.0	0.0	-0.8666820860250702	0.0
0.0	0.0	0.0	-0.34165683666490876	0.0	0.0	0.0	0.0	0.0	-1.116053015468233
-0.8373289555095962	0.0	0.0	0.0	0.0	0.0	-0.887918716094946	-0.7940505240060678	0.5698121079006444	0.0
0.0	-0.12774404214328294	-0.5257162375765014	0.42578314550071844	0.5768480115142448	0.0	0.0	-0.5773292785138052	0.0	0.0
0.0	-0.10958624989906836	0.2146627828102894	-0.4285487230024379	-0.44825357721791315	0.0	0.0	-0.48263025323040765	0.0	0.0
0.0	-0.134340972981292	-0.19068961801968484	0.512415619022554	0.0	0.0	0.0	0.0	0.0	-0.24501325951425293
0.0	-0.11323911562525125	-0.2661396719840134	0.0	0.6907358015760896	-0.15650653117503377	0.0	0.0	0.0	0.0
0.0	0.0	0.0	0.0	-0.3907370518802817	-0.30952392048575983	-0.1256675233370011	0.0	0.0	0.0
-0.18303518102079028	0.0	0.0	0.0	0.0	-0.26495780367598926	0.55165234164821	0.0	0.0	0.0
-0.07641164683272073	-0.21732659017638362	-0.13345469330856602	0.0	0.0	0.0	0.0	0.8755224914355445	0.0	0.0
-0.4178283512808457	0.0	0.0	0.0	0.0	0.0	0.0	0.0	0.15648640248044154	0.0
0.0	0.0	0.0	-0.2990346065241804	0.0	0.0	0.0	0.0	0.0	-0.5955671513989438
-0.8738916614668044	0.0	0.0	0.0	0.0	0.0	-0.8931045515483855	-0.7986881279720287	0.5731400609861994	0.0
0.0	-1.5661401449138395	-0.759578709054603	0.6151908365767015	0.8334562195122309	0.0	0.0	-0.8341515759423878	0.0	0.0
0.0	-0.14733739784848907	-0.791931549793848	-0.5761786150783222	-0.6026715550937524	0.0	0.0	-0.6488905834392471	0.0	0.0
0.0	-0.16530311724500332	-0.23463867787605264	-0.13870415775222766	0.0	0.0	0.0	0.0	0.0	-0.30148252365051065
0.0	-0.13846874740618742	-0.32543548941760075	0.0	0.03767205086405634	-0.19137612664171902	0.0	0.0	0.0	0.0
0.0	0.0	0.0	0.0	-0.4794719341545998	-1.0359652279645841	-0.15420613475189837	0.0	0.0	0.0
-0.19984551782559093	0.0	0.0	0.0	0.0	-0.28929208681223356	0.27633617702873936	0.0	0.0	0.0
-0.09911402013945977	-0.28189566549635436	-0.173104908853064	0.0	0.0	0.0	0.0	0.13848079323231677	0.0	0.0
-0.4942627613037253	0.0	0.0	0.0	0.0	0.0	0.0	0.0	-0.2648179207454955	0.0
0.0	0.0	0.0	-0.34369868816221216	0.0	0.0	0.0	0.0	0.0	-1.1361314535495572
-0.4731847949255177	0.0	0.0	0.0	0.0	0.0	-0.825316035240433	-0.7380660170510469	0.5296375233453989	0.0
0.0	0.029950396574537574	-0.5006630845911456	0.4054923317111534	0.5493581596725244	0.0	0.0	-0.5498164917598547	0.0	0.0
0.0	-0.09355450142696581	0.594154602140457	-0.36585486002652967	-0.3826770235143552	0.0	0.0	-0.41202461765164305	0.0	0.0
0.0	-0.1228552567299586	-0.17438627588925193	0.7049277616597324	0.0	0.0	0.0	0.0	0.0	-0.22406542272147556
0.0	-0.10088575670704289	-0.2371062512244147	0.0	0.8978167366828664	-0.13943309023571018	0.0	0.0	0.0	0.0
0.0	0.0	0.0	0.0	-0.39014200362081874	-0.2894496800508608	-0.125476145937103	0.0	0.0	0.0
-0.18118448117645317	0.0	0.0	0.0	0.0	-0.2622787702612964	0.6071458441716988	0.0	0.0	0.0
-0.07609357326848837	-0.2164219395634843	-0.13289917053522335	0.0	0.0	0.0	0.0	0.9906967431622352	0.0	0.0
-0.5490745893323178	0.0	0.0	0.0	0.0	0.0	0.0	0.0	-0.5086943224274594	0.0
0.0	0.0	0.0	-0.2917780344271896	0.0	0.0	0.0	0.0	0.0	-0.5020677921188699
-1.3008891559190858	0.0	0.0	0.0	0.0	0.0	-0.995848786824228	-0.8905705406079412	0.6390750482952261	0.0
0.0	-1.4709689327806532	-0.7402004898681254	0.5994962117398185	0.8121932521442502	0.0	0.0	-0.8128708687810773	0.0	0.0
0.0	-0.14482868789020786	-0.7769580325511724	-0.5663680371089592	-0.5924098825386874	0.0	0.0	-0.6378419407166239	0.0	0.0
0.0	-0.1700225974076665	-0.24133772024189176	-0.1671666672680432	0.0	0.0	0.0	0.0	0.0	-0.3100899886122837
0.0	-0.13597182472613253	-0.3195671092260915	0.0	0.08612192298828059	-0.18792515737981746	0.0	0.0	0.0	0.0
0.0	0.0	0.0	0.0	-0.47822949909648305	-1.0241293989728593	-0.15380654700891558	0.0	0.0	0.0
-0.20338330534525176	0.0	0.0	0.0	0.0	-0.29441331217368566	0.18630561690474778	0.0	0.0	0.0
-0.11303155588519774	-0.32147929852419216	-0.19741220416139013	0.0	0.0	0.0	0.0	-0.024264213487699693	0.0	0.0
-0.5344858654665856	0.0	0.0	0.0	0.0	0.0	0.0	0.0	-0.567991932554025	0.0
0.0	0.0	0.0	-0.3412793338437618	0.0	0.0	0.0	0.0	0.0	-1.1124726103739166
-0.11630877269922624	0.0	0.0	0.0	0.0	0.0	-0.7363639337892665	-0.6585176738430332	0.4725534868099406	0.0
0.0	0.21213626010096487	-0.47127406034899144	0.38168984989566573	0.517110724682534	0.0	0.0	-0.5175421525837158	0.0	0.0
0.0	-0.09891382636761777	0.5199424223093795	-0.38681307204297205	-0.4045989031145152	0.0	0.0	-0.43562769153758396	0.0	0.0
0.0	-0.1200890322307005	-0.1704597724449626	0.7720624178391324	0.0	0.0	0.0	0.0	0.0	-0.21902033732369605
0.0	-0.10604998160883364	-0.249243445283424	0.0	0.8245441436023521	-0.14657050844252256	0.0	0.0	0.0	0.0
0.0	0.0	0.0	0.0	-0.4046349297281814	-0.40723182879982	-0.1301373116009532	0.0	0.0	0.0
-0.17532447512917984	0.0	0.0	0.0	0.0	-0.2537959511488483	0.6773392725474123	0.0	0.0	0.0
-0.06531415781131039	-0.18576360798045224	-0.11407267426780768	0.0	0.0	0.0	0.0	1.179211599300415	0.0	0.0
-0.4964235996959786	0.0	0.0	0.0	0.0	0.0	0.0	0.0	-0.14893906606931018	0.0
0.0	0.0	0.0	-0.2752674154380247	0.0	0.0	0.0	0.0	0.0	-0.3098703360963777
-1.3316583204950194	0.0	0.0	0.0	0.0	0.0	-1.0114567951047329	-0.9045285155094419	0.6490913166058653	0.0
0.0	-1.4668237109741495	-0.743885638669816	0.6024808527614757	0.8162368228130751	0.0	0.0	-0.8169178130198624	0.0	0.0
0.0	-0.14494058596835405	-0.7601625678211376	-0.5668056264829924	-0.5928675924599507	0.0	0.0	-0.6383347525232277	0.0	0.0
0.0	-0.16356961420261998	-0.23217806570649457	-0.11544350562442862	0.0	0.0	0.0	0.0	0.0	-0.29832093250399305
0.0	-0.14459730193374476	-0.3398390944148173	0.0	-0.0012146075201591167	-0.19984633417494674	0.0	0.0	0.0	0.0
0.0	0.0	0.0	0.0	-0.47799025823705776	-1.0364779774525947	-0.15372960317638085	0.0	0.0	0.0
-0.21854656955374185	0.0	0.0	0.0	0.0	-0.3163633283336059	0.08138602614718504	0.0	0.0	0.0
-0.10341301440202268	-0.29412267280475535	-0.18061320090835237	0.0	0.0	0.0	0.0	0.07354074246511122	0.0	0.0
-0.5776343354520678	0.0	0.0	0.0	0.0	0.0	0.0	0.0	-0.8161537507790919	0.0
0.0	0.0	0.0	-0.34860345649381497	0.0	0.0	0.0	0.0	0.0	-1.1909811238631391
-0.21476722629982703	0.0	0.0	0.0	0.0	0.0	-0.7324747215858213	-0.6550396178767186	0.4700576274890959	0.0
0.0	-0.16846225413145555	-0.5328608292648508	0.4315696259343592	0.5846874945165285	0.0	0.0	-0.5851753020334994	0.0	0.0
0.0	-0.09089138361623451	0.7014194478915563	-0.35544045367495647	-0.37178375828890475	0.0	0.0	-0.4002959452629132	0.0	0.0
0.0	-0.10626050435117154	-0.15083093813922063	0.88014304477001	0.0	0.0	0.0	0.0	0.0	-0.19379964243920283
0.0	-0.09624980057613429	-0.2262106182339963	0.0	0.9339099886518709	-0.13302578646331706	0.0	0.0	0.0	0.0
0.0	0.0	0.0	0.0	-0.3919277304060118	-0.29590706635715525	-0.12605046531984868	0.0	0.0	0.0
-0.17374918510614903	0.0	0.0	0.0	0.0	-0.2515155950865483	0.7137218658557956	0.0	0.0	0.0
-0.06926394945208328	-0.19699742880197624	-0.12097107593694122	0.0	0.0	0.0	0.0	1.0638639089453956	0.0	0.0
-0.35947855603968765	0.0	0.0	0.0	0.0	0.0	0.0	0.0	0.6014980157983069	0.0
0.0	0.0	0.0	-0.287655563827565	0.0	0.0	0.0	0.0	0.0	-0.4400998774043259
-1.092889345049282	0.0	0.0	0.0	0.0	0.0	-0.9447587645887708	-0.8448816073844541	0.60628858627457	0.0
0.0	-1.1172826425882405	-0.6815459753774002	0.5519912995978492	0.7478339312180354	0.0	0.0	-0.7484578525717764	0.0	0.0
0.0	-0.14390546380385172	-0.6957699983705609	-0.5627576708119336	-0.5886335100497663	0.0	0.0	-0.6337759573017625	0.0	0.0
0.0	-0.15927631867315306	-0.2260839689734474	-0.020110750508862574	0.0	0.0	0.0	0.0	0.0	-0.29049075003330965
0.0	-0.13819742792269882	-0.3247978221421206	0.0	0.06880539977160793	-0.19100113897984491	0.0	0.0	0.0	0.0
0.0	0.0	0.0	0.0	-0.5082934339704347	-1.2657799842863264	-0.16347560761935384	0.0	0.0	0.0
-0.2219701203173178	0.0	0.0	0.0	0.0	-0.32131918701624523	0.04866563038524829	0.0	0.0	0.0
-0.10331977849591845	-0.2938574954084352	-0.1804503622604467	0.0	0.0	0.0	0.0	0.2010217191038668	0.0	0.0
-0.5388090708938746	0.0	0.0	0.0	0.0	0.0	0.0	0.0	-0.5499680540805464	0.0
0.0	0.0	0.0	-0.34304730028864727	0.0	0.0	0.0	0.0	0.0	-1.1233474140501003
-0.49949233663559434	0.0	0.0	0.0	0.0	0.0	-0.8330588533394622	-0.7449902868714393	0.5346063920291257	0.0
0.0	-0.1443425205000859	-0.5311260709960655	0.43016462685011597	0.5827840116368294	0.0	0.0	-0.5832702310691127	0.0	0.0
0.0	-0.09274318199364534	0.5841210191441499	-0.36268210881534413	-0.37935838784074405	0.0	0.0	-0.4084514749999431	0.0	0.0
0.0	-0.1334865959915527	-0.18947687690130033	0.5616447637551572	0.0	0.0	0.0	0.0	0.0	-0.24345503281345962
0.0	-0.0953191404316299	-0.2240233388277647	0.0	0.9562864731916889	-0.1317395313551329	0.0	0.0	0.0	0.0
0.0	0.0	0.0	0.0	-0.3741604784535558	-0.1523151079510836	-0.1203362221002071	0.0	0.0	0.0
-0.15772982280709388	0.0	0.0	0.0	0.0	-0.22832630968591547	0.7783631218717209	0.0	0.0	0.0
-0.07802925658230393	-0.22192732351593067	-0.1362798858279233	0.0	0.0	0.0	0.0	0.9206014226435807	0.0	0.0
-0.5180600090295753	0.0	0.0	0.0	0.0	0.0	0.0	0.0	-0.3457635511567787	0.0
0.0	0.0	0.0	-0.298529593784435	0.0	0.0	0.0	0.0	0.0	-0.5890117925513774
-1.3667169157242751	0.0	0.0	0.0	0.0	0.0	-1.0272583673492146	-0.9186595913538987	0.6592318024696745	0.0
0.0	-1.3180263358734972	-0.7212487690238596	0.5841470124247626	0.791398264844287	0.0	0.0	-0.7920585321257484	0.0	0.0
0.0	-0.13426024880090404	-0.5294401830672382	-0.5250390284055716	-0.5491805482768318	0.0	0.0	-0.5912973382813853	0.0	0.0
0.0	-0.16844953589075037	-0.23910484598822698	-0.1004360916602397	0.0	0.0	0.0	0.0	0.0	-0.3072210133389713
0.0	-0.13299863983499116	-0.31257939612618674	0.0	0.15252288503722755	-0.18381595137546752	0.0	0.0	0.0	0.0
0.0	0.0	0.0	0.0	-0.4959494983615863	-1.1536530100088567	-0.15950559297976272	0.0	0.0	0.0
-0.18320034743648234	0.0	0.0	0.0	0.0	-0.2651968950380911	0.25755761355853435	0.0	0.0	0.0
-0.1045822426545671	-0.2974481395339263	-0.18265528486176624	0.0	0.0	0.0	0.0	0.1207465477726003	0.0	0.0
-0.5533074760661113	0.0	0.0	0.0	0.0	0.0	0.0	0.0	-0.6962800202158904	0.0
0.0	0.0	0.0	-0.33512311632678443	0.0	0.0	0.0	0.0	0.0	-1.0403330025891562
-0.27566449982327357	0.0	0.0	0.0	0.0	0.0	-0.7688373540386805	-0.6875580982624224	0.4933929484719734	0.0
0.0	-0.7908997927765158	-0.6404222262733117	0.5186847399050393	0.7027104383503604	0.0	0.0	-0.7032967129625185	0.0	0.0
0.0	-0.10139474452831218	0.3392008264354849	-0.3965149672225076	-0.41474689559843	0.0	0.0	-0.4465539360367129	0.0	0.0
0.0	-0.13351837432608277	-0.18952198449832278	0.47358179244519893	0.0	0.0	0.0	0.0	0.0	-0.24351299065872722
0.0	-0.1089557325716493	-0.25607267212647206	0.0	0.7921523091039896	-0.15058651475922488	0.0	0.0	0.0	0.0
0.0	0.0	0.0	0.0	-0.3103135885636352	0.33098214494945655	-0.09980200225433782	0.0	0.0	0.0
-0.1490746615570713	0.0	0.0	0.0	0.0	-0.21579728383155236	0.9963479021580988	0.0	0.0	0.0
-0.08121067401160487	-0.2309757687529677	-0.14183630431793903	0.0	0.0	0.0	0.0	0.7144957380489418	0.0	0.0
-0.4600926383936233	0.0	0.0	0.0	0.0	0.0	0.0	0.0	0.02285783233615346	0.0
0.0	0.0	0.0	-0.3007132571996157	0.0	0.0	0.0	0.0	0.0	-0.6141378289174164
-1.3495873811313794	0.0	0.0	0.0	0.0	0.0	-1.025516197997377	-0.9171015990944068	0.6581137843755674	0.0
0.0	-0.8559029851503142	-0.6450592772747477	0.5224403365941207	0.7077984943362271	0.0	0.0	-0.7083890139373408	0.0	0.0
0.0	-0.13246666604422172	-0.4228629436733712	-0.5180250316616066	-0.5418440449521931	0.0	0.0	-0.5833981967299174	0.0	0.0
0.0	-0.14704320504333493	-0.20871973739544428	0.14046994702955284	0.0	0.0	0.0	0.0	0.0	-0.26817979770108735
0.0	-0.14507652756556594	-0.3409653920881522	0.0	0.12126838418873909	-0.20050866662846664	0.0	0.0	0.0	0.0
0.0	0.0	0.0	0.0	-0.4656039973362774	-0.9385799206860215	-0.1497459760201727	0.0	0.0	0.0
-0.21076207648701148	0.0	0.0	0.0	0.0	-0.30509466307379685	0.14366558172311417	0.0	0.0	0.0
-0.09465872452811155	-0.2692241128787043	-0.16532363290814003	0.0	0.0	0.0	0.0	0.35856414096217404	0.0	0.0
-0.5888743854999706	0.0	0.0	0.0	0.0	0.0	0.0	0.0	-0.8889392330077093	0.0
0.0	0.0	0.0	-0.35262417508437993	0.0	0.0	0.0	0.0	0.0	-1.2226676557931309
-0.3384081696310486	0.0	0.0	0.0	0.0	0.0	-0.7605402780049073	-0.6801381650490411	0.4880683908311469	0.0
0.0	-0.8673100628879529	-0.6509959497058833	0.5272485104355621	0.7143125744466283	0.0	0.0	-0.714908528775308	0.0	0.0
0.0	-0.10801704778889257	0.14833184951872758	-0.4224121907178864	-0.44183488454513675	0.0	0.0	-0.47571930945323343	0.0	0.0
0.0	-0.1282422378458006	-0.18203279912384407	0.5545083379624193	0.0	0.0	0.0	0.0	0.0	-0.23389028681798602
0.0	-0.1276065391833797	-0.29990663821209496	0.0	0.46909866020980273	-0.17636358861132237	0.0	0.0	0.0	0.0
0.0	0.0	0.0	0.0	-0.401772633755414	-0.41291245022350265	-0.1292167496930813	0.0	0.0	0.0
-0.1828204128972168	0.0	0.0	0.0	0.0	-0.26464690994504486	0.6193719097592069	0.0	0.0	0.0
-0.091564270429927	-0.26042300486060294	-0.15991909786998385	0.0	0.0	0.0	0.0	0.5632068335595048	0.0	0.0
-0.42924908433823816	0.0	0.0	0.0	0.0	0.0	0.0	0.0	0.197920336619263	0.0
0.0	0.0	0.0	-0.2781694070428402	0.0	0.0	0.0	0.0	0.0	-0.35039087231283195
-0.6239741359135389	0.0	0.0	0.0	0.0	0.0	-0.8439583853073453	-0.7547375519235627	0.5416010472528207	0.0
0.0	-0.7981853577801332	-0.6363919729617215	0.5154205950878956	0.6982881979048173	0.0	0.0	-0.6988707830210457	0.0	0.0
0.0	-0.11822230372168199	-0.12073812212810742	-0.4623209329363491	-0.48357864785951654	0.0	0.0	-0.5206644121432119	0.0	0.0
0.0	-0.15712616950051175	-0.22303195055109007	0.09043862940155434	0.0	0.0	0.0	0.0	0.0	-0.28656927287306844
0.0	-0.12193077131205779	-0.28656719281647786	0.0	0.4221245414094601	-0.1685191725154304	0.0	0.0	0.0	0.0
0.0	0.0	0.0	0.0	-0.460595234910382	-0.873893733490511	-0.14813507486294494	0.0	0.0	0.0
-0.22053026018206665	0.0	0.0	0.0	0.0	-0.31923487635580766	0.21625576905372823	0.0	0.0	0.0
-0.09918787988905237	-0.28210573409447504	-0.17323390659932783	0.0	0.0	0.0	0.0	0.43497986652487564	0.0	0.0
-0.593665996648714	0.0	0.0	0.0	0.0	0.0	0.0	0.0	-0.7672013913669227	0.0
0.0	0.0	0.0	-0.344063681382913	0.0	0.0	0.0	0.0	0.0	-1.1331393925323079
-0.8625365694464263	0.0	0.0	0.0	0.0	0.0	-0.904329020678929	-0.8087259787721519	0.5803432410739776	0.0
0.0	-1.1333351474399884	-0.6844979534450644	0.5543821378814323	0.7510730221128034	0.0	0.0	-0.7516996458552587	0.0	0.0
0.0	-0.13244593027601478	-0.38197278549521896	-0.5179439422275423	-0.5417592269911471	0.0	0.0	-0.5833068740587807	0.0	0.0
0.0	-0.1552579099367084	-0.22038005891537224	0.18845443267176176	0.0	0.0	0.0	0.0	0.0	-0.2831619105830106
0.0	-0.11294552675677319	-0.2654496661964948	0.0	0.4449116798744337	-0.15610076524209265	0.0	0.0	0.0	0.0
0.0	0.0	0.0	0.0	-0.4387613740328122	-0.6854577956936698	-0.14111294269461014	0.0	0.0	0.0
-0.19086789270464657	0.0	0.0	0.0	0.0	-0.2762962691721176	0.40124514528738897	0.0	0.0	0.0
-0.09446232843862169	-0.26866553190025416	-0.16498062263449353	0.0	0.0	0.0	0.0	0.3480292577646723	0.0	0.0
-0.5373398347930086	0.0	0.0	0.0	0.0	0.0	0.0	0.0	-0.5090196253743461	0.0
0.0	0.0	0.0	-0.2763125849671168	0.0	0.0	0.0	0.0	0.0	-0.3527948040881712
-0.9958077470321846	0.0	0.0	0.0	0.0	0.0	-0.9443429434156717	-0.8445097456200751	0.6060217375925248	0.0
0.0	-0.3300540668491325	-0.55192759087489	0.4470119979833173	0.6056087115812129	0.0	0.0	-0.606113973767634	0.0	0.0
0.0	-0.13394107943560468	-0.3474873742195477	-0.5237908825474323	-0.5478750121364349	0.0	0.0	-0.5898916802564078	0.0	0.0
0.0	-0.16923768188598862	-0.24022357585477822	-0.04476708640510885	0.0	0.0	0.0	0.0	0.0	-0.3086584468708344
0.0	-0.1052242531244762	-0.24730278099298564	0.0	0.6008012899953414	-0.1454292782230384	0.0	0.0	0.0	0.0
0.0	0.0	0.0	0.0	-0.43207606105793894	-0.6227933866786006	-0.13896283504486912	0.0	0.0	0.0
-0.18605961328925477	0.0	0.0	0.0	0.0	-0.26933590698241383	0.41647089198778675	0.0	0.0	0.0
-0.08065206926220224	-0.22938701009540635	-0.14086068831432855	0.0	0.0	0.0	0.0	0.6913686747835683	0.0	0.0
-0.5287276554255239	0.0	0.0	0.0	0.0	0.0	0.0	0.0	-0.4946180084623816	0.0
0.0	0.0	0.0	-0.350582498115926	0.0	0.0	0.0	0.0	0.0	-1.2187093476690138
-0.8160469651601252	0.0	0.0	0.0	0.0	0.0	-0.8981289593408833	-0.803181369941293	0.5763644196389677	0.0
0.0	-1.045244864895122	-0.6646090690451657	0.5382739198828267	0.7292497216376136	0.0	0.0	-0.7298581380982017	0.0	0.0
0.0	-0.1441140302335861	-0.5956010365865683	-0.5635732920892943	-0.5894866339435222	0.0	0.0	-0.6346945074747156	0.0	0.0
0.0	-0.15491261341160667	-0.21988992950054104	0.16734851748361257	0.0	0.0	0.0	0.0	0.0	-0.28253215314388663
0.0	-0.11311670425527305	-0.2658519752665564	0.0	0.36711563926555224	-0.15633734777240924	0.0	0.0	0.0	0.0
0.0	0.0	0.0	0.0	-0.4712777015195823	-0.9342924447224588	-0.15157073348668798	0.0	0.0	0.0
-0.17133626624918974	0.0	0.0	0.0	0.0	-0.2480227054834523	0.4663412208763056	0.0	0.0	0.0
-0.09022505791015	-0.2566140764771876	-0.15758013249611758	0.0	0.0	0.0	0.0	0.39515041968660936	0.0	0.0
-0.5156990687884826	0.0	0.0	0.0	0.0	0.0	0.0	0.0	-0.38588213529052107	0.0
0.0	0.0	0.0	-0.2796305270533541	0.0	0.0	0.0	0.0	0.0	-0.3906263298581272
-0.9166664108403287	0.0	0.0	0.0	0.0	0.0	-0.9277590561748239	-0.829679058852296	0.5953792096509427	0.0
0.0	-0.645789608027221	-0.6010289002960468	0.48677966821911056	0.6594856715794636	0.0	0.0	-0.6600358835661201	0.0	0.0
0.0	-0.12815921808277828	-0.2024813994709549	-0.5011802968068579	-0.5242247819591134	0.0	0.0	-0.5644277081665897	0.0	0.0
0.0	-0.14784112457042745	-0.2098523402526002	0.16088208119279035	0.0	0.0	0.0	0.0	0.0	-0.26963505635989005
0.0	-0.10098783725822483	-0.23734616553545027	0.0	0.6250715994172586	-0.13957417463819521	0.0	0.0	0.0	0.0
0.0	0.0	0.0	0.0	-0.44389811741331764	-0.703196062490338	-0.142765004651723	0.0	0.0	0.0
-0.159356843204118	0.0	0.0	0.0	0.0	-0.23068154952848202	0.5723502999839736	0.0	0.0	0.0
-0.08483334526788355	-0.24127920839981362	-0.1481633827346995	0.0	0.0	0.0	0.0	0.5911440064947915	0.0	0.0
-0.5050003669644502	0.0	0.0	0.0	0.0	0.0	0.0	0.0	-0.3516370365668968	0.0
0.0	0.0	0.0	-0.35579927662330274	0.0	0.0	0.0	0.0	0.0	-1.2598622639001475
-1.1916964397726209	0.0	0.0	0.0	0.0	0.0	-0.9724060031043088	-0.8696060600090524	0.6240308986851647	0.0
0.0	-1.0700183060047799	-0.6765517767143624	0.5479464452372411	0.7423539909727784	0.0	0.0	-0.7429733403866896	0.0	0.0
0.0	-0.12344060685354896	-0.18845103597710033	-0.48272766412261475	-0.5049236893042344	0.0	0.0	-0.5436464100150763	0.0	0.0
0.0	-0.1451572922232064	-0.20604278793387668	0.29479001395064963	0.0	0.0	0.0	0.0	0.0	-0.2647402391139707
0.0	-0.11606448758313385	-0.27277998846787	0.0	0.4440955859318132	-0.1604114465566655	0.0	0.0	0.0	0.0
0.0	0.0	0.0	0.0	-0.4511111120007157	-0.7813060622828076	-0.14508482346921062	0.0	0.0	0.0
-0.1739133004021175	0.0	0.0	0.0	0.0	-0.2517531648702747	0.4373513577075382	0.0	0.0	0.0
-0.0956802103010227	-0.27212937705167073	-0.16710768123314673	0.0	0.0	0.0	0.0	0.34604649152656686	0.0	0.0
-0.44671969934968636	0.0	0.0	0.0	0.0	0.0	0.0	0.0	-0.06998268769928484	0.0
0.0	0.0	0.0	-0.2903196894211176	0.0	0.0	0.0	0.0	0.0	-0.5049085939453202
-0.4825875974870477	0.0	0.0	0.0	0.0	0.0	-0.82344921191112	-0.7363965488711361	0.5284395099269722	0.0
0.0	-0.5543038562434208	-0.5973880007968887	0.48383086517595186	0.6554906539519036	0.0	0.0	-0.6560375328766298	0.0	0.0
0.0	-0.1252914368542728	-0.2099596221148219	-0.48996553232264284	-0.512494357790571	0.0	0.0	-0.5517976749115254	0.0	0.0
0.0	-0.1565454296298729	-0.22220762226431828	0.178040102822706	0.0	0.0	0.0	0.0	0.0	-0.285510110016961
0.0	-0.1247500331337353	-0.29319314898290866	0.0	0.37172184658087926	-0.17241564314528898	0.0	0.0	0.0	0.0
0.0	0.0	0.0	0.0	-0.4737542718708446	-0.9675782923833325	-0.15236723963043688	0.0	0.0	0.0
-0.17083770586297944	0.0	0.0	0.0	0.0	-0.24730100015776887	0.5158773119289439	0.0	0.0	0.0
-0.08241528117903883	-0.234401858610363	-0.14394017835744424	0.0	0.0	0.0	0.0	0.6746126247258186	0.0	0.0
-0.5261854870185321	0.0	0.0	0.0	0.0	0.0	0.0	0.0	-0.38227457676083043	0.0
0.0	0.0	0.0	-0.3069357436888015	0.0	0.0	0.0	0.0	0.0	-0.7058961201231531
-1.2263116592296734	0.0	0.0	0.0	0.0	0.0	-1.0081512690034435	-0.901572440042998	0.646970031446138	0.0
0.0	-1.532500341533662	-0.7578733959890752	0.613809685474253	0.8315850457105738	0.0	0.0	-0.832278841011658	0.0	0.0
0.0	-0.12876517393877265	-0.3577504389365759	-0.5035499518367673	-0.5267033947443469	0.0	0.0	-0.5670964063700082	0.0	0.0
0.0	-0.1618195270172996	-0.22969391325870514	-0.008297452593671095	0.0	0.0	0.0	0.0	0.0	-0.2951290949268662
0.0	-0.11765594676133187	-0.2765203075380334	0.0	0.3919430133922518	-0.16261098471193258	0.0	0.0	0.0	0.0
0.0	0.0	0.0	0.0	-0.42037436667197847	-0.5410032113796184	-0.1351993758457638	0.0	0.0	0.0
-0.16325746767736113	0.0	0.0	0.0	0.0	-0.23632800988452646	0.5372223942029709	0.0	0.0	0.0
-0.09456975719533985	-0.2689710759678432	-0.1651682494214378	0.0	0.0	0.0	0.0	0.20247926083314272	0.0	0.0
-0.5663376333482409	0.0	0.0	0.0	0.0	0.0	0.0	0.0	-0.7518184890081746	0.0
0.0	0.0	0.0	-0.32168788755100247	0.0	0.0	0.0	0.0	0.0	-0.8800867040924026
-0.5355734486795956	0.0	0.0	0.0	0.0	0.0	-0.829609544931499	-0.7419056293468773	0.5323928361493883	0.0
0.0	-0.24523182155203904	-0.5412327056334645	0.4383500972213103	0.5938736293373597	0.0	0.0	-0.594369100889665	0.0	0.0
0.0	-0.12828936196260818	-0.13131810629344876	-0.5016892383351889	-0.5247571248373533	0.0	0.0	-0.565000876549818	0.0	0.0
0.0	-0.14027411394445602	-0.19911138510097767	0.35634120127947966	0.0	0.0	0.0	0.0	0.0	-0.25583421885585894
0.0	-0.11029859763424191	-0.25922873410473685	0.0	0.5237035746732536	-0.15244247373260678	0.0	0.0	0.0	0.0
0.0	0.0	0.0	0.0	-0.4830616905451691	-1.024152828345517	-0.15536066000824453	0.0	0.0	0.0
-0.17707278998092657	0.0	0.0	0.0	0.0	-0.25632677424345496	0.45523146094052824	0.0	0.0	0.0
-0.06228726791861168	-0.17715466305534588	-0.10878614166377636	0.0	0.0	0.0	0.0	0.9807290786687315	0.0	0.0
-0.44537653444154185	0.0	0.0	0.0	0.0	0.0	0.0	0.0	0.05365855708678868	0.0
0.0	0.0	0.0	-0.3168338251111822	0.0	0.0	0.0	0.0	0.0	-0.8053587921626653
-1.4385087099568241	0.0	0.0	0.0	0.0	0.0	-1.055611561860441	-0.9440153683532855	0.6774271544059561	0.0
0.0	-1.4449601468275155	-0.7422277864667455	0.6011381407139027	0.8144177259726687	0.0	0.0	-0.8150971984984364	0.0	0.0
0.0	-0.14119081547301926	-0.5504502947385848	-0.5521417488632363	-0.577529463453546	0.0	0.0	-0.621820338667601	0.0	0.0
0.0	-0.15824757604087628	-0.22462372542126813	-0.027250512417877792	0.0	0.0	0.0	0.0	0.0	-0.2886145124273002
0.0	-0.12000970102619472	-0.2820522068691324	0.0	0.33672850375973695	-0.16586408248824533	0.0	0.0	0.0	0.0
0.0	0.0	0.0	0.0	-0.4091205822243373	-0.4624379308749582	-0.13157997191952228	0.0	0.0	0.0
-0.1887098289013041	0.0	0.0	0.0	0.0	-0.27317230228041206	0.36696550664045435	0.0	0.0	0.0
-0.07681779968895089	-0.21848175197427203	-0.13416404858503655	0.0	0.0	0.0	0.0	0.37402846081993324	0.0	0.0
-0.5413388371588891	0.0	0.0	0.0	0.0	0.0	0.0	0.0	-0.6540651697194763	0.0
0.0	0.0	0.0	-0.3385984422691795	0.0	0.0	0.0	0.0	0.0	-1.0713099048124781
-0.10239093277526345	0.0	0.0	0.0	0.0	0.0	-0.7174166686356598	-0.6415734586226678	0.4603942869863223	0.0
0.0	-0.3125847797965551	-0.5524579586087921	0.4474415484249281	0.6061906634990063	0.0	0.0	-0.6066964112106399	0.0	0.0
0.0	-0.12944899504391216	-0.13325083119336023	-0.5062241072316235	-0.5295005089519981	0.0	0.0	-0.570108031947503	0.0	0.0
0.0	-0.13531113599635589	-0.19206671102901657	0.4711749419260719	0.0	0.0	0.0	0.0	0.0	-0.246782658658132
0.0	-0.10983857938793605	-0.2581475784943057	0.0	0.53363402881552	-0.15180668759449517	0.0	0.0	0.0	0.0
0.0	0.0	0.0	0.0	-0.4680398031701542	-0.9094401744555772	-0.15052937161831245	0.0	0.0	0.0
-0.188945508525339	0.0	0.0	0.0	0.0	-0.273513467051071	0.4860573746671931	0.0	0.0	0.0
-0.057411709598599855	-0.16328781802825332	-0.1002708672615686	0.0	0.0	0.0	0.0	1.0604226652253907	0.0	0.0
-0.4180326287180107	0.0	0.0	0.0	0.0	0.0	0.0	0.0	0.2942507362147293	0.0
0.0	0.0	0.0	-0.2827256385683555	0.0	0.0	0.0	0.0	0.0	-0.4089714898460133
-1.0513455251771948	0.0	0.0	0.0	0.0	0.0	-0.9711938439978094	-0.8685220468485598	0.623253008859142	0.0
0.0	-1.083518894227169	-0.6749993667470015	0.5466891319724718	0.7406505918028096	0.0	0.0	-0.7412685200628097	0.0	0.0
0.0	-0.15001831048047015	-0.7013359500201665	-0.5866626099770871	-0.6136376085776615	0.0	0.0	-0.660697626235705	0.0	0.0
0.0	-0.163227874509461	-0.23169298501886454	-0.0954611799699111	0.0	0.0	0.0	0.0	0.0	-0.2976976620730282
0.0	-0.11398475564654388	-0.26789210875985053	0.0	0.35515430835650863	-0.15753707201415493	0.0	0.0	0.0	0.0
0.0	0.0	0.0	0.0	-0.4462813263901073	-0.7448252955346752	-0.14353148422735185	0.0	0.0	0.0
-0.18880670391526008	0.0	0.0	0.0	0.0	-0.2733125364735639	0.3542498428780678	0.0	0.0	0.0
-0.07666780772540406	-0.21805515153647684	-0.13390208418139385	0.0	0.0	0.0	0.0	0.48747752715329135	0.0	0.0
-0.5920827869019545	0.0	0.0	0.0	0.0	0.0	0.0	0.0	-0.8621993629046081	0.0
0.0	0.0	0.0	-0.35333805075175506	0.0	0.0	0.0	0.0	0.0	-1.245098177480834
-0.4365804975153582	0.0	0.0	0.0	0.0	0.0	-0.8115877036537869	-0.7257890048735721	0.5208275169590605	0.0
0.0	-0.4353698928733625	-0.5807878419713921	0.4703862208310967	0.6372759443331716	0.0	0.0	-0.6378076266402947	0.0	0.0
0.0	-0.114453657812212	0.12073686756658342	-0.44758324099562463	-0.4681633105179845	0.0	0.0	-0.5040668688264323	0.0	0.0
0.0	-0.14833211751604186	-0.21054927771830256	0.3559581560028764	0.0	0.0	0.0	0.0	0.0	-0.27053053730910315
0.0	-0.10458805183015532	-0.24580755204447724	0.0	0.6344218673068793	-0.14454999143990294	0.0	0.0	0.0	0.0
0.0	0.0	0.0	0.0	-0.46755237671573485	-0.8963841762780956	-0.1503726071777736	0.0	0.0	0.0
-0.17727494385671552	0.0	0.0	0.0	0.0	-0.25661940785976256	0.49544702468138224	0.0	0.0	0.0
-0.0639425911265977	-0.1818626593274192	-0.11167720160300185	0.0	0.0	0.0	0.0	0.9487549002576485	0.0	0.0
-0.48208632354589187	0.0	0.0	0.0	0.0	0.0	0.0	0.0	-0.13197673747593908	0.0
0.0	0.0	0.0	-0.2812358426488619	0.0	0.0	0.0	0.0	0.0	-0.40329321365250315
-1.147758919814416	0.0	0.0	0.0	0.0	0.0	-0.9889700565464872	-0.884419009749848	0.6346606985037522	0.0
0.0	-1.1378713694036153	-0.6879399701787423	0.5571698636676616	0.7548498134053339	0.0	0.0	-0.7554795881424656	0.0	0.0
0.0	-0.14887655190861476	-0.7328375398798902	-0.5821976412570481	-0.6089673386795239	0.0	0.0	-0.6556691922015987	0.0	0.0
0.0	-0.17330259182831817	-0.24599349181552674	-0.18654390228576911	0.0	0.0	0.0	0.0	0.0	-0.31607209597951513
0.0	-0.1209069264900269	-0.28416090658231485	0.0	0.3031545161754823	-0.1671041278935008	0.0	0.0	0.0	0.0
0.0	0.0	0.0	0.0	-0.4297265325638852	-0.6235977940338395	-0.13820718767168907	0.0	0.0	0.0
-0.18648364758352168	0.0	0.0	0.0	0.0	-0.26994972993527827	0.38771609589874245	0.0	0.0	0.0
-0.08143633192800519	-0.2316175749114575	-0.14223042104325687	0.0	0.0	0.0	0.0	0.4091283536069666	0.0	0.0
-0.5717063223418106	0.0	0.0	0.0	0.0	0.0	0.0	0.0	-0.7654901894743218	0.0
0.0	0.0	0.0	-0.3429686942051818	0.0	0.0	0.0	0.0	0.0	-1.1347723600392892
-0.5606686258198597	0.0	0.0	0.0	0.0	0.0	-0.8319916615351652	-0.7440359154903023	0.5339215333810108	0.0
0.0	-0.6503842735441787	-0.6123028236723133	0.4959105380956232	0.671856109881965	0.0	0.0	-0.6724166425832746	0.0	0.0
0.0	-0.11149417953660078	0.23716334135018702	-0.4360098854246952	-0.4560578070906543	0.0	0.0	-0.4910329913928703	0.0	0.0
0.0	-0.1223520368883673	-0.17367198301758768	0.6650072744432174	0.0	0.0	0.0	0.0	0.0	-0.2231476421597872
0.0	-0.10158754997481499	-0.23875563738443703	0.0	0.6284684800532503	-0.1404030309610024	0.0	0.0	0.0	0.0
0.0	0.0	0.0	0.0	-0.4935851339409411	-1.0965703944079217	-0.15874517412626826	0.0	0.0	0.0
-0.18090309200637308	0.0	0.0	0.0	0.0	-0.261871437331819	0.40990184463424917	0.0	0.0	0.0
-0.06260019572546971	-0.17804467833514626	-0.10933267725387279	0.0	0.0	0.0	0.0	0.9158827829816886	0.0	0.0
-0.4339505859240116	0.0	0.0	0.0	0.0	0.0	0.0	0.0	0.11406632381825133	0.0
0.0	0.0	0.0	-0.26171475591880433	0.0	0.0	0.0	0.0	0.0	-0.1560908641004235
-1.016067883467235	0.0	0.0	0.0	0.0	0.0	-0.9573184127026861	-0.8561134859172632	0.614348602846532	0.0
0.0	-0.9969192103189608	-0.6542505249054551	0.5298844253392571	0.7178836934230008	0.0	0.0	-0.7184826271529795	0.0	0.0
0.0	-0.15107880882720714	-0.6943060206737386	-0.5908098019163943	-0.6179754901823005	0.0	0.0	-0.6653681810371287	0.0	0.0
0.0	-0.15388096880492227	-0.2184255667553932	0.049850704840533444	0.0	0.0	0.0	0.0	0.0	-0.2806506228695805
0.0	-0.10883949429332035	-0.25579948368716254	0.0	0.4595498680935497	-0.15042586311839765	0.0	0.0	0.0	0.0
0.0	0.0	0.0	0.0	-0.40590391690638633	-0.4226090275462242	-0.13054543894660428	0.0	0.0	0.0
-0.18381650533400254	0.0	0.0	0.0	0.0	-0.2660888319997948	0.4707984842938492	0.0	0.0	0.0
-0.08081165860231204	-0.22984090696260107	-0.14113941475620587	0.0	0.0	0.0	0.0	0.474626762112044	0.0	0.0
-0.5669983931428786	0.0	0.0	0.0	0.0	0.0	0.0	0.0	-0.7140191811699517	0.0
0.0	0.0	0.0	-0.3360254328574563	0.0	0.0	0.0	0.0	0.0	-1.0378987865271243
-0.9306694774806308	0.0	0.0	0.0	0.0	0.0	-0.9243537327509881	-0.8266337363468766	0.5931938806528637	0.0
0.0	-0.4667490202419238	-0.5774187486977717	0.4676575565270601	0.6335791691214089	0.0	0.0	-0.6341077671916469	0.0	0.0
0.0	-0.11591906361611044	0.08482349814495493	-0.4533138667494892	-0.47415743290357903	0.0	0.0	-0.5105206819176933	0.0	0.0
0.0	-0.12887202064618658	-0.18292674115043409	0.5148832188860473	0.0	0.0	0.0	0.0	0.0	-0.23503889496994623
0.0	-0.11057647586995581	-0.2598818160552277	0.0	0.564391191445804	-0.15282652617350134	0.0	0.0	0.0	0.0
0.0	0.0	0.0	0.0	-0.4734111521963648	-0.9524773256568984	-0.15225688664626869	0.0	0.0	0.0
-0.1900470042880773	0.0	0.0	0.0	0.0	-0.27510796870056753	0.3275465774241918	0.0	0.0	0.0
-0.0786334556544066	-0.22364575950796298	-0.13733513336160497	0.0	0.0	0.0	0.0	0.7365005461266144	0.0	0.0
-0.5087749567805225	0.0	0.0	0.0	0.0	0.0	0.0	0.0	-0.36946013565120794	0.0
0.0	0.0	0.0	-0.3044793102215856	0.0	0.0	0.0	0.0	0.0	-0.6533393326663082
-0.6775881600913969	0.0	0.0	0.0	0.0	0.0	-0.8638832907656906	-0.7725560541503798	0.5543876370308501	0.0
0.0	-1.331671921171538	-0.7173303451791448	0.5809734394765523	0.787098730529894	0.0	0.0	-0.787755410689726	0.0	0.0
0.0	-0.1376672167164305	-0.5034088613966907	-0.5383623399602046	-0.563116471415072	0.0	0.0	-0.6063020107592999	0.0	0.0
0.0	-0.15083128064983994	-0.2140967022513912	0.11878224707379681	0.0	0.0	0.0	0.0	0.0	-0.2750885518290292
0.0	-0.12122587344598516	-0.2849105100896395	0.0	0.3779406157441272	-0.16754494095911196	0.0	0.0	0.0	0.0
0.0	0.0	0.0	0.0	-0.3889111602387736	-0.30430702361375084	-0.12508028626960274	0.0	0.0	0.0
-0.18034084627675984	0.0	0.0	0.0	0.0	-0.2610575424684724	0.5883495547899635	0.0	0.0	0.0
-0.09406529046612569	-0.2675362942472299	-0.16428718671146852	0.0	0.0	0.0	0.0	0.3022363886052567	0.0	0.0
-0.540410819217102	0.0	0.0	0.0	0.0	0.0	0.0	0.0	-0.49283283613332785	0.0
0.0	0.0	0.0	-0.31759286599918696	0.0	0.0	0.0	0.0	0.0	-0.8233621229159258
-0.9388662443676606	0.0	0.0	0.0	0.0	0.0	-0.92380065357758	-0.8261391270999932	0.5928389481529367	0.0
0.0	-0.5880388901696996	-0.6022475263050334	0.48776664632290134	0.660822822574274	0.0	0.0	-0.6613741501522724	0.0	0.0
0.0	-0.11968752085472334	-0.02919470856528772	-0.468050820872696	-0.4895719985024273	0.0	0.0	-0.5271173943066548	0.0	0.0
0.0	-0.13926580096842478	-0.1976801403215427	0.3560797836362348	0.0	0.0	0.0	0.0	0.0	-0.2539952411904051
0.0	-0.11814434357781775	-0.2776681597428117	0.0	0.4970607038543311	-0.16328599255849766	0.0	0.0	0.0	0.0
0.0	0.0	0.0	0.0	-0.43975679205766716	-0.7072153433831425	-0.14143308565844367	0.0	0.0	0.0
-0.22193555280056174	0.0	0.0	0.0	0.0	-0.3212691478201347	0.19203986535636852	0.0	0.0	0.0
-0.07536590102532864	-0.21435232669781598	-0.13162827427705698	0.0	0.0	0.0	0.0	0.7243845714247683	0.0	0.0
-0.5453664549816424	0.0	0.0	0.0	0.0	0.0	0.0	0.0	-0.5686787803243505	0.0
0.0	0.0	0.0	-0.31595852214537234	0.0	0.0	0.0	0.0	0.0	-0.7944121716578272
-0.6266422745293447	0.0	0.0	0.0	0.0	0.0	-0.8458661570031096	-0.7564436395273559	0.5428253388367817	0.0
0.0	-1.2100957784260242	-0.7018934427145477	0.5684709287714165	0.7701604169413845	0.0	0.0	-0.7708029653868036	0.0	0.0
0.0	-0.12870442874061375	-0.31625972193515905	-0.5033124012578991	-0.5264549214879063	0.0	0.0	-0.5668288776390136	0.0	0.0
0.0	-0.15070985356095076	-0.21392434318115622	0.19793130473377685	0.0	0.0	0.0	0.0	0.0	-0.27486709112212926
0.0	-0.12131451841693382	-0.28511884749461697	0.0	0.3503755465401196	-0.16766745619452936	0.0	0.0	0.0	0.0
0.0	0.0	0.0	0.0	-0.4546426142512122	-0.818479360083028	-0.14622061322690913	0.0	0.0	0.0
-0.18715567813927705	0.0	0.0	0.0	0.0	-0.27092254695910434	0.43456286912739583	0.0	0.0	0.0
-0.09235515584102792	-0.2626724057927814	-0.1613003973754343	0.0	0.0	0.0	0.0	0.3796079545650547	0.0	0.0
-0.5188576381553877	0.0	0.0	0.0	0.0	0.0	0.0	0.0	-0.36054791270675035	0.0
0.0	0.0	0.0	-0.2950546256335256	0.0	0.0	0.0	0.0	0.0	-0.5642103814304356
-0.9965609213182908	0.0	0.0	0.0	0.0	0.0	-0.9508107974683825	-0.8502938368962867	0.610172412068199	0.0
0.0	-0.24211570443793318	-0.5449060406279955	0.44132517011550015	0.5979042371743729	0.0	0.0	-0.5984030714816873	0.0	0.0
0.0	-0.11671207074957518	0.00694779374999821	-0.45641500575817995	-0.47740116361488893	0.0	0.0	-0.5140131751272894	0.0	0.0
0.0	-0.16257020827277482	-0.23075946398894323	0.09694184991033972	0.0	0.0	0.0	0.0	0.0	-0.29649819965477264
0.0	-0.10691457664153747	-0.2512754554870739	0.0	0.6716834763293124	-0.14776545568926236	0.0	0.0	0.0	0.0
0.0	0.0	0.0	0.0	-0.4248330611516421	-0.5677371767168811	-0.1366333660186419	0.0	0.0	0.0
-0.18344996685333612	0.0	0.0	0.0	0.0	-0.2655582387539582	0.44195852541342295	0.0	0.0	0.0
-0.08085005746400913	-0.22995011928853812	-0.14120647924864377	0.0	0.0	0.0	0.0	0.7486642583003386	0.0	0.0
-0.5572357052759456	0.0	0.0	0.0	0.0	0.0	0.0	0.0	-0.6554463907804579	0.0
0.0	0.0	0.0	-0.33942489391505354	0.0	0.0	0.0	0.0	0.0	-1.0846081741217017
-0.982097189397195	0.0	0.0	0.0	0.0	0.0	-0.9213889086079866	-0.8239823448155775	0.5912912372420926	0.0
0.0	-1.487888658083309	-0.7539236340668342	0.6106107314853416	0.8272511253407128	0.0	0.0	-0.8279413048317205	0.0	0.0
0.0	-0.13513279876176257	-0.5234408670594011	-0.5284512281279469	-0.5527496424069478	0.0	0.0	-0.5951401471096206	0.0	0.0
0.0	-0.16384129328832148	-0.23256369921745307	-0.01878491310293684	0.0	0.0	0.0	0.0	0.0	-0.2988164252554029
0.0	-0.13637188006679787	-0.3205073373138176	0.0	0.0860908875456381	-0.18847806944823012	0.0	0.0	0.0	0.0
0.0	0.0	0.0	0.0	-0.5047237298867806	-1.2289319619029624	-0.1623275315178424	0.0	0.0	0.0
-0.19448065787669963	0.0	0.0	0.0	0.0	-0.28152603057561276	0.2430301163400751	0.0	0.0	0.0
-0.09260925943056088	-0.2633951158632196	-0.16174419512113616	0.0	0.0	0.0	0.0	0.24671913732278217	0.0	0.0
-0.4760227642850722	0.0	0.0	0.0	0.0	0.0	0.0	0.0	-0.1883260261269719	0.0
0.0	0.0	0.0	-0.3096917888001877	0.0	0.0	0.0	0.0	0.0	-0.7439856471702198
