0.9327461284263867	9.657427634148083e-9	0.021580804716716986	-1.3626997049691813e-6	1.9667845223519985e-5
1.693256736988967e-7	1.0126217689678625	-3.0204013798114382e-5	0.03407982013393195	0.00023618862053032528
-0.022817531915705763	1.821395846000667e-6	1.1402785730194658	-0.00018969751340689768	0.0017253408345063626
2.0032959677476064e-5	-0.02857464864159214	-0.002637579515855748	1.077884610640722	0.012740081179597726
0.0029685314085267714	0.002033211165535092	-0.2462967809220334	-0.13080131396323005	0.3982878169337533
0.9337542668751568	1.1209185125015883e-8	0.020217097839337842	-1.4983011714562143e-6	2.2153301114868462e-5
2.1524318535317243e-7	1.0176200966694526	-3.7267224854739545e-5	0.03371379211633567	0.0002986733403710463
-0.023586048065975897	2.2641648855271923e-6	1.136250920459999	-0.00022394764599129383	0.002103610706589547
2.5853353730832113e-5	-0.030294933561731408	-0.0033122865767512832	1.0738183957937217	0.01653320150694719
0.003133856469479247	0.0022002992008079147	-0.2550760349424693	-0.1355438574236998	0.45089382469754813
0.9396141521250906	1.3445229071805745e-8	0.018559242507447515	-1.7605674217182916e-6	2.6297337516045652e-5
2.975504159786514e-7	1.0195926234497705	-4.302232603344176e-5	0.03573565069467144	0.0003480077619914358
-0.028334425427761087	2.967943946975693e-6	1.135470713607905	-0.0002877516858944707	0.0027376432911127924
3.3768466529859875e-5	-0.030971911953525666	-0.0036151172794449127	1.071420781203378	0.01826459057668967
0.003788282390189371	0.002265307375636544	-0.25831716213697675	-0.13717716659562612	0.47137305958787135
0.9447862812454442	1.1434903347557618e-8	0.01574502249700429	-1.4773659279285287e-6	2.137818148710422e-5
2.9834036351051793e-7	1.0202692185182272	-3.743069188218715e-5	0.036088655140059225	0.00029281473051250397
-0.03264427372679363	2.974486929017278e-6	1.144625217915604	-0.000283392563363221	0.0025827725125996117
3.342022931693278e-5	-0.03129050192105265	-0.0030920468879730434	1.0767551753264397	0.01492414110343801
0.0042367522028061	0.002224209594278881	-0.24687933263049977	-0.13074656989571032	0.3988406406657597
0.9492845363551947	1.1934751713922782e-8	0.013427023894442829	-1.500190503236215e-6	2.1954059074380445e-5
3.6603739102768207e-7	1.0230100323304043	-4.14655159693216e-5	0.03586917757461665	0.0003278601064942956
-0.03627685845319462	3.6527918035409584e-6	1.1441352857752742	-0.00033890616330713164	0.003134164721863435
4.135207866232116e-5	-0.03223742090565673	-0.003457645715636809	1.0749255067456707	0.01692741960326206
0.004749381893194175	0.002312590708715756	-0.2509540292050293	-0.13285016254201928	0.42169731196011295
0.9578114722653462	1.4631422936292951e-8	0.011642086056247114	-1.810030704272117e-6	2.7209889805430228e-5
5.15690548354153e-7	1.025008227787739	-4.9420667178143134e-5	0.036165995210095336	0.00040112717970980144
-0.043115669245500275	5.192904347056659e-6	1.1397641104365412	-0.0004752985481798061	0.004550386161062447
5.799743076673192e-5	-0.032879153367756375	-0.004112301748254471	1.0702731602639795	0.020850447886151587
0.0057567973354226	0.0024078733507454653	-0.2599549461332655	-0.13767235232441957	0.4788466545272642
0.9647726890136554	1.5826555390882624e-8	0.0100611929896804	-1.863975490209828e-6	2.8212993492746465e-5
6.382339417503741e-7	1.029976416067658	-5.428241625631165e-5	0.03507050227287007	0.0004434463171328149
-0.04873998253220554	6.5208103016949764e-6	1.1394838529706366	-0.0005682262553957443	0.005483780247542549
7.42030771365837e-5	-0.034620250772852856	-0.0046694650073671184	1.069316266368812	0.023861863517133375
0.006524456660011967	0.002542978801179624	-0.261781731023236	-0.13861742314931216	0.49141612709228866
0.9728555372952932	1.730117208111298e-8	0.00931479728236631	-1.9275933291386794e-6	2.892983212524996e-5
7.015963088830013e-7	1.035650986700246	-5.265934054971694e-5	0.03191765289443316	0.0004264623438906025
-0.05534769091995084	7.715956060682164e-6	1.1418463481146206	-0.0006349490723979705	0.006052419312860315
8.976404521241063e-5	-0.036652717457382834	-0.004976222550678349	1.0716881096053144	0.025113562827988194
0.007342665413230671	0.0026691731371071736	-0.2585298740497829	-0.136876582763093	0.469521784564383
0.9819147456125138	1.9632347116754507e-8	0.008633165084230936	-2.069283965265578e-6	3.101196063983488e-5
7.98951075152432e-7	1.041796866440144	-5.307499758413006e-5	0.028937987868842496	0.0004291468650165428
-0.06271350253322303	9.473992418776792e-6	1.1425770814504648	-0.0007367500171309603	0.00699983179351089
0.000113002952095135	-0.038832027422630574	-0.005538585192553926	1.0727200047589043	0.027864968967895847
0.008285343785631106	0.0028173402009907334	-0.2574411117515927	-0.1363233269144954	0.46301741883532005
0.993161699481052	2.00886997757041e-8	0.007308919237896133	-2.0580300422147685e-6	3.0777942066237025e-5
9.314911444124885e-7	1.0450703969319057	-5.418996747086845e-5	0.02818799418312873	0.0004367706232397475
-0.07186112843631186	1.1490339421216245e-5	1.1440333664016604	-0.0008674917564354921	0.008206185802552484
0.00013541438495817248	-0.039999113163009345	-0.005805472581721844	1.0733156215039383	0.029064652403639247
0.009445213347553041	0.00289067131391118	-0.25613720766552045	-0.13555771396652055	0.45444163118299596
0.9981278536586524	2.144089470551558e-8	0.0065607893271829466	-2.2256274631009677e-6	3.410927311674547e-5
1.205034311210773e-6	1.0439820006507168	-6.675445656671719e-5	0.0316033602304846	0.0005509902124620734
-0.07570958187189927	1.370624565431855e-5	1.1391158119408595	-0.0010509008755597215	0.010259563929484745
0.00015648991571221016	-0.03953763044228269	-0.006403256272134001	1.0678791546295163	0.03308897996059251
0.010111922892856654	0.00290635499867134	-0.2635696692067336	-0.13951174764872123	0.5064922874616089
1.002770752619947	2.5702175781346787e-8	0.006454562964704251	-2.5530728279573835e-6	3.989438588186862e-5
1.5401683178817294e-6	1.0495536938139645	-8.164741541531739e-5	0.031851584471403474	0.0006873830225379253
-0.07930946639649639	1.6741807024100996e-5	1.1345842044973775	-0.001229911863808256	0.01230110174543134
0.00019902655352580824	-0.04143626142787715	-0.007803036234655907	1.0638083089133716	0.041339685718718815
0.010691706682959498	0.0030742257583369305	-0.2683002492776029	-0.14211980510441596	0.546094813669679
1.0117208539535096	2.8846658050966922e-8	0.006064974768880482	-2.8607132180450984e-6	4.529158097147472e-5
1.903305226924612e-6	1.04997444630242	-9.28741462724314e-5	0.03403271807319125	0.000791518075710553
-0.08642326893696234	2.0057813626739307e-5	1.1316979564695477	-0.0014719410048510634	0.014952529136463751
0.00023039256790507306	-0.04154108588817396	-0.008319224720502155	1.0606861805080046	0.04476333583798494
0.011699890280876975	0.0030989331780644017	-0.271067390445408	-0.14357955702875277	0.5712884846836447
1.0146958995192108	2.772435580330329e-8	0.00565244049280117	-2.7373021673247422e-6	4.32276739058883e-5
2.037096707652175e-6	1.050441482251062	-9.67676475979451e-5	0.03556344276310014	0.0008221535666426191
-0.08884663360839275	2.0700697477789298e-5	1.1325944193064834	-0.001511678370981031	0.015300787813545796
0.0002359222173521601	-0.04171571711018187	-0.008288969109952013	1.0606436150357583	0.044414459264746735
0.012000890348306061	0.0031063784380034286	-0.27024670989970223	-0.143063840700235	0.5641840757719708
1.0226356832856107	3.182905514154122e-8	0.005596599400683521	-3.2016108489251382e-6	5.137181659418106e-5
2.482164207284754e-6	1.0484060864205147	-0.00011044380636288098	0.03952831423779753	0.000952400665562356
-0.09509483711628544	2.4063972407804834e-5	1.1287621846416396	-0.0017920590211185907	0.018491149269234876
0.0002586406276918127	-0.04094772084433046	-0.008520160861386548	1.0565903257464073	0.046534939175287275
0.012916618933007993	0.003070696202163376	-0.2736245819070734	-0.14483544957485614	0.596176701514565
1.0292151464136121	3.9971149487505464e-8	0.005791584030048938	-3.862092663319168e-6	6.303405319739355e-5
2.8103108604682348e-6	1.0537168825007106	-0.000118929569932813	0.035883890354488746	0.0010438866713967515
-0.10019997594367128	2.926525957760301e-5	1.1241197362193438	-0.0020949291631088343	0.02205366057026077
0.00032347494351435413	-0.04274740480899377	-0.010141846737644391	1.054043072092989	0.05659160700600628
0.0136551073104833	0.0032163663720059694	-0.2761406318293466	-0.14637063402216416	0.6280735388345848
1.0472352812534256	4.1960066851642885e-8	0.0050293561047144095	-3.993028688684987e-6	6.457479005530543e-5
3.0686002667756895e-6	1.055571599256512	-0.00011388605054207801	0.034607365288265995	0.0009888394646929283
-0.11476736072556172	3.5536315136565355e-5	1.1262292830825162	-0.0025001428949697965	0.02595376116490561
0.0003665040162843525	-0.04343508718740499	-0.010056228470828047	1.0562403056433576	0.05530528985377899
0.015502089932654693	0.00324600282068975	-0.2730370264779034	-0.14464972565074244	0.6005118220540455
1.0645817681451084	5.333948151914347e-8	0.004094220013543204	-4.98471194623068e-6	8.553865178645252e-5
4.215225072989881e-6	1.0589052850825875	-0.00014112832689128219	0.032117059547138144	0.0013002568801953954
-0.12782774305918737	5.5756583934050974e-5	1.1109113996833544	-0.003863929097871696	0.043008977376622126
0.0005441779632719967	-0.044367471796325775	-0.013510645184608483	1.0450321823140167	0.07985150920320172
0.017381420025007865	0.0033433360781308097	-0.2799161949774425	-0.14862952784398223	0.7079269730574698
1.0715039827895425	6.39486049253124e-8	0.004151858196946648	-5.9157069275663984e-6	0.00010383401241913226
4.776548379048506e-6	1.0605479069710742	-0.00015387666980101744	0.031396123934936127	0.0014502097009565784
-0.13298607869441162	6.598623367427836e-5	1.1043916005355086	-0.004529895241261961	0.05172536122646651
0.0006311569836559006	-0.04484599562047878	-0.015088818414754401	1.0404700244360277	0.09156680853394294
0.01803844582625075	0.0033729288454267675	-0.28054293997477997	-0.1490962827188997	0.7428125454257806
1.0813257949523454	8.089118032350573e-8	0.00397221077479637	-7.430239241438402e-6	0.00013723370466531618
5.616514677730944e-6	1.062067259569995	-0.00017196878149400296	0.02909647533458949	0.0017061963023371415
-0.13993281694557053	8.72511540376264e-5	1.09006203629544	-0.00595733162498855	0.07201497968895698
0.00080069843196795	-0.04515863826811495	-0.018223452756285764	1.030615079720747	0.11730256397986491
0.018773435433414823	0.003361601559146915	-0.27965237803477294	-0.14891014633969002	0.815121805035147
1.0800032475528003	9.215475627911973e-8	0.004070221391550277	-8.745889492685344e-6	0.0001710902916967818
7.5477121965761285e-6	1.0580315435465493	-0.00023352619640226724	0.036605171150890146	0.0024539334121155554
-0.13800744326602876	9.667685343139887e-5	1.0755798267078085	-0.0068375099070558006	0.08823878143911465
0.0008520432669678613	-0.04354141399152882	-0.019645864945604302	1.0175303445846877	0.13506292331425898
0.01826892648666928	0.003199284476620573	-0.2778834522771366	-0.1480355915739175	0.8999835980718478
1.091675076253556	1.1232397608210154e-7	0.004189646957071878	-1.0614675291596015e-5	0.00021046588987684578
8.754270610311643e-6	1.0585831532407906	-0.00025471113803533785	0.03832156345398135	0.00271059540632548
-0.1468633672123998	0.00011456091936373758	1.0700850621646183	-0.008061192930782425	0.10532610084129132
0.0009428768636916551	-0.04367611352203229	-0.020427326395591874	1.0141361491203764	0.14219071203661676
0.01919581070037857	0.0031720639748655695	-0.27404677312489534	-0.14599826735709256	0.8986661897668056
1.1009586536147107	1.2356635661729676e-7	0.0037321994287124287	-1.1453760731775994e-5	0.00023606116181517072
1.0920178726642193e-5	1.0611781319136688	-0.00030361636964378047	0.039900323506545356	0.0033578392988523643
-0.15336095891749868	0.00014117105211905456	1.0584758514810528	-0.009738268741031654	0.1323137662069862
0.001126504215851698	-0.04440497468573884	-0.02330861652549726	1.005293804504561	0.16880236366041787
0.019480853916506113	0.0031355508776778757	-0.2657287273401978	-0.1416371756719573	0.9134910031748883
1.1103119757591904	1.4740239238052177e-7	0.0032905777337737478	-1.3492143905422666e-5	0.00030831483537837353
1.3420102822403468e-5	1.0629221053681288	-0.00035703312949481036	0.038024442990063974	0.004382515995930339
-0.15867811843367963	0.00018910459988752404	1.0305149756549843	-0.012869989818265978	0.1940689922976908
0.0014403352303304917	-0.04458555414354293	-0.02849154071084269	0.9859495707641092	0.22956526386249465
0.01854114598901102	0.0028947719110469228	-0.2420212024746291	-0.1293200031537574	0.9393764755067268
1.1022194540829624	1.7724829322503244e-7	0.003997364698539859	-1.6473337760390325e-5	0.00040649524563748343
1.630799070884148e-5	1.0607737812844356	-0.0004508413977967092	0.0451976961368883	0.005981084702965159
-0.1513701326913206	0.0001855546374929795	1.0151789521509702	-0.01283573746959787	0.20991372112857076
0.0014618296775501527	-0.04359263047490858	-0.030079428359576374	0.9712557618298422	0.2630270119360451
0.016778763211268533	0.0026832802500109665	-0.2288120453533811	-0.1223459660452749	0.9841370393163144
1.1048727304132766	2.2186022240883174e-7	0.00440899024682654	-2.0527358054505535e-5	0.0005635528114273577
1.9267600403369278e-5	1.0609696261897694	-0.000524502727007839	0.047892624611047555	0.007748271409980051
-0.15180715010349533	0.00020794699697102015	0.9924498131474594	-0.014291251679919348	0.25945401014908
0.0016119736792270523	-0.043305727593854204	-0.03259433065414197	0.9538214071064128	0.316897494008857
0.015113218600202705	0.0023926489397778743	-0.2020829354584392	-0.10822217543707707	0.965060089834631
1.100458597342746	2.654728668794945e-7	0.0050774833967456735	-2.4130341323945264e-5	0.0007972606250565509
2.0017515630327276e-5	1.0626733575800429	-0.0005534935776807433	0.045618803634826684	0.009867397826899826
-0.14631216378678108	0.0002115214771609879	0.9626524966216682	-0.014230601862791077	0.3094180576640244
0.0017288483499864754	-0.043345826658446066	-0.035382195836142494	0.9303390700435623	0.4134094888936935
0.011950038861513801	0.001961469699249735	-0.16094694451808103	-0.08648803055630021	0.9145776254640813
1.0949066702787476	2.5616247106906125e-7	0.0053529002100372956	-2.3592827920531842e-5	0.0010042368880006196
1.94588687789099e-5	1.0599989587088021	-0.0005494026456286955	0.04835539224877466	0.012643803683146215
-0.14003268906705704	0.00018920340262274828	0.9337371572025379	-0.01284886814354408	0.3580452471358325
0.001554410899918271	-0.04194002239344086	-0.032360142380956844	0.9067645225962679	0.48587796856532667
0.008733385723627474	0.0014475118591922263	-0.11902662065059709	-0.0641339289077039	0.8600162786656333
1.092836566608949	2.3773829973882743e-7	0.005786742169319922	-2.2745976513043902e-5	0.001260030495074775
1.8207873341689884e-5	1.0542722047233937	-0.0005167000186941766	0.055680586141327024	0.015484653951461647
-0.13690379207307926	0.00015960987265013684	0.9121314200331897	-0.011226742438212905	0.4055728048180487
0.0012421147916906392	-0.03970094773632005	-0.025913708036628434	0.8889138697289407	0.5050871597594631
0.0064806570598694435	0.0010398708815548656	-0.0881709388905968	-0.047571535006589664	0.8219422120882146
1.0894984864538384	2.2139455848778009e-7	0.006768331748805166	-2.2252716579893408e-5	0.0016197632458093726
1.5188966781050361e-5	1.047756652904421	-0.00043697349387423687	0.06143625309093047	0.017217656717981256
-0.1333145786366974	0.00012545553049926952	0.896357452239103	-0.00925864489027903	0.43919790666053604
0.0009275230450559238	-0.037325454372053556	-0.01959264604024407	0.8758511483444911	0.5021314177901728
0.004803369073257777	0.0007442299995591654	-0.06612393220582519	-0.03572482752189926	0.8146604522757791
1.0798982266608939	2.0240248300301689e-7	0.008320139562572064	-2.2355304934730622e-5	0.0019815244956426226
1.3882299204251436e-5	1.0370951889748479	-0.0004213509534625945	0.07900443164589735	0.02019813821229377
-0.12584717420316124	9.292044340336245e-5	0.8883044267580886	-0.007565084878161489	0.4416405286100774
0.0006552277789888539	-0.033761178016438506	-0.014659280375555446	0.8649912814201967	0.4618009937188304
0.003905785986274335	0.0005804633080843495	-0.057552615011571835	-0.031056474766277674	0.9106461207351212
1.0719247887497394	1.7281126646687128e-7	0.009517619554739976	-2.2001145942154854e-5	0.002248272956307154
1.3613938391221492e-5	1.0227661970367825	-0.0004337704141667287	0.1118834226432842	0.023888439784144122
-0.11981770570371876	6.93171754459123e-5	0.8834375927310633	-0.0065375555054580405	0.4457067932325954
0.0004506021896266421	-0.02908720631803306	-0.010635813823827334	0.8519984458661339	0.38954888082177247
0.0034184321821725816	0.00046105633078049463	-0.053831257716248734	-0.028919574376258715	1.0385115614911868
1.0569954007361477	1.6304458363633478e-7	0.011494303663567865	-2.3533557045891246e-5	0.0023941161275705565
1.3584207213479527e-5	1.0119481891433926	-0.0004762232952883194	0.14274195797956876	0.026040192541373075
-0.10921129966694698	5.4308476914205484e-5	0.8840666396531872	-0.005845666821320705	0.40296327464471116
0.0003519199844707055	-0.025620056483591974	-0.009200374481011853	0.8434618903561788	0.33927911147372314
0.0033522163257281856	0.0004376259776012609	-0.0593837176587349	-0.03176783304973192	1.2123540708709566
1.0449686309898614	1.6519047756763383e-7	0.01313191326978258	-2.6443314497998083e-5	0.002361248582066544
1.3484952598785682e-5	1.0041672899507395	-0.0005143258072000112	0.15885775963168833	0.02465040302560828
-0.10094114174800639	4.842995972811903e-5	0.8894518195299619	-0.005813398945425319	0.3557944690883754
0.00031499233340648303	-0.02318078352944064	-0.009008946626056336	0.8434172762541576	0.29426672719490554
0.003712258531108792	0.0004747403139254147	-0.07277052186653049	-0.03883770597357411	1.3598581280975148
1.0438585477609477	1.7219305109908434e-7	0.013290559802186006	-3.224194135011127e-5	0.0021145950891099663
1.632952472874205e-5	0.9934294071211084	-0.0006305754610554399	0.1985006321487493	0.022054074982847623
-0.10108020714368893	5.0571052470554934e-5	0.9056682004320099	-0.00713039546896832	0.3230840138625304
0.00030613761212339163	-0.019874649465443272	-0.00890197304610571	0.8450972364626903	0.21350699699057418
0.00522672911230293	0.0005748224171855006	-0.10500147346555344	-0.05558010699559836	1.4670135689894044
1.0368447731468453	1.6723333034519838e-7	0.01401106721932982	-3.614858338489915e-5	0.0016077990705609252
1.585365655687454e-5	0.9853152928767132	-0.0006470790977752411	0.21244446979719095	0.015292695424837605
-0.0976869093433507	4.7590023245822066e-5	0.9380187804975832	-0.007784767265560696	0.24075936677728332
0.0002820622998647715	-0.01748608492711054	-0.008712328470649844	0.8666039781863496	0.14193213304849892
0.007595468007980388	0.0007620793565125926	-0.16313261771907026	-0.08593097413016022	1.562022348551146
1.029358729085216	1.427473047526523e-7	0.015917664943248144	-3.6137932447801585e-5	0.0011649115999039401
1.248256083630217e-5	0.9774737845437201	-0.0005397766991811492	0.22487073379746159	0.009211829886499651
-0.09413912121023084	3.650641107936711e-5	0.9788706748646738	-0.007010903350322131	0.15714902587348833
0.00021296121334379858	-0.015154247416774652	-0.0069858685574936685	0.894206258329451	0.082057896852717
0.009936431336748097	0.0008985610739946914	-0.22665138549212832	-0.11877379605652882	1.5452642881001035
1.0360549407371007	1.1625093764271871e-7	0.01627059082415125	-3.141240539628054e-5	0.0007680691693434383
9.418023334983872e-6	0.9744502567222244	-0.0003855740209011138	0.22318411891580864	0.004972201491703521
-0.10153725708299066	2.9700692161890863e-5	1.0266971167821242	-0.0060693342266905925	0.10186959322238653
0.00016426999728144653	-0.014406452343426648	-0.005085995908651053	0.9304468676886402	0.04451572377842877
0.013033230417061337	0.001041446974002859	-0.27699645363201886	-0.14444686589224578	1.3315741155711245
1.0382019115234984	9.240351179096856e-8	0.01637043395841222	-2.473551902238552e-5	0.0005179067298831663
6.861885402248413e-6	0.9747220777435734	-0.00027488457315522075	0.207705387639343	0.0030329731834929097
-0.10479598805878564	2.3696262275378632e-5	1.0598263522006397	-0.004776866424631612	0.06766795596392652
0.00012977871547287245	-0.014674902402120313	-0.003915083927361106	0.9592867679147752	0.028878111840440396
0.014435768872217623	0.0011384185194955286	-0.29463677961835216	-0.1534174344473177	1.121321804826643
1.039249694807966	5.698643657306435e-8	0.014985506478782051	-1.579873471127015e-5	0.00028774681210847614
4.374391226580343e-6	0.9728912730741072	-0.00017219896833398085	0.19937420036216436	0.0016487301466033277
-0.10719361214625234	1.6046558519524495e-5	1.0938205825689913	-0.003327665663831858	0.04016081932013213
8.639584061595484e-5	-0.014203434264728483	-0.0025439743815199867	0.9852765532644989	0.015921835296749703
0.015085115710225985	0.0011260082770845684	-0.29433588182041914	-0.15263731713380863	0.8615779227077843
1.0522386043942173	4.665165894042478e-8	0.01488183084775424	-1.3615797632447746e-5	0.00022876196831651818
3.521147796725632e-6	0.9704073203285606	-0.00012561118298066998	0.21014683637448772	0.0011042087913343043
-0.11854059814247546	1.325628686740625e-5	1.113114677403137	-0.0028739135647298797	0.03139518540831543
6.565566698055973e-5	-0.013425634615406579	-0.001739770976075694	0.9954601899696957	0.009797276715604174
0.01636675832277075	0.001046677486763483	-0.28198833719099364	-0.14536340580776974	0.6756584030763134
1.06382221389083	3.684153410338578e-8	0.013853865621069827	-1.1017899620300448e-5	0.00017376745742213665
2.782379001198265e-6	0.9691517697711276	-9.147054622005157e-5	0.20949767695950783	0.000752396081439362
-0.12867127995058925	1.124898511038145e-5	1.1288799836003267	-0.0024822281626161735	0.024983400222076284
5.183620077083527e-5	-0.013050735341970668	-0.0012573766766940872	1.0063783081259612	0.0064978290872691954
0.01717561029564571	0.0009847175434479702	-0.2658793607968858	-0.13651414804230091	0.5269952133109614
1.0679483243501273	3.814972337969243e-8	0.014611346593586538	-1.1404302329537722e-5	0.00017725871756903155
2.60358479717282e-6	0.9691185839693789	-8.330045655407028e-5	0.20463483425689943	0.0006752384358555243
-0.13219029218210718	1.1042727819004887e-5	1.1315147026752346	-0.00243141734570413	0.023995044165597217
4.964822294016569e-5	-0.013053717711594762	-0.0011699981558885714	1.0104615515792046	0.005930352966049383
0.01746212949476958	0.0009746898040769135	-0.261277393804454	-0.13419463637925275	0.49362375183805557
1.0778022697534988	4.743269139744974e-8	0.01455149689846677	-1.363969564773318e-5	0.0002150413946008789
2.917333334157002e-6	0.9707822953469656	-8.850364810145117e-5	0.19314538301916984	0.0007285301600033398
-0.1399071096863869	1.3835185919462353e-5	1.1273612502748833	-0.0029332447463490813	0.02944617893071323
5.919014663152526e-5	-0.013627644029158073	-0.001323917503574558	1.0120644313866118	0.006847106143989579
0.018610385165907684	0.0010251148920219014	-0.2650514148060029	-0.1365512304337013	0.5237309050340533
1.0931857980663455	5.081362479788035e-8	0.012920530736486073	-1.552094384974466e-5	0.0002488912432872161
3.176329047865911e-6	0.9686041595887207	-8.911959183272727e-5	0.19439426685771644	0.0007449556265691952
-0.15198729090829183	1.6770839372586346e-5	1.1234837512328266	-0.003779677462976777	0.0387010801785638
6.4074326256814e-5	-0.012838197812562513	-0.0013264587262427074	1.0089802525282108	0.006996944883276811
0.02031033083874853	0.0009725064165283792	-0.2684748119499379	-0.13830883175257208	0.5541065585693578
1.100440533118851	6.328780561160735e-8	0.01419059933716554	-1.874895680463711e-5	0.0003006725818515063
3.0662969099093385e-6	0.9699098849538772	-8.30121226995089e-5	0.1734527996173605	0.0006955892847734148
-0.15776062538499183	1.9047817989434335e-5	1.1213488606942414	-0.004162777821691721	0.04256828172929977
6.964067019658501e-5	-0.013297591262593042	-0.0013908208239694214	1.0160663818515383	0.0073602686844737135
0.021050942354862413	0.0010051628536049892	-0.2680809503024262	-0.13873484398405606	0.5544722878151175
1.1083531677630174	7.190220579090384e-8	0.015378433102819403	-2.100045695100535e-5	0.00033158629267700983
2.6929342350073826e-6	0.9705204077925411	-7.004921732370849e-5	0.15396464485635283	0.0005788079183005929
-0.16433596568802677	1.9986662861203042e-5	1.1232718708535918	-0.004298739206332808	0.043026422464795044
6.910824454395975e-5	-0.013528155523654495	-0.0013237978810922563	1.0253167487240076	0.006880065606834164
0.021706145919177258	0.0010116658242929275	-0.2635729593688887	-0.1368603392014413	0.5202703402729677
1.1124920801079954	9.800328326192535e-8	0.015666065320681863	-2.669500229867533e-5	0.0004383083691271005
3.541434257042786e-6	0.9735483474841298	-9.090359143325635e-5	0.15349206156087528	0.0007820556505482115
-0.16690562158529906	2.6801155268353638e-5	1.1121487091039837	-0.005392900385201405	0.05668569716761286
9.146861050437008e-5	-0.014554238249110632	-0.0017344168577939911	1.0187163880322738	0.00948719359740564
0.022414064751474824	0.0011067256075825982	-0.2720841980821139	-0.1415912783468063	0.6009526497049548
1.1235149815560612	1.3001674533351382e-7	0.01589299509678377	-3.205631994222802e-5	0.000529960901465034
4.005923158301172e-6	0.9780760927243375	-9.802597158452275e-5	0.14138127213740423	0.0008501520596109987
-0.1754866912624721	3.512984774693001e-5	1.1082409241831628	-0.00639592610380052	0.06765803404152775
0.00011276713451622775	-0.016142003675663347	-0.002037670143707107	1.0214596061254255	0.011246719556621786
0.023506573108189682	0.0012238798296659303	-0.27178559089351406	-0.14180856921683238	0.6081764643407908
1.1251221498614807	1.6382941223080927e-7	0.01608841549556539	-3.965904802286091e-5	0.0006864048744234658
4.72511706184342e-6	0.9792363646006542	-0.00011545752612029947	0.13522251269736543	0.0010503930019494963
-0.17578607717751044	4.3739392770612145e-5	1.0947080856002513	-0.007844668991762727	0.08772016088371194
0.00013945069300774554	-0.016485673496539906	-0.0025245374288516143	1.0154216682781256	0.014777126686714229
0.02375467039634177	0.0012603749716736216	-0.27784134235375685	-0.14543879070267773	0.6971629931112385
1.129652313056331	2.1120123127119084e-7	0.017448362844046855	-4.993538968386946e-5	0.0008858918074646643
5.144340111673529e-6	0.9805439196121775	-0.00012354654848900637	0.12822000420124735	0.0011538372848485245
-0.17878302933301038	5.1971948205636886e-5	1.0853295757086645	-0.009113981633768864	0.10482271638416896
0.0001603841952153573	-0.016907355514960677	-0.0028568646624732574	1.013277888343584	0.017246936543538705
0.024120792556898085	0.0012897995731458306	-0.2785445659011417	-0.1462075257986205	0.7369866519752527
1.13466446409386	2.2069955617383397e-7	0.017302997793930866	-5.004238087411017e-5	0.0008733138945882964
4.936831853909196e-6	0.9826256071969436	-0.00011594850388613187	0.12066524520268239	0.0010654487165524598
-0.18303636391368872	5.4832026978923754e-5	1.088830438190313	-0.00920749877825111	0.10372233269876635
0.00016383385604984424	-0.017660419401674315	-0.0028496487486061595	1.018593280605333	0.01686077635164046
0.024598031351550143	0.0013415771589497805	-0.2761761867254784	-0.1450580581798948	0.7018089071079666
1.1377464995321338	2.7923248154676505e-7	0.01822955527755102	-6.416506189936555e-5	0.0011715918592670876
5.314288938157441e-6	0.9822119866611445	-0.00012368872940923814	0.11214567604716211	0.0011915308185775353
-0.18437757991307047	6.573292185330093e-5	1.0736491736355718	-0.011211590467161747	0.13301842511360917
0.00018995426309376118	-0.017444307481823684	-0.0032815997991626628	1.0133154076184838	0.02052212200297168
0.02466261563290728	0.0013179193713679926	-0.2768487419961894	-0.1459266548679523	0.7726524650308927
1.1413348739665765	3.9451463891559957e-7	0.02038512452071188	-9.202104833069824e-5	0.0017985476106536155
5.655051552408419e-6	0.9817641018981207	-0.00013014236448847735	0.09888325663534288	0.0013461960477082367
-0.18551504573997768	8.262491324678711e-5	1.0501423712632696	-0.014336967869336137	0.18333551081452826
0.00022920166534246	-0.0171822450193522	-0.003923937985243054	1.0055397001845654	0.02658938645226582
0.0242665046618325	0.0012671270205301816	-0.27181042537026595	-0.1440333328985173	0.8560200615753548
1.1425476349356345	5.021416737919365e-7	0.021276095692343434	-0.00011530763142895972	0.0024192370330029505
6.021933021831821e-6	0.9827680235944339	-0.0001381973674761481	0.08739739467623571	0.001538852947042254
-0.18478001066283706	0.00010008135304365173	1.028205749346847	-0.017118709425462928	0.23610303408916664
0.00027566180592619727	-0.01742237580099759	-0.004712230360871452	0.9968984166693381	0.03458685489451198
0.023278370378338464	0.001234700481705462	-0.2615848978809898	-0.13920879624573096	0.9175695879810086
1.1394437095491832	5.886092617410354e-7	0.025260756808264825	-0.0001420209369306369	0.0030959749866913697
6.214674808841664e-6	0.9803181485356132	-0.0001443299155130251	0.09047727950034602	0.0016719680580420076
-0.18163072593961477	9.82896981233175e-5	1.015993052762569	-0.01768264344011963	0.2542208108599635
0.00027386617608335384	-0.016524725007409508	-0.004742313421491983	0.9896951573115008	0.03635288384641423
0.022461498288564585	0.0011488886481420477	-0.25651302240619306	-0.13677103187484352	0.9560308105406223
1.1423469471468435	7.117086262161103e-7	0.026523930868525884	-0.00017006756636579745	0.003920815765392924
6.858288206764221e-6	0.9807857729192844	-0.00015731966909882447	0.08931789237567726	0.0019294195750635748
-0.18258320322031263	0.00011238088739327912	0.998778569131471	-0.020012400178161083	0.30436287672126716
0.00030473232626618274	-0.016608178143632413	-0.005209226891758123	0.9807581524947938	0.0423227474478838
0.021556778985003133	0.0011008309004692553	-0.24309508533983096	-0.12986264859463192	0.9666434030191546
1.1384350794691964	8.585598571505051e-7	0.030608400368183696	-0.0002029103971654539	0.0049621605996534035
6.774964107397405e-6	0.9814193252037077	-0.00015772011659291943	0.08156790160744536	0.002058155284176237
-0.17852898314965152	0.00011657858170501098	0.9830332955321331	-0.020543743346466803	0.3322081471879928
0.0003287586397094644	-0.016747722019267303	-0.0057066909903268626	0.9742201363281451	0.04950256003981263
0.020215405522365393	0.0010625597485126766	-0.23203517325311424	-0.12447049795525	0.99984494607483
1.1326365415840913	9.791499418852073e-7	0.036177921391664654	-0.00023841640598064318	0.006175081110085107
7.134249995478098e-6	0.9799450240480166	-0.0001698177476447127	0.08564076464297299	0.0023516587214489695
-0.17326046992831665	0.00011161943822808607	0.9688546692254341	-0.020282261084869913	0.3485123991696464
0.00032815264764540775	-0.016177864396153437	-0.00582908337824542	0.9647796976387634	0.053866412371616476
0.018892661587412984	0.0009874739642930265	-0.22264494309891603	-0.11973710530377481	1.0398264658442018
1.130425606606534	1.1493930400091612e-6	0.04277382219011309	-0.00029117750167532985	0.00803556461966598
7.830906042789743e-6	0.9779609850623932	-0.00018751397351184518	0.09459905623022963	0.0027704414716706594
-0.17060389900489092	0.00010977440181643427	0.9519016755892978	-0.02074616892439396	0.38015707104229257
0.00032369590708669627	-0.01543557264726464	-0.00578237708492102	0.953261781354644	0.05710097990095313
0.01763839836073705	0.0008925823162833219	-0.20921601670233034	-0.11274749912144358	1.053314320465874
1.1258391983916205	1.4755592260100314e-6	0.05555394264340442	-0.0003856817860098394	0.011854968042458114
7.98385885109748e-6	0.976455109709653	-0.00019370775297285724	0.0960510234340268	0.0032015420686192023
-0.16569096591881505	0.00010677626923077943	0.9248053248374111	-0.020805634083926383	0.42477149266309056
0.0003220140880148825	-0.014821478726639636	-0.005824286838206988	0.9393389158631327	0.06449066183259251
0.015562616508240035	0.0007767571089149464	-0.18696212998069675	-0.1013989176560714	1.0672915319720118
1.112850066494	1.5890127874756965e-6	0.07506235635071257	-0.00046652395603585806	0.014978880079122903
7.019879836204362e-6	0.971611399279427	-0.0001794350131749606	0.09973040398622011	0.0031148688231462107
-0.15574306217874706	8.427357560500393e-5	0.9085923319045971	-0.018493231628427365	0.39694478845381864
0.0002720208609175434	-0.013162959753838716	-0.005197021990936468	0.9339559944784305	0.060950797378831925
0.014494029177567869	0.000682255842417265	-0.18512001466915912	-0.10114884265290866	1.1534347694592388
1.0974451979766777	1.8196938881241687e-6	0.10960023749854489	-0.0005691673479744086	0.01660422561020436
5.541463718040929e-6	0.9693359650622139	-0.00015092864056596988	0.09328636650664818	0.0024027427630946008
-0.14562304727212472	6.585126499561791e-5	0.9027484749845234	-0.015446917491999335	0.30281731896008424
0.00023181064419942887	-0.012476288718156564	-0.004734963152621993	0.9479997572845049	0.051357958862680166
0.015306071859176984	0.0007273211929134269	-0.21009088607154644	-0.11624103839616466	1.2383343320281939
1.0731947173336875	1.8745335555840625e-6	0.16404229273445592	-0.0006296540424273189	0.01654900162389572
3.97603084669601e-6	0.9668394754740798	-0.00012069206563814633	0.08728886349432011	0.0017569237457717435
-0.12882033659743247	4.4683871403872893e-5	0.8857670186192486	-0.01128563967084456	0.1998818602282475
0.0001792759040616515	-0.011717156707939026	-0.004091829285327031	0.9640119231458504	0.04090108797569342
0.01530053618888283	0.0007658279956686068	-0.2353312683019374	-0.1328158135819286	1.3010957218509172
1.0555908606041768	1.4906798548319777e-6	0.19870642558856824	-0.0005307635661159216	0.012029246847423597
2.7613163796312568e-6	0.9647850449786601	-9.162404421890306e-5	0.08565873273328892	0.0011598048927531131
-0.11724167914164324	2.9184199757975593e-5	0.891345648241478	-0.007808668562167664	0.11856502517455392
0.00012786001780046297	-0.011139700522614565	-0.0031881630799250466	0.9861935323115336	0.027627244084783217
0.015631677696752763	0.0008136175442691601	-0.26112811526968854	-0.14902909441899592	1.2265544314498942
1.0375269509911569	1.2154477041503853e-6	0.25291522433030006	-0.00044337279997380685	0.008822634549497249
1.8055557431395641e-6	0.9637817372786878	-6.572730800985527e-5	0.08218923316677573	0.0007412173111858156
-0.10477660184775389	1.832991953237828e-5	0.8779950974567557	-0.005005408860573074	0.06580333846714746
8.737974464118059e-5	-0.010903904265786413	-0.002381178465302697	1.007637826457615	0.018243739238171464
0.014964452320868387	0.0008463177840643266	-0.2694146003953002	-0.15701265886547927	1.0739815950415945
1.0196084534295735	8.050191190323019e-7	0.28895842613139266	-0.0002923451436346314	0.0051194795548134
1.0747513311797768e-6	0.9635719741109576	-4.378634465692158e-5	0.07837885974318826	0.000439218866682078
-0.09201166694082209	1.0443460535337033e-5	0.8778608153709488	-0.0028204938151805414	0.0319275584605859
5.448749299603872e-5	-0.010942034671828527	-0.0016508916029080445	1.0298316234306413	0.011064506159068427
0.013452752826026898	0.0008644990890575022	-0.2634774933612649	-0.1559970703617266	0.8469706525938289
0.9978718865996978	6.060664422355303e-7	0.36508188508887973	-0.0002069547370649183	0.003279943204542165
6.171799663591548e-7	0.9651080516479005	-2.9320292352551236e-5	0.07053977788642037	0.0002730643938193393
-0.07550026310275276	5.954357340221667e-6	0.8366517903833725	-0.0014989098516642457	0.014929865517066515
3.455665260888429e-5	-0.011566415804865404	-0.0012102459246082914	1.0480403145648032	0.007420795827252162
0.010940762417093935	0.0008944472955017351	-0.2408124736120636	-0.14824342861622852	0.646627784393792
0.9748666146539443	4.441851236980596e-7	0.39738851774504735	-0.00013589610766504348	0.0020665815721175457
4.0173829712756084e-7	0.9687143477377401	-2.457423993856584e-5	0.06125561075968285	0.00022289109689430957
-0.05713399635716526	3.906431000963109e-6	0.8180262247000293	-0.0008781282680377298	0.00829183664688977
2.583637239960898e-5	-0.012876302394307901	-0.0011611897332028283	1.0571593733088815	0.006887422793273546
0.00820432229911039	0.000978371193093683	-0.2289610508721629	-0.14382102714800257	0.5676300567812849
0.9563266558368063	3.8467508428147385e-7	0.4705363251149225	-0.00010990827096789627	0.0016323691800101871
2.654612766958206e-7	0.9710996897928829	-2.099184286191713e-5	0.05272664434677271	0.00019140276906854468
-0.04216656940812377	2.725954221713769e-6	0.7610670926380105	-0.00057044317424065	0.0052018816737418655
1.9759363010239325e-5	-0.01373616742405101	-0.0011444052442337507	1.0624915270195585	0.006841530820833867
0.0060887882540494875	0.001034554990397857	-0.2165199115774012	-0.14194601618501165	0.5363279014361453
0.9413153819921395	2.3767312757081794e-7	0.4953633340935022	-6.488535314838704e-5	0.0009198617409795599
1.5500854815410185e-7	0.9725401392921788	-1.6806567738949455e-5	0.04953805474774315	0.00014814822181758835
-0.030037917516459622	1.5626057766368975e-6	0.7482042341221623	-0.0003108626475479231	0.002658777715804267
1.22089761818555e-5	-0.014292097001579874	-0.0009646175355969341	1.070334844427865	0.005515386550269729
0.0042232293589039155	0.0010429007692867984	-0.20130667684532022	-0.1345753425809276	0.4424162930676495
0.9330210113243478	1.6195648259374447e-7	0.4912526462916324	-4.0499818287507245e-5	0.0005545039422254858
1.0210093039759137e-7	0.9759899905103451	-1.4213936008411303e-5	0.044862685476974154	0.00012121427565877015
-0.02329097227615351	1.0689704690828184e-6	0.7573854189854313	-0.0001940434512197886	0.0015819938369831105
8.853745886412603e-6	-0.015557072710661927	-0.0008947264024305361	1.077183879601369	0.004889496900382924
0.003169684363789338	0.0010990913407197662	-0.19073634275133508	-0.12785024839404782	0.37012727431242526
0.9257327538686423	1.3333193365546857e-7	0.4736743384243125	-3.124593543659261e-5	0.0004378102394385554
8.739943763649843e-8	0.9792185744376317	-1.659949737009046e-5	0.04249101272471592	0.00014414295841573728
-0.017227393310219857	9.210011850328934e-7	0.7681501722247339	-0.0001573331311184561	0.0013302172777359938
8.04048125326918e-6	-0.016680579489352924	-0.0011131892060976256	1.0744665268734372	0.0062325000362739805
0.0023973843854406263	0.0012041226577145048	-0.20027863853375916	-0.13262504212796794	0.4185747603574179
0.9206654662763117	7.650720242451396e-8	0.44701087280618546	-1.822647491869279e-5	0.000247874644137794
5.241900500625442e-8	0.9782003976600506	-1.3232720303605618e-5	0.04075359036811034	0.000110653588306698
-0.013084069754685804	5.65311012422988e-7	0.7956549468894561	-9.790503411881099e-5	0.0007957018587492216
5.0117271269407675e-6	-0.01635551257157598	-0.0009197398287554915	1.0800107385123312	0.004891698749856378
0.0017562834314009748	0.0011443043558710252	-0.19261411477015059	-0.12604843835847168	0.3517226452720395
0.9188106303551473	7.010515081567136e-8	0.4152365537013114	-1.5743272319346246e-5	0.00021807426850570867
5.1850729059941744e-8	0.9812870068759999	-1.513654489198094e-5	0.039190611049387265	0.00012753972144710526
-0.011525437333382765	5.680461879230324e-7	0.8192784712148795	-9.305260566748138e-5	0.0007789532941423592
5.1806364446647934e-6	-0.01743673648432892	-0.0011032014187030061	1.0780949685052605	0.005927261371117515
0.001567271313166925	0.0012393109441115391	-0.20169231118371783	-0.12945109545925967	0.38448911416821474
0.9159604953222186	7.367937158379422e-8	0.4305064028652179	-1.5245141708518178e-5	0.00021733526198008197
4.7608414651160395e-8	0.985857310470638	-1.7392211819375163e-5	0.03447161569101585	0.00015176731785347843
-0.009150887560241891	5.721377626185945e-7	0.8012391165672297	-8.665136487370968e-5	0.0007548899712949357
5.435505940814666e-6	-0.019020956033318673	-0.0014534507251163509	1.074780370666293	0.008184501588400912
0.0012859076506853279	0.0013896967360211513	-0.2101259243941389	-0.135819870935655	0.4520225137518566
0.913575249642329	5.961479496142084e-8	0.4385980118627378	-1.1050032591889986e-5	0.00015425368951309788
3.6737087334172674e-8	0.991941126084595	-1.692828307932239e-5	0.032038690346753995	0.0001453042320102441
-0.00720454767162022	4.512345103842557e-7	0.797985715983873	-6.103790864140507e-5	0.0005160978023605482
4.5086651649052165e-6	-0.02121331365277168	-0.0015161564189301487	1.078631869236581	0.008343598288441252
0.0009951303891153386	0.0015211499423857244	-0.2026918924186309	-0.131920834521439	0.4083886807581637
0.9121989430004378	4.707708723018919e-8	0.40348003849114106	-8.68765285145308e-6	0.00012274500764050076
2.9936449559873424e-8	0.9924547007151524	-1.672416143798372e-5	0.029648637360672577	0.00014357161502660592
-0.006059669423559441	3.9498492648653e-7	0.8254136966149571	-5.333484671404571e-5	0.0004601443814088546
3.98406740110711e-6	-0.021381503903643944	-0.0016285773511633128	1.0780283460231639	0.008963382978123598
0.0008403530369004014	0.0015457377543090292	-0.20976121075824355	-0.13381526890122408	0.42820046979538634
0.9108125590895694	3.396505359837222e-8	0.3874526198494296	-5.857730825560152e-6	8.079196091888397e-5
2.0771508260506106e-8	0.9964939264357302	-1.4349449829755999e-5	0.02629891518213896	0.00011976938960733404
-0.004928906118702364	2.9849115500103166e-7	0.8430673858321561	-3.756339753176028e-5	0.0003136981515992987
3.113791858993858e-6	-0.022859265622072144	-0.0015696148171320881	1.083105995871413	0.008310147749394252
0.000664987009791021	0.0016119631917350637	-0.2029668108662486	-0.12867482614429288	0.37386345536333543
0.9099453451816707	2.962076719286702e-8	0.3534225483551702	-4.796266731111183e-6	6.731798888338504e-5
1.859347103486033e-8	1.001120709518908	-1.535078031074475e-5	0.023402491767281947	0.00012898628045304242
-0.004204439419142489	2.9092439011177765e-7	0.8685285973623867	-3.44783158729683e-5	0.00029597342051778194
3.1493298543877613e-6	-0.024480075621645246	-0.0019030360785628093	1.081689319198303	0.010162586664291352
0.0005731868439977257	0.0017496228060236189	-0.21183803884978777	-0.13178152227374737	0.4049154247182303
0.9094543267964776	2.536668135098033e-8	0.33722164313049663	-4.021329887525575e-6	5.6360715941041595e-5
1.774652223700897e-8	1.0026233195303165	-1.6339386765784093e-5	0.024382862912898876	0.00013638738633737138
-0.0038000550192749463	2.631846726929303e-7	0.8823997025782451	-3.054146989660365e-5	0.00026199846138635576
2.8868293120757303e-6	-0.025019953460982205	-0.0019456597520460736	1.0817678840026554	0.010294333930385311
0.0005154233331854906	0.0017828392086899217	-0.21262379744674278	-0.13113977104584432	0.39851093794749615
0.9091630671282875	2.2352410231287368e-8	0.29693525073786664	-3.4430275877268086e-6	4.9062537289145275e-5
1.8560985374377077e-8	1.0050532463112527	-1.8675884458276698e-5	0.024557497419044286	0.00015647435551068034
-0.003552794876857116	2.690994959626776e-7	0.9131261331219822	-3.0432686386251814e-5	0.00026798004574556567
3.0105480242147804e-6	-0.025859045717824013	-0.0022240112079602997	1.0795281434339719	0.011822726744385021
0.0004853702652713094	0.001864187812587735	-0.22157320717023865	-0.13376292532754158	0.4267283040711965
0.9088199602983353	2.0412463786693546e-8	0.27448627164392464	-3.0908450156934037e-6	4.474872937409099e-5
1.8105785297146786e-8	1.0066324406311982	-2.0066871352825838e-5	0.023712789403355923	0.0001696570812593463
-0.0032650150431459864	2.691053219987423e-7	0.9288892848770469	-2.998950186697269e-5	0.00027034618975512766
3.0513122596595443e-6	-0.02639186806050178	-0.0024889382323064757	1.0774709476108915	0.013390315300885332
0.00045037676646361713	0.0019250646693692506	-0.2287446603567619	-0.13651382915165997	0.4578711859281425
0.9084912255797267	1.927709555501198e-8	0.2678784818757984	-2.7840433937705435e-6	4.0411314041320526e-5
1.6299747933649043e-8	1.0104040656575746	-1.976596322462651e-5	0.021371257099048954	0.00016731478018941132
-0.0029944464756112774	2.6131083708625736e-7	0.9338547512554521	-2.7784132923972058e-5	0.00025146353742572133
3.053913977114301e-6	-0.02772500166810419	-0.0027264586901259574	1.0777943613643655	0.01468475361770732
0.00041340480259547535	0.0020242659262258923	-0.23012766988184818	-0.13694885638027618	0.4625638332307449
0.9081741062297907	1.6220979433564746e-8	0.24532068601883172	-2.3386764903961753e-6	3.4161941853935596e-5
1.6787822761706733e-8	1.0106536057085314	-2.2559593236125275e-5	0.023636805719197518	0.00019081632603664062
-0.0027322086645532317	2.427692392694932e-7	0.951495652127503	-2.580036477895691e-5	0.00023590445727830148
2.847184313603708e-6	-0.02780461697677338	-0.0028202758260847255	1.0762666820570912	0.015171484525184995
0.0003774648151874116	0.0020371929060753664	-0.23404015632668146	-0.13769449344273538	0.4722128383159699
0.9079501761487293	1.5620615862634696e-8	0.2521245173232702	-2.002131810869076e-6	2.852870097225749e-5
1.3876058694651042e-8	1.02030644117186	-1.984164102475025e-5	0.01936641213066496	0.000164304167312029
-0.002555102991779884	2.263616984051755e-7	0.9504528111040316	-2.1309526494995505e-5	0.00018822944061258775
2.872876379556716e-6	-0.03128278913934378	-0.0030172044639029255	1.0813902212332245	0.015753057403483345
0.0003456740359861696	0.00224112132062451	-0.22504998293574327	-0.1330225737460578	0.4180400952940901
0.9077967252168324	1.499384558894569e-8	0.236349960466354	-1.9117258162088414e-6	2.771404430573421e-5
1.3867587553327912e-8	1.0211408116918568	-2.1083526837759048e-5	0.01864511245363598	0.00017679355042649753
-0.0024246043579764535	2.338518050150687e-7	0.9603008106141927	-2.1952632874163444e-5	0.00019875640424097516
2.9909850605964843e-6	-0.03154029592531549	-0.003348034356266988	1.078940692826016	0.01777748098476837
0.00033209168287408786	0.0022905333923296523	-0.23216346441408914	-0.13615690661627122	0.45323734122770837
0.9077710983645642	1.414169657103833e-8	0.21800852157840375	-1.6424991997536324e-6	2.3598397383737637e-5
1.3394988461739449e-8	1.0299949412041807	-2.069758505060526e-5	0.016196032368428814	0.00017126396401984795
-0.0024051023083326954	2.410676476198191e-7	0.9772458527148075	-2.059149916042337e-5	0.00018436524320226405
3.3337711522677375e-6	-0.03470550932755499	-0.003788423297435912	1.0811495881441928	0.019732397363436932
0.00032542052740431546	0.002493374967646638	-0.2304524872162534	-0.1340638445274398	0.429332766812874
0.9077350610164187	1.2290393083683529e-8	0.1907490590960909	-1.358167406856521e-6	1.945315314612174e-5
1.4162092702545148e-8	1.035143145500668	-2.242999237853094e-5	0.016251141507264588	0.00018363838628694673
-0.002375506740628898	2.424160272064069e-7	1.0005504353778425	-1.9700047109241954e-5	0.00017595048658215594
3.519376157765233e-6	-0.03654555791299373	-0.004099074253299219	1.081780621913759	0.021027442995295083
0.00031861920168786614	0.0026102598783086933	-0.23140809589650344	-0.1329094987586229	0.4170258371973447
0.9080052680429348	1.276812157998547e-8	0.16397223943417089	-1.425607972949973e-6	2.099488973276109e-5
1.7378647690184656e-8	1.0346896749378407	-2.5617812859923816e-5	0.016410579116735713	0.00021397314316271357
-0.0025892243048491552	2.9720247871609963e-7	1.0173202984203462	-2.4497549159606955e-5	0.00022757137798276592
4.293540489975551e-6	-0.036312018077733314	-0.004672386259926928	1.077339258834426	0.024623601646767246
0.000353855861266594	0.002649616949829471	-0.24290199840956908	-0.13779990716388676	0.47367081110574555
0.9081546869280736	1.2716712291267057e-8	0.14949159860265557	-1.386058913867413e-6	2.054782439332893e-5
1.8435225180614412e-8	1.0374557642390223	-2.6156255613141166e-5	0.015444705566819428	0.00021909970670780377
-0.0027091157979860507	3.2697364963241854e-7	1.0279697681986022	-2.6333446669623726e-5	0.00024699485627838094
4.849324852816434e-6	-0.03727396736799615	-0.005083894281939984	1.0765485830501704	0.02688269298730913
0.0003710380806631899	0.0027291087050573567	-0.24611028627561277	-0.13874770987255142	0.48556979365025804
0.9080127269777468	1.13795730056869e-8	0.14864483404867554	-1.2058980266081536e-6	1.755195214652678e-5
1.6526933324483017e-8	1.040183919513796	-2.4429015075211336e-5	0.01496708093650867	0.0002009198509047433
-0.0025978065496867694	2.9396568367642123e-7	1.0323573621729982	-2.2967244736192723e-5	0.00021019872520798704
4.480951895638523e-6	-0.03829397906704579	-0.004883279793789056	1.0797614844093701	0.025185100928796108
0.0003504125518568947	0.0027619179115191956	-0.24011943844162945	-0.13531259612807223	0.44419012002658914
0.9080798082641922	1.1021535273846028e-8	0.1319935469885865	-1.1802081805777423e-6	1.7511884869541737e-5
1.98277452893858e-8	1.0394415729654418	-2.9012542151429788e-5	0.016472912822740604	0.00024207582185181362
-0.0026472636616086923	3.2344396131561703e-7	1.04230629105184	-2.5600761715177667e-5	0.0002406667670822451
4.894942730033656e-6	-0.03797765620283679	-0.005294163909027814	1.0761500627956664	0.027836481848517544
0.00036156254280334687	0.0027782461288105415	-0.24775484954671484	-0.13857212912107142	0.48398069156103735
0.9082944961695771	1.1206238617611497e-8	0.12495517240511103	-1.1499857690158797e-6	1.6958159168051063e-5
2.107411801316461e-8	1.0441601980033393	-2.8988229852144887e-5	0.015517785656600225	0.00024003072764236869
-0.002823973047129886	3.483681672153058e-7	1.0493558076565226	-2.6402749972096167e-5	0.0002462353350759567
5.528056414378789e-6	-0.039666164380513375	-0.0056159451073230365	1.0773561771529547	0.029206230215355487
0.00038310332585868377	0.002883463875530049	-0.24613948105431782	-0.13725643632257095	0.46804583577038983
0.9085215939137452	1.0997594620566764e-8	0.11007567181625358	-1.087022320127827e-6	1.609651035342203e-5
2.3685591309455245e-8	1.0487299128667218	-3.080242569697411e-5	0.014847584451670004	0.00025519332696351434
-0.003007703408817513	3.9078875426964976e-7	1.0607837075510724	-2.8541375503018853e-5	0.0002678535101393252
6.507458334228315e-6	-0.04127073602930512	-0.006253226655853407	1.0767200037648161	0.03251887580949404
0.0004079647230281411	0.0030031267830093198	-0.24845317813506387	-0.13767448695188567	0.4737491930035906
0.9087265521848142	1.0585087376925595e-8	0.09300598405805928	-1.0300686557298188e-6	1.5500267649220357e-5
2.747251629138525e-8	1.051027383859444	-3.419372762986095e-5	0.014659024755337285	0.00028663122060459435
-0.003169392572418505	4.489599478782469e-7	1.0715397795947137	-3.2345558533113886e-5	0.00031033940516985825
7.665443166622935e-6	-0.042031237953991385	-0.007063510696646055	1.0739257617998141	0.03729191675311967
0.0004334769625274588	0.0030884908893507933	-0.2546822065545012	-0.14014268510718705	0.5060332221918984
0.9089825264858503	1.0239571633739036e-8	0.08382458442959696	-9.450535032575684e-7	1.4104738541101714e-5
3.17664304487833e-8	1.0575519034180532	-3.720260734046965e-5	0.014611374317942724	0.0003087017651616482
-0.003380295302266615	4.835818393552488e-7	1.080780196383312	-3.300562794923798e-5	0.00031335206388834083
8.901669859936144e-6	-0.04436285885176684	-0.007709387122720332	1.0749836792136205	0.04011030513865653
0.00045827809336606814	0.003233080676258262	-0.25247209522715336	-0.13835821051206215	0.48416171526344987
0.9096547841211446	1.2656638924413155e-8	0.076851652629332	-1.1092057274600842e-6	1.6913851034649546e-5
3.99040862159028e-8	1.0650172554031179	-4.048860245431385e-5	0.01241291984170248	0.0003429624951851529
-0.0039194833957196746	6.549519275447085e-7	1.081823881490774	-4.2524849664657156e-5	0.0004151258045770242
1.32156111237367e-5	-0.046908345855822174	-0.009934415417169613	1.0709840869023315	0.05304039590784019
0.000537317932195656	0.003455703587549345	-0.25857881798491655	-0.14142312942097732	0.5274915629503225
0.9100626961682247	1.2326709247518358e-8	0.06596054092509135	-1.0458946021209801e-6	1.6021415416667775e-5
4.3961246271734256e-8	1.0697128409168968	-4.1352655738013944e-5	0.011285563115419978	0.0003510599948291192
-0.004248717798597048	7.468858643508783e-7	1.0897187306696468	-4.696492833543677e-5	0.000461291383495665
1.6042963539622838e-5	-0.048539697497372566	-0.011183987201155883	1.0700006881143487	0.059826072335533206
0.0005820819823297757	0.003576364487306221	-0.2601866084109659	-0.14170236279506399	0.5333544493081703
0.9104742211340584	1.1186625489866334e-8	0.05753710878565227	-9.353636816680365e-7	1.4188415565498104e-5
4.520112164771439e-8	1.0716316004670754	-3.950289081400271e-5	0.010835041329534945	0.00033138029213614084
-0.004587379847476745	7.794628722676555e-7	1.0987470949377776	-4.8254844723106204e-5	0.00046815246428838633
1.718151796948898e-5	-0.04925626617882427	-0.01111745250057616	1.0719094487143088	0.05852303754881381
0.000623490049623916	0.0036038955126663874	-0.2580276655636746	-0.1400043271524371	0.5096854822214021
