0.06130093289376654	0.0	0.19951869210208042	0.0	0.0
0.0	0.06669068375393827	0.0	0.0005015334737878848	0.0
-0.06165475522307042	0.0	0.022211013629505366	0.0	0.04570543247342367
0.0	-0.09350715377995476	0.0	0.048436038728186685	0.06319206062085402
0.0	0.0	-0.39314534693924036	-0.3690968001083159	-0.1715609490362256
0.0573003913680778	0.0	0.21479456662491941	0.0	0.0
0.0	0.06666804564678877	0.0	0.0005369239871653759	0.0
-0.06012561088335037	0.0	0.013543348244805936	0.0	0.045441585779629035
0.0	-0.0934916675382565	0.0	0.046148867554588295	0.06601569630306497
0.0	0.0	-0.3886696622274588	-0.36489489127670094	-0.14398043256544746
0.05010029446787335	0.0	0.24337617143320991	0.0	0.0
0.0	0.06803061301672528	0.0	0.0005860834751045037	0.0
-0.05737348661475198	0.0	0.005163015632437623	0.0	0.03990642300238047
0.0	-0.09442377053969847	0.0	0.04815086914031557	0.06542042560910044
0.0	0.0	-0.39269573218914156	-0.36867468811631354	-0.16320245328778812
0.05369370136785565	0.0	0.2547476226145688	0.0	0.0
0.0	0.070415311366122	0.0	0.0005724749879621662	0.0
-0.0587470101205411	0.0	0.0014357389208839169	0.0	0.041337963649538144
0.0	-0.09605509133751707	0.0	0.04865560433112601	0.0684133587220517
0.0	0.0	-0.39367558554334436	-0.36959460422476376	-0.17828099655371246
0.04981022137408389	0.0	0.27197338210258537	0.0	0.0
0.0	0.07375208294501648	0.0	0.0005254171547821138	0.0
-0.05726261071792028	0.0	-0.011949741559671684	0.0	0.04373259924006573
0.0	-0.09833770493331948	0.0	0.04324683260988976	0.08217339142232369
0.0	0.0	-0.38291444926250573	-0.3594917224338191	-0.1316339293206652
0.040924944832508726	0.0	0.3115183675201116	0.0	0.0
0.0	0.07643473608498597	0.0	0.0005034958248162171	0.0
-0.05386635292553105	0.0	-0.034666385604778666	0.0	0.043694581909975154
0.0	-0.10017285018834626	0.0	0.03718087432573255	0.09798552711305346
0.0	0.0	-0.37088753837575617	-0.34820049297365413	-0.08470998417909498
0.03162406146151425	0.0	0.3538143038708687	0.0	0.0
0.0	0.07832000817890193	0.0	0.00054350978851742	0.0
-0.05031123593203751	0.0	-0.061891725816523135	0.0	0.045138782761981217
0.0	-0.10146252423753163	0.0	0.028306796833316935	0.11945494116813679
0.0	0.0	-0.3533905260825246	-0.3317737660667585	-0.0296118929053949
0.02345488193726077	0.0	0.41859375204513444	0.0	0.0
0.0	0.08115391095705067	0.0	0.0005602785762434197	0.0
-0.04718869500865124	0.0	-0.09678189207804802	0.0	0.04617916761230508
0.0	-0.10340113611360369	0.0	0.02019193622274673	0.14611550854543096
0.0	0.0	-0.33736364286433274	-0.31672724101540517	-0.003350797733255695
0.0018990072995345028	0.0	0.47039328176327055	0.0	0.0
0.0	0.08411994465545763	0.0	0.00047819182516839015	0.0
-0.03894929954722819	0.0	-0.1235061393787261	0.0	0.03735225519758872
0.0	-0.10543013590742084	0.0	0.014708339301044593	0.1718400959659252
0.0	0.0	-0.3264071242182098	-0.3064409283219064	0.010420825816963852
-0.013921050030341997	0.0	0.5410504138182354	0.0	0.0
0.0	0.0844386080822444	0.0	0.0005061671955480966	0.0
-0.03290233041450242	0.0	-0.1629802340092256	0.0	0.03392781145949967
0.0	-0.1056481266968022	0.0	0.004715991896728277	0.19988756445868014
0.0	0.0	-0.30668210989177097	-0.287922485393204	0.04023603011594595
-0.02263058210475075	0.0	0.5596856615330686	0.0	0.0
0.0	0.08190175393648595	0.0	0.0005891628999701777	0.0
-0.02957324819209016	0.0	-0.19269632822040145	0.0	0.03719025593927117
0.0	-0.10391271939463545	0.0	-0.01341523379512552	0.2363496736272646
0.0	0.0	-0.2709344633953502	-0.2543615084264047	0.08212107143888854
-0.03189080032513093	0.0	0.5887887996529145	0.0	0.0
0.0	0.08079577459087633	0.0	0.0006562481859136193	0.0
-0.02603367481550108	0.0	-0.21248968039117277	0.0	0.034275849445026534
0.0	-0.1031561427362471	0.0	-0.020396432156727623	0.2496152449478489
0.0	0.0	-0.2572178140446482	-0.24148390114205764	0.09965164597232673
-0.04442881699704458	0.0	0.6355550874773053	0.0	0.0
0.0	0.08142612883784019	0.0	0.0006717106588382728	0.0
-0.021241214319325703	0.0	-0.24255963898563423	0.0	0.02978628435973592
0.0	-0.10358735450494966	0.0	-0.030162431741935225	0.283686973367479
0.0	0.0	-0.23792354084360243	-0.2233698510728799	0.09140473774666336
-0.0560058168470325	0.0	0.6837723315051236	0.0	0.0
0.0	0.07645498428526062	0.0	0.0008785902231790897	0.0
-0.016816087451407186	0.0	-0.2681974462498975	0.0	0.02406492928259977
0.0	-0.1001867015462066	0.0	-0.036069970347447036	0.2665693589364358
0.0	0.0	-0.2265195132177392	-0.2126634033485896	0.15819180634421048
-0.06506440051739094	0.0	0.7015534923716945	0.0	0.0
0.0	0.07370926109611187	0.0	0.0009845759100764295	0.0
-0.013353585723463148	0.0	-0.28327466016130576	0.0	0.019847944458467836
0.0	-0.09830841142844629	0.0	-0.04276698780801108	0.2675968818281512
0.0	0.0	-0.21341754792779372	-0.20036288014184678	0.19084700223481574
-0.07647237289891039	0.0	0.7013757740767772	0.0	0.0
0.0	0.07652576540781578	0.0	0.0009290749547347356	0.0
-0.008993066957974282	0.0	-0.28375928511873055	0.0	0.01291161934309151
0.0	-0.1002351213882157	0.0	-0.04317106479312333	0.2877685271091817
0.0	0.0	-0.21254327334015244	-0.19954208458817516	0.16615965102893704
-0.08138310680528933	0.0	0.623470397319598	0.0	0.0
0.0	0.07554867275784762	0.0	0.001036905475743361	0.0
-0.007116015836621926	0.0	-0.25550258650127594	0.0	0.010177677638977005
0.0	-0.09956671334336091	0.0	-0.04446195849505681	0.28455184549110957
0.0	0.0	-0.21013603534303463	-0.19728209639614233	0.18135225962657242
-0.08502489479075243	0.0	0.6015939350835139	0.0	0.0
0.0	0.07244745470914066	0.0	0.0011657116835317512	0.0
-0.0057239994186764325	0.0	-0.244858272857354	0.0	0.00793726148889218
0.0	-0.09744523684604797	0.0	-0.04272416917319956	0.25926937222029706
0.0	0.0	-0.21374730595443045	-0.20067246699919924	0.2244768825758683
-0.08773430579676421	0.0	0.5770488455741751	0.0	0.0
0.0	0.06927332885209256	0.0	0.0012128350903246184	0.0
-0.004688369497773447	0.0	-0.22317219393514237	0.0	0.005799924226778607
0.0	-0.0952738856867677	0.0	-0.03291312296546095	0.21679320055547463
0.0	0.0	-0.23321534920348616	-0.2189496576706363	0.2644793538150429
-0.09032344316404857	0.0	0.5602582028834254	0.0	0.0
0.0	0.07158165015657461	0.0	0.001291912697068014	0.0
-0.003698712291488368	0.0	-0.20011136259309975	0.0	0.003898141154018583
0.0	-0.0968529585925723	0.0	-0.01965292132814675	0.19645041671407235
0.0	0.0	-0.259548364966153	-0.24367189317684532	0.24027137883584468
-0.09161703460101996	0.0	0.5500763451911036	0.0	0.0
0.0	0.06741461094736714	0.0	0.0015849340161607224	0.0
-0.003204257225579618	0.0	-0.171260958186506	0.0	0.002614333601916158
0.0	-0.0940023767866909	0.0	0.00011346811789128552	0.13880437952042893
0.0	0.0	-0.29903877813839	-0.28074669324838386	0.23008008034041305
-0.09258784053736246	0.0	0.5040727924163286	0.0	0.0
0.0	0.06866804543137256	0.0	0.0017100999996461442	0.0
-0.002833181861658925	0.0	-0.13781784001309783	0.0	0.0019281935518547127
0.0	-0.09485982433051897	0.0	0.012715029288086571	0.11948693850495422
0.0	0.0	-0.32413149102740685	-0.3043044947217513	0.17307526025703793
-0.09360643646842848	0.0	0.44591908047714834	0.0	0.0
0.0	0.06311241096812845	0.0	0.0021106985494401963	0.0
-0.002443839520765887	0.0	-0.0915495058866953	0.0	0.0012224381565830878
0.0	-0.09105933440806795	0.0	0.03167297930118229	0.07785386984899385
0.0	0.0	-0.3621685215362145	-0.34001481497792113	0.07017217856462776
-0.09371948257529275	0.0	0.388820967640834	0.0	0.0
0.0	0.06427530196670139	0.0	0.002268040535817772	0.0
-0.0024006294170014677	0.0	-0.047706594056290054	0.0	0.0008658521152112822
0.0	-0.0918548431029299	0.0	0.04917978703415507	0.05760576106092716
0.0	0.0	-0.3970063639987076	-0.3727216402670708	-0.1193838231437809
-0.0942443126210389	0.0	0.36274326142993274	0.0	0.0
0.0	0.06895665354833344	0.0	0.0020928616759421353	0.0
-0.002200021352164645	0.0	-0.027519991663218862	0.0	0.0006670695714932752
0.0	-0.09505725492954491	0.0	0.05747466922934685	0.05386907562827341
0.0	0.0	-0.4131749697649155	-0.3879012187537073	-0.24773762553423226
-0.09422661699732901	0.0	0.33974068078615743	0.0	0.0
0.0	0.07629656740272994	0.0	0.0019117792637475704	0.0
-0.0022067852271700776	0.0	-0.009400286540463931	0.0	0.00056402103642888
0.0	-0.10007833196761261	0.0	0.06506040696843071	0.05399151609728284
0.0	0.0	-0.42793304233162105	-0.40175654580398323	-0.39472130136666495
-0.09390669692035446	0.0	0.2957279286417256	0.0	0.0
0.0	0.07759550984303343	0.0	0.0019023059094380361	0.0
-0.0023290696658459687	0.0	7.183400037738541e-5	0.0	0.0006826310973035335
0.0	-0.10096691052454933	0.0	0.05918603579277767	0.06386381909538813
0.0	0.0	-0.41630189416017416	-0.3908368704088927	-0.29540465327470644
-0.0941313477496136	0.0	0.2724868180344241	0.0	0.0
0.0	0.07803186238805279	0.0	0.002097089521701661	0.0
-0.00224320040495487	0.0	0.004845614662677716	0.0	0.0007061426710366299
0.0	-0.10126540990584476	0.0	0.05576497263456598	0.0693908762577627
0.0	0.0	-0.4097992520792219	-0.3847319923961814	-0.24633497386146178
-0.09401001070441975	0.0	0.23056161050979415	0.0	0.0
0.0	0.07972306368649001	0.0	0.0021982838008410407	0.0
-0.002289579590038967	0.0	0.02366735632085251	0.0	0.000686675954251755
0.0	-0.10242232430222382	0.0	0.05793293799523657	0.06896227553413281
0.0	0.0	-0.41422396671658035	-0.38888604897285456	-0.28543766712497587
-0.09343357805237829	0.0	0.21553180569517674	0.0	0.0
0.0	0.0838459730322457	0.0	0.0020477291012213463	0.0
-0.00250991194290644	0.0	0.02765299273386876	0.0	0.000777762900028107
0.0	-0.10524271781864211	0.0	0.05662851236531116	0.07921069440456141
0.0	0.0	-0.4114403777275506	-0.38627273103162396	-0.2792650625337013
-0.09273829907251735	0.0	0.18259873077376135	0.0	0.0
0.0	0.08370254148524814	0.0	0.0024304815323596646	0.0
-0.00277567144315251	0.0	0.03248727414927685	0.0	0.0009822305689615501
0.0	-0.10514459938544923	0.0	0.05016358314064037	0.08990948491626487
0.0	0.0	-0.39917189374050127	-0.374754705403052	-0.19640265533030493
-0.09227467608789446	0.0	0.17036460641538287	0.0	0.0
0.0	0.0826468538951666	0.0	0.003031414420507602	0.0
-0.002952884067530447	0.0	0.032823125957391924	0.0	0.0011218294833829697
0.0	-0.1044224262342267	0.0	0.04628013740131698	0.09371324992978455
0.0	0.0	-0.3923042593475582	-0.3683071615150638	-0.15149134198295608
-0.0920698736081038	0.0	0.14745852559420583	0.0	0.0
0.0	0.08516577561057265	0.0	0.0028761423775422517	0.0
-0.003031166607711954	0.0	0.03939971923021765	0.0	0.0011921866025849607
0.0	-0.10614556634687798	0.0	0.04464323777917769	0.10374472095198471
0.0	0.0	-0.388856720888391	-0.3650705076326368	-0.1453492091361021
-0.09212523792197737	0.0	0.1291131463504614	0.0	0.0
0.0	0.08639576310820546	0.0	0.0027348197504467532	0.0
-0.003010004465877251	0.0	0.04460289680186042	0.0	0.0012170228803769462
0.0	-0.10698697431214657	0.0	0.04329266849782376	0.11035260878877959
0.0	0.0	-0.38599435970848345	-0.3623832359645802	-0.13762979480000434
-0.09181546102244464	0.0	0.11751230872633714	0.0	0.0
0.0	0.08868383321573409	0.0	0.002423535225857132	0.0
-0.0031284118338434966	0.0	0.035642784383128484	0.0	0.001538213171292063
0.0	-0.10855219381012741	0.0	0.03279013081711715	0.1430484902032449
0.0	0.0	-0.3648012824972538	-0.3424865309825362	-0.066166013480296
-0.09125965329405449	0.0	0.10627997133131344	0.0	0.0
0.0	0.0882111441677602	0.0	0.00265041324751915	0.0
-0.0033408606326830923	0.0	0.04060738302536482	0.0	0.0016303469451677344
0.0	-0.10822883740949255	0.0	0.033171899326786936	0.13980868154497814
0.0	0.0	-0.3658633034747558	-0.34348358855296335	-0.0663565765385487
-0.09110727851285084	0.0	0.0901844510674162	0.0	0.0
0.0	0.08852696481952213	0.0	0.002838941033466998	0.0
-0.0033991035062284447	0.0	0.03770486662254414	0.0	0.0018752110812118622
0.0	-0.10844488351768486	0.0	0.025799109985348147	0.1594134093845956
0.0	0.0	-0.35153647360779117	-0.33003312525545375	-0.025874064471483663
-0.09108518447743887	0.0	0.08257857132729021	0.0	0.0
0.0	0.0875097665621701	0.0	0.003335715250303366	0.0
-0.003407548605216884	0.0	0.028951615735889034	0.0	0.0021778380582665514
0.0	-0.10774904009030002	0.0	0.016130894007060276	0.179380283802894
0.0	0.0	-0.333086797343694	-0.31271200845951974	0.02354909859414134
-0.09157418935066274	0.0	0.06919109345303201	0.0	0.0
0.0	0.08544069661302772	0.0	0.003872507724923569	0.0
-0.0032206341514650063	0.0	0.03495936932541896	0.0	0.002032951475952713
0.0	-0.10633363388555664	0.0	0.016476165715169796	0.1674938534490658
0.0	0.0	-0.33449594001852617	-0.3140349544290596	0.039643538969651504
-0.09145156550382874	0.0	0.05954057716051831	0.0	0.0
0.0	0.0827179522867833	0.0	0.004686614584818816	0.0
-0.0032675051963215154	0.0	0.02741704985793417	0.0	0.002356382447007603
0.0	-0.10447106311316996	0.0	0.006934390204905966	0.1777541214580732
0.0	0.0	-0.31672567936636176	-0.2973516936582835	0.09371030304319211
-0.09131862250367904	0.0	0.05738036668218048	0.0	0.0
0.0	0.08405138913116397	0.0	0.004734171510505714	0.0
-0.0033183205759092383	0.0	0.02522750526336626	0.0	0.002477344163973332
0.0	-0.10538323854926487	0.0	0.004489656563457206	0.19059911739793145
0.0	0.0	-0.3119548284091741	-0.29287267378484255	0.08785226094904848
-0.09127924775241615	0.0	0.05810996673194104	0.0	0.0
0.0	0.08495425504745466	0.0	0.005403070761836249	0.0
-0.00333337095787251	0.0	0.017928915953554087	0.0	0.0026892567755379708
0.0	-0.10600086968372645	0.0	-0.0015836919073718978	0.2110424888808159
0.0	0.0	-0.30084796098342764	-0.28244520908766063	0.08959326700056153
-0.09125217458436655	0.0	0.05284707711867845	0.0	0.0
0.0	0.08571299483061136	0.0	0.005858340939293853	0.0
-0.003343719252326025	0.0	0.011389476152085576	0.0	0.002953202278659499
0.0	-0.10651990723357381	0.0	-0.008736009974629394	0.2358747016710391
0.0	0.0	-0.2873180737409516	-0.269742939746556	0.08791040517925765
-0.09188923330355016	0.0	0.04737293606165846	0.0	0.0
0.0	0.08652571307005763	0.0	0.006038364067718461	0.0
-0.003100213534849135	0.0	0.007464186923491407	0.0	0.0029052266407380936
0.0	-0.10707587028320253	0.0	-0.013673315047985355	0.2564981761122
0.0	0.0	-0.27779663798240206	-0.26080392648268885	0.07894486384142141
-0.09186519976643658	0.0	0.046277046285521636	0.0	0.0
0.0	0.08249657552895562	0.0	0.007820280176228912	0.0
-0.0031093999779855737	0.0	-0.0005399630694602753	0.0	0.0031654142001841094
0.0	-0.10431962403942324	0.0	-0.021630714849235233	0.24979438244874821
0.0	0.0	-0.2644693727538787	-0.24829188484633438	0.1290814047413289
-0.09201532513080299	0.0	0.04315369884012633	0.0	0.0
0.0	0.07807772541350733	0.0	0.01138742683727462	0.0
-0.003052016908794756	0.0	-0.002440454738413339	0.0	0.003198655787789363
0.0	-0.10129678381411865	0.0	-0.026546396927143806	0.2297313421960133
0.0	0.0	-0.25957338070598834	-0.24369537871367664	0.17951487326708712
-0.09224663943705241	0.0	0.039564082822473784	0.0	0.0
0.0	0.07732862984476968	0.0	0.014091674578455261	0.0
-0.002963600638190822	0.0	0.008573193237954607	0.0	0.00282645705777544
0.0	-0.10078434366371362	0.0	-0.02068305580314358	0.20535167867390233
0.0	0.0	-0.27482866351903046	-0.25801750185433636	0.1828001924363409
-0.09202171576189483	0.0	0.03311511161131979	0.0	0.0
0.0	0.0777367885440312	0.0	0.014769780956299034	0.0
-0.003049574190153149	0.0	0.013954856320594733	0.0	0.002826819230835759
0.0	-0.10106355624214493	0.0	-0.01881361790112751	0.2014738670200253
0.0	0.0	-0.2794434955351932	-0.26235004640424386	0.17630639528387038
-0.09133954274875955	0.0	0.03090471813429069	0.0	0.0
0.0	0.07721126974852416	0.0	0.015068245527306822	0.0
-0.0033103241398905136	0.0	0.014735218559751352	0.0	0.0030772470019692667
0.0	-0.10070406014865699	0.0	-0.019069411925878715	0.19899548996717167
0.0	0.0	-0.2793413998450454	-0.2622541958674595	0.18081935837227114
-0.09109270344922048	0.0	0.028463907629315457	0.0	0.0
0.0	0.07612254477254879	0.0	0.014788683904979857	0.0
-0.003404674596019247	0.0	0.02497354519605216	0.0	0.0028773862870026296
0.0	-0.09995928683304563	0.0	-0.011433877799087803	0.1759997239391075
0.0	0.0	-0.29406472025218994	-0.27607689653415807	0.17735297560679092
-0.09055438667250765	0.0	0.02841503386402072	0.0	0.0
0.0	0.0762889203319547	0.0	0.015804505268454647	0.0
-0.0036104377525321705	0.0	0.04298433601336402	0.0	0.002502730474242391
0.0	-0.10007310077113814	0.0	0.002264908345794542	0.14469647124159007
0.0	0.0	-0.32253255497043637	-0.3028033649568941	0.1318632922921381
-0.09049963814660526	0.0	0.024538133726936938	0.0	0.0
0.0	0.07433923555061829	0.0	0.01992072789718761	0.0
-0.003631364519059675	0.0	0.05223943569167652	0.0	0.0022941858439381106
0.0	-0.09873936338930572	0.0	0.005667661326808181	0.12577057988497795
0.0	0.0	-0.3348316468574914	-0.3143501262122212	0.11521435323219985
-0.09038697730481704	0.0	0.021659701878815028	0.0	0.0
0.0	0.06712215744306899	0.0	0.027701747650499656	0.0
-0.0036744273612829828	0.0	0.07343943474780973	0.0	0.0017860012087908786
0.0	-0.09380231564097945	0.0	0.01642464409288305	0.08182506821278812
0.0	0.0	-0.36663429592021074	-0.3442074196926183	0.03662688385504398
-0.08981922248903261	0.0	0.019244329987724226	0.0	0.0
0.0	0.06847364290591876	0.0	0.028363023072648992	0.0
-0.0038914427471578015	0.0	0.09156441622654746	0.0	0.0014672642299103738
0.0	-0.09472683774837895	0.0	0.02973367453727579	0.06532186074783661
0.0	0.0	-0.39385158168391204	-0.3697598347503713	-0.11076649805995362
-0.08850132535353541	0.0	0.01614463252709297	0.0	0.0
0.0	0.06470015326828694	0.0	0.032057849316275096	0.0
-0.004395188285640089	0.0	0.10820001648404329	0.0	0.0012813668111984666
0.0	-0.09214547473121622	0.0	0.03956675501605503	0.04621935856655406
0.0	0.0	-0.4182984381399715	-0.39271128657572735	-0.2827031272820024
-0.08708432925422964	0.0	0.015631000278133644	0.0	0.0
0.0	0.059871074010920566	0.0	0.03816242001608215	0.0
-0.004936812850900861	0.0	0.11974233450559055	0.0	0.0011645385822196725
0.0	-0.08884200558223597	0.0	0.044467541744189015	0.033520511872849754
0.0	0.0	-0.43625051710280616	-0.40956524390234966	-0.4526256827060847
-0.08631527349729962	0.0	0.013467381587978585	0.0	0.0
0.0	0.060343414801173306	0.0	0.043893747072298026	0.0
-0.0052307723686529466	0.0	0.12111604310527545	0.0	0.0012233929119266256
0.0	-0.08916512374726188	0.0	0.0409842236960182	0.03348925110972119
0.0	0.0	-0.4371155264902407	-0.410377341004481	-0.4631175478847861
-0.08412232598573044	0.0	0.011453855377878703	0.0	0.0
0.0	0.061501455060510274	0.0	0.05224211483761047	0.0
-0.006068992207913801	0.0	0.12576407613456594	0.0	0.001319563886953186
0.0	-0.08995731415584984	0.0	0.03837600038755948	0.031689693029585145
0.0	0.0	-0.4432520767231241	-0.4161385208640285	-0.5375714171702508
-0.08168236393388265	0.0	0.010689850133287418	0.0	0.0
0.0	0.06163787130227185	0.0	0.05835681203877014	0.0
-0.007001629486331363	0.0	0.12851891588531225	0.0	0.0014560024532992424
0.0	-0.09005063356977161	0.0	0.0361633162526119	0.030154247231542433
0.0	0.0	-0.4471488342413561	-0.4197969152516893	-0.587624069648308
-0.07938319935862367	0.0	0.009257189941678136	0.0	0.0
0.0	0.06140077770638874	0.0	0.06796566055110079	0.0
-0.007880449134563074	0.0	0.1296122603980884	0.0	0.0016318900942822211
0.0	-0.08988844294549767	0.0	0.030026695940498033	0.02964691610328931
0.0	0.0	-0.4480123141573644	-0.4206075764395621	-0.5990178218649744
-0.07784467318011687	0.0	0.008871836837988619	0.0	0.0
0.0	0.05942565407296776	0.0	0.07749858250313678	0.0
-0.008468526669133789	0.0	0.1383026499109373	0.0	0.0014500681489190584
0.0	-0.08853730339265745	0.0	0.03033990473835646	0.02337689801337779
0.0	0.0	-0.4615295393638466	-0.43329795827645345	-0.7964330610897828
-0.075519883431785	0.0	0.007469853394565073	0.0	0.0
0.0	0.05414906911318424	0.0	0.10093810949947675	0.0
-0.009357141138418387	0.0	0.1377185350970285	0.0	0.0016585428872799108
0.0	-0.08492770522753555	0.0	0.013409428156306885	0.021489653254152717
0.0	0.0	-0.4597574289864098	-0.43163424719646004	-0.7634003647536941
-0.07010401692528073	0.0	0.00614343698009598	0.0	0.0
0.0	0.05003686881001468	0.0	0.11986719290991457	0.0
-0.011427271284530215	0.0	0.1375464285409528	0.0	0.0020966109100252306
0.0	-0.08211463753658273	0.0	-8.283702245920342e-5	0.020066937682483233
0.0	0.0	-0.45868291645218745	-0.43062546217294295	-0.7437300349292614
-0.06617170341135323	0.0	0.005406127322446989	0.0	0.0
0.0	0.03984516728628498	0.0	0.16071952309878204	0.0
-0.012930336535375649	0.0	0.1374764120345175	0.0	0.002424910390759022
0.0	-0.07514271395344875	0.0	-0.02831050980628405	0.016489620156727506
0.0	0.0	-0.4581262186533496	-0.4301028173603359	-0.7285363062203428
-0.06141870011239745	0.0	0.005247141334456741	0.0	0.0
0.0	0.03304591936962635	0.0	0.18622032110701528	0.0
-0.014747097602495856	0.0	0.13613299096872186	0.0	0.002905510178555883
0.0	-0.07049149484274825	0.0	-0.04687840946241167	0.014894351585577413
0.0	0.0	-0.4559044515924078	-0.42801695491998404	-0.6908653395182067
-0.05830024847992068	0.0	0.004525747285714154	0.0	0.0
0.0	0.025284719752848402	0.0	0.23576846768764106	0.0
-0.015939076896267012	0.0	0.13406433572136447	0.0	0.0033492755764350894
0.0	-0.06518222528499704	0.0	-0.08264874721623358	0.01347937602228852
0.0	0.0	-0.4521950532602794	-0.4245344590304235	-0.6322101307060904
-0.05364084301904359	0.0	0.004155651656442442	0.0	0.0
0.0	0.01119201438217371	0.0	0.3028994812200914	0.0
-0.01772006165575761	0.0	0.13899488835699383	0.0	0.003391222370216602
0.0	-0.055541708959514054	0.0	-0.12474035672807327	0.009095614540716584
0.0	0.0	-0.4597725418372014	-0.43164843560009014	-0.7433796834063533
-0.04500640782125292	0.0	0.0037559940597126124	0.0	0.0
0.0	0.0006124900473603311	0.0	0.3675212356733573	0.0
-0.02102043927328731	0.0	0.1392011877994912	0.0	0.004148645657447248
0.0	-0.04830448414121575	0.0	-0.16890387836240534	0.007269055350956357
0.0	0.0	-0.4598572495624509	-0.4317279617869762	-0.7425960385336361
-0.03983744310261073	0.0	0.0032422235562346003	0.0	0.0
0.0	-0.016122068626277915	0.0	0.4364868736073679	0.0
-0.022996195078087665	0.0	0.143162187734859	0.0	0.0042249721719659185
0.0	-0.036856732850773594	0.0	-0.21307009106403976	0.004494290372011789
0.0	0.0	-0.46581378049949496	-0.43732013406047615	-0.8413753594911829
-0.02917778216806598	0.0	0.002941510262258508	0.0	0.0
0.0	-0.028523304808168313	0.0	0.5047561222059807	0.0
-0.027070683513397146	0.0	0.14174245021186418	0.0	0.005385708774076355
0.0	-0.028373314179688372	0.0	-0.2609993585563527	0.003316992168396079
0.0	0.0	-0.46338554773736335	-0.43504043534497927	-0.7975575203041408
-0.024723848056955103	0.0	0.0029067197293224443	0.0	0.0
0.0	-0.0386297808415186	0.0	0.5224318435361587	0.0
-0.028773130067634264	0.0	0.14303763381963044	0.0	0.005648075065002826
0.0	-0.021459691519602114	0.0	-0.27206543057955834	0.002287900227178782
0.0	0.0	-0.46541379815206513	-0.43694461847651844	-0.8322564803281247
-0.016583873342988067	0.0	0.0024554343177419177	0.0	0.0
0.0	-0.04721136789740602	0.0	0.5666054940985089	0.0
-0.031884507909708815	0.0	0.14737708628313426	0.0	0.005824030463791711
0.0	-0.01558921257785189	0.0	-0.29895010931571514	0.0014239267988612999
0.0	0.0	-0.47200692193780286	-0.4431344434635859	-0.9569468010237789
-0.004332626456044444	0.0	0.0022008157203589865	0.0	0.0
0.0	-0.053748693761322616	0.0	0.579422031814295	0.0
-0.036567355147110646	0.0	0.14368761962764948	0.0	0.007757057168180598
0.0	-0.01111716870420119	0.0	-0.3107470593257151	0.0010790687549200096
0.0	0.0	-0.46601531049564376	-0.43750933654572355	-0.8443046667568277
0.0051219884732229826	0.0	0.0019781333062066993	0.0	0.0
0.0	-0.05956488454436913	0.0	0.5971672113683532	0.0
-0.040181233620933766	0.0	0.14488694372061653	0.0	0.008653994493290637
0.0	-0.007138437813199874	0.0	-0.32199478881925875	0.0006534735629053417
0.0	0.0	-0.46777825369330894	-0.43916444119874015	-0.877648218363451
0.013307758628495175	0.0	0.001705879675940511	0.0	0.0
0.0	-0.06273697827022004	0.0	0.5620249902652856	0.0
-0.0433101160531762	0.0	0.1480671303991651	0.0	0.008960069062292199
0.0	-0.004968476791119436	0.0	-0.2954938543872352	0.0004134406559258516
0.0	0.0	-0.4726454168260408	-0.443733881869684	-0.9729674094284438
0.025881892587200417	0.0	0.0015373456789871927	0.0	0.0
0.0	-0.06501874283953876	0.0	0.5494693640711806	0.0
-0.048116381816540724	0.0	0.1478713502608451	0.0	0.01067163294056743
0.0	-0.0034075707760685644	0.0	-0.28711298052803347	0.0002822013984093568
0.0	0.0	-0.47223371859177854	-0.44334736705510086	-0.9670758294219844
0.034434039390502935	0.0	0.001448323647855519	0.0	0.0
0.0	-0.06647993157827663	0.0	0.5401194473466677	0.0
-0.05138530598411917	0.0	0.14237992623864545	0.0	0.013705270898746858
0.0	-0.002408003019566178	0.0	-0.28513726484169266	0.0002275733583936774
0.0	0.0	-0.4634911287592747	-0.4351395580171489	-0.8068407967194697
0.053485251616116974	0.0	0.0011548616459385469	0.0	0.0
0.0	-0.06719424930008291	0.0	0.5103643302132056	0.0
-0.05866733346778285	0.0	0.1388788786153986	0.0	0.019007057495631138
0.0	-0.0019193536454733275	0.0	-0.2676730049456614	0.00019701135555621067
0.0	0.0	-0.4577741494743668	-0.42977228411508445	-0.7188227160200688
0.06287318980915876	0.0	0.0011589833248765802	0.0	0.0
0.0	-0.06751372617379076	0.0	0.4868628779674236	0.0
-0.06225572580350799	0.0	0.14162932231741007	0.0	0.020023657815594256
0.0	-0.001700806394566937	0.0	-0.24939455213562237	0.00016328330840724854
0.0	0.0	-0.4621285041378481	-0.43386028460991427	-0.7929917865732974
0.07612311685280591	0.0	0.0010160656289799636	0.0	0.0
0.0	-0.06789142714968806	0.0	0.42149946486943435	0.0
-0.06732030288898358	0.0	0.14037930036866894	0.0	0.024396529267912272
0.0	-0.0014424292889285973	0.0	-0.2057245685214975	0.00014260105713928886
0.0	0.0	-0.460064234777172	-0.43192228579721326	-0.7648522446419912
0.08381546549588625	0.0	0.001000266719193628	0.0	0.0
0.0	-0.06826135229396663	0.0	0.3982896463081016	0.0
-0.07026058267640423	0.0	0.1343027524898299	0.0	0.03092561252971844
0.0	-0.001189371462285522	0.0	-0.19471330076716967	0.0001349298668703396
0.0	0.0	-0.45044012294927444	-0.4228868771189298	-0.6252514193682912
0.09012610527557074	0.0	0.0009077344527232588	0.0	0.0
0.0	-0.06861332391684044	0.0	0.38712211115300454	0.0
-0.0726727258918044	0.0	0.1372615014577178	0.0	0.03140535588585332
0.0	-0.0009485952530927375	0.0	-0.18473512644004592	0.00010058482419670048
0.0	0.0	-0.4550656115321514	-0.427229426377541	-0.6953943938483541
0.09815344998212622	0.0	0.0009720283134174962	0.0	0.0
0.0	-0.06891981988633981	0.0	0.3865387048140884	0.0
-0.07574105267761318	0.0	0.13779311624906204	0.0	0.03444502978350005
0.0	-0.0007389279592740424	0.0	-0.18389107863436788	7.724105994466363e-5
0.0	0.0	-0.45594563775261776	-0.4280556217389114	-0.7139028183881733
0.10903247857163273	0.0	0.0010118316975463706	0.0	0.0
0.0	-0.06914253431218814	0.0	0.35602058565216554	0.0
-0.0798993909631863	0.0	0.13292722653686076	0.0	0.04448045572450907
0.0	-0.0005865738156346636	0.0	-0.166894830770169	6.828152651648539e-5
0.0	0.0	-0.4482707051651381	-0.4208501617706326	-0.6155284010318999
0.11797834166336214	0.0	0.001020265987574669	0.0	0.0
0.0	-0.06921397626992329	0.0	0.31586977881582795	0.0
-0.08331880701543523	0.0	0.1296808116106	0.0	0.0540836273542664
0.0	-0.0005377019105068238	0.0	-0.14202308110864828	6.707522968341198e-5
0.0	0.0	-0.44313919869236057	-0.4160325475381792	-0.5608538843926465
0.12168554928295842	0.0	0.0010599874585613875	0.0	0.0
0.0	-0.06927952207937514	0.0	0.2694489381103404	0.0
-0.08473582906389324	0.0	0.1209090713045087	0.0	0.06809315142306428
0.0	-0.0004928634334744171	0.0	-0.11727282934820546	7.332380576950603e-5
0.0	0.0	-0.4292842236847404	-0.4030250759231492	-0.41622437553414393
0.13300490141511598	0.0	0.000978752695834591	0.0	0.0
0.0	-0.06933494421914453	0.0	0.25955101257155644	0.0
-0.089062474127078	0.0	0.11288130511268177	0.0	0.09394385047164837
0.0	-0.00045495034090726094	0.0	-0.11694892511735261	7.859195590012115e-5
0.0	0.0	-0.4165332415582864	-0.39105406637730844	-0.3267213456900766
0.13548430423306534	0.0	0.0010770724929655767	0.0	0.0
0.0	-0.06937523230874534	0.0	0.25216124935094925	0.0
-0.09001018702059697	0.0	0.10908605673649643	0.0	0.10441204712177793
0.0	-0.00042739012622148957	0.0	-0.1148998809400589	7.88642273335461e-5
0.0	0.0	-0.4105877104067168	-0.3854722210367154	-0.28869636103942886
0.14391770826707306	0.0	0.0010299108477518047	0.0	0.0
0.0	-0.06942312674686586	0.0	0.2294148268509958	0.0
-0.09323372362442088	0.0	0.10017933888941291	0.0	0.13942289497208968
0.0	-0.00039462657227948506	0.0	-0.10647933876043054	8.448652726244488e-5
0.0	0.0	-0.39646662280955575	-0.37221491483497904	-0.2276650912478979
0.14665486086422533	0.0	0.0011226889939388294	0.0	0.0
0.0	-0.06950644902806377	0.0	0.18217115206004084	0.0
-0.09427995733403471	0.0	0.0829328626386818	0.0	0.1895060547896474
0.0	-0.00033762759365637564	0.0	-0.08792976860712766	9.362476391444866e-5
0.0	0.0	-0.3692346699134582	-0.34664872982757167	-0.12381511630061487
0.14779253835270093	0.0	0.0011553292422345326	0.0	0.0
0.0	-0.06952657147694588	0.0	0.1862106724112175	0.0
-0.09471481673513288	0.0	0.06450238847506665	0.0	0.2469421503530757
0.0	-0.0003238622596162355	0.0	-0.10542751585968076	0.00011467119072221293
0.0	0.0	-0.3400929776239344	-0.319289623437164	-0.06239961178063362
0.15505383669082798	0.0	0.0010193928431512821	0.0	0.0
0.0	-0.06959984762389372	0.0	0.16801831556043645	0.0
-0.09749033429480976	0.0	0.03159710320157519	0.0	0.41095828549130065
0.0	-0.0002737356251384359	0.0	-0.11934831208927389	0.00014089594679198448
0.0	0.0	-0.28794670793901633	-0.2703331206370352	-0.12193213824616436
0.1560589561601751	0.0	0.001212529786213143	0.0	0.0
0.0	-0.06966297413514705	0.0	0.1462675576267538	0.0
-0.09787452546928581	0.0	-0.025130298964374676	0.0	0.7011760467023507
0.0	-0.0002305521379156784	0.0	-0.1497919497603255	0.00019849449952136718
0.0	0.0	-0.19830715211514718	-0.18617678132053764	-0.36079817556496335
0.15665054635946257	0.0	0.0013044060577754625	0.0	0.0
0.0	-0.06972071609049581	0.0	0.14263837394275247	0.0
-0.098100651557183	0.0	-0.08582238413125978	0.0	1.0959092930008152
0.0	-0.00019105210945675156	0.0	-0.1958348768599809	0.00025404807449185815
0.0	0.0	-0.10233327534458707	-0.0960735889877585	-0.8386708092497923
0.1502653679433849	0.0	0.0019070496835310398	0.0	0.0
0.0	-0.06978400019203286	0.0	0.1297668705507303	0.0
-0.0956600171154828	0.0	-0.1278978369542721	0.0	1.2502572166507193
0.0	-0.00014776081811385653	0.0	-0.22050583990416356	0.00025296453667833903
0.0	0.0	-0.036124283325446045	-0.033914575068566086	-1.0110916259376412
0.14075986770245977	0.0	0.002931432494940621	0.0	0.0
0.0	-0.0698266433479036	0.0	0.11143077128226118	0.0
-0.09202668852826963	0.0	-0.14229077916234767	0.0	1.144327234335758
0.0	-0.00011858955329784172	0.0	-0.21916361951251423	0.00021944195897829344
0.0	0.0	-0.013970727884542466	-0.013116143933825009	-0.8230645819061411
0.13352497165905067	0.0	0.0035545916901697718	0.0	0.0
0.0	-0.06984413933381593	0.0	0.10649803892154516	0.0
-0.08926126283222278	0.0	-0.14743371638686784	0.0	1.0445066513593837
0.0	-0.00010662092602707604	0.0	-0.21971303901310213	0.0002025981580102683
0.0	0.0	-0.006210245338282136	-0.005830367064224145	-0.6583249966279804
0.11967440079558496	0.0	0.005223996720830934	0.0	0.0
0.0	-0.06987089706761311	0.0	0.09489145584874668	0.0
-0.0839670990542043	0.0	-0.14978452810277693	0.0	0.8547439936759305
0.0	-8.831653643547167e-5	0.0	-0.21314339165690963	0.00016934702067621243
0.0	0.0	-0.0035003306363366794	-0.003286216782803848	-0.355691735788237
0.10600678318707468	0.0	0.007871951425223869	0.0	0.0
0.0	-0.0698943965916766	0.0	0.08813269975870076	0.0
-0.07874286629238751	0.0	-0.1511585213906137	0.0	0.7068277403119809
0.0	-7.224101797281948e-5	0.0	-0.20880935539353296	0.00013877517708252507
0.0	0.0	-0.002927790658797922	-0.0027486988513597765	-0.12110822088885224
0.08445855291247309	0.0	0.013674505516449652	0.0	0.0
0.0	-0.06990548728375012	0.0	0.08773610450956133	0.0
-0.07050639276903903	0.0	-0.15328137322782245	0.0	0.5320058367681877
0.0	-6.46541143099967e-5	0.0	-0.20846198625703155	0.00012413064280868366
0.0	0.0	-0.003078235701078204	-0.0028899412293508214	0.1554011014827624
