1.013911744810201	0.01300653302852518	0.015400972125786512	0.007654313875807971	0.0022815891581207254
-0.03725444806819474	0.8456475780739454	0.020494415143597663	0.9679501637643739	0.0031584391517345857
-0.026632332397405957	0.01078313287936952	0.9564862585772838	0.00645272447484406	0.2991235166435731
0.00039573379767648785	-0.017476994976585218	-0.00022128801779100113	0.5674368680838955	-2.2976853544403198e-5
0.0030936522149675183	-0.0013034614620659928	-0.23444539075268916	-0.0005253369849806885	1.1404066993906194
1.0082212348107094	0.017335130308676346	0.022361011195914732	0.009204250807644365	0.003097897780891909
-0.03193467079176334	0.8364520881376598	0.02273253676806998	0.9072219293077788	0.0032825937949242066
-0.027573519602713918	0.014447042831893131	0.950425970050162	0.007816541761091839	0.280158961207693
0.00021659503435247245	-0.011590781518119493	-0.0001570937607922652	0.7592447020514166	-1.4862713941661684e-5
0.0032149001998798693	-0.001755930700294327	-0.23573825560343953	-0.0006223665645687937	1.1900854320989207
1.0046235792661187	0.014243875895055064	0.02361618778516135	0.006229279184780643	0.003002388943166512
-0.02385746849455049	0.8383716015210757	0.015761832324260337	0.7922510514311824	0.0020840692013552094
-0.03262354088711654	0.015880350896518687	0.9660496580797392	0.007063574667485403	0.25791005283387697
0.0001792721149315576	-0.013600847524186783	-0.00012049752250030128	1.05221319548656	-1.018673014751767e-5
0.003975979957949821	-0.002011320821744633	-0.24734173021757494	-0.0005723576888591042	1.1564786612521822
1.001664633455909	0.01293658568393163	0.031205752945002427	0.004307313036873588	0.0035510795633876546
-0.016567835548500203	0.8363995123226643	0.013244491770941967	0.6361505033813648	0.0015665975092784973
-0.03746979450474301	0.022199437475127294	0.9743895130612963	0.007535381399300295	0.2305866224420886
0.00018881703356846287	-0.021677314110664897	-0.00015368827231464037	1.3846375265976616	-1.1366851372686393e-5
0.004761864919780375	-0.002925720139671191	-0.2577254968213371	-0.000622042478091632	1.1231605319253
0.9977996830761935	0.012917402933305065	0.030392694375105986	0.003933858867914475	0.002993371741667486
-0.01643127156874886	0.8421741938196186	0.012556790987782451	0.5898871368942699	0.0012833876563661736
-0.03511308717766465	0.019873617224394895	0.9807421281057096	0.006152139017141178	0.20116894383618888
0.0002415597943827547	-0.028368055673027862	-0.0001875315766352889	1.4694725831562243	-1.1898163955545958e-5
0.00454650158553456	-0.0026641532308902156	-0.2646681050618373	-0.000512835788494783	1.1605338540176744
0.9959902208050277	0.007967339484799201	0.030127696858889417	0.0018325904916102254	0.0018406981352989383
-0.012074808971428805	0.8531562719232778	0.008814235632675436	0.46399776019049555	0.0005565157597783208
-0.03854104082193793	0.02071786939007507	1.0209997191854092	0.004827547483556627	0.12442821326226862
0.00026687156957689077	-0.044158925061833575	-0.00019644767290552317	1.694449741672373	-7.751693784411012e-6
0.005432624964267475	-0.0030062901254181706	-0.2872847627263985	-0.00043893211923701214	0.9913958180331308
0.9993283560465352	0.0020235783061360825	0.02994691137992568	0.00033623442885198857	0.0016611485951558494
-0.008525801865087272	0.8664243378679123	0.006224054693694404	0.363096685203515	0.0003556683859226436
-0.04438364885285517	0.024075035694838327	1.036274804291809	0.0042619777701229655	0.1118784097401952
0.00028303997703746136	-0.06807775552432338	-0.00020805492649024222	1.8316745946701742	-7.479213256232674e-6
0.006315341912965643	-0.003509430056297374	-0.2871971110929905	-0.0003922296291517212	0.8782703844658775
1.0055801392048667	-0.0027549467008256695	0.02535765417043956	-0.0003833100676933453	0.0012056095723965848
-0.006628049034080611	0.8939106714479728	0.004325868222074605	0.2784553805811444	0.0002106976864145783
-0.05090059212470738	0.024913854616155355	1.059288257687876	0.0032886513688508284	0.09419635015158068
0.00035562021081226355	-0.1126292043699764	-0.00023289193225802082	1.8532470000180836	-7.299545104827974e-6
0.00720625111090667	-0.003589959462306275	-0.28066349540789703	-0.0003061692418543352	0.7102484958220011
1.011105906769872	-0.004997433758915101	0.02391095340422139	-0.0005160714495169499	0.0017406524151359626
-0.006082230737751004	0.9242522568618023	0.003995805100709862	0.21312278996955317	0.00029671044010583236
-0.054860730374772515	0.027753559738247877	1.041399566077421	0.002777383259231468	0.14504235636911833
0.00046625158131846504	-0.1631245953243981	-0.00030868196670850783	1.7654592321851632	-1.4708245748964142e-5
0.007657560451310663	-0.0039245916224912095	-0.2782830578023753	-0.00025307207620845146	0.7780268964726176
1.013362336938655	-0.005294969455616661	0.019784771171405965	-0.00031828456031220576	0.0017098688843352125
-0.00591433673752806	0.9770838405222805	0.0033253067781584215	0.1263272800253662	0.0002906358062191392
-0.05646897827558259	0.02512761128606464	1.0358171634343183	0.0014768150669824528	0.1724956390345591
0.0006151347732520294	-0.22344295318763277	-0.00034857741256134455	1.5443909333620263	-1.9827557705801718e-5
0.007784465097127977	-0.003478885907779908	-0.2753027287953205	-0.000133608683852949	0.7974561100522825
1.0154913522582665	-0.00864996946086756	0.01780157329826105	-0.0002530562934372482	0.002564827798802405
-0.004599702583647197	1.023078438861942	0.0024189097247641423	0.06151040585605988	0.0003499299423122826
-0.05811486233133009	0.025219507962802153	0.9981371248888484	0.0007309690602408728	0.28677286655313616
0.000547665587866529	-0.2538776871459531	-0.0002920430625550259	1.2585764381896007	-2.7731403421576116e-5
0.007395779647366346	-0.0031961609189731163	-0.2534300940845451	-6.108489498929393e-5	0.8913945329908253
1.0150896614951939	-0.006730881593577535	0.015348327496354949	-0.0001194358345106214	0.002948998726000074
-0.005061278349272046	1.0576693730191622	0.002278791680387447	0.036400001303440316	0.00043717275344606205
-0.05675993384465235	0.02163314782089218	0.9707958862361464	0.00038245865978404295	0.37814034857622464
0.0006229564470656092	-0.25557813364243687	-0.0002852650427596312	0.9509691023671568	-3.6690909619932575e-5
0.006528257735605253	-0.0024646467442070805	-0.22646484522631843	-2.933582715819276e-5	0.9185849292429381
1.0158681244816559	-0.007544385398406546	0.014410472803354998	-8.146668607118844e-5	0.003813446557998326
-0.004686133651527025	1.080359622057396	0.0020107114666396385	0.02153146265835817	0.0005293694426106929
-0.05667693770079709	0.021153620851594265	0.9375389373214343	0.00022907201651895892	0.5050898201431732
0.0005680502474562233	-0.24416691155665274	-0.00024899654589064467	0.718682822708558	-4.508733759621408e-5
0.005424221078112482	-0.001997523373318051	-0.18274924365066128	-1.4938883070835462e-5	0.863814049990248
1.014506485065333	-0.003789608200188615	0.013280170644959205	-3.173362270490421e-5	0.004753202749536001
-0.0064924717812164705	1.0978378039649783	0.002498594930291107	0.01600981424138296	0.0008873118904264392
-0.053341743348809735	0.01825117030808935	0.9009832557799201	0.00015373775872079424	0.6499813255386498
0.0007526853531100131	-0.2244648231250318	-0.0002970889304595942	0.5130777669527613	-7.50216527272583e-5
0.0035917750385494815	-0.0012110739354324277	-0.12233796270265787	-7.277479409240745e-6	0.7507771817561695
1.015861086064874	-0.004295133746566918	0.01367936896692832	-3.310460315986668e-5	0.006474879110118084
-0.006408701472579817	1.0995974796664754	0.0025957986607998912	0.014588364037054467	0.0012193278592242986
-0.05329832291335298	0.019580866752698003	0.8713108577904694	0.00015253922768854324	0.7915301441669916
0.0007331216124784668	-0.21926155607548395	-0.0003059812843397387	0.4725850672294226	-0.00010514792920163652
0.00194824158845719	-0.0007057544497810248	-0.06115582138941936	-4.034232869366892e-6	0.5256383886830464
1.0145960847602427	-0.002972714717785839	0.01593996546482429	-2.706316383283892e-5	0.008605471772216685
-0.007472523697492295	1.092727280996571	0.00344644863176999	0.01714708049356374	0.0018487510422781957
-0.051125585047166536	0.021566811795364987	0.8553000510205886	0.0001974556568669723	0.8521684142294413
0.0008628139299793267	-0.22215367993560203	-0.000411373176741019	0.5001001066216386	-0.00016344416034631912
0.0007657260639808356	-0.00031918028233511543	-0.023654404918316288	-2.1702113109304248e-6	0.41144893401643884
1.0125869954253004	-0.00020399459743914924	0.017668273404617296	-2.179834346483227e-6	0.009848127305295233
-0.009326486541336138	1.0960461279964429	0.004619639863069409	0.015601563874946876	0.002557304377693659
-0.04830284950466247	0.021977194645184467	0.8487462832940275	0.0001870832131570751	0.8658495372017754
0.0010488787517314163	-0.21195512353586426	-0.000537087582922435	0.4252617412353816	-0.00022320358573632744
0.0002570582579248331	-0.00011562144472245634	-0.008271986398965198	-7.405345767235686e-7	0.3970078358577638
1.007916038352323	0.0053881951388629334	0.0210180164340601	5.1840868816940746e-5	0.011007651182510155
-0.013294699799716064	1.0915851072173106	0.0074162111982888565	0.018204247967926683	0.0038583382788604445
-0.04245019242578685	0.021664160898828756	0.8435622842771288	0.00021671002904188798	0.8414282862710702
0.0014930219656726917	-0.21052801518346767	-0.0008613634947870815	0.4194263791394872	-0.00033116043327981355
0.00010844707179281789	-5.479283923135727e-5	-0.004107447902514814	-4.0575002636017215e-7	0.5165612886754638
1.0026905239608828	0.009142905584946459	0.028505421552133026	0.0001133939599796581	0.01368184535336514
-0.014098826486747262	1.0727946173874656	0.010160602007155422	0.023975254268152685	0.004855716274995807
-0.03857656696513556	0.025337406691516143	0.8366093667787107	0.00032739236891273296	0.798999709182899
0.0016496778381385746	-0.2243353353539348	-0.0012333409121176838	0.5368518885022434	-0.00042018101925805906
6.586261494638413e-5	-4.293610560872319e-5	-0.0028448574453971004	-3.962388407537619e-7	0.6713157314180935
0.9977571985281952	0.0176862453936079	0.03401907740074566	0.00020419394338790748	0.014501873135972065
-0.018465449547427883	1.0723246166423932	0.015776795731534357	0.021710665280079863	0.006695713138152426
-0.03235745411901756	0.025133405995346362	0.8290967815150864	0.00030113539100878184	0.736702760818079
0.0021128406678499662	-0.21446637908882984	-0.001872137860938797	0.4615227793872092	-0.0005615053283799798
4.7459366133810466e-5	-3.6633254774660895e-5	-0.0025373744508117684	-3.1058200905491177e-7	0.8685612494712746
0.9963171664233645	0.019204727087265117	0.03444361616476953	0.00019977910958389813	0.014154487938550717
-0.019292005085564	1.0758777554460013	0.016722932340503132	0.01934038812556372	0.006836954947504692
-0.03088646190840782	0.024352477885907407	0.8281208467769188	0.00026260020871483143	0.7176495998678744
0.0021745925437165886	-0.20902018230232738	-0.0019533692685959076	0.4211822903962127	-0.0005654038753234031
4.1715071734782776e-5	-3.266847808378959e-5	-0.0023609344904301157	-2.4968954893473316e-7	0.9269474481335725
0.9938280774767545	0.026756257724420737	0.033879837400211894	0.0003708682032006171	0.012234149980625109
-0.025583097284347465	1.069871871095793	0.023536939867973963	0.025945293045064155	0.008468697219758625
-0.024701173183229702	0.020451937313864747	0.8235719501668157	0.0002937188417672822	0.6504916053327681
0.002933066346635777	-0.2144941939160374	-0.0027964234937199253	0.46429510659812984	-0.0006968217963433387
3.547689106528926e-5	-2.9258297126322566e-5	-0.0025884206691188074	-2.911071620055887e-7	1.1189136561648074
0.9925724242574481	0.028586205329024884	0.030124322296495948	0.0005109742634422532	0.009822530535833152
-0.029443774509195685	1.066218434461842	0.026243862684662535	0.03399811951310424	0.008534475469348102
-0.021027592944040482	0.01672052382348444	0.8242621522598317	0.00030960989793959017	0.6007257264646311
0.0034480325942376324	-0.22277637431954245	-0.0031831775594402447	0.5326096850516588	-0.000702925746683361
4.270930471638227e-5	-3.3874886813426764e-5	-0.003740993875514225	-4.258581890621217e-7	1.255450879485141
0.9919405396663277	0.0323937706541193	0.03126371586538085	0.0006995553799627602	0.009643740264467016
-0.031160858787884414	1.056339110614067	0.030360864204181128	0.041501795131948446	0.009363945393990828
-0.01930769215158684	0.016683095735914505	0.8208168830758665	0.00037371663717778673	0.5731227554950522
0.003708131364289255	-0.22879547613533327	-0.003746146786633998	0.5977502568700988	-0.000773151695076042
4.8470033067646605e-5	-4.188211647717234e-5	-0.004660442141653077	-6.275206775838724e-7	1.3249272299245733
0.9899704124358304	0.03129329017320148	0.02282236536841161	0.0005550884615980212	0.0058672979021955896
-0.035570444927363346	1.0734086545862997	0.031112192295851833	0.03355933622407274	0.007976855692337692
-0.014949773060301683	0.011557007261677665	0.8265016986509918	0.0002119483682967447	0.49376883430728435
0.004131114345239384	-0.21988846477403565	-0.0037302576103174414	0.5027392307292949	-0.000642531811795577
5.569062548156016e-5	-4.2929760290306225e-5	-0.007134714849252063	-5.282869291001345e-7	1.5318102333781933
0.9936127167701826	0.02885738224098111	0.016333623451844574	0.0007443684934428929	0.003972318467130136
-0.041355299478296775	1.069200161783915	0.03280353604178479	0.04973926913285821	0.007982270438780463
-0.01280497038077405	0.008890157489395971	0.8304274470434863	0.0002371737370862161	0.47295622019685124
0.00489222072697644	-0.22830043342254874	-0.004003542799496974	0.5816986360545872	-0.0006453523578228002
6.989429742101298e-5	-4.84787600058494e-5	-0.010557517615463707	-8.55187766045853e-7	1.5794050386302656
0.9917772831805858	0.036522037383026174	0.015204569023257675	0.0009022446828049757	0.0030622741092676473
-0.043098802228192845	1.063981344746553	0.04239442211418953	0.0473505670570838	0.008612261570201738
-0.010425703513638397	0.008899386797939647	0.8279716202344486	0.00022740696967378862	0.4013676521953701
0.005096499636111994	-0.22689645433542133	-0.0051686236944068435	0.5737592481004347	-0.0006904886321355431
0.00010878447781521383	-9.298913500792056e-5	-0.02053783592400288	-1.5588188340250134e-6	1.7338037928997336
0.9954112982777866	0.030282718042967782	0.005816862962810532	0.0009230553041518486	0.0009710778731949685
-0.04911434204897304	1.0687262849987997	0.040649368600020726	0.05902641909051151	0.006979095744423984
-0.008164194890223672	0.005798151089251706	0.8421397277406568	0.00018240550940484303	0.34741016464003055
0.005823341585222429	-0.22981413587036603	-0.004950891907763007	0.5995540987079591	-0.0005555017256954498
0.00015603718467493543	-0.00011090560852045138	-0.0384436058048034	-2.2728819937981406e-6	1.8303273087805176
0.9915257208044589	0.03698262122245055	0.0036131320466178674	0.0008274593263572771	0.0004305083149995087
-0.04777419131086976	1.0725500948470932	0.04775713841589095	0.042557239041961036	0.006177544072477694
-0.006964524985236732	0.005915300343543213	0.852847180967554	0.00013617728014697107	0.2673072706419946
0.005581902788710286	-0.22246004967918556	-0.005711736760029499	0.5258068577972691	-0.00048639441535998774
0.00024635697205491235	-0.000209367645266593	-0.07258570737489804	-3.161998106911688e-6	1.9411661504360387
0.9953825037495865	0.03367852284228956	-0.007201974602296213	0.0009120936927182396	-0.0006685568912926099
-0.053654033292514114	1.073890685332474	0.05099852367478269	0.051954556727558186	0.004458761285863252
-0.004960352764034923	0.00391374992740014	0.8825656941714534	0.00010856113051016568	0.1858043920154695
0.006298053373106165	-0.225381825844065	-0.006089463519144117	0.5514035155187529	-0.0003496852586887399
0.000301652821899083	-0.0002382997103096275	-0.12817133024558583	-4.322592180422663e-6	1.9856078694183952
0.9916061947590442	0.03681286682817725	-0.009731417906242767	0.001074352482560506	-0.0005309754393970911
-0.051054438489888825	1.0638066428021322	0.05374775880548415	0.05678348218555757	0.0027843540842018392
-0.004509987970141658	0.003830812892010387	0.9233782859610452	0.00011374930104545052	0.11186881173140244
0.006111107603859932	-0.23310750041335054	-0.006498168900331329	0.6370707860232747	-0.00022018723670702914
0.0004332552668849417	-0.00036900052044519776	-0.20598078466840292	-7.13390199341983e-6	1.8821109648341499
0.992343127907076	0.03576471673204912	-0.010703637768008534	0.0008958744508050856	-0.000292946158278351
-0.051975513212956424	1.072541711104677	0.054768468716892976	0.04813266075332799	0.0014299284087907344
-0.004538657142969527	0.0037600678719921284	0.9821437536113333	9.492326466100886e-5	0.05643099959934665
0.006128535119595661	-0.22677198213440858	-0.006462519731293848	0.5638147030755374	-0.00011415512383409782
0.0006005633028151177	-0.0004980693045146724	-0.2836307261057089	-8.470998261150288e-6	1.5248414231565177
0.9920437674324388	0.03931661545169596	-0.014346823199439196	0.0008472043793618586	-0.0001602374462177647
-0.05230627734907458	1.075482322382367	0.06215828709687793	0.04086008039359345	0.0006654511519038758
-0.004295089593353765	0.003909829456697354	1.0327083531676138	8.426418880453626e-5	0.02234741272156027
0.006082061359078201	-0.2206942246996238	-0.007178272108713635	0.5084882220133636	-5.423969195385769e-5
0.0006327160858989322	-0.0005766603713878993	-0.30512638726547425	-8.737541532723159e-6	1.0369976404023253
0.9939970406209948	0.04005282184913739	-0.012912542478494604	0.000778745179380709	-8.677782533851597e-5
-0.05359317154921528	1.0804263402924985	0.06581290824264453	0.03629634547398913	0.00042305583906240775
-0.004761297102242462	0.0044386792158642024	1.057221431217369	8.604323969874875e-5	0.01282708707959183
0.006097584196420335	-0.21261119672773815	-0.00741760924539836	0.44373375520932906	-3.4941137608824065e-5
0.000688657504719567	-0.0006426404763475307	-0.2865876741189262	-9.09817704563675e-6	0.7116728336587331
0.9933362191132933	0.045065197962618264	-0.009208498920679653	0.0012746301108268465	-4.3581094006140764e-5
-0.05185734897038499	1.0589842475130349	0.07203288005188005	0.05429296135855283	0.0003213876578916629
-0.005486889957234509	0.005707885012939971	1.0660822108568133	0.00016072468708500272	0.008476512734458172
0.006156453420431619	-0.22817976331805537	-0.008462249121867615	0.5932056436593102	-2.7734522956396987e-5
0.000757588468007768	-0.0007916927949553308	-0.261639516691442	-1.6324427786596797e-5	0.5063652715314759
0.996388367516376	0.03541052602280992	-0.011823405082012961	0.0009916532567351907	-4.543054873506515e-5
-0.055099623597261144	1.072227110472264	0.061442587062174606	0.053680185316811645	0.00022757500905979265
-0.00496866591511555	0.004151145605982329	1.0822942986083133	0.00011550981644341436	0.006997046299675848
0.006466286504377295	-0.22517516771981522	-0.00711742613551631	0.5517728131647266	-1.965420691088667e-5
0.0006707787046750305	-0.0005614099648769064	-0.2536254383195743	-1.161027202205029e-5	0.4439807397945091
0.9946732458623029	0.04090824199819432	-0.004874789579777161	0.0009121824983561316	-1.6781895786725613e-5
-0.05239815368077407	1.0737122000723296	0.06625524773101835	0.041936047721108365	0.00021028979247037345
-0.0062317201934832395	0.005920657803003326	1.0820357565825076	0.00013119612607226817	0.00578667133868295
0.00603822303474645	-0.21698409955093376	-0.007546651787164469	0.48172232727837866	-1.8272662144740483e-5
0.0008046358687985936	-0.000765899967307998	-0.23438931525027468	-1.2913827225396936e-5	0.34407127833533646
0.9961624496245995	0.04011525961316931	0.0046699715810432085	0.000797734009877038	2.183228507130104e-5
-0.05132713361592622	1.078061271196307	0.0632852741224441	0.03683315069170162	0.00031605961258752426
-0.008275581417358957	0.007766765002538201	1.0707651921390016	0.00015380063908983221	0.009279959924328566
0.005787337620884312	-0.20910910225231627	-0.007076725985298153	0.4217926011762612	-2.6841273141986736e-5
0.0011077022337678682	-0.0010409205742932179	-0.2477078581238501	-1.5620531605657975e-5	0.4197271426753202
0.9957867192940163	0.039356622538003594	0.009908304996092424	0.0008097233775926386	6.003923960839423e-5
-0.0493797685915045	1.0755703432636539	0.05950532783527973	0.03827662919292206	0.00036908274835740704
-0.009596994045804517	0.008847021633584959	1.066231101044338	0.00018138154817126315	0.011634639416108882
0.0056076786574886794	-0.2115474172538605	-0.006710444735100185	0.44046834792963974	-3.1331211452984356e-5
0.0013059898700549556	-0.0012053933662320715	-0.25434789410899045	-1.856606905955953e-5	0.46157837222437176
0.9959821789624825	0.043991010533930244	0.011292219602480058	0.0012199626679486606	5.800316031290037e-5
-0.049267118456867515	1.0587097327104793	0.06687001771925671	0.05265932460737799	0.00035348355887925356
-0.009639564748864831	0.0099216900997329	1.0643104178634604	0.0002742408416352548	0.009680800957105141
0.0057825698143830345	-0.22321072417819576	-0.007795689856151922	0.5482639830445246	-3.084330499093964e-5
0.0012795581175903507	-0.0013226198159065478	-0.24298304333335233	-2.7306570342959004e-5	0.3988974417386542
0.9981028210439031	0.03266059452209469	0.008210257650865804	0.0014083497771673475	5.4047676162188515e-5
-0.0503809227453087	1.0516697300809426	0.05176436818398496	0.08469790548648623	0.0003486507310332531
-0.00979365075180258	0.007613600429536918	1.0722442984302811	0.00032682337554548486	0.012683474069349897
0.006048357879512703	-0.23609548035448816	-0.006162267555329934	0.7025828017475771	-3.0243484843491203e-5
0.0013368164567775925	-0.0010433432584448388	-0.25682434381620384	-3.256372947738149e-5	0.47172104209291144
1.0001329435865514	0.03317386537247395	0.006990596157067097	0.0013793817502732904	4.1656436859541755e-5
-0.052476965567189796	1.055809696871553	0.055470192097165444	0.0810209202439291	0.0003406502920733434
-0.0095442575004403	0.007630423565868171	1.0736466187650746	0.00031585651915565054	0.011436704469223872
0.00625654695927122	-0.2326046695369257	-0.006557990635110613	0.6537872638722703	-2.9671856759070042e-5
0.0012824865207679559	-0.0010293212898523983	-0.2500116693588957	-3.132415808291991e-5	0.43063600043435635
1.002117971874853	0.024798413357965444	-0.0014761490428119306	0.0011673612984586575	-6.474079791119044e-6
-0.05663317189259299	1.062222004024045	0.04596066266245836	0.09261186409178812	0.00018167301825948172
-0.007342818629393913	0.004465978903971889	1.0964869446853902	0.00020857575335288085	0.007246829854711503
0.006749935087316458	-0.2346982820963495	-0.0054055255173387235	0.6754384823566388	-1.597892219084333e-5
0.000943926919934085	-0.0005752887229929044	-0.23484614019474773	-2.0042745587957133e-5	0.3375796409511766
1.0011931189621672	0.024748429654215864	-0.001746902561415617	0.001389642742070818	-9.884249183439442e-6
-0.05577575887269165	1.0512262118023639	0.04490121294149463	0.1118128671903934	0.00023197236694644761
-0.007156683267596491	0.0043121712920387995	1.0881981147684185	0.00024044802192228765	0.009750555685338495
0.006683886095120564	-0.23884529966266543	-0.00531312505408478	0.7633162728491282	-2.0005385535791032e-5
0.0009647915609962473	-0.000583344966250423	-0.25379457553782436	-2.3641307825780083e-5	0.4407729002883899
1.0021087354212375	0.023347653532388116	0.002004147272574157	0.0015914964650808258	1.1365817030673095e-5
-0.054659661034151125	1.040963144632947	0.04185069634526363	0.13669462704281554	0.00025323740099904377
-0.008532511614324344	0.0048886374529140755	1.0872303486832524	0.00033099409164662544	0.01140455232742028
0.0065207112252370705	-0.23945506394747326	-0.004934516869141939	0.82719359276871	-2.160245061229608e-5
0.00115199024905915	-0.0006631227725459946	-0.25430642141573956	-3.2402453500431604e-5	0.4446645693965362
1.005769122555257	0.021590993607050163	0.0009778678035041524	0.001520165775420676	3.7539465900380186e-6
-0.057833980231954324	1.0458568004062376	0.042520380090912524	0.14035312734155114	0.00018487401331059028
-0.008499132331382072	0.004660999491666838	1.099347168886976	0.0003255068874691569	0.007889084139320634
0.006868823738317396	-0.2369723195862999	-0.004984720130493059	0.7761887732339312	-1.6114465616880137e-5
0.00107689631781942	-0.0005930228635607059	-0.22971616548651952	-3.07229975621548e-5	0.31277273431343605
1.0140876140219113	0.012874740148017337	-0.001197092064567474	0.0020224075114406367	-6.927403245067549e-6
-0.06387549484399824	1.0066398695204626	0.03174513789223978	0.3131842627601539	0.0001758564253202629
-0.007999136127488765	0.002917531602672515	1.1057914023925197	0.000454275031067335	0.010194210216719334
0.006981298077787024	-0.2180507476890381	-0.0034211268083196647	0.8741086236943829	-1.3839328915485642e-5
0.0010331694410603096	-0.0003802296023697158	-0.23862378833501413	-4.3129347771572214e-5	0.3498360225013457
1.0141586079347218	0.01123233046347267	0.0034637190044936456	0.0024710267513021605	3.741297719390656e-5
-0.058919493222089954	0.9742645760705799	0.02569488222359364	0.43350651886648084	0.00028287947280842423
-0.01155699316800575	0.003692492781731723	1.0932062774496951	0.0008068140004142722	0.020902177483236712
0.005804303693462534	-0.19424441281023325	-0.002504707213405108	0.9129314977933117	-1.9547292212030365e-5
0.0015802662178453961	-0.0005118245387496981	-0.26214507880922516	-7.912629113487023e-5	0.48844006379823157
1.0129527242525496	0.010555092886485545	0.00450074659067662	0.002875495825730122	4.557795683360205e-5
-0.05582583878541525	0.949081815962419	0.022835659661497	0.5293362668543855	0.00023556803719019452
-0.012861501884376025	0.0038062482167806385	1.0989762533051544	0.0010288400682726163	0.01930574626005194
0.004864389903566524	-0.16940550736336799	-0.0019675447803308085	0.9250269058728734	-1.4448373120738538e-5
0.0017300391123781609	-0.000520606148441291	-0.2550782434019939	-0.00010000099653966268	0.4411422900268439
1.0105894291097461	0.013136665158642378	0.008190060968144872	0.0044354258626432	8.746201259457085e-5
-0.05044696943622798	0.9154842764309912	0.025424345008072176	0.6399507801461901	0.0002775778654472732
-0.015333567914226827	0.005515493433015973	1.0946162558930934	0.001848931600430627	0.02016656130756118
0.003526986521702455	-0.13260747530541	-0.001760204335804559	0.920682888208143	-1.3674938050360348e-5
0.0020519987679111706	-0.0007543182920249612	-0.2518866731485302	-0.0001796784582965994	0.42649343801974193
1.0094455780463478	0.013868374064208652	0.009667189037815152	0.005907861959750946	0.00011318374846854711
-0.047764604910133075	0.8850749745867784	0.025546249621146835	0.7743421767562539	0.0003071749265900993
-0.01622646278261537	0.006104089937187919	1.0904895334248852	0.002583580057976903	0.022212284138888042
0.00229341859023683	-0.0873405949092195	-0.0012158492800808732	0.8280197140038285	-1.0417608060838204e-5
0.002192837841747926	-0.0008471538889277199	-0.25567009271492863	-0.00025515912970120597	0.45160404492914197
1.0060868318124847	0.01642599674376151	0.013099250487953589	0.007553818592980516	0.00014074315395083085
-0.0434798618005075	0.8664433452977801	0.02707725287438213	0.8213029870580447	0.0002994666734897116
-0.017454532269565684	0.0075674336538275174	1.089120586647798	0.0034579395714183503	0.020174524601550947
0.0014323058762089717	-0.0588787286672211	-0.0008845574198251792	0.8308581304353285	-6.994433625125357e-6
0.0023367708944763504	-0.0010430566195623078	-0.2508119710132739	-0.00034036006038781763	0.42457844574197334
1.0045123105032274	0.01431014631900504	0.012274717765787214	0.006866103415339581	0.00013999565356911394
-0.04118188586713807	0.8607096267180322	0.02231015688118377	0.8496613864637529	0.0002619063597139418
-0.018265162543597224	0.006861641077288985	1.0920157841350384	0.0032690276747473906	0.021568950319031804
0.0009796402341101414	-0.04215250260843864	-0.0005259813508194655	0.8254121317797342	-4.40386967971826e-6
0.0024650010342227796	-0.0009538031247109697	-0.25481589168542	-0.00032373470026608037	0.44531935165328995
1.0036302378971202	0.013376950675359519	0.0127054760893929	0.006580710213202473	0.00018592314817052994
-0.03872690781319575	0.8558088105269379	0.019742869943575932	0.8661368784480926	0.00029768531730085584
-0.019743508909589973	0.00698657303703972	1.0860883652307898	0.003415754898342366	0.02818179968537216
0.0006592467306478188	-0.029988127187949822	-0.00033348375793150215	0.8265668984941726	-3.5440819152298807e-6
0.002732463003931011	-0.0009971700427533674	-0.26624086397574864	-0.00034328758960545935	0.5230826680208726
1.0048440614288883	0.011616345513731153	0.013166202736476167	0.00575783439416494	0.00029119703061921965
-0.03543306898948868	0.8541973909692784	0.016360829574826583	0.8718267061444768	0.0003732175697024939
-0.023526026516805885	0.007591571763002745	1.0770699269026016	0.00374596368749075	0.04342807107271833
0.0004989277097484143	-0.024775951060440535	-0.00022913985733717234	0.8302196199751617	-3.6330111593850317e-6
0.003326188743447505	-0.001107797971223669	-0.27747986943843866	-0.00037970904040843245	0.6219043734202767
1.0028407121547003	0.010789854029628652	0.014377472049452025	0.004900898015923694	0.0003230097687289364
-0.030342807615870254	0.8538356653661222	0.013590536746950637	0.8193220885803633	0.0003147433527362571
-0.02693277960806209	0.008447784559332289	1.0802609259546494	0.0038167298181965847	0.04394862237209279
0.0004030518039771745	-0.023963957939556385	-0.000179522987083831	0.9672294724278012	-2.8635238650941836e-6
0.003792298421543187	-0.0012264773815518458	-0.2754138776032764	-0.0003815840532614412	0.601598401896464
1.003073535029896	0.006789363661709465	0.012722417693247612	0.002556558550132787	0.00039990541315153283
-0.021833535063451648	0.8599744308035252	0.0075933694229299575	0.7103291983467909	0.0002458266313848309
-0.03502575374915407	0.008633550836477927	1.0780846614173052	0.003233360342426045	0.06216548716602734
0.0003556490600822859	-0.030706370852339834	-0.00012312767968750832	1.2085583420314758	-2.6786722660352563e-6
0.00495982138610989	-0.0012576128111704194	-0.28011362212612545	-0.0003167432967516731	0.6536559807825912
1.0042685920574639	0.005368282091938001	0.012696380251361994	0.0017298222342965186	0.0005282232216684418
-0.017809675939909286	0.8667840588530462	0.005998876769330419	0.625152021814831	0.00025691271049126975
-0.03951636592270516	0.00955227360238987	1.068837599934281	0.003067246960998235	0.08306173244522282
0.0004097229944402883	-0.04455920090341124	-0.0001376781727127508	1.3574209595356768	-3.890487226318202e-6
0.005615161480035789	-0.0013941632494470953	-0.28377597047342806	-0.00029577429221805743	0.7192018428925302
1.007228656119081	0.003702711340088302	0.012333960623431589	0.0010200511927080866	0.0006502330738538675
-0.014272407357480033	0.874912218968982	0.004691599231737564	0.5477560253323688	0.0002543558394143275
-0.04476624035337995	0.01068682335589674	1.0623478139111682	0.002941962944477655	0.10548076947995633
0.0004360018699874164	-0.060512049115925684	-0.00014324925346797038	1.4755260008939548	-5.072091164546461e-6
0.006326932818466538	-0.001548256022370239	-0.28287412568765763	-0.00027889944897862597	0.7428477025033356
1.0084796161200733	0.0013965480401935241	0.01140166757466804	0.00028733484436081796	0.0006861169601261874
-0.010334708048264064	0.8891320742900072	0.0031457836805596565	0.42642733739423766	0.0001942184030593562
-0.04921468606113	0.011037282662602475	1.0590128044697378	0.0022900799256853014	0.12064054726929085
0.0004262600648094095	-0.08431308840464553	-0.00012979421569739562	1.6544260940844147	-5.175087871372129e-6
0.006924947974149248	-0.0015858414348612609	-0.2821785270643744	-0.00021309130446533304	0.7592836096279694
1.0064075348769514	0.002544981119271871	0.014707595825543172	0.0004229237556030918	0.001047108065729845
-0.011254943610652032	0.9102917888510803	0.00432319482519246	0.3487937933168964	0.0003147684180029387
-0.04679261521248676	0.013513553074378837	1.041290459116782	0.0022671887464511663	0.14396400777934024
0.0006887963164844057	-0.12703926961769746	-0.0002656060625005109	1.6503018021830658	-1.2356208553521283e-5
0.006544343628912087	-0.0019242635531597871	-0.28292763042020114	-0.0002068313459882695	0.8600809671641128
1.0095214419898269	-0.0005937820109619373	0.012348227633880009	-6.552940040642034e-5	0.0013687760797697968
-0.007938447387576089	0.9448851087996574	0.0026434946805884516	0.22328393585299144	0.00029804789382405786
-0.05135013583935567	0.013302756511596351	1.0153604243420946	0.001395296238723566	0.22433595878992857
0.0006521385939975221	-0.17515068211126497	-0.00021907270762265866	1.684462409343821	-1.5632017467464014e-5
0.006809331861207546	-0.0017831505513721082	-0.26846907397575503	-0.00011880125150056471	0.9407886557683707
1.0070509429043208	-0.001574921559117166	0.018065116387801436	-0.0001049910919427089	0.0018942232548884376
-0.007386513413844724	0.9766500614016106	0.003493591041439387	0.13717641695816202	0.00037050284961711916
-0.05028933266659258	0.018921899950240392	1.011539847613754	0.0012122902865251712	0.21253489300965958
0.0007548985597571063	-0.21939631069519072	-0.00036071475142663515	1.560228529038685	-2.438901122292893e-5
0.006701917560988568	-0.0025338340327585775	-0.2702634497522348	-0.00010389750833021249	0.9703631938171051
1.005577926111693	-0.0024134884336753162	0.018320390922526863	-6.821176295164141e-5	0.002037922232449039
-0.00697205509478252	1.0339773077816585	0.0032973541921771828	0.05809109680726382	0.0003673875312531043
-0.04963057006582852	0.01928283357134681	1.0039549124381595	0.0005314669423087878	0.22599693179194438
0.0008439282223228779	-0.25592327881765586	-0.00040341998182113516	1.169864506322689	-2.942796043227218e-5
0.00649935057495055	-0.0025118885828578907	-0.26619200846935365	-4.54999592203742e-5	1.0146718040123615
1.008940078146694	-0.004167133116372341	0.015153344832418331	-6.3728004526507e-5	0.001978762209509058
-0.005895978679057281	1.0673687928340554	0.002402730832763591	0.03106337980709513	0.0003126450357389017
-0.05264899704123017	0.017968324359568424	0.9979240134781094	0.00027191709082005904	0.2638180305033696
0.0007259089333940634	-0.2535377343927786	-0.000299114863210498	0.8794945625805105	-2.6199851399686183e-5
0.006701685955745634	-0.0022617988310082993	-0.2572770525381611	-2.3131317278950528e-5	0.9932215558805306
1.0070508829174776	-0.0017290334170179727	0.017447848678059468	-2.2704152793626674e-5	0.0024857967052133723
-0.0076706059809745234	1.0779956092324325	0.003506911792498249	0.025495495183965874	0.0004969382170741041
-0.0497243717534936	0.019197599362574973	0.9845941781516722	0.0002454782132413143	0.2873904812011936
0.0009302177189487698	-0.24332409992275827	-0.00043078399848308377	0.7144751427180694	-4.1614525081272447e-5
0.006113562320369886	-0.002332466995168078	-0.24814628296172064	-2.0399485423801354e-5	1.0373190767672031
1.0072705480058353	0.001098292059471269	0.01889839089725278	9.538710979429806e-6	0.003143101855329178
-0.009934013636846258	1.0939939997277273	0.004925778427773579	0.017448337831009415	0.000812794588640739
-0.04779784448295401	0.020249395955208225	0.9679455256091711	0.00018631746041314215	0.3327237930993495
0.001142390586669106	-0.22016857021361105	-0.000574829670689547	0.4842474445491381	-6.648991756495921e-5
0.005545499582627067	-0.0023187453587644458	-0.23225237102051566	-1.4993958540339154e-5	1.0480485359932006
1.0099089944281312	0.002306410882401199	0.01567331057366672	2.435690380642122e-5	0.0035462447618015286
-0.011620676888027419	1.0958404001754467	0.004939450099762821	0.02051628095259509	0.0011088242531647682
-0.04757595219369987	0.017434406227338488	0.9421724598346606	0.0001893969912086356	0.4417202200826523
0.0013338380829760335	-0.21978944965358269	-0.0005774000664463519	0.48039666996791724	-9.10790743109853e-5
0.00476502168640687	-0.0017247466635962189	-0.1956439355687151	-1.3194919980458793e-5	0.9899036902373295
1.0067564867589038	0.007564302309926383	0.01863372595766228	8.471963206278522e-5	0.0043109947700923495
-0.017212035945681246	1.096745890400632	0.008531867552261282	0.02105177232537541	0.00195794002995614
-0.04094674957122992	0.017540789706420503	0.9270663929330365	0.0002004613198051422	0.4514445831261151
0.00192429475485008	-0.2094515953813461	-0.0009728556388374188	0.40899874478629333	-0.0001577456986830844
0.0037960673214222362	-0.0016087011391849385	-0.18101812643406084	-1.3008553484863527e-5	1.0584156331817467
1.009904685459858	0.006308163581559866	0.01835625939245255	9.09903499480709e-5	0.005330490976260621
-0.015692565453760927	1.0863402196602119	0.007877262014366898	0.02780388332277163	0.002273603487837804
-0.04370688887113834	0.01908538190415917	0.9090068164194383	0.0002824505294961605	0.5485113843791884
0.001814941975701966	-0.2218105728007056	-0.0009330778815615176	0.5050471469203923	-0.00018877193928192385
0.003462624765159128	-0.0014983745451011415	-0.14974529201407247	-1.55686046315732e-5	0.931380964261729
1.003530874888349	0.01325814809451778	0.027364858043798138	0.00021104797284821476	0.0074590513674999415
-0.018861425836801338	1.0722297568214418	0.013441077120179641	0.030608347514380196	0.003648997475066834
-0.03697015479583168	0.02295597451368689	0.8923098590210133	0.00037566599982704523	0.5194712725156028
0.002204839570115173	-0.22404198055416244	-0.0016141827366602237	0.5365082432938345	-0.0003020165092495683
0.0026635893076099315	-0.0016439134781285197	-0.13742663499320282	-1.856516166201744e-5	1.0741464166637555
0.9991948523065871	0.016758614997882858	0.028694281893116708	0.0002547702916335906	0.006584841899403504
-0.021395987592857352	1.0742984735613559	0.015919300437860426	0.02901137595243	0.0036360367240125258
-0.032381504969153554	0.020879783920664485	0.897266952200658	0.0003254245121771526	0.4478386086776189
0.002487011254769058	-0.2214251021481139	-0.0018972659880034243	0.5131335201633983	-0.0002970120750108579
0.002510300546892802	-0.0016087772474881884	-0.1514043901274571	-1.7202475231851283e-5	1.2184409541655006
0.9948163873142246	0.020532474537894266	0.029634996209636832	0.0002623282203157167	0.005512689847245511
-0.02399094216912481	1.080345209288309	0.018864468992394717	0.023953687241989374	0.0034878097192224122
-0.027753878079141047	0.018816534046562316	0.904064345820617	0.0002457383117710737	0.3711336813782682
0.0027306660643672126	-0.21322816524473934	-0.0021954381063072487	0.44669258049642996	-0.0002791619380148047
0.0023425719649024235	-0.001577370981078005	-0.1684939614711103	-1.4175665526744235e-5	1.3557446875762202
0.990700702578296	0.023521455069872833	0.036479235186938574	0.0002890619466935757	0.00549269267564001
-0.02153451083115309	1.0706653016049403	0.02027812203210949	0.023211238554332516	0.0030381051777008117
-0.02717495167078754	0.021913752587788132	0.91369372439511	0.0002750474011418754	0.30425588072566656
0.0024928690414509364	-0.21836503741525937	-0.0023978564088825705	0.4917035109832678	-0.0002445303972079399
0.0026024018879062805	-0.0020861592475500124	-0.19365771129397702	-1.7836264715107714e-5	1.4140406993654553
0.9922540517749008	0.023548983192540132	0.03124731116031565	0.000348744546597344	0.004085526894685998
-0.025372233491631813	1.0732292680326472	0.02164840090625353	0.02810060291082403	0.002816574699656793
-0.02534982972820965	0.01830127046452218	0.9288569574937973	0.0002759636607718753	0.2669286015687886
0.002947536436526576	-0.22034688785556805	-0.002561217551657391	0.505470511801199	-0.00022677340946047897
0.002652430579558107	-0.0019048280615303614	-0.21368865892875588	-1.955304695869242e-5	1.4088106855767277
0.9930454902699016	0.02564982397669523	0.02883463716824136	0.0004299680248270473	0.0022751389376919895
-0.030022930737263077	1.0742995133942692	0.025860228178457123	0.03175399470520779	0.0020318121875695927
-0.022681751426608568	0.016121280766470902	0.9685560605796839	0.00027339076964297705	0.16337972484682828
0.003479437178301575	-0.2195801627806431	-0.0030314152122993265	0.4992646755199078	-0.00016375900208814853
0.0029042731701633823	-0.002055841393494663	-0.26505849890636596	-2.396601249805136e-5	1.3154304692542165
0.9955508087134546	0.030653361737440266	0.02830055097519477	0.0005812303101949967	0.0010547069272763103
-0.03640332590834055	1.0724602533612828	0.035777691655432986	0.03559720635307872	0.0013313669925996549
-0.019743042184639802	0.015558910948561652	1.0119037927103391	0.0002965894952676174	0.07606976632242277
0.004179760841599912	-0.21570963335869547	-0.00412682614409899	0.47239966009590123	-0.000108520643180441
0.002848249986747209	-0.002241280028484255	-0.2939887479146852	-3.0169921663041055e-5	1.0198785722104988
0.9980027942108984	0.029399678363277615	0.03077225986766291	0.000670068026591239	0.000990276315603729
-0.03494979251066989	1.0644271872561553	0.0346344462795225	0.043332166907640725	0.001114192358679128
-0.02269151992956886	0.017907955547737497	1.0266254914390374	0.00040979295276304594	0.06451222703832016
0.004080808901957699	-0.2221120620871921	-0.00405880007622933	0.5310666243485764	-9.265025038198565e-5
0.0032915134778090382	-0.002597053564535573	-0.2905365151299962	-4.215111000912056e-5	0.8656481806516336
0.9974421499296056	0.029453884245797424	0.029927277062981705	0.0006516903259200651	0.0005790916465585674
-0.03565534277728588	1.0667906279403239	0.03525884491910776	0.04198153339774172	0.0006818336885355378
-0.021974574366921906	0.01711509917272236	1.0505105811442434	0.00037881326779234253	0.037657421180255155
0.004150167483093711	-0.2209889486829153	-0.004103513308095382	0.519316348439866	-5.764288956457196e-5
0.003137478578711994	-0.002442367310227872	-0.2775768191693955	-3.924858372423776e-5	0.6522906968087192
1.0009879446944605	0.028332930907843862	0.033781223471315715	0.0006820628296456176	0.0008826895190873611
-0.033056127949372294	1.0598754787561142	0.03376636233563424	0.04582245634254856	0.0008826626975391716
-0.02651301273720763	0.02145441502701706	1.0431791338368162	0.000517874336914137	0.05095946641511355
0.0038664436629568533	-0.22268953352132387	-0.0039599641715528655	0.5410032446673687	-7.466466006491451e-5
0.0037910001108376057	-0.003069118432723006	-0.2787945823832398	-5.342921991346311e-5	0.6811484387326732
0.9993927470870693	0.02883022767252922	0.03959545533490968	0.0006795606520454177	0.000984428726515085
-0.028431333475880838	1.0504438185060938	0.031543074177989405	0.04525364690432952	0.0007851453985459056
-0.0292703661697008	0.025738599567196707	1.0447936119437282	0.0006087505354497313	0.04803782742902537
0.0033712356254989306	-0.22755200920973967	-0.0037529397203376336	0.5940450388837499	-6.719240405122368e-5
0.004162195547972147	-0.003663784518168567	-0.2748342026199865	-6.234063884535263e-5	0.6409417738382872
0.999491412054534	0.03093769522618533	0.038890047532678815	0.0005427158742508441	0.0006944007128835603
-0.031118519051780313	1.0641821120583905	0.03529721613597997	0.03262677695658489	0.0006300594419621497
-0.02740959547436239	0.024596498858455496	1.0550132637346166	0.00043208919089497005	0.03373423231638793
0.0035445537399853844	-0.21185691956239877	-0.004026220093790056	0.45107510620618596	-5.341956774048556e-5
0.0038035532562745167	-0.003412178649162434	-0.26216601596242484	-4.455420400597404e-5	0.5261252821076684
1.004496988783447	0.027327930831666784	0.03732248057830437	0.0005370149677647964	0.0006563358209587542
-0.030607811981367417	1.0632903228367916	0.03308116428880037	0.036645468459977855	0.0005817697908835871
-0.031422007185021306	0.026824092288520895	1.0650557601008552	0.0005277301578115665	0.032602515928964994
0.0034870969790406214	-0.21237854780159593	-0.0037732055589539404	0.45608462030860325	-4.9863485136686717e-5
0.00423141575419439	-0.0036120571844594496	-0.24972485106785847	-5.3408032276327025e-5	0.4384302792183829
1.0028128757469785	0.028825778256034017	0.03923623833038675	0.0006750625477633175	0.0007474441535763828
-0.030060440325892612	1.0531918293562235	0.03382106845198918	0.04446808124329531	0.0006451659392063061
-0.03053888870070931	0.027096066242417782	1.0581524182859483	0.0006358661261181842	0.03570141451658919
0.0035164351876916244	-0.22204165372270823	-0.003964444257450295	0.5418565022706568	-5.578025805719547e-5
0.004186961963279667	-0.0037197196793977705	-0.25701130989762916	-6.439434422323559e-5	0.4893799066772607
1.0049821764408522	0.021750764746619716	0.04043162817700953	0.0004287153267343172	0.001321142675909312
-0.0222487784569374	1.0522874110568248	0.024059359924512802	0.03764730854487306	0.0007865376100341104
-0.03834841815868911	0.03319990996058142	1.0488118844750445	0.0006585247486085369	0.06285343855603032
0.00261022366572064	-0.22342399182596212	-0.002837189440480503	0.5528104789944475	-6.727307738993091e-5
0.0053957316347447715	-0.00466944005675185	-0.27089968510477175	-6.723014327741222e-5	0.6098204661353215
1.0037673190238785	0.0234117776989217	0.03785081220692805	0.0004819454726130998	0.0008782204236732613
-0.025427120679829607	1.0572625173507428	0.02627000532045337	0.03919500863197199	0.000609488887065468
-0.035048997225117895	0.028745959287084344	1.0611501279612818	0.0005932821575595701	0.04388119307155988
0.0029710263792744884	-0.22214434407730144	-0.003076480320347602	0.5373816709560698	-5.250907345258522e-5
0.00483721863532971	-0.003965131982591019	-0.2611893966785417	-6.023304900574025e-5	0.5163197383816313
1.0062389858257232	0.020733447141038527	0.03309274257938457	0.00040104832640781976	0.0009954242597312252
-0.026249222949935105	1.0668457840850905	0.024256421848723897	0.03648888520092938	0.0007286370528737512
-0.03599033997096973	0.026539583806622413	1.057156886522516	0.0005148013529046955	0.05782662645487807
0.0030159908084834795	-0.2164671411544856	-0.0027943069347765165	0.4830442295023351	-6.169031471443473e-5
0.005037641929460268	-0.0037078352387973496	-0.26925009895229396	-5.2884925618380124e-5	0.5844091238884
1.0055543726506107	0.01758732073471457	0.03291705227368298	0.00034320767087295647	0.0008740125030821146
-0.02236435864626682	1.0635650501550156	0.01985166894171861	0.03740931035092791	0.000526344968270847
-0.038824212888121434	0.027445849033161496	1.0676219230276944	0.0005367083482709367	0.050525864153061296
0.0026164264223580286	-0.22372880235018203	-0.002325736987369431	0.5440201778309661	-4.531813132508354e-5
0.005358756504538265	-0.0037790309441388392	-0.26284490890823864	-5.43511272313342e-5	0.5234148961644657
1.0089506841245446	0.013646068408323608	0.026783233748444463	0.00028177760340143687	0.0009440377100217827
-0.02184570988272383	1.0695118557970973	0.016225512077658988	0.0397587726209048	0.0005705875184169942
-0.041463830530014255	0.024605305262051257	1.0659951029484214	0.0005091411693914916	0.06803648179620897
0.00255339733817056	-0.22449146512344578	-0.0018992676081912019	0.5451602383935472	-4.8766815344299455e-5
0.0057753609254012316	-0.003415146503689556	-0.2690413433932654	-5.164055755198628e-5	0.5772532605753221
1.0098635778346758	0.01198827375185546	0.023705499682670994	0.0002444514873735648	0.0011826321966155835
-0.021692139418543865	1.0742692876871036	0.014396278490133963	0.039258695548654174	0.0007159386083182727
-0.04191580042942236	0.022393082820056198	1.052228186834029	0.0004582394296710132	0.09830455944413509
0.0025277832831310243	-0.22382817973334762	-0.00168279825719711	0.534831238966031	-6.0355473911070327e-5
0.005911420674358299	-0.003143895994055193	-0.2780776170479269	-4.6439078986094257e-5	0.6970254962334002
1.0082687545078062	0.015396446381171547	0.028443261117992613	0.00034127929365140863	0.001326107790502462
-0.0228542185315721	1.064926185746451	0.018013436172802932	0.04275867881699985	0.0008384983567299165
-0.039846038996854016	0.025229845935920037	1.047134957614855	0.000561890645685327	0.09168775582995843
0.0026841366780596676	-0.22605490674055506	-0.0021245385449104037	0.5641007074476105	-7.095066727220989e-5
0.005640042540451917	-0.0035616844405502723	-0.278558989284469	-5.695349876681105e-5	0.7043135155603458
1.0101913335102388	0.015422783424222208	0.026545794076076823	0.0003662233241113477	0.0012225887170529137
-0.024862049129395852	1.0671161762339925	0.0188813404595057	0.04562840598639121	0.0008682001453489416
-0.03955868990564482	0.024077589645863817	1.0501265548975394	0.0005739879452107549	0.09026589960917097
0.0029033147567782414	-0.22402493911992233	-0.002213014088828367	0.5451097681567105	-7.339305351314047e-5
0.005579619966007421	-0.0033878441031192086	-0.27661201839250793	-5.8286939310092656e-5	0.6780483898435522
1.0118681273669805	0.01502368245452601	0.024463292951313165	0.00036814352250266746	0.0014208983697022587
-0.026523534870409746	1.0705973568061395	0.019108628691360624	0.04686055760831604	0.0011077253761402062
-0.039147420892611196	0.022709884266305796	1.0391926282784953	0.0005593683723582685	0.114937100844764
0.003074286274135793	-0.2213776078149976	-0.0022260710736748124	0.5200453861769717	-9.26599410688983e-5
0.005517531349071569	-0.0031924110231494884	-0.27905797545878325	-5.649179647591179e-5	0.7488774212740877
1.0125356442132578	0.01698977290825332	0.02385546180693096	0.0005299749203225568	0.0012406871683718484
-0.03163437992360846	1.0661200722976283	0.023328170292989836	0.05989205845801328	0.001212463610898884
-0.03539911294395992	0.02087330591488948	1.040577537749961	0.0006539959112723251	0.10270677798043942
0.0036867822800009838	-0.22366010746670761	-0.0027308975242828215	0.5468609715425627	-0.0001016988925216511
0.005003215684767748	-0.00294756000645352	-0.2792001299271005	-6.618694122150631e-5	0.7336791407433728
1.010246461508903	0.015091586421843273	0.024537436571465468	0.00040973872995300753	0.0017379085773445956
-0.026094008376705016	1.065346720705355	0.018510504572537542	0.05258531011739767	0.0013092078669370531
-0.03806321052777789	0.021835552654892003	1.0240336944991806	0.0005970780852975863	0.14175908159264905
0.0030720114816668014	-0.2277354110970044	-0.002194720885570295	0.5817767571075418	-0.00010937654902163155
0.005328212485487038	-0.00305008658163497	-0.2803320044795002	-5.880139299864126e-5	0.8535873715878847
1.0120657832521756	0.015359397603460723	0.021639544731304597	0.00042424329392588833	0.0019672083188329442
-0.030777093875833317	1.0734648941314613	0.02035594534460938	0.0527975787347594	0.0018463797429610794
-0.035220545110722395	0.01898137272042	1.0058725219111702	0.0005290040887917979	0.18308352555809249
0.0035595951090638843	-0.22096792492498507	-0.002375757686448047	0.5153743861363627	-0.0001518918943957735
0.004796895494893705	-0.0025785427256250354	-0.2743842573632249	-5.066848566535366e-5	0.9420152901212896
1.014602683611632	0.01443785574418166	0.019879493089789594	0.00042988131086039993	0.0015836543043963834
-0.03255273307064259	1.0754620947526157	0.02060507669589333	0.056763757303172416	0.0016378098397412735
-0.03571527500090843	0.01830015393266635	1.0201555567782392	0.0005486603027345773	0.15953488606868807
0.003743639543989382	-0.21916486179287767	-0.0023862877248467113	0.5000242733962279	-0.0001350428722407017
0.0049500990042732895	-0.002530145277459414	-0.27763651387447363	-5.4019412546003204e-5	0.8594800979865556
1.0156568197673432	0.012355233915094826	0.01538192940756436	0.0007766811798650686	0.0010273982144022586
-0.03734838734630813	1.0502597501425321	0.01955695919256789	0.12479575736079385	0.0013084531170981933
-0.03220729171428899	0.01337233380940972	1.033594338475762	0.000844319679692819	0.13400488990594533
0.004426114155645006	-0.23527356620747006	-0.00232781799348733	0.7256425006994145	-0.00010813985814446536
0.0045162910390300764	-0.0018783477811104565	-0.2813239546494827	-8.234618060717902e-5	0.8267578840466138
1.018832331220401	0.011744290534180102	0.014847129667850262	0.0007848982496187823	0.0011531083805604372
-0.03785778895192862	1.0499815830014663	0.01986372566567543	0.13209497409051635	0.0015458948706051356
-0.03389812321437151	0.014136861612644075	1.0288438990754667	0.0009500396720574927	0.15519129120443348
0.004462789042162633	-0.23299423457872115	-0.0023546006895021065	0.7011368852554966	-0.00012761495126487749
0.004704278710842821	-0.001965884312093609	-0.2773078885713961	-9.2005974838473e-5	0.8139172254454603
1.0180744932412698	0.014652032288084392	0.01918296666968459	0.0012063047221790406	0.002055528490242084
-0.03553572132424726	1.026524563831964	0.02333132270708424	0.16420623832670805	0.002515777796731622
-0.03473111862762836	0.01820845049182281	0.9987234387334115	0.0015161911054712152	0.214131684914735
0.004178847912852092	-0.23450398251065643	-0.00277503332311764	0.8099714238529169	-0.00020337493119404818
0.0046461670901469	-0.0024509932089847586	-0.2673660289934788	-0.00013872754163835044	0.907916401805945
