-0.02381839402993	0.003330992592921252	0.0011617804335660503	0.0	0.0
-0.03904413409846072	0.11087398919955702	0.004370080779328667	0.030722837934710034	0.0
-0.01743119704557809	0.0012609067762481062	-0.0008279779692006163	0.0	0.06889082059306242
0.0	-0.32070508005303416	0.0	-0.69930416772491	0.0
0.0	0.0	-0.18780464654203244	0.0	0.5069948636131315
-0.019775481104248066	0.003240045927998497	0.0007971754239810611	0.0	0.0
-0.04370881546585523	0.1163773260546899	0.004701908975897178	0.03081256628067396	0.0
-0.016588479106501814	0.0011532775758945782	0.046912402129541654	0.0	0.0396381702013855
0.0	-0.3271380438018725	0.0	-0.8538894600395935	0.0
0.0	0.0	-0.24547583233200404	0.0	0.2364335830517439
-0.01422252439819531	0.002488887144666905	0.0003553696664833292	0.0	0.0
-0.049596950056271044	0.10897184877165392	0.004109195408454856	0.04586166077366035	0.0
-0.01601753493580398	0.000857668778428089	0.09092682745085552	0.0	0.020521731869075622
0.0	-0.31698654353124955	0.0	-0.6373632217232437	0.0
0.0	0.0	-0.2972781735268023	0.0	-0.266554570250062
-0.004921940306446035	0.00208642897167858	-4.412540424046871e-5	0.0	0.0
-0.0593573664101288	0.10630847697062333	0.004297414165602914	0.06692882332483853	0.0
-0.015176073553565848	0.000710091162080193	0.10790822125010811	0.0	0.015804406039640055
0.0	-0.31313634195291296	0.0	-0.5857939774392624	0.0
0.0	0.0	-0.3175305097135802	0.0	-0.6155533328122453
-0.0017639369805670792	0.0017863438683789993	-3.9627104222799396e-5	0.0	0.0
-0.06195738674490511	0.10733748912532347	0.003932835588001733	0.07309968614064846	0.0
-0.015697670347164933	0.0006439764732853184	0.11705988013790661	0.0	0.013648037225970277
0.0	-0.3139581505357612	0.0	-0.6092180572935761	0.0
0.0	0.0	-0.32809934204771635	0.0	-0.8622387347420631
0.004418226262466532	0.001467505585565643	-0.0003744611080300348	0.0	0.0
-0.0698146859064614	0.0999799935599842	0.0038764443304905635	0.10683443791124425	0.0
-0.013590139532205081	0.0004876775640177998	0.1225338362108898	0.0	0.011858611060153517
0.0	-0.30452045511691406	0.0	-0.4807190254104069	0.0
0.0	0.0	-0.33419479808944125	0.0	-1.0327938816271252
0.006851851230318547	0.001205153096184535	-0.00021034500655860744	0.0	0.0
-0.07096064116622675	0.09277066174375563	0.0033288347347410906	0.13621763119711874	0.0
-0.014961699696106672	0.00045360489694308976	0.11439741489625747	0.0	0.016877688965275382
0.0	-0.295458870642964	0.0	-0.37840878951155427	0.0
0.0	0.0	-0.32382997554027293	0.0	-0.7586284668752009
0.003758116291860888	0.0013628151426045001	0.0002193394533924781	0.0	0.0
-0.06393469002624275	0.08389450606759583	0.003269082820767054	0.14387174674640354	0.0
-0.019514070085924554	0.0006448509102270177	0.11844298977531091	0.0	0.017304223949445658
0.0	-0.28511510056383266	0.0	-0.2534397905621408	0.0
0.0	0.0	-0.32920710736839615	0.0	-0.896263140593932
0.007141458782419132	0.0011605537366101502	-0.00013689642514746314	0.0	0.0
-0.07054851297183512	0.07143989142399586	0.003197484319502552	0.2025217787397206	0.0
-0.015745000214808142	0.0004611957828545837	0.1153446392736535	0.0	0.01723769991455437
0.0	-0.26962130553383795	0.0	-0.1585120130361419	0.0
0.0	0.0	-0.32489263981338357	0.0	-0.7848923598576703
0.005955760719049976	0.0013604537583655181	-6.315713278595306e-5	0.0	0.0
-0.06867642267317627	0.05436235694124664	0.0035933534752792965	0.2515736531873526	0.0
-0.01656197166080631	0.0005600494952168829	0.11363182064448116	0.0	0.018061669201274503
0.0	-0.24931102481695283	0.0	-0.04679150490540319	0.0
0.0	0.0	-0.3234610419106845	0.0	-0.751229558905619
0.010515241858785202	0.001186517694553692	-0.00039043783457085263	0.0	0.0
-0.07565572743883917	0.04494930242062087	0.003682085624268417	0.33689364504704516	0.0
-0.013668681358627862	0.00042993300757466406	0.1088374540868908	0.0	0.019366547423106888
0.0	-0.23758558769483493	0.0	-0.06883392501226922	0.0
0.0	0.0	-0.3173541325499083	0.0	-0.6161470922289107
0.01301729641814195	0.0013025208576409764	-0.0004840856731986084	0.0	0.0
-0.0781665349147188	0.000643534895310688	0.004345829011039661	0.6218547144446138	0.0
-0.013572263804682282	0.000487670139570322	0.11426885622525411	0.0	0.017392090824577325
0.0	-0.18420830056716048	0.0	-0.14730210788738174	0.0
0.0	0.0	-0.3247015939338927	0.0	-0.7803916028539458
0.01505302347517197	0.001331927068205126	-0.000581206371893321	0.0	0.0
-0.08046921543068676	-0.07539135794862932	0.004741909269731028	1.3049680850931957	0.0
-0.013200075267046989	0.0005027151551439094	0.11661300191456896	0.0	0.016554052583818746
0.0	-0.09231662782368923	0.0	-0.720068147295637	0.0
0.0	0.0	-0.32794736027985955	0.0	-0.8617467555462348
0.00862410129309435	0.001572136100047567	0.0003679878238740353	0.0	0.0
-0.06689585582315384	-0.12261453207272609	0.004195316115397847	1.4202559779370012	0.0
-0.021499208154797375	0.000871384916203085	0.11293832390802798	0.0	0.022987008088886922
0.0	-0.035889757305794724	0.0	-0.7644531173521624	0.0
0.0	0.0	-0.3240164422756703	0.0	-0.7705018911753487
0.0037255488088595995	0.0020089732722497074	0.0013293740648230629	0.0	0.0
-0.05409495677648723	-0.14114637101746108	0.004169381747891403	1.2611534904936101	0.0
-0.030602239623952955	0.0015243692923030297	0.11197659045889495	0.0	0.02749282131662566
0.0	-0.014691368446982754	0.0	-0.5432515512234188	0.0
0.0	0.0	-0.3240920469251016	0.0	-0.7777732160077508
-0.002849387831778405	0.002488802218707702	0.0020604905368990386	0.0	0.0
-0.04478138832050428	-0.14627936202595734	0.004141626442927152	0.9864739887912145	0.0
-0.03392563946004169	0.002027792493060041	0.10804599282465402	0.0	0.02850994544632501
0.0	-0.009585437324306698	0.0	-0.20461389656472395	0.0
0.0	0.0	-0.32027187892198233	0.0	-0.6903378703040368
-0.0055492962556448885	0.002463171929810703	0.0029636125355618605	0.0	0.0
-0.03341861271951812	-0.1480244283934828	0.0033184184690112873	0.7800054307535881	0.0
-0.04381241252350931	0.0028116548042292078	0.10824782012539638	0.0	0.03267847992210355
0.0	-0.008283674836275927	0.0	0.04667941761278582	0.0
0.0	0.0	-0.3205872603758252	0.0	-0.7024298477091393
-0.005753717503521716	0.002504091368241985	0.0034695116421804392	0.0	0.0
-0.029241171024152805	-0.14765871605847727	0.0031501815948418795	0.7069492012171267	0.0
-0.04831099832447246	0.0033636355842659657	0.09754410789307565	0.0	0.04458993291121947
0.0	-0.009364275153752443	0.0	0.13366811001976608	0.0
0.0	0.0	-0.3080905973270262	0.0	-0.4685964937896801
-0.005939930603894513	0.002123687955310997	0.0038288530894062048	0.0	0.0
-0.02235686174591233	-0.14625095035229957	0.0024234099615166945	0.5802048118972095	0.0
-0.055889664383589346	0.003915341490321501	0.10318846022343219	0.0	0.04355061867152073
0.0	-0.011210759599463768	0.0	0.284602431346072	0.0
0.0	0.0	-0.3143954999756506	0.0	-0.5850198719527534
-0.003163831543889328	0.001712918960993079	0.003994692810648385	0.0	0.0
-0.01801949777022083	-0.1425164909186782	0.0019684644425701056	0.5142814172497848	0.0
-0.06383546618246676	0.004506807657357762	0.10498245447919229	0.0	0.04850158688070497
0.0	-0.015877641082385027	0.0	0.35834245735881654	0.0
0.0	0.0	-0.31616182942557813	0.0	-0.6266112712913692
-0.0027131554659589885	0.0015809168752585442	0.004039462921644236	0.0	0.0
-0.01674258375356112	-0.13926138416138698	0.0018361991100927801	0.48283973048881595	0.0
-0.06577292964770785	0.004661938889287823	0.10371666774875496	0.0	0.05147417137172421
0.0	-0.019824948006505902	0.0	0.3911985674561847	0.0
0.0	0.0	-0.3145105324267631	0.0	-0.5968781335527268
0.003666401781023273	0.0009521979502289396	0.0035191945625833864	0.0	0.0
-0.013591438704915713	-0.13549046435206102	0.0013285912386876851	0.4619004710799609	0.0
-0.07632682143754224	0.004821978032903844	0.09218182084684733	0.0	0.0859065198220076
0.0	-0.023818968473479855	0.0	0.4111884417458413	0.0
0.0	0.0	-0.29918639114230383	0.0	-0.37379691746213217
0.00022833790476205207	0.0011440230459421493	0.005000955359709063	0.0	0.0
-0.012133228810959861	-0.12835292908368195	0.0016352448968426346	0.3775154823863113	0.0
-0.07420747797460665	0.006463625474795591	0.09644202943055773	0.0	0.0678338483530025
0.0	-0.034430557558518655	0.0	0.49852590273388	0.0
0.0	0.0	-0.3067171334355589	0.0	-0.4728397198838277
-0.0013291046450497749	0.0014044975452895472	0.005767217777339578	0.0	0.0
-0.012371429315279719	-0.11646333089556954	0.0019064111894702433	0.3422277406435463	0.0
-0.07223135290255957	0.007193571206782205	0.09726621940883072	0.0	0.06167576523955919
0.0	-0.04989369101851636	0.0	0.5182519503736039	0.0
0.0	0.0	-0.3090987622007557	0.0	-0.5071403155548267
0.0007913428174596837	0.001287873471048538	0.005818599348179009	0.0	0.0
-0.011993506022493605	-0.09492599663188431	0.0018868657743170815	0.3002694787792973	0.0
-0.07498244567987504	0.0076238887134287975	0.09614284329639228	0.0	0.06780235101320246
0.0	-0.07626044169837413	0.0	0.5250648889016228	0.0
0.0	0.0	-0.30778236201933085	0.0	-0.49124713240722795
0.005695019667355569	0.00038404765868275595	0.004963586736769445	0.0	0.0
-0.00919525599121967	-0.061039959801972736	0.0012777807138745427	0.21374774282460327	0.0
-0.08351993565941089	0.0075007510757543324	0.09859166218266041	0.0	0.07894096878244983
0.0	-0.1160446172726223	0.0	0.5488539852242597	0.0
0.0	0.0	-0.30877733144575803	0.0	-0.5222665822270739
0.006099470130256495	0.00031784570860279073	0.004848692567215041	0.0	0.0
-0.009002987779779724	-0.03473717426396767	0.001226800987679082	0.17003423956882427	0.0
-0.08418054259620812	0.007413465559599618	0.09023721474014888	0.0	0.09602683964334931
0.0	-0.14767927144236984	0.0	0.5204037262288999	0.0
0.0	0.0	-0.29845800447368215	0.0	-0.37515115940668387
0.007850274287830805	0.00036671814121753835	0.004879625245350881	0.0	0.0
-0.009301818216930106	0.018898461555600293	0.001299676371440703	0.10343262392360553	0.0
-0.08576146145469672	0.007744290683297874	0.08143983259383257	0.0	0.1205956468172132
0.0	-0.21294722409834105	0.0	0.35358797900707656	0.0
0.0	0.0	-0.28796572069005005	0.0	-0.2617845156554215
0.017481575872518113	2.204917334994879e-5	0.0033767673992392507	0.0	0.0
-0.008671985202125504	0.05655682260275513	0.0009606029258277651	0.07437130192418717	0.0
-0.09702866311964986	0.006946203810194927	0.06596000753946346	0.0	0.23061976597757583
0.0	-0.25722645266966926	0.0	0.10599236433436178	0.0
0.0	0.0	-0.26680230639621494	0.0	-0.1670278876464085
0.018708445167958634	-0.0002683228975847087	0.0032633385780515027	0.0	0.0
-0.007456939248721807	0.08303359397825727	0.0008164982441837059	0.044125985193199865	0.0
-0.09974683309894788	0.007058555982438209	0.04178321794266133	0.0	0.3460079256785021
0.0	-0.28902225171253515	0.0	-0.18098025370844434	0.0
0.0	0.0	-0.2372342283489174	0.0	-0.07811597369919715
0.01624495422647408	0.0001868385032630556	0.004066997717185365	0.0	0.0
-0.009264565500019974	0.0930947422105843	0.0012103084722618876	0.03877891246821623	0.0
-0.09500350542426464	0.00802107809419865	0.021454046599725777	0.0	0.40089744623047646
0.0	-0.3027513882407722	0.0	-0.3698002667685341	0.0
0.0	0.0	-0.21426625887819833	0.0	-0.013035359261750477
0.015582027508614482	0.000415913080581009	0.004936378307826254	0.0	0.0
-0.00992786844184677	0.09351032098882633	0.0015578312099703878	0.03852312696035559	0.0
-0.09352712140465502	0.009484709896028417	0.0004089084243646957	0.0	0.4879472933320324
0.0	-0.30508796842046504	0.0	-0.4074905840917269	0.0
0.0	0.0	-0.19045675336416162	0.0	-0.010142960193347816
0.013056426198918404	0.0012053170303180478	0.00589265191186057	0.0	0.0
-0.012450796661286154	0.0912312320954861	0.0022527670114941157	0.04365233956860336	0.0
-0.08790707352838713	0.010279335881746588	-0.0354916449430313	0.0	0.6165809760771708
0.0	-0.3041073749400532	0.0	-0.39755432513157646	0.0
0.0	0.0	-0.1492822515188764	0.0	-0.024048640344188636
0.012487685689800297	0.0014169740469002225	0.006079697043081721	0.0	0.0
-0.013171471765337874	0.09666767568903147	0.002443243675946106	0.03959082325159041	0.0
-0.08646905093973646	0.010366096982771581	-0.06062165086842395	0.0	0.743970256526088
0.0	-0.31102209355964894	0.0	-0.5128067553924723	0.0
0.0	0.0	-0.11941724294773179	0.0	-0.09984844093510037
0.005278934941811932	0.0035593135684539355	0.008059409855854219	0.0	0.0
-0.019833065903270653	0.0973815990867936	0.004633351054741259	0.04256850030509711	0.0
-0.07103784836395453	0.01072549260326444	-0.0893902544120995	0.0	0.6643084296595161
0.0	-0.3147810944897978	0.0	-0.5885404133209959	0.0
0.0	0.0	-0.09026124521352602	0.0	0.058959836854518666
0.002674261911427944	0.004952849764594085	0.008961924320482055	0.0	0.0
-0.024457115220540795	0.0956459000249314	0.006458694509055986	0.04734939821277999	0.0
-0.06295581741316485	0.01074477877323288	-0.09800258934859263	0.0	0.6017527286133736
0.0	-0.31433643206671064	0.0	-0.5855137250386608	0.0
0.0	0.0	-0.08354160587387799	0.0	0.1474269433285349
0.003672137593751526	0.005782656771845749	0.008694853157104276	0.0	0.0
-0.030484810507099364	0.08979311013437334	0.008323019028234645	0.0645215118113309	0.0
-0.057235077526705994	0.010099078789852585	-0.10041099027786034	0.0	0.5781178627169986
0.0	-0.3075412382884058	0.0	-0.4805685020911401	0.0
0.0	0.0	-0.0828243244765934	0.0	0.17733507010500493
0.003493701194077922	0.006296814512904625	0.007763296125446035	0.0	0.0
-0.037577782483831736	0.09008229326051342	0.010108770216871543	0.07547149679215133	0.0
-0.049020889315041144	0.008522567695031088	-0.1061596564914743	0.0	0.5303646314940641
0.0	-0.30680736001866316	0.0	-0.48115886969686106	0.0
0.0	0.0	-0.07708235894080255	0.0	0.24559155811125533
0.001480602199674802	0.006825348953454672	0.007362988546969408	0.0	0.0
-0.04088082606972025	0.09055286361007536	0.01124251441854617	0.07571975415859507	0.0
-0.04308058113061941	0.00765680242285579	-0.08695596534066037	0.0	0.3971867148437255
0.0	-0.3070698984994432	0.0	-0.48596528865427835	0.0
0.0	0.0	-0.10131150273294615	0.0	0.35947423388443545
0.0036487947588316884	0.0070044445495515105	0.007220393143897005	0.0	0.0
-0.04377194756757505	0.08369296138100986	0.01242160222621817	0.09600722211480354	0.0
-0.042188329614241064	0.00773742006305515	-0.08823739086920553	0.0	0.4087075820004145
0.0	-0.2990709989311845	0.0	-0.3821967619385414	0.0
0.0	0.0	-0.10118491583156151	0.0	0.345814453002828
0.0036211389689394385	0.007786299153111658	0.006578307741323531	0.0	0.0
-0.04920626360480001	0.07583344138645778	0.01500109874889069	0.11980643889807581	0.0
-0.036014503179805896	0.007095813729690737	-0.0751290988829567	0.0	0.31956088783215697
0.0	-0.28979741259247827	0.0	-0.2823986338866284	0.0
0.0	0.0	-0.11970211939817527	0.0	0.41243648181118003
0.008696088116380854	0.007149294492232675	0.005218928384278019	0.0	0.0
-0.056496034130701554	0.05929213319769389	0.01650374047067066	0.20352673879093575	0.0
-0.0333351436545209	0.006293450943007849	-0.05717616205293123	0.0	0.28607650315581923
0.0	-0.2681905436700943	0.0	-0.1461518739725328	0.0
0.0	0.0	-0.14165324617689443	0.0	0.3969913917115395
0.011773869613214319	0.007054531850221156	0.0032424618760993466	0.0	0.0
-0.06551964880968819	0.047345000194826986	0.01941585787472681	0.2930929879613841	0.0
-0.02650692223292085	0.005076523776562117	-0.009972398173824339	0.0	0.15779240865410427
0.0	-0.2523312041961278	0.0	-0.11976274443420766	0.0
0.0	0.0	-0.20006645518164776	0.0	0.34811871347583284
0.014188891620720399	0.006407778718371818	0.0032850146298548533	0.0	0.0
-0.06656821926747547	0.01290213026600498	0.018671053104854222	0.5053132597436532	0.0
-0.02796818890971209	0.005069770690912836	0.02264242207532916	0.0	0.1177029918791754
0.0	-0.20991714165223033	0.0	-0.11743888967186222	0.0
0.0	0.0	-0.23852458117607334	0.0	0.18943451966470387
0.01844534095487471	0.005517498623818847	0.002429776437231152	0.0	0.0
-0.0719580994259469	-0.04539376513281303	0.018783108741642126	1.0998893314031577	0.0
-0.026539650233279154	0.004477185421319522	0.0543710152844574	0.0	0.07805397591764494
0.0	-0.13774764983527643	0.0	-0.5764779322655619	0.0
0.0	0.0	-0.2758931786677838	0.0	-0.07208589668581127
0.013770721811956611	0.006337761731697677	0.004351517214727147	0.0	0.0
-0.0620791136662234	-0.1195948822775986	0.01724867293967915	1.5117189300969613	0.0
-0.03258485996796461	0.005851243019324555	0.06023245273269398	0.0	0.07393791531355626
0.0	-0.050454087995026035	0.0	-0.8967776207923399	0.0
0.0	0.0	-0.2834264032558393	0.0	-0.15046529042493512
0.01387283406425911	0.0066539385259003995	0.004081820972607076	0.0	0.0
-0.06399608926675368	-0.15137503290135745	0.01862160239120244	1.8762700623692805	0.0
-0.030529618004759132	0.005741258236115886	0.06237794733199609	0.0	0.06601581784886838
0.0	-0.012278165037554682	0.0	-1.2839685567628505	0.0
0.0	0.0	-0.28753821939643964	0.0	-0.19048017305630144
0.009015598746533305	0.008825604758333959	0.008881039322751586	0.0	0.0
-0.04847832972982303	-0.1644963426233257	0.018206892068071624	1.443551987480293	0.0
-0.04274935248123881	0.010376235205327204	0.06556291023394158	0.0	0.06663578727819941
0.0	-0.0039150773665732564	0.0	-0.7502958654512126	0.0
0.0	0.0	-0.29717794646504103	0.0	-0.32083250155578963
0.007092519856328486	0.00983294372802454	0.013826369992863163	0.0	0.0
-0.034395080030321976	-0.1725593287891276	0.01580333095033897	1.092161485499419	0.0
-0.05656297926661443	0.0167960316567858	0.0632842438107174	0.0	0.07889266710395855
0.0	-0.0022127996772383462	0.0	-0.32332003147601873	0.0
0.0	0.0	-0.2976901698874012	0.0	-0.34311936520161906
0.00622650442801019	0.009197758761201965	0.01572251023409596	0.0	0.0
-0.02701881874653795	-0.17529778687477604	0.013046793330546586	0.8996414773127573	0.0
-0.06395278764034429	0.019958091163762227	0.06379141592821341	0.0	0.08551970681390739
0.0	-0.0015390523649141438	0.0	-0.08970788385668961	0.0
0.0	0.0	-0.2970482871609507	0.0	-0.34177482408741844
0.004359726122996287	0.009611033299681097	0.02081730952241389	0.0	0.0
-0.020563610190285377	-0.18176171715013578	0.01237894675307966	0.7059057274207923	0.0
-0.069204582056435	0.026924105254521852	0.05689058758108079	0.0	0.08975386706902028
0.0	-0.0016582405993096506	0.0	0.14441558214423003	0.0
0.0	0.0	-0.2945436070899351	0.0	-0.31132950246781155
0.005029698581437299	0.008860557809191295	0.0225137591629944	0.0	0.0
-0.017850230545124062	-0.183694249222894	0.011500549997895836	0.6439203627402543	0.0
-0.07300630825525561	0.030398857803128714	0.041338746677943634	0.0	0.1234425373959445
0.0	-0.0021583447753911267	0.0	0.21876406135930027	0.0
0.0	0.0	-0.2767939532477592	0.0	-0.1364395409264133
0.00843680848664946	0.006128842971975262	0.0205995943030047	0.0	0.0
-0.014805014477662519	-0.18125467354980243	0.0088981144815712	0.6018418411660588	0.0
-0.08018287106126935	0.031145323962290514	0.0596058914919638	0.0	0.11137797278166667
0.0	-0.0027045634818812585	0.0	0.2689835184026105	0.0
0.0	0.0	-0.292780943129998	0.0	-0.313297775827433
0.004382473771413223	0.005908756038632003	0.024704290761732094	0.0	0.0
-0.012773774883077646	-0.1837982454243787	0.008794068551349466	0.4964323199111518	0.0
-0.0780359542694564	0.034720616777875794	0.05539268456425623	0.0	0.09793905059474944
0.0	-0.0031950652158076955	0.0	0.39584959698734123	0.0
0.0	0.0	-0.29298351444728216	0.0	-0.2997974676512473
0.005191405647022543	0.0030757879307246275	0.026920917069458483	0.0	0.0
-0.009885421462654462	-0.18383561386663605	0.007420757126655133	0.41641528357481755	0.0
-0.08218777801209931	0.039873316891873956	0.06404998800926313	0.0	0.08375552940269158
0.0	-0.0053404442758194955	0.0	0.48998233919234485	0.0
0.0	0.0	-0.30450667528312164	0.0	-0.45492174388409007
0.001414382058550906	0.0031392846285002935	0.029789455777657854	0.0	0.0
-0.00941961643045723	-0.18208139030278378	0.0075731783343420764	0.3688708051582592	0.0
-0.07857504253971007	0.04082739657656361	0.06499160872598264	0.0	0.06751522694715534
0.0	-0.008556606762288506	0.0	0.5434872347518004	0.0
0.0	0.0	-0.3096526034314223	0.0	-0.5241709316245728
0.0015526541161452884	-0.0005767488902270401	0.03084517482898442	0.0	0.0
-0.007252334976882834	-0.17589815120634317	0.0060346957173346	0.3001370472917575	0.0
-0.08117669924139781	0.04365469990217599	0.06430262275568469	0.0	0.06994335133455447
0.0	-0.014701570753710562	0.0	0.6188070549254463	0.0
0.0	0.0	-0.3081161135961694	0.0	-0.4996883269110305
0.0065468325973318114	-0.007865685465206359	0.023517358569540785	0.0	0.0
-0.004000597692640743	-0.15774522332055835	0.002677484421548812	0.21271976666136988	0.0
-0.09032604141524184	0.03906943648749271	0.0730228978731565	0.0	0.08671366376566311
0.0	-0.02320353935159877	0.0	0.7133288608497065	0.0
0.0	0.0	-0.3043623384866052	0.0	-0.45612124701345647
0.0055482945098345995	-0.015174449781241202	0.027570849870571706	0.0	0.0
-0.0024494446484410667	-0.140714117702607	0.0019255584509672004	0.13837221647781517	0.0
-0.09098530497990133	0.046225586370264006	0.06684487610789912	0.0	0.0868136280072156
0.0	-0.04288460692218625	0.0	0.7753913327154623	0.0
0.0	0.0	-0.30123709675381455	0.0	-0.40625332135668113
0.011413493040449833	-0.01637875147060347	0.02297048770225414	0.0	0.0
-0.0020329038804185826	-0.11129216802541403	0.0014295951956993956	0.11457142384115727	0.0
-0.09788401683359418	0.04448669224492769	0.06532212176004909	0.0	0.12071438566486153
0.0	-0.07519028708491068	0.0	0.7515276379523804	0.0
0.0	0.0	-0.2926254586875995	0.0	-0.3224831776234871
0.01539207963147554	-0.016314513450990043	0.01797418542606834	0.0	0.0
-0.0015632210486657386	-0.06628005267673735	0.0009161082757089293	0.07758452618053686	0.0
-0.10277522307775801	0.038925745389049575	0.07454933648305168	0.0	0.12874314031578754
0.0	-0.12374663238845571	0.0	0.6953225176835433	0.0
0.0	0.0	-0.2964582227783926	0.0	-0.38550504637052424
0.013497639474913711	-0.01846061968285071	0.02081546747223722	0.0	0.0
-0.0015090245088627643	-0.01266012637627917	0.00099655709083427	0.0437149965348391	0.0
-0.10076033042863176	0.04300486320362417	0.06533847598765509	0.0	0.13504293278923676
0.0	-0.19043183666605723	0.0	0.5272160684242214	0.0
0.0	0.0	-0.2891990545276255	0.0	-0.2948439079741545
0.00912344930180449	-0.019428898085579353	0.025881362081614834	0.0	0.0
-0.001728049666205055	0.03472789984959951	0.0013368712972744669	0.023270420453715794	0.0
-0.09571894238560638	0.04785787017736877	0.05178564356804769	0.0	0.13451190110125694
0.0	-0.2517898032156238	0.0	0.21065185031709555	0.0
0.0	0.0	-0.2799937565105267	0.0	-0.18455839807564103
0.01337370927789734	-0.021785095625532387	0.023698346967010887	0.0	0.0
-0.0013971539434718095	0.06770637994061335	0.001050585441204448	0.01308258978712375	0.0
-0.1007509825333627	0.04896192729566133	0.05391680599720719	0.0	0.15554610818045464
0.0	-0.29008668070254484	0.0	-0.15707409557309718	0.0
0.0	0.0	-0.279286821555942	0.0	-0.20216699764764717
0.01084500388092467	-0.017913760107645168	0.02357024629644003	0.0	0.0
-0.0018001220075648148	0.08358642935465371	0.0012935056931900237	0.010356899023505183	0.0
-0.0975241569432052	0.04528983152044213	0.04779341980803809	0.0	0.15986996956145963
0.0	-0.30989933081023263	0.0	-0.4568920364481396	0.0
0.0	0.0	-0.27204811762668113	0.0	-0.13176664376727718
0.009870096663176535	-0.014486934895491917	0.025837345247293246	0.0	0.0
-0.0026808558138944464	0.08752603204387137	0.0020655428435638543	0.010433809764010631	0.0
-0.095460059532688	0.04753402048959031	0.033135363668685636	0.0	0.18877111938797164
0.0	-0.3210805770681772	0.0	-0.6832189984226937	0.0
0.0	0.0	-0.258389690631943	0.0	-0.04280414525166142
0.006677151314674583	-0.014640988732907943	0.03281128382481499	0.0	0.0
-0.0031683873313462486	0.0856542583588715	0.002978324000715146	0.009583953236239036	0.0
-0.09140967821495151	0.055532592740509076	0.021459251122535744	0.0	0.17896165704543046
0.0	-0.3271920624151875	0.0	-0.8296102630850716	0.0
0.0	0.0	-0.25476220698253477	0.0	-0.0015500359725468538
0.010917610818286155	-0.012440600938382682	0.024948461975096484	0.0	0.0
-0.003119825637479989	0.1013504896460635	0.002343224159477327	0.007701375733259299	0.0
-0.09611179795020823	0.04665329397764893	0.013741750959923	0.0	0.26181497693359046
0.0	-0.33925398086040603	0.0	-1.1861429049184522	0.0
0.0	0.0	-0.2341519004406022	0.0	0.04319795572031676
0.007902300085426764	-0.010139322927821142	0.02954696934432954	0.0	0.0
-0.004023507679245362	0.0906279373281485	0.003432581960404533	0.00994398980652387	0.0
-0.09178563066848638	0.05060726590360372	-0.0035780542565819755	0.0	0.2752550323815922
0.0	-0.3332150139147422	0.0	-0.9963255394612887	0.0
0.0	0.0	-0.22079808506108783	0.0	0.10457692526490342
0.015382128032194492	-0.01033841409042464	0.020465613996491105	0.0	0.0
-0.0033933947964291445	0.09385708290846408	0.0022246968126626563	0.01153481623756237	0.0
-0.10069529754166595	0.042664605068868766	-0.0008240353312947146	0.0	0.3926413693603752
0.0	-0.32839071703368117	0.0	-0.8632633026073887	0.0
0.0	0.0	-0.21044735953999244	0.0	0.015960740170943566
0.01692764391246133	-0.008926254527673925	0.018536748824951793	0.0	0.0
-0.0036518121925929355	0.0932765610246464	0.002221065521215166	0.013000965712468646	0.0
-0.10209692320710212	0.04013171207728981	-0.015231181871639967	0.0	0.501634992797849
0.0	-0.32663487415345305	0.0	-0.8194773843589066	0.0
0.0	0.0	-0.19047448262614058	0.0	-0.026758445772310454
0.01561569872303556	-0.006000125674057427	0.018327781815108486	0.0	0.0
-0.0046912134274636795	0.08705142065435652	0.00274804746714981	0.017225543416503866	0.0
-0.09948408364439573	0.03766298520303987	-0.0483881806370744	0.0	0.6666446981666287
0.0	-0.31989683910245464	0.0	-0.6650192379689097	0.0
0.0	0.0	-0.15084300634704653	0.0	-0.08912487150874317
0.017273885269836836	-0.005088891377304681	0.017871534780502882	0.0	0.0
-0.005172361118825601	0.08403551122235978	0.0030333150016966254	0.019876955549898	0.0
-0.10075739021330293	0.03818806752964717	-0.08157486215756692	0.0	0.9435282506545196
0.0	-0.3178797768540391	0.0	-0.6246699725453657	0.0
0.0	0.0	-0.11051784321122442	0.0	-0.32069478206634716
0.010315682957241374	-0.005733597729526046	0.026330909493724575	0.0	0.0
-0.00534884894683502	0.08676226647373202	0.0041637682538850545	0.013674406184596546	0.0
-0.09293221037930359	0.04675354869961138	-0.12786707496055047	0.0	0.9580120078429667
0.0	-0.32958307786118846	0.0	-0.8978299640243698	0.0
0.0	0.0	-0.0673170901341756	0.0	-0.25414776425805996
0.005413395713640342	-0.005972958372903943	0.03472464777685451	0.0	0.0
-0.005502335626073196	0.07528752951924021	0.005344943370205156	0.014324641078555727	0.0
-0.0873861597164755	0.05486062893897037	-0.1470758102819917	0.0	0.8633947287503044
0.0	-0.3240986173135746	0.0	-0.7583043761358301	0.0
0.0	0.0	-0.05683276188045788	0.0	-0.12243203732285535
-0.0010312805214738874	0.0028544885292146023	0.040026747652395715	0.0	0.0
-0.008570400246642218	0.07332541007811909	0.009092672579855994	0.015130880714523804	0.0
-0.0768548252605951	0.05269673223733072	-0.16180633386065055	0.0	0.7268453850826927
0.0	-0.3297591882099139	0.0	-0.9043884172454606	0.0
0.0	0.0	-0.05117271803912916	0.0	0.05156361182225222
-0.012159283428137976	0.021730283021887585	0.04420869644425565	0.0	0.0
-0.01847703848245471	0.05486414204471843	0.022329601196423236	0.027044885087361307	0.0
-0.05345988453664556	0.04175406059107496	-0.17974476394043812	0.0	0.46743389293160864
0.0	-0.3178577487914878	0.0	-0.6328716156281057	0.0
0.0	0.0	-0.05311750035502656	0.0	0.3620513632826337
-0.019134470566504646	0.0338718356791743	0.04498432059747048	0.0	0.0
-0.02451906315090515	0.05523930139363023	0.03499182367588604	0.023851673002820154	0.0
-0.03898507584780893	0.035956978125719366	-0.17033211131659082	0.0	0.2807887763408113
0.0	-0.326343322726587	0.0	-0.8252038148867177	0.0
0.0	0.0	-0.08282259539576313	0.0	0.5367008750858446
-0.020900844843606752	0.03944921155337065	0.04953648911473038	0.0	0.0
-0.024869862650312147	0.054038683032014846	0.040447165477167146	0.01939471611810876	0.0
-0.03665268387022121	0.038524994324997765	-0.1477490652031001	0.0	0.20100278177247202
0.0	-0.33417625410353347	0.0	-1.0365241235375153	0.0
0.0	0.0	-0.12360095605430625	0.0	0.5464097540006307
-0.018729163634140428	0.03349017774443876	0.05258653874613667	0.0	0.0
-0.021321534019331474	0.054715128964711625	0.03312855458983238	0.018871466846633538	0.0
-0.04304408188467234	0.043223465733268976	-0.11238934088691642	0.0	0.17811184206076636
0.0	-0.33303448663370316	0.0	-1.0017907421885694	0.0
0.0	0.0	-0.16037808145740368	0.0	0.47222319163112325
-0.01931192591424255	0.04267423225915097	0.0514912838058357	0.0	0.0
-0.026420625389895334	0.042908530258578104	0.04540431913934001	0.024630441846087293	0.0
-0.03664087396747285	0.04069508833673992	-0.0791727719494211	0.0	0.09719575066365495
0.0	-0.32681917148401335	0.0	-0.8382386639250484	0.0
0.0	0.0	-0.21584728259883568	0.0	0.3459447567644996
-0.015924170908066068	0.03747669347532319	0.03493700876085837	0.0	0.0
-0.03355506331149738	0.06202731223456379	0.04614345199615925	0.027700599681419268	0.0
-0.03228808239405803	0.028695669949047917	-0.02404907725298464	0.0	0.056303000240908646
0.0	-0.3310103108963617	0.0	-0.9542330955809596	0.0
0.0	0.0	-0.26155433909550363	0.0	0.09053366778001921
-0.01749716794186734	0.03959862883877121	0.035075288769016215	0.0	0.0
-0.03354205480754275	0.0537116871347644	0.04822269874545107	0.03185474125880959	0.0
-0.0305789036635773	0.028412264920601466	-0.0050261100770485345	0.0	0.036526699172527544
0.0	-0.32313921036912063	0.0	-0.756638865328632	0.0
0.0	0.0	-0.287570356280509	0.0	-0.15523856092254518
-0.01703053897723493	0.03705298096961179	0.030580101037250767	0.0	0.0
-0.03508040291102487	0.05386006187373022	0.04649732221656039	0.0375392421436917	0.0
-0.029351184267951372	0.025142652678554537	0.01653218454560884	0.0	0.026608100345482236
0.0	-0.3168373139552538	0.0	-0.6242033833458898	0.0
0.0	0.0	-0.3053147804111458	0.0	-0.3992662947258868
-0.0161352222391858	0.03833503245618695	0.02986325527551893	0.0	0.0
-0.03663063990693454	0.049403668487477015	0.04971791813168097	0.04234282145412937	0.0
-0.028579833565412556	0.025069762636597107	0.02183597629915071	0.0	0.02201854668876253
0.0	-0.31287347922420616	0.0	-0.551011753575952	0.0
0.0	0.0	-0.315176137797833	0.0	-0.5745799677236962
-0.016872189212997143	0.03381833946374148	0.04128866058085516	0.0	0.0
-0.027342252273383588	0.05404066320086468	0.037214016553427515	0.029099199442182373	0.0
-0.03827273632562419	0.033665407147857776	0.036072632624338546	0.0	0.01938253944255686
0.0	-0.32238009434559434	0.0	-0.7355446972538777	0.0
0.0	0.0	-0.330431919733902	0.0	-0.932390812881276
-0.012702046366945148	0.026762548558206437	0.028300621596978943	0.0	0.0
-0.032790924082516444	0.06605340423880413	0.033349201016946696	0.03851960237353545	0.0
-0.036683148098547044	0.02411129153677308	0.056747222202363425	0.0	0.019111517279678573
0.0	-0.3184157913049937	0.0	-0.6586137109376148	0.0
0.0	0.0	-0.3329356060478867	0.0	-1.0038269600238063
-0.007335931280598271	0.025384535386371466	0.01963867333164941	0.0	0.0
-0.04286058518144227	0.06544707232473267	0.03916670384700924	0.05972185890054292	0.0
-0.031180205935872066	0.018414503108404673	0.061579185968774465	0.0	0.017606570435022784
0.0	-0.30997386508101715	0.0	-0.5179365286065274	0.0
0.0	0.0	-0.335251159519107	0.0	-1.0722929387474562
-0.0065235684112059785	0.0252039311748863	0.019760225593462848	0.0	0.0
-0.04319946683959291	0.058778698388155026	0.03939946497580753	0.0706264310862589	0.0
-0.03168738656484079	0.018677573614995835	0.05809716568335683	0.0	0.01976942845755485
0.0	-0.3019800706494946	0.0	-0.39610518223079616	0.0
0.0	0.0	-0.33152170733559644	0.0	-0.9635784297286654
-0.003205128723217126	0.021538932005082022	0.01781184511446673	0.0	0.0
-0.044545466790080666	0.05552928129424764	0.03557314719793726	0.09132072747477026	0.0
-0.03380248485839551	0.017445744163799758	0.06298334033085623	0.0	0.0230485807226963
0.0	-0.29243705239857387	0.0	-0.2826051157297368	0.0
0.0	0.0	-0.329618383083594	0.0	-0.914388581201404
-0.005151722227683592	0.02108551562909054	0.01675572080394357	0.0	0.0
-0.04393527479483362	0.05408514954735492	0.033801242467817634	0.09164727642140647	0.0
-0.03235899138191525	0.016089271896027206	0.06491201525882354	0.0	0.022253686579650284
0.0	-0.28870837601407096	0.0	-0.23446692954571235	0.0
0.0	0.0	-0.32812946124765835	0.0	-0.8734350134600914
-0.007975944842314021	0.025343872065027407	0.022726634151554747	0.0	0.0
-0.039459908148492484	0.03385445960367479	0.036773892143064445	0.1000994845109767	0.0
-0.03432327993704289	0.020672566976047305	0.04929223249301407	0.0	0.025695116336564666
0.0	-0.274139333234213	0.0	-0.07931259045764855	0.0
0.0	0.0	-0.3212214751478723	0.0	-0.7083148471765589
-0.004973305476592568	0.021035897183358878	0.023403341137349015	0.0	0.0
-0.03597522567010403	0.03560161803081602	0.02971584427261562	0.10325117070394686	0.0
-0.04155339252811936	0.022182634866436145	0.0577818789806133	0.0	0.030365813779166993
0.0	-0.27281730937118187	0.0	-0.06976909745396367	0.0
0.0	0.0	-0.3227348226809304	0.0	-0.7489217234488511
-0.007979327695318936	0.02244371270959771	0.024874472496373045	0.0	0.0
-0.03433948188884858	0.041307409035971306	0.02994299278451811	0.08247900461969111	0.0
-0.04010823663189308	0.022602534104675265	0.058149344195134955	0.0	0.026375263166587608
0.0	-0.28181622196534456	0.0	-0.14071000207925446	0.0
0.0	0.0	-0.32543794324893577	0.0	-0.8094231252884552
-0.008392421117316416	0.02688162599028516	0.026208545822799374	0.0	0.0
-0.03729150795073044	0.04341780703689844	0.03749529170595662	0.07509647315876379	0.0
-0.036318239478298674	0.023600090955213357	0.04778747179709825	0.0	0.02454849117107125
0.0	-0.2906373705503474	0.0	-0.23920452633111733	0.0
0.0	0.0	-0.32500051007730735	0.0	-0.7963836693903531
-0.01088096464813261	0.03654309805609867	0.03416404777098703	0.0	0.0
-0.03665227772513764	0.039442294009364144	0.04932706134420081	0.05638348112795595	0.0
-0.03431363790983164	0.029845106701297263	0.029102893919289084	0.0	0.020538517397600178
0.0	-0.3038353358783158	0.0	-0.40852123804090856	0.0
0.0	0.0	-0.32912185285560286	0.0	-0.8978672500356953
-0.01035733387996937	0.03255609722963771	0.041805871699830445	0.0	0.0
-0.02923596931583593	0.0530261702631546	0.039081752949449364	0.03378067850680351	0.0
-0.04327166608476721	0.03738369734987955	0.029247726241433628	0.0	0.026668293033901953
0.0	-0.32365088982794593	0.0	-0.7711029110965889	0.0
0.0	0.0	-0.3254201925731458	0.0	-0.8093357414778838
-0.007539011581227564	0.02875550872154941	0.04024592621767432	0.0	0.0
-0.028202906980659533	0.05111842050600677	0.03493071215277131	0.039641291761961024	0.0
-0.04752821403304887	0.0380440862291423	0.03428872548973577	0.0	0.03117685111983235
0.0	-0.31759524599070466	0.0	-0.6425672200218031	0.0
0.0	0.0	-0.3237748141444797	0.0	-0.7745862909814569
-0.003017223592725507	0.02699625105925686	0.03263500286333619	0.0	0.0
-0.03463597113750845	0.054118479813725	0.03813288272141631	0.05493738598125945	0.0
-0.04521114228100119	0.03216916926268061	0.03549910859705666	0.0	0.03590902777178453
0.0	-0.31287677444515594	0.0	-0.5663044214404459	0.0
0.0	0.0	-0.31953184824900027	0.0	-0.6829085978615507
0.0026275085290730776	0.01799420087088896	0.0219454035801654	0.0	0.0
-0.03747424536947647	0.06873096493476413	0.028505843436313946	0.0683961328868316	0.0
-0.048188657306278235	0.02369015609637679	0.053410055166365406	0.0	0.04730207247626624
0.0	-0.3109246128818373	0.0	-0.5458357521192229	0.0
0.0	0.0	-0.31386642916607044	0.0	-0.5791258871333596
