1.0153241356131377	0.0011959560129020936	0.0025661171156531565	1.765868960473163e-5	0.0008427779699273479
-0.05300832949348193	1.0966090849963148	0.003910763597907908	0.028729311290416226	0.001275363738064493
-0.11997085458715179	0.010329399059571628	0.9273771787258281	0.00015537503105252939	0.6145465791741224
0.007515260680117898	-0.2753085830231946	-0.0005654606217614679	0.5290812032626137	-0.00013048753557264037
0.00961704186911426	-0.0008198193230514999	-0.15006240173357666	-8.739056557764181e-6	0.792376775767791
1.0132923586155136	0.001960069809952955	0.0029357198689472517	3.4477616606679265e-5	0.0013906932055236
-0.06572048356028717	1.0917739307959704	0.005467876630924516	0.03422463669419392	0.0025744861255671825
-0.10364730772528459	0.010309636319398604	0.8775113962993295	0.00018617728643038705	0.8167219445808002
0.00935229397821227	-0.2765879970069646	-0.0007998722826949569	0.5439808402707799	-0.00026983697423085644
0.003987587547074725	-0.0003934507561840708	-0.0663595441101442	-5.096330382611141e-6	0.6188857925882572
1.0084584657051814	0.002917029394540247	0.0037564390332917637	4.514254739589902e-5	0.001814890553771091
-0.07246161006752715	1.0927878643901827	0.00738821992649882	0.029778692337803916	0.0035462466227036693
-0.08974274917915132	0.011039131753785618	0.8633898741614277	0.00017568031047911017	0.8307202327335569
0.010213701839458815	-0.27101699562364623	-0.0010722013477955576	0.504913899051049	-0.0003685566814072734
0.0020473382579126176	-0.0002498003948452665	-0.03924531543640836	-2.84959341329707e-6	0.6790355129258938
1.0081729432210882	0.0038125242577077417	0.004159518201583523	7.450196008383807e-5	0.0020186242798701168
-0.08426196964476586	1.0847985913955243	0.009807197599406466	0.0378504978067782	0.004735523464781108
-0.08016397238563316	0.011229855700874793	0.8569382374211638	0.00022605819391687432	0.8333933274250699
0.012010768131047709	-0.2759662287051793	-0.0014412603022743737	0.5476813679610076	-0.000494143133508422
0.0013421438590034218	-0.00018689890069474292	-0.028764159216964263	-2.673061681477979e-6	0.7029340752881135
1.0065121090680624	0.0049855244913319	0.004466429285819317	0.00011262838712007493	0.0019859175816399066
-0.10015226945596502	1.080412145717281	0.013272773356910468	0.04378511722868142	0.0058770758705734005
-0.06555324838975493	0.010409028975270943	0.8531915177259629	0.000242415750774783	0.7855657132673282
0.014320775024191622	-0.27710938539970936	-0.0019570034837049425	0.562269726634612	-0.0006054880332941881
0.0009654937303662028	-0.0001526428219225974	-0.02602643875355304	-2.4843763096837434e-6	0.8514034874633393
1.0064041269731063	0.005747742568025849	0.00441781837970929	0.00013826149311003955	0.0018610844785994785
-0.11342167906805933	1.080276115104754	0.016210121111129915	0.046434491641264036	0.0068040072741407664
-0.05555021051474425	0.00949467605289736	0.8494420128978873	0.00023556955154366505	0.7557754742140002
0.016151352775878744	-0.2749120375026369	-0.002380107731751263	0.5476173728199829	-0.0006938846807186261
0.0006555554563039854	-0.00011166033644813007	-0.021165774426128672	-1.9237960827107675e-6	0.9471453092685124
1.0032344525862111	0.0066165610066467595	0.004648260686884398	0.00016397145056658985	0.0017472901844575173
-0.11542762201148862	1.075488307130658	0.018100034075522246	0.0481240950536973	0.006784227089576128
-0.048689731142734505	0.009091285590428225	0.8486309769070518	0.00023242541029777457	0.6929353273071082
0.01659620172717388	-0.27926262246181327	-0.0026828407318469187	0.5851540021389311	-0.0006862697918071786
0.0006085931283147245	-0.00011333964506680255	-0.023024579915633184	-1.9765876861418258e-6	1.1086420866886282
0.9977878008811942	0.008278078836519836	0.005103925535737088	0.00014406898751267202	0.0015855487910790833
-0.11465150490257328	1.0827340452406842	0.021193348653702274	0.033143007913613035	0.006556939097851572
-0.04063745298310642	0.008939673556258633	0.848276584396641	0.00016027610910039386	0.5930088310388366
0.016177541809703044	-0.268794040307998	-0.0030768920402889696	0.5004851453507541	-0.0006480128545438002
0.0006091298849877844	-0.00013347574045522977	-0.028566762497818997	-1.6276712021455703e-6	1.343430986078643
0.9989736958799182	0.008535363927808312	0.004479466760510789	0.00014755832110519262	0.0012882922665329519
-0.12447029304137237	1.0862887560677732	0.02332669027730739	0.03268437716581905	0.006686000795447455
-0.03558252805688779	0.007909389636204276	0.8500300764398631	0.0001407773772499971	0.556476176312249
0.01736994937112566	-0.26393681910045036	-0.003345473198468075	0.4673999289647159	-0.0006536697535049416
0.0006212714297341992	-0.00013757512713024472	-0.03368178262162374	-1.6672863715673112e-6	1.4184800192059084
0.9940447089221289	0.009148261987581254	0.004420567817951141	0.00013579431327651216	0.001041606766727524
-0.11860883622955548	1.0870412205733537	0.023265674857269103	0.02804373025568401	0.005459727718470059
-0.03183114258409919	0.007364130402538581	0.8575793347721805	0.00011233019517735497	0.46808800869011147
0.01657626421425419	-0.26414454169674645	-0.003334177873947343	0.4671306503479127	-0.0005290094647905051
0.0008061280774871778	-0.00018561649397982232	-0.05012010764452747	-1.9116381996433357e-6	1.584585943836028
1.0009323545646565	0.006907886106021444	0.002050102305960075	0.00016934967699764117	0.00041358154318003534
-0.14320673438783618	1.0839977002309757	0.021742296829029596	0.047428971669549375	0.004389242843689141
-0.024900554544856013	0.004390786271696513	0.8741025149670809	0.00011046408819484228	0.41133425351679664
0.0204359333055366	-0.27618751384783646	-0.003172753000103102	0.5531870196153305	-0.0004265130770595252
0.0009253412666935454	-0.0001626167860425895	-0.07510859022330627	-2.7184131447916763e-6	1.6490475853687163
1.003087086252256	0.005908182954841051	0.0003727499680385264	0.00021292367712166804	4.9227703060492414e-5
-0.15720200574934592	1.072908758113836	0.021074144266586253	0.07130197869371906	0.0029277206322102195
-0.017526256963111914	0.00266412237878707	0.8993673555483637	9.820703487841385e-5	0.29247680114619856
0.02283229553549959	-0.28745827813262015	-0.003114188977517753	0.6700579593492835	-0.0002821868214109781
0.0009970878597832175	-0.00015136864324252416	-0.11882261491520289	-3.6279363779403257e-6	1.7850148925864524
1.00506179989278	0.006081116002426529	-0.0001775976999238843	0.00022692233232092518	-1.9983322591898833e-5
-0.16443184284837276	1.0734819522464072	0.023534331484334797	0.07359609478503278	0.0022838410297215117
-0.01574236331263014	0.002504402777329716	0.93194476142576	9.508297645316531e-5	0.20822231230649127
0.023792769599977198	-0.28548162986598963	-0.0034448540060174893	0.6525593978795767	-0.00021964884181265628
0.0013123054527487896	-0.00020861860072528054	-0.17745783795542996	-5.186548328513468e-6	1.746327684599176
1.0060101413550642	0.004776646537244241	-0.00029158271087978416	0.00019838501284084376	-1.845565276263443e-5
-0.16691415290204303	1.0724131295958705	0.019419460407714712	0.08245336962205291	0.0011507801548978286
-0.015566128049557704	0.00196640319955769	0.9812916065382777	8.245455430910646e-5	0.12863236147735946
0.02418948990992098	-0.2877964318456595	-0.002824691423783641	0.6824617546765355	-0.0001111015968087159
0.001740054770525079	-0.00021952664408419597	-0.24062101642664963	-6.089426935033254e-6	1.5635026978393483
1.0057785708002134	0.004664308558237781	-0.0001494494741298832	0.00026470128576964146	-5.260346456812445e-6
-0.16418015044865908	1.0535605769970036	0.019196937400101657	0.1144662535672813	0.0006096573198238336
-0.01662655620843609	0.0020461741307430704	1.0310128215507524	0.00011634970314935685	0.06787075216664179
0.023804655085259085	-0.29254052942532927	-0.0027727047424489504	0.8117430436276613	-5.8966146820500775e-5
0.002180444860071018	-0.0002688026841566795	-0.2789188462363568	-1.0203106104616708e-5	1.2255582777079956
1.0086472837496212	0.0048186518770767794	-0.0003872028548953521	0.0002512423653819873	-7.0611250433463835e-6
-0.17209151491423258	1.0625705577270717	0.02171033690335694	0.10403846441699482	0.0003767289260675766
-0.016263992805846894	0.002130509955093146	1.0665147591231245	0.00011073088507086715	0.03594260100749602
0.024894949233349672	-0.2887508736163681	-0.003112900902985466	0.7286534413489928	-3.757713459741352e-5
0.002199203150241358	-0.0002883387633075829	-0.2785941212150733	-1.0395099346693915e-5	0.8831194628316639
1.0075917928905116	0.004749774041447108	0.0009798062186557044	0.00026071784938386244	1.0317162848468356e-5
-0.16016578865260822	1.0567342339628294	0.019937166714572657	0.11005188645165925	0.00021160312011379943
-0.02425422329200527	0.0031032315495034234	1.097407058615578	0.00016901355506783455	0.02065036552350138
0.02320271689730652	-0.29055170752711257	-0.002854138325877248	0.7694419398948074	-2.1809544395378624e-5
0.0031067123717960603	-0.00039799568651507043	-0.24850594279904917	-1.5576332311807196e-5	0.5244944606430644
1.0065099299551625	0.004991109575826696	0.0019157093102115611	0.00030450541649113243	1.989248725962059e-5
-0.1492839984426947	1.0458117843505166	0.019535399019426934	0.12315788290348839	0.00020360563721172472
-0.0309587601245966	0.0041511234158079224	1.1017861959171378	0.00025108661001625645	0.019871752097183323
0.021580748525801427	-0.2919308468240244	-0.002791189714107311	0.8385332689836114	-2.100473052729353e-5
0.003874143845981078	-0.0005207964536961297	-0.23845962282082	-2.2711586010109273e-5	0.4528555568405119
1.008755512605502	0.0046839490046401405	0.002101247647326686	0.00037076825613112634	2.0166583896318767e-5
-0.1494562496359007	1.030767640276533	0.01901957446387679	0.1603119449755256	0.00018346626179898328
-0.03430693178549655	0.004439729552742333	1.1081353016017184	0.00034812542558749745	0.017996260265208876
0.02117996483463399	-0.2871082664945937	-0.002662724876536607	0.8989032646612518	-1.8647910580842824e-5
0.004165160832069412	-0.000541512827017092	-0.22694940989574566	-3.0788485195846734e-5	0.3804009616617934
1.0117590183744076	0.004079303111993432	0.0014834413844519512	0.00041437958430406963	1.6683923283047932e-5
-0.15919138102908237	1.0190241317118451	0.01825919033464065	0.20515439593484167	0.0002069776382138944
-0.03075811805539689	0.003572759236983268	1.1038522538534405	0.00035978767374784753	0.021504568927457567
0.021912399897725438	-0.2780925871588941	-0.002483805052768859	0.9139665278691269	-2.0187176444420125e-5
0.0038311872194424145	-0.00044793330807767337	-0.23711686649901895	-3.229449371442133e-5	0.44307240056680247
1.0076381408761526	0.004522108707075777	0.002331104271965219	0.0003950821317904401	2.8868259400532784e-5
-0.1425749880123654	1.0207511293113465	0.017432617974076404	0.17775392841353627	0.000217104186420227
-0.03739836178829403	0.004651157935176536	1.1015374467587036	0.00040284622597030605	0.023658860143248115
0.01990163938230525	-0.2840969875869158	-0.002406559026668147	0.9607310837153857	-2.137550621852686e-5
0.0046799810968771675	-0.00058542498971525	-0.23853438236276261	-3.612054971173517e-5	0.4540661917437944
1.0118592060214076	0.003592442221624015	0.001220854244764836	0.0004731961359727369	1.4500870067965165e-5
-0.1590539365624328	0.9982409048061757	0.016218095901809053	0.2654910377563804	0.00019466226657891212
-0.029643296754292572	0.0030343815118009164	1.103176807125821	0.0003962020331938383	0.02290631863322484
0.020691787954181917	-0.2622943969984425	-0.0020843840229496854	0.9710423558391095	-1.7746871620763754e-5
0.0037327226145939807	-0.00038565886505214915	-0.241761984682253	-3.566289372427395e-5	0.47347850091985166
1.0123308401926114	0.0034510646813788667	0.001899304850491513	0.0004575539458662025	2.2512409101570116e-5
-0.14821627084405664	0.9958703353015755	0.014833422531586721	0.2673733337745029	0.00017734435567415166
-0.03997147638988165	0.004017419400290291	1.1104871995677796	0.0005274614967848822	0.02225836537104021
0.019195569921391487	-0.26125040472686734	-0.0018982624452314675	0.9821398966338314	-1.6312042102838457e-5
0.004856807806883424	-0.0004925949025042669	-0.2277992349409145	-4.643716646051104e-5	0.38382605422439026
1.0171720507514643	0.0028732973367364472	0.0011244616408393484	0.0005243934664709363	1.7848488282868852e-5
-0.16590794665701733	0.9774777529334768	0.014742732520370692	0.3600668686547835	0.00023710065285454285
-0.03226821993767717	0.0028642351384678836	1.0995692328797322	0.0005187142957350076	0.030856506066034003
0.01987747729863415	-0.2364396442755309	-0.0017477090032562807	0.9036540680261685	-1.9881384701976677e-5
0.004104331160414847	-0.00036894771069360217	-0.2464423215108672	-4.719605220386471e-5	0.5100700998722437
1.0155423761073639	0.0027199528087716233	0.001498303662847523	0.0007228033254211702	3.73968112748688e-5
-0.15044304718891613	0.9314860694588318	0.012634769785421655	0.507599049835006	0.00032149428132195203
-0.03943845231075323	0.0032647320559807355	1.0853626785260055	0.0008626752614896184	0.04965354393098081
0.013920425681272108	-0.17678624595915077	-0.001159936697515098	0.8927730085772382	-2.043704343504993e-5
0.005165339680072844	-0.00043620541970916527	-0.26013016764681574	-7.972149797290558e-5	0.6423144838368086
1.0141813883784572	0.0031381617401162417	0.0020787116756357995	0.0009764210975364354	4.709937575377713e-5
-0.13918183469094056	0.9072891157120004	0.013569329198601928	0.5804530535063486	0.0003145100910903853
-0.04552069263775828	0.0043132322478685835	1.0905626579104772	0.0013333232674206871	0.044355079533547406
0.010372219457257997	-0.1390609750872099	-0.00100298574927922	0.8648362590576031	-1.6262998913400958e-5
0.005871030509321397	-0.0005694441673287744	-0.25219878298397097	-0.00012303634740649938	0.565729504885632
1.0112788080030464	0.0029827548842152273	0.0026301324693906976	0.0009169237629944871	7.895433187421991e-5
-0.1156470036952246	0.897006719300478	0.010844986251114325	0.5774518041576281	0.0003334764339592574
-0.06046358229698313	0.005515708001776757	1.0846776940631213	0.0016855979141217614	0.05914704119372886
0.007450563391873666	-0.12103546203052959	-0.0006941328209051426	0.9592957567870709	-1.4715462605667962e-5
0.007860763234281582	-0.0007348548033322224	-0.25608649469201034	-0.0001547723618131533	0.6105900528288288
1.0094470893975052	0.003083941614731196	0.0034560687898805877	0.0008808753310335054	0.00014530679793711048
-0.09227194356636273	0.8900384107937973	0.00963611140646202	0.5447444063231874	0.0004156682105012433
-0.07754041668155796	0.007920726137132357	1.072748972368004	0.002253176260805567	0.08353749773226395
0.005411845747196099	-0.11184144571528151	-0.0005630635804763744	1.0923672640186755	-1.6415627473446125e-5
0.010149949160800614	-0.0010634110356437798	-0.26011859763060263	-0.00020449796714314128	0.6785234265617941
1.0086223555493306	0.0035720243294092334	0.004219964959106433	0.000988919925877984	0.0001799786205738535
-0.08693652051914763	0.8865607912014344	0.010745145610571865	0.5301969414258679	0.00047052948244229783
-0.08077608971084482	0.009767734248475088	1.0700003788358485	0.002694877109536531	0.08459754703867953
0.005018076489878273	-0.11051206481026105	-0.0006184070451080229	1.1367971822447933	-1.823432231606685e-5
0.010573864555368379	-0.0013121715680047934	-0.2597143549807175	-0.00024386010464554075	0.6788268230745665
1.008502410534161	0.0034881926827570117	0.005411629851259175	0.0007696730528487551	0.0002626100999316705
-0.0666254349475548	0.8922559491162916	0.009786872973903932	0.4362062615619483	0.00048709838308338277
-0.09919200714817886	0.0144058918015392	1.0670212924680578	0.003171949931833784	0.09575176598749707
0.004447254788909394	-0.13177852894351116	-0.0006524765559753481	1.3229496634646607	-2.163663540780819e-5
0.012920140223509013	-0.0019216692625849824	-0.25715134056229794	-0.00028221770314218464	0.6633118801514687
1.0056574961925586	0.0033248884322591155	0.00613853456540496	0.0005731402624971071	0.0003848160545951024
-0.056361050853163897	0.9030662763829602	0.008913796270435426	0.3498077170947405	0.0005723250917986575
-0.10266557222677747	0.016329219255238114	1.0492197620486985	0.002818588629373203	0.12562089690714717
0.004359493793073474	-0.15657321766462468	-0.0006909006525281092	1.466582647955563	-2.885659187258291e-5
0.013430993965779625	-0.002183100623077333	-0.2623337977739584	-0.00024551478921810976	0.7886827690848968
1.001796729147479	0.0037044908940629395	0.00773992202018167	0.00044290770876186103	0.0004646754804100064
-0.05044890843156392	0.9240625481958423	0.009611233194519495	0.2485421240257773	0.0005887639146359251
-0.10126035602384237	0.019719901379378665	1.0439595481443882	0.002365369502680556	0.12067555748866104
0.004931269104573907	-0.20239671071397208	-0.0009424768521233626	1.5432243450965504	-3.7298782923706614e-5
0.013307206668854321	-0.002637220922881739	-0.2643805019220399	-0.00020475811560716206	0.8270207121906837
1.00673634172123	0.002429770685885146	0.00744131989114406	0.0001741219026648059	0.0006703047795947347
-0.04251723702927808	0.9662880566819626	0.008022231528264284	0.151937100425131	0.0007324227586958951
-0.11719969336878117	0.023367667868732435	1.0272194870420583	0.001693391253107225	0.1810575939120473
0.0053588437396943425	-0.2648948475766287	-0.001018437377922828	1.4302827991498845	-6.0339258876337325e-5
0.014995061046768444	-0.003019754071877819	-0.25741527651465945	-0.00014234789511708605	0.869534267753888
1.0088058504807402	0.003356486814960624	0.007413143225241389	0.0001447903420446475	0.0009765804656601505
-0.05092264898295973	1.0124105921166924	0.009877137489597045	0.08969543485484197	0.0013095640970268493
-0.11344920059252403	0.0240135138182846	0.9976091617504101	0.0010499405660980062	0.26422643978213367
0.007397938237684407	-0.3004946861306356	-0.0014522333195278927	1.1010258511427051	-0.00012701743552463035
0.013698303190471495	-0.0029104931527991103	-0.24243059594278366	-8.410599531544043e-5	0.9486869712958625
1.0137538391170846	0.0025493646466700076	0.005726630111108829	6.037616390496339e-5	0.0008942687007528968
-0.0518943203352093	1.0569380259611167	0.00830966676913902	0.047574277272656215	0.001296890362855567
-0.12208540998282488	0.021763136847840467	0.9954400349428025	0.0005220181470166562	0.3100243156791792
0.007661420140813863	-0.29521680293585806	-0.0012409719667455955	0.7533231913747138	-0.00013293376059058185
0.014391072156025503	-0.0025573731221598117	-0.23422921173842653	-4.217176175131884e-5	0.8844011819656645
1.0156311459668488	0.002271599094033067	0.004810956843140348	4.325470985524051e-5	0.001152454875103178
-0.05360818296052073	1.0729951155913335	0.007440178087896035	0.037505352956199806	0.0017768489537634755
-0.12209540707744013	0.019307923421961876	0.9576166659211033	0.00037407698636083154	0.4636711948144755
0.00777089350306694	-0.2844749422297542	-0.0010967151052039847	0.6242530640427858	-0.0001821777145854797
0.012376238660789685	-0.0019463719688809882	-0.1963596109821935	-2.6268766960535093e-5	0.8633978669011177
1.0153297865275845	0.002089282206988259	0.004969259479680632	3.795842192736388e-5	0.0016734996195296586
-0.04979892911990555	1.0714056274472838	0.007079936131506409	0.03587842732548428	0.0023774624646711665
-0.12213624567715914	0.020191531381546245	0.9186020306746074	0.00037595944366098646	0.6244143200589694
0.007237868014710567	-0.28564903902039085	-0.0010531564436758998	0.6349559946168093	-0.0002466943645044323
0.009627489991170829	-0.00158268940615958	-0.146275738993088	-2.0590791241349748e-5	0.776307323464089
1.0147543516826167	0.0037513855691719278	0.00573213187123554	7.997205870053856e-5	0.0024460288173021594
-0.06508967407217185	1.066707162395216	0.010753212229003595	0.041600386053287294	0.004581384009868003
-0.10748354994413845	0.02091852478367586	0.8834518426686562	0.00045894387722446826	0.7524759222214978
0.009399278239963033	-0.28116233114462325	-0.0015983237487953283	0.6069820099400196	-0.0004801337144265498
0.0057916251147285824	-0.0011236333066251096	-0.09510280350153419	-1.740144437497801e-5	0.6745737748384102
1.0074036486765592	0.007162052529143648	0.008356576021628996	0.00013687565416929323	0.003485739408375932
-0.0791023422709474	1.0612132921933568	0.01800033196837122	0.036662712389556165	0.007506585785583775
-0.08360455595939381	0.022583135949929035	0.8597337101139699	0.0004454381595084176	0.7422911139660275
0.011339996991301553	-0.27469658831215854	-0.0026644005984080717	0.5622323193541349	-0.0007758398648210485
0.0030765310173243524	-0.0008302380336500208	-0.06554905094674873	-1.1443392801025517e-5	0.8287276270262575
1.0059350494431292	0.00926179745971041	0.007926274054253996	0.00023886947977708878	0.0030255754415421457
-0.10447961888521798	1.0565504247882103	0.025051611713093423	0.04975306296998534	0.009582133930544967
-0.06178658731818151	0.017468957031893308	0.8509464754467218	0.0004653885341117177	0.6955362616348901
0.015082358007076524	-0.27847267670894216	-0.0037356621057007128	0.6010392038389499	-0.0009787955099280765
0.001853158052340031	-0.000525013578711455	-0.054653631605265256	-9.581367090807664e-6	0.9952661122829958
1.0064717635295597	0.010720911876269777	0.007165844840568215	0.00031343488553181847	0.002233797480093119
-0.12561680763887972	1.0570188502124762	0.0325912753160672	0.05617801346143975	0.010206434937179987
-0.047216630781944824	0.014270788267218565	0.8557221415978072	0.0004303863626889774	0.5917207985622268
0.018046754712765206	-0.27617961345414854	-0.004826173973817127	0.5853954170456929	-0.0010225630374984807
0.0018277986184853101	-0.0005546893929090531	-0.07334053188474537	-1.1310803866206726e-5	1.2034207764854363
1.0036871524487223	0.011895126960006927	0.0066445325395745325	0.0003566027866781264	0.0017617733081576464
-0.13073988664377664	1.0543928587771707	0.03594609620309743	0.05786917492024303	0.009596690490155517
-0.0385963408036088	0.01228122902349443	0.8566089328836816	0.00037963260628010725	0.5167534498398895
0.018904264160389914	-0.2792852343129636	-0.005351385251096633	0.6139637614281562	-0.0009527273370334021
0.001544989550467335	-0.0004941395185102306	-0.07769347438481228	-1.0174528911117541e-5	1.3765368051270301
1.0042181719135854	0.012549701466611052	0.004541360092058536	0.0004172353207546192	0.0008253735259641168
-0.14622256059392472	1.0547705402958862	0.042175124423775724	0.06431097519778328	0.007781840798886205
-0.028139317356230625	0.009201607669481877	0.8775523601270924	0.00031421295530881504	0.37239881531674895
0.02114130845224932	-0.27989122643178704	-0.006245601667925047	0.621902222909156	-0.0007607478388003824
0.0016762630202167422	-0.0005517400343395679	-0.12051790616707665	-1.2413220592235523e-5	1.5772059709249076
1.0062992739885726	0.012164108199513166	0.0026795243121024714	0.0004792910401420125	0.00036672274922534137
-0.15776355017610505	1.0526579635301736	0.0453199271293388	0.07665984061779722	0.0064003918318500455
-0.022898723796005133	0.007335394803601533	0.8972060719687087	0.0002959240028977181	0.2911672410293005
0.022836227916987417	-0.2818462304683239	-0.006691625526330559	0.6492053407456146	-0.0006208917524278372
0.0017079709959797185	-0.0005513752116268884	-0.154159652919995	-1.4577705896776961e-5	1.6372357902350478
1.003973909745347	0.014609744307027911	0.0023677864200260523	0.0006899448374812073	0.00018770717473054477
-0.15494592505319005	1.0340337276517537	0.05377046190571849	0.0929187850767042	0.004515113111967076
-0.020806861753328798	0.007793988715448577	0.932848149895038	0.0003747406946409161	0.17565624319723344
0.022644480698254615	-0.2878293406415433	-0.007967129614801796	0.7554685006658852	-0.0004361022740267291
0.0021401685110270796	-0.0008114751789505756	-0.21653219600379642	-2.5361619783389328e-5	1.5838019431053474
1.0095549205113263	0.012368056259495025	0.0018221945139914077	0.0007728502334245768	0.00010463516895857744
-0.1663843335519835	1.030243609725618	0.0528329489890223	0.1233141205033223	0.0032274478392152264
-0.021499293562159964	0.007234573178638244	0.969770527539634	0.0004576970290536657	0.12761116360360003
0.024024772776636477	-0.2852114440444498	-0.00769275058819989	0.7705053857469566	-0.0003103888293345316
0.0025939260692738695	-0.0008839336233466485	-0.253856331253692	-3.6839469673592e-5	1.3768595024829036
1.0090716030487172	0.014747687177969676	0.0011368222905416558	0.0009972741640969021	3.962223628737466e-5
-0.16765211327938806	1.0189071137396069	0.06415817918571758	0.13336771022995025	0.002603677118779568
-0.019515768113603477	0.007756231706630123	0.9870484065395215	0.0005295346938100961	0.08384007641843738
0.024158887415730385	-0.2845167048216781	-0.009293562396735233	0.8035059277775604	-0.0002509060634526272
0.0025255527406095393	-0.0010200451060289502	-0.27011498115347693	-4.619773541759964e-5	1.228448536125072
1.008132410829237	0.016954125672451015	0.001912824986634365	0.0014866827230842353	3.251372716371603e-5
-0.16327835669879587	0.9925639630829278	0.07319726740530969	0.17353296960042391	0.001392656393148133
-0.020623819523608145	0.009300914560219593	1.0226241900052173	0.0008188014536146052	0.03743402364214016
0.023017311268909574	-0.2793476800843092	-0.010317033547380339	0.9074549828730608	-0.00013367823604895634
0.0027730803399949253	-0.0012763340823641334	-0.26856249819380845	-7.631875242552176e-5	0.8243757889144648
1.0102612196074825	0.013640869913274331	0.0032497918439119977	0.0014298101412782704	6.225916368787082e-5
-0.16208584828863465	0.9883756403328625	0.06021995810565382	0.2079911662641886	0.0012072372168050183
-0.02495473418806239	0.009342237686680114	1.035685568453257	0.0009813591952396138	0.03919911262170599
0.022273436181246553	-0.27299127545656793	-0.008265384539872855	0.9281692962939796	-0.00011339229847983495
0.0033326540337738353	-0.0012712785721947263	-0.264928450892979	-9.119082224602268e-5	0.7561639697549063
1.0039537600358108	0.019746298965132168	0.00720893329418186	0.00201269721354351	0.00010856433249652794
-0.14367659225634927	0.9611931937601922	0.07315226306962344	0.2019944182711247	0.0011473633744120693
-0.02845707606070742	0.014411026702871754	1.0274004484343517	0.0014740456667030116	0.029635757829152856
0.01954329380836517	-0.2699808394478656	-0.009959201727941763	1.0369211457037728	-0.00010691230785468686
0.003753140885323341	-0.0019471284327587561	-0.2543140437782208	-0.0001360480963302367	0.650382010820708
1.0078597665871434	0.01671431711876323	0.006026566575139308	0.001558994619264474	0.00010205547260869847
-0.1523639686819002	0.9827705963909874	0.06769179635584073	0.18461908798587373	0.0011876027431701533
-0.02915088327444109	0.013020799149871856	1.033099666319798	0.001217863837486892	0.03346426269899615
0.021264939368894287	-0.2766239048612093	-0.009449626814401669	0.9410619034975316	-0.00011445996803552427
0.003844443344783604	-0.0017522809164342672	-0.25575248347188634	-0.00011294791928418801	0.6586387335918753
1.007324676797327	0.0151234627175998	0.006353505914792779	0.0014836497789157965	9.028162286515637e-5
-0.14787793893596735	0.9809289081905426	0.05964180563118086	0.19507453035598732	0.000871367839654527
-0.031764513771380384	0.012844301882759254	1.0484824333197136	0.0012604175545325867	0.02744299679125562
0.020405774994631143	-0.2747242977214593	-0.008213161195123886	0.9734973987002448	-8.37301854017293e-5
0.004102396810618258	-0.0016898980226392095	-0.2463381553817811	-0.00011552876364213168	0.5573926101378092
1.0039899567011517	0.017760551562390717	0.006790654625086767	0.0016657450604787433	8.265290772607389e-5
-0.14322980540735775	0.9731383897977142	0.06576337787674397	0.18664661475470437	0.0008272932084921417
-0.029393604402327182	0.013449239326084403	1.0441196801685462	0.0012622091940117566	0.02346943119554089
0.019786219074349076	-0.2752951722197832	-0.009067028823761869	1.0162816716716012	-7.93891634731543e-5
0.0037903073264954554	-0.0017699169724086667	-0.2446390908568387	-0.00011540566471562796	0.5475366907361797
1.0051710559169478	0.016396343867215432	0.006733834396809059	0.0010013959680778804	7.742597912847437e-5
-0.1459543097560032	1.0090924270615373	0.06180833914648633	0.12057385686129027	0.0007277794366076767
-0.031207917500788315	0.013378483177083213	1.0527867393062535	0.0008165967749378129	0.021897085535530054
0.02119887085068281	-0.28709118754026186	-0.008951130337034117	0.8459563032008582	-7.515609754075786e-5
0.003963321074441835	-0.0017231751685876547	-0.23875617041357286	-7.488452218134926e-5	0.49611550158789913
1.0039673628991281	0.017450364252253936	0.010486377490713239	0.0008733997616571267	0.00012414982632733343
-0.13239950308049064	1.0094663987755532	0.05988621410327716	0.09807551850539048	0.0007209809887265438
-0.040973928324699344	0.018891636954420934	1.052408412918933	0.0009456686190874933	0.021939922433392732
0.019402424867072554	-0.2874821885336097	-0.008766906363014804	0.8079180714662584	-7.618130779394466e-5
0.005093319812064916	-0.0023798074097459015	-0.22909270594589232	-8.589947073283505e-5	0.4331319910538696
1.002784573160871	0.0208636905380655	0.013874993414351167	0.0008268546588428571	0.00019568049525218664
-0.12604065073903892	1.0064727016068251	0.06764616147279184	0.07634366230087175	0.000971467934659776
-0.044576700273792014	0.024531625419046355	1.0349831476297018	0.0009755833950511328	0.026215684902566753
0.018534226996537395	-0.28360537362246396	-0.009974875159098562	0.7365813399066424	-0.0001032175707780282
0.005636508575523988	-0.0031491604659837358	-0.2339305002988513	-9.016528454230954e-5	0.4794628240681684
1.0078125718387563	0.016890934103113625	0.013004768068662798	0.0007715115548428617	0.0002710635519908369
-0.12553071308105146	1.010169302856009	0.058123295205416176	0.08841307118071634	0.0012297545660288432
-0.05417219398903106	0.025933943406295068	1.037638919054903	0.0011892827011375784	0.039248466622654674
0.018350400482124662	-0.28318405999492513	-0.008527748083361097	0.7382002801977099	-0.00012915140930717245
0.006931530469410432	-0.0033642491431153665	-0.24039017804398133	-0.00011037906165335676	0.5259250061390365
1.0117643741852407	0.015997290829587923	0.011123477709400476	0.0008005257177682631	0.00020918965645173176
-0.13993737593694977	1.0171509112552892	0.06306760958682334	0.09632846087833252	0.0012051187490069934
-0.04973193370635161	0.023102539989597742	1.0417422626148694	0.0011597473946982728	0.03511711055615673
0.02026464834717645	-0.2790311657230172	-0.009157177178542752	0.6886263669205585	-0.00012675802547768705
0.006267526374872427	-0.0029514352901792024	-0.23445619343414664	-0.00010726234870931325	0.47880037276734966
1.0104352225833253	0.015534809858166798	0.013601209497541455	0.0006783513625627235	0.0003848645055424746
-0.11882707904679812	1.0112982778504767	0.053449166895952804	0.08414140599981068	0.0015329808460232686
-0.06471266211623938	0.03034087068401281	1.0342077544863764	0.0013322963599623483	0.05360753886883472
0.017323998883287173	-0.2810376624911463	-0.007835647322394154	0.7081534362889615	-0.00016055114566328015
0.008334312521439735	-0.003959255727991773	-0.24379768486136308	-0.00012417732924632774	0.5602447025330602
1.0138944770383893	0.014244967396156508	0.01093819022219844	0.0008946704275206302	0.00043098366858615456
-0.1353170232298906	1.0067352066573112	0.05628095684323753	0.12208899253887989	0.0022548558351374592
-0.05630129004302342	0.024389716375210452	1.019540276828541	0.0015429753293500215	0.07686731591821738
0.019530789499466163	-0.28077790896992316	-0.008179977562481733	0.7572145360993696	-0.00022869471825487375
0.007405476749545836	-0.0032578211055795947	-0.25601333215456823	-0.00014375241218463064	0.7075323073651072
1.0110855439808368	0.015452711863444546	0.014579521419650715	0.001010700298010505	0.0007366658483362182
-0.11101273799596628	0.9807238816810189	0.05132119034938909	0.1282473852691428	0.002641822379944689
-0.07055490109994392	0.034045785713116214	1.0076813427433344	0.0022516048266603417	0.09852724986629852
0.01604739703809463	-0.28346403973240175	-0.007501369690228188	0.8824683082616241	-0.0002641599324587074
0.009280703456242805	-0.004562180045911607	-0.2564631825944779	-0.00020639736499487166	0.7527189842893545
1.010337551906234	0.014872449621744707	0.01471234341610364	0.0008053079950284467	0.0008372227499134147
-0.10492716629708781	0.9898998032313778	0.04715318996965845	0.1059658785983204	0.0027271764120350497
-0.07441592710126205	0.03520803926661062	1.005027896013287	0.0019287233051818592	0.11153270567427093
0.015324871366422133	-0.28575735301458927	-0.006967257431594764	0.842980875236703	-0.0002757924779114296
0.00977589934813465	-0.004701366943328622	-0.25755662538699264	-0.00017628481472459212	0.7892271299151213
1.0102540158945377	0.013066503681799901	0.014493395545233281	0.0006849189135960873	0.0009679130254057131
-0.09285967678891752	0.9887446441734903	0.03907419068831608	0.10338137728820487	0.0026481678988213957
-0.08395096363483909	0.037398703694793554	1.005768450812881	0.001984676545227354	0.13128026270411353
0.013581020669130903	-0.28815701934598953	-0.005784568064420348	0.8838980162626209	-0.00026676169538192296
0.010961811165381186	-0.004956546928863145	-0.2569344346737623	-0.00017905452303218668	0.8071036457403411
1.006782192980707	0.017725552851507752	0.01955964703859424	0.000929754784401127	0.0011094007204681539
-0.09056560784129672	0.9647033309745777	0.04959285358884456	0.10272126577744595	0.002869925843206486
-0.07949826164024068	0.04576069666767191	0.9930285268165916	0.0024387972916418976	0.11044989820826562
0.013270935937854278	-0.28662952451686213	-0.0073810501822827446	0.9301686216060178	-0.0002888032276948116
0.01047219372457181	-0.006152692662076811	-0.25682263906615954	-0.00022179648944383595	0.8022958812953191
1.008699850501877	0.01797303590115429	0.01985406603799726	0.0006334381816341383	0.0014503634835242446
-0.09151842061933135	0.9841492787671071	0.05137316447131418	0.06725003720080092	0.0038194163987048113
-0.08266941710641079	0.04958313337331008	0.9787966984457807	0.0017800149389930603	0.14273553787954557
0.013480067169637011	-0.2806764717272641	-0.0077039444108286115	0.7332615421438174	-0.00039262314785444563
0.010760337070871151	-0.006571580925094467	-0.25467802693012737	-0.00016178792674342857	0.859687920433895
1.0068579817795245	0.02098348354125662	0.021168250659653196	0.0007438270828535459	0.0018775151651904201
-0.09781694156224452	0.9792641510616373	0.05940687238206976	0.06724382370355758	0.005379889764452389
-0.07347583599917494	0.04791059322579691	0.9504897961742633	0.0017365823548745885	0.17469786227258846
0.014415363689167071	-0.2793865162280895	-0.008950361154621079	0.7272718678208057	-0.0005479008314002512
0.009330924780044686	-0.006214705888316963	-0.25034400381119737	-0.00015230161148635513	0.9971998223006991
1.0038722321175042	0.020934034669726598	0.020062021080807894	0.0006245328240401804	0.0012104384358305187
-0.10003628275057286	0.994304258476425	0.05808606881009433	0.056451018046213226	0.0035665223215015345
-0.06707153202302359	0.04154440274482375	0.9737336950907743	0.0012599808761838381	0.11901707914160717
0.014697875779724118	-0.27797537001367256	-0.008675798514517094	0.6807127288216048	-0.0003654415077715481
0.00882024415340621	-0.005560379700313478	-0.2594672300536319	-0.00011569565220821698	0.9282706305624933
1.00268071733526	0.021524774601043746	0.021983484762278113	0.0004912801585499824	0.0007745735938551983
-0.09434275658266159	0.9981676933511445	0.057843843720841295	0.04247950340823396	0.002069461739358575
-0.07087258263798846	0.04598415350214682	1.0017306189063817	0.0010627058321434127	0.06736280343009961
0.01370812815454761	-0.2702860403131922	-0.008509098786311776	0.600942843605971	-0.0002160991431289325
0.009366605153324499	-0.006172756837890871	-0.2528555947812563	-0.00010128294060670002	0.6924173464368231
1.0023300006924318	0.02206932966592183	0.02287975847591814	0.00048688941592993015	0.0006585956931615504
-0.09304128979580333	0.995913332360132	0.05887110703649347	0.04093697845765751	0.0017207153848187808
-0.0716364457776961	0.047784428174847834	1.008859347912122	0.0010665730673065405	0.054168147113513754
0.013507150883404359	-0.26920431846396475	-0.008645207601341682	0.5943729574212596	-0.0001812460760074611
0.0093577558586182	-0.006340365616665027	-0.24601900384452655	-0.00010153069220722802	0.6081510159895209
1.002116775305812	0.021496453266452623	0.02260076640261762	0.0004677814743864559	0.0007498778679411802
-0.09135353972897059	0.9972995501136059	0.05661805080215436	0.0404516486054976	0.001906695166403236
-0.07241028554294698	0.04749000862220294	1.0046829754394655	0.0010462171456168826	0.06312676445480071
0.013271818819743063	-0.2698532818391319	-0.008325490234814112	0.5976460721742063	-0.00019969925238247084
0.009542950702084371	-0.00635490456814029	-0.2509818690739753	-9.97429312233609e-5	0.6656242000296668
0.995115290430067	0.028135087307772123	0.02959386959774777	0.0007368577382842745	0.0007571922947896895
-0.08397313048474267	0.9600745176916857	0.06576182914821127	0.049379186348549764	0.0017193531609728807
-0.06504293630060032	0.05325152434942165	0.988001299994988	0.0014170860751988035	0.04801169541680702
0.012560601875934989	-0.28178376838554836	-0.009991973561794848	0.7697714829225432	-0.00018213107620246305
0.008613431283529552	-0.007209350616696364	-0.24874528613447222	-0.00013378738459257633	0.6573972340853106
0.9915346035339921	0.03388064193331626	0.036203602695045134	0.0005840411200785881	0.0007308247821206162
-0.07933582340181322	0.952521372869514	0.07412724986159254	0.03131754345072033	0.001531686375637973
-0.06289768942434729	0.06152921162530065	0.9762978001023515	0.0010804298775653665	0.03700652848236028
0.011705590059553787	-0.2677517089768916	-0.011135767747527281	0.6309954610534767	-0.00016372517520818735
0.008261624855725624	-0.008278205142063878	-0.2411132692719199	-0.00010346292906175344	0.5965750367084952
0.9879763268023268	0.04001246480230725	0.03535697264271073	0.0006997844368463292	0.0004468367265216405
-0.08731250366361643	0.9498859393326309	0.08868424433279609	0.03162797541544758	0.001151270875135349
-0.049841769537232156	0.05213336887145331	0.9761785290022715	0.0009259031655194858	0.02267341960017176
0.01291965926336866	-0.26779089840441467	-0.013328562993173199	0.6346937532232995	-0.0001245203061410495
0.00640306351427522	-0.0068735498209573365	-0.23015627033911412	-8.783161247687132e-5	0.5059543417391191
0.9854220688654609	0.0409046064348665	0.04135536885480537	0.0005809417406972752	0.000478754951168918
-0.07630225945409932	0.9402332314139449	0.08342702566312776	0.025379787644216167	0.000990654062552842
-0.05439875992698259	0.061627936530722904	0.9729634098716438	0.0008909295170709021	0.020398301633790656
0.011254720038991972	-0.2634674113044601	-0.012523611246851085	0.6083509437023776	-0.00010783309468657964
0.006909482411364604	-0.008031926474311363	-0.22394111051329357	-8.420629556961032e-5	0.46513268540715735
0.9874324302400704	0.037800030577602145	0.03848720390646826	0.0006157123167014143	0.0005445783142334292
-0.0780675163048067	0.9457611592010695	0.07925154331965523	0.02950885066900058	0.0011491787339583462
-0.05646073225451087	0.059536213625613565	0.9764945831728247	0.0009866747853712263	0.025395159944835478
0.011579232844039389	-0.2685614686586689	-0.011957348599683337	0.6456614396200145	-0.0001243642460594073
0.007286315751490663	-0.007876751043216085	-0.23177937058152248	-9.364505083384045e-5	0.5181141140153671
0.9834384660969432	0.03213014111695528	0.04047061865832513	0.00030941147620145576	0.0004873991006483086
-0.06221121665549298	0.9641257416548221	0.06116932753537234	0.017191310967244532	0.0007488651169740264
-0.0625579379518405	0.06496998990146616	0.9932991667858982	0.000635666023789889	0.02140288166888591
0.008990368539683144	-0.257173600456578	-0.008966961644716167	0.532538505412909	-8.057333261595986e-5
0.007945383401877774	-0.00839585129559715	-0.22626468008592893	-6.033244332078472e-5	0.4630843908197021
0.9811564546015403	0.031822315920676525	0.03475565346847394	0.00021619676890811918	0.0003471450037223465
-0.06742501760192443	0.9925702035921875	0.060962548069585676	0.011812374306344853	0.0006163895965365131
-0.054269001537676886	0.051789414038966364	1.0065632114626557	0.0003551456047060815	0.017850534004182513
0.009279303040608922	-0.239024799851867	-0.008465483111544825	0.3978764944552998	-6.429212660749323e-5
0.006853858115145578	-0.006624543803987776	-0.22599460793336348	-3.4132630905317225e-5	0.44963274204439446
0.9850367541794877	0.02743515433543542	0.03219961644368746	0.00022856758670667093	0.00039108210596965065
-0.06759707724921662	0.9971629301327027	0.05462796775539286	0.014793628792945383	0.0006707855451923801
-0.06127810242113839	0.05244217555625435	1.0143917631005834	0.00044103831740968083	0.021911425433332292
0.009471461243806593	-0.24836508652813316	-0.007721793944975706	0.44639919788819415	-7.062668711121066e-5
0.007767871604713391	-0.0067245040878645265	-0.2290743947928635	-4.214517979212271e-5	0.4637878065074542
0.9873082184999304	0.022519294373133103	0.026072558730106055	0.00021331504587522934	0.0003603032975189411
-0.07057071534579767	1.0157688049233677	0.04670157272505354	0.017155831259153792	0.0006502586477657489
-0.06293897114872468	0.044194108288365036	1.0294804127270256	0.00042114882121004917	0.02539479652757293
0.00995328523658831	-0.25508503956100914	-0.006624256259114558	0.4709043187266958	-6.83648223737145e-5
0.008038462499837928	-0.00568868254722234	-0.23501851761520867	-4.0199656011344706e-5	0.49155974689279947
0.9865498487472957	0.015901354120110955	0.022825100468636728	0.0001391720925221062	0.0003277019949932767
-0.058902950269674154	1.0318354176043323	0.032210058822636556	0.016198960604412792	0.0004637131058115437
-0.07109079472673774	0.04160736196921712	1.0477215079939997	0.0003655301248732543	0.02660091946248381
0.008383427563647877	-0.2626260221639735	-0.00459740198293963	0.5032997495798899	-4.8985274862359306e-5
0.009059845912207716	-0.005315104290061856	-0.23653356936804157	-3.459012872769477e-5	0.4860350062341446
0.9870280970640883	0.015806596221925484	0.02093567276244268	0.00015847141263725106	0.0003543249971580953
-0.06304071061479823	1.033847019197324	0.032323829859186144	0.018721408054573258	0.000548563396885516
-0.06827721509746387	0.037447830522016695	1.044294975853574	0.0003766165316827	0.03193313742109709
0.009051704128181567	-0.2675501200458224	-0.004653998398181532	0.5343078679929021	-5.7708819584485196e-5
0.00887672007984313	-0.004880630147810969	-0.24567260840797345	-3.589194220042453e-5	0.5576598727851576
0.9874555926694402	0.017217901598263863	0.019980644859891483	0.00017420471123181895	0.0003346189050443468
-0.07046960097248309	1.0369401852481945	0.03601087969612414	0.01873112135830569	0.0006049402231680758
-0.06298485486807252	0.034330165664523925	1.0420814262895062	0.00034819781351137465	0.03169788733524427
0.010017954145715149	-0.26289316658148565	-0.005131823983779205	0.5008915009438727	-6.316295352470078e-5
0.008214794373641171	-0.004491246224235211	-0.2471301330428142	-3.339162520535875e-5	0.5715529305307345
0.9892918722825979	0.01598729121362133	0.0188531383557779	0.0002111470736934004	0.0002637549000081528
-0.07150683097246002	1.0322941241605332	0.034405860492275675	0.024992819763910767	0.0004831001374942141
-0.06560955613767748	0.03343038713591168	1.0543413588446064	0.00044190970322543284	0.025983556086486757
0.010406823450303082	-0.2750864624642694	-0.005011663284269774	0.5917828724558968	-5.1642720993424e-5
0.008317534175773937	-0.00425328042745914	-0.23570105508618605	-4.128133533196486e-5	0.4745985741848098
0.9906774077756706	0.015132875867775952	0.01543579976377725	0.00015301411796393976	0.0002076606006000195
-0.08187064451167902	1.05595150766605	0.03440367301089675	0.01858155464380036	0.0004631896804678237
-0.06003734543410949	0.026786005746171862	1.061283149896623	0.0002704974818776728	0.025116012352884652
0.011365262844595714	-0.25503314335315397	-0.0047702955072910225	0.4379180940215476	-4.814065929831246e-5
0.007601782217996596	-0.00339414233179063	-0.23647849457582287	-2.5696256095900975e-5	0.47377444721941564
0.995519862057348	0.01354057941557929	0.013247770325701985	0.00016855856847642313	0.0003004315341843915
-0.08980871049340464	1.059511939620077	0.03330151511033011	0.023057331383853772	0.000755875783205782
-0.06205935001304119	0.024579550965014962	1.0492370568671154	0.0003061823320888533	0.04389110832036269
0.01251873951637892	-0.2581513393799812	-0.00464546807250305	0.4535909012144926	-7.736761525294037e-5
0.008164129612407034	-0.0032363829460123616	-0.2546686584127206	-2.9583629364338983e-5	0.6331248898106842
0.9928309454031	0.011711440040734461	0.013477012907740393	0.0001280380556734611	0.00026502224137814334
-0.07622267351455558	1.061813994496541	0.02664470114184659	0.02040447599436329	0.0005234195937115816
-0.06834254173848286	0.02557497482334803	1.0606922973424115	0.0002793330766487391	0.03766994098371776
0.010702713611594384	-0.2618590495725893	-0.0037385641372555604	0.47313831601143885	-5.4154729398920274e-5
0.008882005432169437	-0.0033194452094990057	-0.24915248989383654	-2.6746058977351883e-5	0.5701547646700593
0.9943145054660074	0.009720987494984623	0.011271945811016842	9.634796497683465e-5	0.00020770120632783093
-0.07731891960962312	1.074996574547834	0.022678685819308764	0.01837497676268257	0.0004165514930596567
-0.07048316073619754	0.022160779043359446	1.072391158633994	0.00021900567474693322	0.035122703639098765
0.01065216610042985	-0.2552397877565347	-0.0031164327808287096	0.42451306076541134	-4.278633467705989e-5
0.009044298668843043	-0.002833436193257932	-0.2447540755000199	-2.093976095918562e-5	0.5238672030267044
1.0015744643297941	0.006119622934895624	0.008063949588342473	6.798964259455446e-5	0.0002605988117937233
-0.07425722298395177	1.0854718311595895	0.01551063261585467	0.020782240100086696	0.0004988257828936679
-0.08609502574424929	0.019468690032286705	1.0695969602390103	0.000215859641042856	0.06314278438697755
0.010215303582574164	-0.2570590696115922	-0.00213054277737848	0.4269325092524887	-5.064304923634369e-5
0.01123757985651587	-0.0025264520532308887	-0.25521726041922216	-2.0718549436763095e-5	0.6224031061045123
1.005572670735961	0.00465472270045314	0.0066644906243388535	6.824564353431154e-5	0.00025613567822406133
-0.07112680021741968	1.0815320033499858	0.012473292092231858	0.028092113318648592	0.0004773691905289243
-0.09581021728977443	0.018167814722244983	1.07204083733385	0.00026578930140622376	0.0751757040536336
0.01006204620892126	-0.2707041701406907	-0.0017617723520915174	0.5126615439141656	-4.926706466295942e-5
0.01244811316993942	-0.002347545734492114	-0.25431166900971963	-2.5115885823360443e-5	0.6168987047931417
1.0073790248958683	0.00411036064133391	0.006662634060088046	7.342698304724227e-5	0.00023995109496761924
-0.06485718410987396	1.0716309792312755	0.011384625564716866	0.034915022673093904	0.00040890137399014065
-0.10442330567574115	0.01971418201367548	1.0795694891876721	0.0003512503314043278	0.06957595500353021
0.0093900986157045	-0.2824190502187727	-0.0016445910503933292	0.6082441030218255	-4.300079431591303e-5
0.013372628001143493	-0.0025138537192986345	-0.24758477139175022	-3.263937728215343e-5	0.548456539920803
1.0084611243490555	0.0038334416171295627	0.005776620774463975	6.029042585634515e-5	0.00024855216276084037
-0.06926522630365972	1.082977475114525	0.010754689918162696	0.03027777492752782	0.0004607466025543308
-0.10264006290125333	0.017244487823529935	1.0735349496761555	0.00027060907852535565	0.08411866940493982
0.009822716298431011	-0.2726260170876892	-0.0015227034103234421	0.5244857147197174	-4.764368634621596e-5
0.013276584339591155	-0.0022177681680313546	-0.2530461879660955	-2.54404759691732e-5	0.6077988090611638
1.0108431583812163	0.0037391522628739977	0.006310671885320279	4.91089754728548e-5	0.000410638352817988
-0.06338750727038694	1.0847841463258696	0.01090259999662313	0.024908526426592206	0.0007062066492545677
-0.11116331792012135	0.020937729589306786	1.0533371729506034	0.0002755001491274514	0.12877231694861435
0.008819469032545761	-0.2632823922933828	-0.0015198902068446485	0.46341675248492703	-7.163465547976866e-5
0.014419792334601084	-0.002699009207236168	-0.2569153564628625	-2.5868469265214432e-5	0.7084799070770791
1.0112720080197073	0.004781386514766506	0.008463262852610176	6.60390146374687e-5	0.0006433643031056591
-0.06081872823389001	1.0702093821183776	0.014019605479858213	0.026207863855190937	0.0010634595834559252
-0.11357411920051669	0.028738365527045312	1.0380812225333527	0.00039938728731926665	0.15040136839481433
0.008541453200490927	-0.2655572648766468	-0.0019792028850575683	0.4897327204044475	-0.00010819824586532495
0.014677344058075179	-0.0037000589754352733	-0.25597276494781396	-3.7101865117538475e-5	0.7487434728656055
1.009599391080423	0.005159013853879929	0.008032122843064997	9.470935962147681e-5	0.0009300443874581399
-0.06594566650719202	1.062949349523512	0.014280966653299308	0.03557892501351594	0.0016517626309830238
-0.10441603262458178	0.02506386941833419	1.0031649744804327	0.00046476196754004456	0.232254067324158
0.009511101023964352	-0.27883595344126816	-0.0020801798057966565	0.5906111151159492	-0.00016788230748134123
0.012914581244541479	-0.0030920972293782267	-0.2483510625224815	-4.0053758171101385e-5	0.9284349038832098
1.0085752237122485	0.00476991756829755	0.00639890899454515	7.487385279456458e-5	0.0008228954844986848
-0.07456234959671038	1.0806480771188405	0.01298655445045185	0.02994734046526162	0.0016631901498546792
-0.09528789169672036	0.018554386206195192	0.9939917761226107	0.00029397300267597674	0.25963680030138403
0.010492494371124688	-0.2681500822957555	-0.0018456063530655077	0.4975890732006248	-0.00016614875692540568
0.011429824171652947	-0.0022137782447008147	-0.24236407523116915	-2.467653508831996e-5	1.0002706079595585
1.0069748829122314	0.0054931520739815165	0.005994687380058764	0.00011822780437515529	0.0006578719536594058
-0.09010867049641501	1.0743414285161654	0.015288043971380491	0.041696911351065055	0.0016728628181073915
-0.07993721586760685	0.01501644349918683	0.9981446609520801	0.000325824182775714	0.22369734111378395
0.01292521000202157	-0.27777638917827324	-0.002211819315790108	0.5727398765592091	-0.0001678347583526788
0.009759394039711322	-0.001827040898543325	-0.248980962298565	-2.7503246869495235e-5	1.0485261575702713
1.0078482173315728	0.00490131046829685	0.005174635113386812	0.00010503189041438543	0.0005328952903050734
-0.09408123989377846	1.0801750051463341	0.014078251626752754	0.04140892743611704	0.0014441371414378533
-0.07861226118250111	0.013000454343226255	1.0061791510245162	0.00028044476726798843	0.2102085274165683
0.013409634926273405	-0.2753432912561506	-0.002020834778168306	0.5490949260173192	-0.0001445962048457941
0.009728518220617393	-0.0016018440396501899	-0.25269714594883974	-2.4111884306649988e-5	1.026232372480773
1.0101734193277687	0.0048039585973978505	0.005011708065024707	0.00013272315448713962	0.0005424583615702729
-0.09728789575322142	1.0715749364971294	0.014502576908818392	0.05403682437427921	0.0015662619136030975
-0.07997081073871924	0.013121146942964505	1.0055351829120363	0.0003651111325314038	0.22018673717818824
0.014039215728005178	-0.2821706546436128	-0.002108633550099816	0.615294126001606	-0.0001576624803697489
0.009863107342550803	-0.001614105077854422	-0.25097882318510334	-3.110518866268012e-5	1.0022001924717647
1.011415608272419	0.004298616073851784	0.0042032007696454834	0.00015183180816823324	0.0003632620307888329
-0.1058044718420269	1.0669810733270222	0.013873188532249836	0.06982560742530299	0.0011972550155043902
-0.07564180370504893	0.010785006375961921	1.0243986017512803	0.0003825473660975286	0.17590580312147697
0.01535411944001544	-0.28685375102484983	-0.0020221408676495863	0.6716390332164213	-0.00012078613506656742
0.009649899760703962	-0.0013736681428610682	-0.2596946802073535	-3.37289728078317e-5	0.9388353996067357
1.011989672076882	0.0040842949887726215	0.004316821918338036	0.00012667117315425143	0.00039969145211895575
-0.09830731586897618	1.0710918779249095	0.012859580424307394	0.0610195873260132	0.001188078484583967
-0.08291144409156535	0.011839860974205375	1.0237871860836485	0.00036883227384888403	0.1877195709822579
0.014220853447205695	-0.2845381452112412	-0.0018692386857428467	0.6395820900649426	-0.00012019698512770287
0.010526866770301235	-0.0014993893318978602	-0.25749079220402676	-3.2519675040455776e-5	0.9170071996376923
