1.0908661951648861	6.086962693670206e-6	0.014397484279735771	-0.00011603646010029198	0.003582820606794379
1.6404081183208404e-7	1.059126988802703	-7.969248811084506e-6	0.0013196903692214968	0.00024816981352232797
-0.08352474251410094	0.0017155155100741087	0.9652217685846255	-0.024303725580854158	0.4970102037561141
0.0004953376624283884	-0.20903916229976754	-0.017883445653524975	0.9469168292911648	0.3682372388001096
0.004041131038352283	0.01038665135861952	-0.09663059245822449	-0.0972968311953181	0.9932716529269301
1.0838719349496857	6.401071036388206e-6	0.016857742687780765	-0.00012514152112052526	0.00517103078121553
1.7216549575457644e-7	1.0550850013119388	-8.61902107195529e-6	0.0015537489642043602	0.00036024226942318015
-0.0789965835355944	0.0015016660438635643	0.9308320084790492	-0.02174704182880796	0.5930377546208241
0.0004323054481052968	-0.19956145449973473	-0.016031737023905472	0.9203221416754087	0.4419898908125729
0.0028358725102659438	0.007345320987932863	-0.06940376553430623	-0.07016695611039087	0.9534630589532719
1.0640909945186157	6.217097389529802e-6	0.02112661222464002	-0.00012774532876610317	0.005538388991976062
1.6075596899131628e-7	1.049456745214324	-9.035031479906041e-6	0.0017772640715576406	0.000396999967637977
-0.07022551258256794	0.0011614895051972607	0.9288742995052184	-0.01777074570206799	0.5145558502969039
0.00035346274815701434	-0.19018276009304724	-0.014792419575301467	0.9180600662472161	0.43361934130955165
0.002528792688410081	0.007010367837194914	-0.07068011300589286	-0.07155496863993474	1.0777770463281113
1.065022397367843	6.094529426695083e-6	0.022046755108511833	-0.00013702797903357433	0.005955300079438508
1.9982980249948906e-7	1.0393247686780263	-1.1196901595721901e-5	0.0026222557122979368	0.0004926055345127155
-0.07063598102091073	0.0010941052046185007	0.9281907985995723	-0.01836646234528913	0.5360635981656119
0.0002979382113914575	-0.17388892124191563	-0.012464106848074134	0.9192960690994713	0.368124607068465
0.002606135154850489	0.00657464777182587	-0.07321975960605835	-0.07409197637743842	1.1485375421461521
1.0597364850044866	6.836899190662549e-6	0.027261328595533006	-0.0001605091071906345	0.007176739245599084
1.9006899669806766e-7	1.0348079311223792	-1.1001226083592452e-5	0.0027943694540743668	0.0004983958995557515
-0.06824183309331475	0.0009905870599556527	0.9243715440633438	-0.01739358343719613	0.5243271562865175
0.00026576473196794625	-0.1664291472983902	-0.011504905797603313	0.9180355959491325	0.35140886998169657
0.0024934492126845037	0.006228675622513308	-0.072773295900711	-0.07373750018248304	1.1979018511201047
1.0446852675090539	6.733593317632958e-6	0.03064331690454694	-0.00015652378903285857	0.006389439011830256
1.8530101997108785e-7	1.0362153571601866	-1.1866476765528232e-5	0.002835414140445204	0.000491355096225124
-0.0619705308686059	0.0008720478396821163	0.9346310247447285	-0.015213425007091982	0.4214607500603911
0.0002572581764367608	-0.16934579163557895	-0.012364210445871271	0.9246566597275767	0.34699402302415816
0.0025411195294482297	0.007101120838120978	-0.08288387681235349	-0.08396446490407142	1.2747114071449495
1.0470951217793099	7.091874183670632e-6	0.03231726585883718	-0.00017203762642278853	0.006567520318231823
1.8918267057402814e-7	1.0319218938708423	-1.1933077887823357e-5	0.0030531837830986104	0.00046166090810260615
-0.06327249215539155	0.0008758151941565678	0.9407607168453915	-0.015965740255789312	0.4143510367584277
0.00024485462518295323	-0.16289865082250243	-0.011606294865059888	0.9310643301212453	0.30496480138341453
0.0027941669042269024	0.007362981192283152	-0.09004073250511399	-0.09116240328116085	1.3024318594558753
1.0379253329450668	6.448160622125887e-6	0.03233088370801679	-0.00015427021196823265	0.00521448614730835
1.8858615288212376e-7	1.0335834516209796	-1.2715414688238558e-5	0.0031442432278897536	0.00043546465493776026
-0.05968834911743267	0.0008026543546704682	0.9573537099467962	-0.014462228716889527	0.33336902430108817
0.00023908875727007492	-0.1666169801053186	-0.012140604520014336	0.942231940577855	0.28289777685233614
0.0029976069555831507	0.008559376431183235	-0.10380455762532392	-0.1049338544926724	1.3365701428846626
1.0331510736917133	6.4782571218557905e-6	0.036860763454315104	-0.00015822515869134968	0.004539310248462436
2.0456950577951716e-7	1.0315978937042916	-1.4302214685027459e-5	0.0038444795301888907	0.0004152665046408266
-0.05826536091707539	0.0007159236226894627	0.9801651026851366	-0.013192169331379344	0.2583835164470286
0.00021438056623628368	-0.16495470656083835	-0.011307848361489709	0.960363869008347	0.22345378255192816
0.003433356755496053	0.009946567942211937	-0.12363679990808951	-0.12474033415968105	1.3448878214562856
1.033822125834347	5.688320315222484e-6	0.037004434231072636	-0.00014444515081629694	0.0036006001962546885
1.9318251849587131e-7	1.0276943767649174	-1.3439984017571058e-5	0.004299360902010246	0.000338324979644887
-0.059275371863779173	0.0006339215141912824	1.0046109404810117	-0.012148414141839647	0.20624066288201015
0.00018259482486861905	-0.16003155339712608	-0.009587040629645494	0.9796091681343613	0.16376458099517766
0.003936177479120367	0.0108905560881834	-0.14075166748090817	-0.14162315068373124	1.3032094559879313
1.043060598702445	4.642439015878352e-6	0.03264496554597214	-0.00012027783940499193	0.0026270306238616245
1.4265898799770138e-7	1.0256086135165225	-9.273590275520483e-6	0.0036453273339050046	0.00020395676409760283
-0.0642903782504245	0.0005943260124779415	1.0319115967425192	-0.011597728630938664	0.17116972197009206
0.00016031996177464508	-0.15811955488500778	-0.007849557206568714	1.001612388739276	0.11621258878441745
0.004649899447289024	0.01174799106404295	-0.15384224359705573	-0.15432263114073758	1.192455341071807
1.049717119805082	5.6296851567161355e-6	0.032959819761271936	-0.00013125958773980984	0.0028713177076487156
1.6724090690090065e-7	1.0362125361250876	-1.0382303598071782e-5	0.0033452091885964458	0.00022881800206839796
-0.06733698642946224	0.0007140097888231889	1.0301039951386501	-0.012515932522109141	0.1844497348319416
0.00020508787649292128	-0.17594374301882876	-0.009572013828932635	0.9998043018658099	0.14154814300875518
0.004805803975304543	0.012891889834068415	-0.15111027297380028	-0.15162821651196537	1.1590062370096212
1.0362264014270923	4.316841582238662e-6	0.03930361049818624	-0.00010006162169164806	0.0018844009796064954
1.0627860019818414e-7	1.0362644759705546	-7.2000553113594e-6	0.0030868290058965165	0.00013660009821944464
-0.06207542583374989	0.0004618951252737258	1.0627606789946067	-0.008028199177824123	0.1007625896204882
0.00014224727655176572	-0.1782416859557185	-0.0072261554760568465	1.0266105985271108	0.0908356471602834
0.00479400196626787	0.014115497323182485	-0.16230688644764288	-0.16255666402973726	1.000474158995389
1.0445904660437666	3.6594147285740064e-6	0.031535784386672344	-8.132833091507863e-5	0.001483205388613039
1.1351054982067232e-7	1.040647117272166	-7.244171075796758e-6	0.003105446740211031	0.00013283264344623406
-0.0662284748052639	0.000490461834409095	1.0733041547074382	-0.008155394741362176	0.09857588847591206
0.00015128854756486093	-0.18623602070560508	-0.007223839110709895	1.0319555705753838	0.08722122887611175
0.005128855321429648	0.014808101185346034	-0.16231129312927978	-0.16213514373606067	0.9370639716466522
1.0578920871710393	3.474741326003894e-6	0.03350490584070778	-7.12999963353167e-5	0.0011621469412724725
6.941351024525311e-8	1.0489025373469605	-4.019701064265739e-6	0.002091156364735067	6.577312428006528e-5
-0.07338823870332092	0.00044074793824840086	1.0988417694216541	-0.006714317052651093	0.07099000259851578
0.00013781661506206966	-0.20233781179497257	-0.0059251023021326295	1.054160673883721	0.06244541625032786
0.005682313839743713	0.016098711375777897	-0.1584686295097832	-0.1579620155429723	0.7202132846758584
1.0614998171229688	4.278832540727251e-6	0.035517456156484425	-8.377193523331772e-5	0.0013888571131486435
7.608093225558443e-8	1.054913959175094	-4.3137532287891665e-6	0.001884858698964851	7.186099401735972e-5
-0.07495978536038608	0.0005120250895082057	1.0931180843065507	-0.007444600095304404	0.08023050320798676
0.00016783225944516644	-0.21237586209532588	-0.007066946202982257	1.0502876838899273	0.07600497434302625
0.005790449060290387	0.016849901318037264	-0.15849213393697772	-0.15816842923303553	0.7454275679991451
1.0595531263494824	5.162012382875503e-6	0.04122260070348971	-9.919410393766787e-5	0.001663364351246796
8.056122881988648e-8	1.057413386041462	-4.621507927448157e-6	0.0018498305102181492	7.797903300472281e-5
-0.07393819462020607	0.0005311413531198239	1.0875261730529093	-0.007583559644117055	0.08281588236507381
0.0001811358806651786	-0.2164429903420757	-0.007720728500228313	1.047597524469921	0.08428344652144015
0.005710848401109719	0.01715473629080022	-0.1585234155563005	-0.15846629359436776	0.765053856803523
1.0801804523784002	5.418309295013302e-6	0.03237469020319729	-0.00010428002365626965	0.0017829205945970247
9.764639050113821e-8	1.057457011271854	-4.986754949981229e-6	0.0018830070471743624	8.556185494838255e-5
-0.08353058404076279	0.0007139462595738832	1.084834137556532	-0.010205107970594485	0.1136628667198678
0.00021572231046432244	-0.21614912707765543	-0.008182229361571591	1.0437951038759699	0.09095984539795376
0.006388881136630387	0.017012988035158494	-0.15785978803949216	-0.15756094545656119	0.782261207350851
1.0839903339694161	6.672944272256842e-6	0.03112123455069507	-0.0001273835635888232	0.00233243182857671
1.1638353721726835e-7	1.059090684030107	-5.849531620007176e-6	0.0017612369519325213	0.00010758186069796238
-0.08465566460409876	0.000912318003484458	1.0670202247881306	-0.012965545645326482	0.15593480207853322
0.00027445721917804256	-0.21757299929015206	-0.010269584107274465	1.0299061800032203	0.12349423049243335
0.006354050004190426	0.01680376757656732	-0.1561656508620728	-0.1561446371759233	0.8753507579548861
1.0821484066313949	7.331415561306898e-6	0.03477729257458466	-0.00014220512776913496	0.002621795602746335
1.2406765881323167e-7	1.057052714065277	-6.295251187565451e-6	0.0019372734345180355	0.00011663900297519212
-0.08373314127861511	0.0008956615469735696	1.0638485172268197	-0.012940796369121932	0.15691855096062088
0.0002658049977356386	-0.21397747529948397	-0.010046326159724672	1.0286975851060216	0.12190907210776852
0.0062869244237037936	0.016527701398387884	-0.15628312357640783	-0.1563966870302247	0.8899502053180334
1.076587485192933	7.5657902853798475e-6	0.042574511701757245	-0.000143349806737178	0.00251468030691495
1.0366947209711208e-7	1.0597125080118905	-5.3974233531935145e-6	0.0018022633600522711	9.524836204384199e-5
-0.08159166772007606	0.0007548940983720942	1.0735190020367118	-0.01063471593601073	0.12197653167650069
0.00023920741432975623	-0.21948214218592077	-0.009259921059112552	1.0382127565235721	0.10633918227764166
0.006219739217949244	0.01719294694531237	-0.15742349171649378	-0.1576177728732396	0.8229777480472615
1.0806906248567045	8.205011571504883e-6	0.04171506829482856	-0.00014612867756984282	0.00255723950143193
9.830192818430228e-8	1.0680914160405386	-5.001940276260636e-6	0.0014218628477678085	8.809115586028062e-5
-0.08353046073144127	0.0008360025091720402	1.0736829328769018	-0.01105518843192732	0.12618294377932554
0.00028787346100273004	-0.2337981351836167	-0.010876280676907546	1.0373739569498461	0.12429829173263574
0.006318352292861956	0.01816694504710925	-0.1556973317804214	-0.1558947241267309	0.801774641576936
1.0892955629999317	8.201430900189877e-6	0.03152597918836775	-0.00014937088002545118	0.002832425428697355
1.3097802336464737e-7	1.0655449011544038	-6.407422398322857e-6	0.001560114497757086	0.0001221409603348331
-0.08676973650169585	0.0011042673889925525	1.056614172825086	-0.014967029758968242	0.1865945787081631
0.0003482710254869986	-0.22777133927310872	-0.012679068060507837	1.0215063449902133	0.15823017511857163
0.006360690737277366	0.01717506240074007	-0.1522457307862593	-0.15239955513951892	0.8935831518084474
1.1008801001568105	9.094204544091156e-6	0.024589813170063868	-0.00015688981956660242	0.0032402198320444255
2.104037587907781e-7	1.0732361944366933	-9.72775649737273e-6	0.0017104028905282204	0.00020195650251420873
-0.09122403394565594	0.0015598324779539513	1.0355132210569824	-0.019995565450931597	0.2714906813560507
0.0005067948634773223	-0.2388070186326379	-0.017410734266092992	1.0015918646720914	0.23671081464729576
0.006219199307207671	0.01675440710890108	-0.14046265808892827	-0.14065029848931854	0.9055035320924927
1.1092838601905155	1.2848670469328693e-5	0.024610542866951725	-0.00021917311830890393	0.005546372166046115
3.017634465735607e-7	1.0742014152634292	-1.3342753036106841e-5	0.0018280509927416887	0.0003401101249295565
-0.09307130810955261	0.0021484815636144267	0.9878573699950148	-0.027121258556388753	0.4491485950971174
0.0006655812808758627	-0.23637071988278135	-0.021778553300749834	0.9655626975911106	0.36259366979760854
0.005184574252414323	0.013536775025745296	-0.11101956268173785	-0.111611898728435	0.874496277483866
1.113609461996904	1.4130838040467969e-5	0.024081884846545058	-0.00024529908698927433	0.008213034802274075
3.502725297003942e-7	1.0701508083256652	-1.5026293518840541e-5	0.0020766442782123823	0.0005077747998436521
-0.0929060127397713	0.0023386598204693243	0.9419900425504729	-0.029824115170082793	0.6453811235283455
0.0006609348081121486	-0.22572862832862767	-0.020829407390211538	0.9321786765176893	0.45499013303157965
0.0037615377901499547	0.009381985334001516	-0.07661691808599376	-0.07733944513541192	0.7643834976839053
1.0987220795384156	1.5684602832390093e-5	0.035749513270650464	-0.00029102851190833216	0.013927739900861297
3.093338468201294e-7	1.0602891866863675	-1.4132622611774995e-5	0.0025267476843153086	0.0006857527943171602
-0.08481299033090592	0.0017000476257550343	0.9057956407721091	-0.023141988650426916	0.7163175113674836
0.0004695336022199348	-0.20669934443114768	-0.01573763878701622	0.9069228105023807	0.494975582194653
0.002429984586942161	0.006066476793438455	-0.0526788392353171	-0.05352732088753485	0.7719069730174403
1.0852676928477212	1.3588866541895672e-5	0.04445677289816097	-0.000257323201693754	0.0179952859402851
2.433923662033613e-7	1.0569898782721783	-1.1830179827926313e-5	0.0027327078054696905	0.0008422141476004223
-0.07799097285784759	0.0011587080670541552	0.8820088086139445	-0.016065843119925663	0.7257144370387444
0.0003361870113376946	-0.19932944704995892	-0.011964625301531442	0.888981071788707	0.5519365027583789
0.001525232007214286	0.003985437214715511	-0.03506198647287596	-0.03580669953817704	0.7580376184602555
1.0571347359050447	1.353020548207351e-5	0.07436898882595797	-0.0002771841847430817	0.02576537420643732
1.736027453623154e-7	1.0479427802209387	-9.919726377274896e-6	0.0031155142528058026	0.0009452605800311931
-0.06548199970865011	0.0006807341737754408	0.8612539010717294	-0.010286453876582152	0.6289846403082758
0.000210021761096902	-0.18398117769408728	-0.008851797594334606	0.8806886760896798	0.557357085455325
0.001048717564356129	0.0029986200316358402	-0.0290758266288338	-0.02994054940111876	0.9283278395709489
1.043574616146767	9.698739832142422e-6	0.0847241075758931	-0.00021332303447921253	0.028215475593533546
1.3758060073403716e-7	1.039970761496037	-8.599002887046264e-6	0.003981118626021707	0.0011688954870699708
-0.059310198055613064	0.00042435426769987794	0.8476997809204875	-0.006908818778723097	0.6067571428501163
0.00012961289254489333	-0.1705193531958241	-0.005996417732490031	0.8722075624867335	0.5439238720724939
0.0006978000461906816	0.002037874377318477	-0.02143562472169039	-0.02213967741219567	1.0242281073313906
1.0159143268215602	1.1040612268392591e-5	0.11556881384406066	-0.00026604568371166315	0.02804394780662539
1.4121693041498073e-7	1.0313061210093573	-1.0976756028287932e-5	0.004700215504304644	0.0011952762468630251
-0.047713954183419005	0.00035431142454167563	0.843185411481401	-0.0063842460222576225	0.45639143527301207
0.00011390250655327061	-0.15732626261820726	-0.006620364865063233	0.8770522438791852	0.4913291984694137
0.0007760549067545933	0.002585996776846178	-0.03059046167332488	-0.031757682975398285	1.279726860441522
1.014058424956863	1.3904461287239656e-5	0.1368701543125102	-0.0003801773268702624	0.03134095123145783
1.7006927277053718e-7	1.0197145167513566	-1.3446128595377693e-5	0.005863033124081641	0.0011460737983638933
-0.04718855683426715	0.00037901248097993445	0.8436696756860445	-0.007787474179554998	0.4393182558836748
0.00011069994231910352	-0.13957635165662563	-0.006577030607487266	0.8842259154465305	0.3860742634360046
0.0010261996648415136	0.0030680369883950287	-0.041722565676249615	-0.043413956277066026	1.4201278311195653
0.9968039604391308	1.4749582745554601e-5	0.1734292554472594	-0.0004628428274300045	0.029558028095036437
1.8544929071030725e-7	1.0086002605529234	-1.7285543632276912e-5	0.007796614142527164	0.0011456705302293202
-0.04007692275719854	0.00031769443589590995	0.8430000726009221	-0.00754056325909927	0.33345971371427785
9.153195422509364e-5	-0.12263086627622594	-0.006453138356188659	0.8934460418776728	0.298300810254004
0.0011895748476880748	0.003667166387832793	-0.05807479432315482	-0.06070599077079333	1.609215399524425
0.9744391269211268	1.4612560560789412e-5	0.23805186450267082	-0.0005373904732383084	0.02249619769904032
1.5655032405831326e-7	0.9974524644336105	-1.8945963593974824e-5	0.009163440076190854	0.000829269598368973
-0.030943810783821024	0.00022987474526492413	0.8501526686584248	-0.00643116549231737	0.18777484208103057
6.679505118127246e-5	-0.10631271792050132	-0.006149528234676516	0.9198224976401116	0.18942723777191717
0.0014449084464704734	0.0049716358051315745	-0.09278257168710465	-0.09788571385711259	1.7415768892828674
0.9766340452899421	1.5206685045621171e-5	0.2564708736022539	-0.0005126581379665263	0.013073021573147041
1.4111124084330295e-7	1.0033220105709864	-1.645428123842052e-5	0.008259795241295567	0.00043819468222319833
-0.033050362424641516	0.00022850201359139732	0.905821636529843	-0.005842490046216328	0.10238328854926859
6.857975184295598e-5	-0.1190721718647876	-0.00606495886328611	0.9732561646325175	0.11194757308960268
0.0023086175822225052	0.008339040136759263	-0.14030298821677298	-0.14778237795603727	1.4872697579350653
0.9747627927560893	9.780628057232121e-6	0.2572895843958989	-0.00030884607810133247	0.005825853948066229
8.289441857586843e-8	1.007412864683288	-9.812107759889221e-6	0.007248422578801275	0.0001928013058164514
-0.033142275259480124	0.00014912960840907097	0.9625887195835969	-0.0035436095544406077	0.04474423158955043
4.652244210834322e-5	-0.12882654858020565	-0.004143870385079795	1.0213153339791758	0.05490340974029312
0.002685217756372482	0.010485070195637824	-0.16010203685958646	-0.16799595350183827	1.0921033974807677
0.9675489770256696	5.390657410009325e-6	0.24063865133330892	-0.0001635397142437378	0.0026643748351928773
5.285436574520297e-8	1.0095147956719004	-6.9029933773921e-6	0.007438177733230175	0.00011672459664653634
-0.030191737600517365	8.833260670594589e-5	1.0024685870597154	-0.0020006857286768986	0.021295301857876703
2.8898847243552734e-5	-0.1340555203774753	-0.00281782122184171	1.0466609497337207	0.031270802606533935
0.002461809862116046	0.01099974031730977	-0.15682679284920653	-0.16350872323690452	0.7955808161678279
0.9616763022517678	3.038061195947961e-6	0.2469012640478159	-9.475219089573328e-5	0.0013772129270578594
3.0229605853249186e-8	1.0061052684204495	-4.27268825732921e-6	0.007760881875445547	6.445089582566167e-5
-0.02769605949469052	4.816814373473019e-5	1.0241077182419733	-0.0011107221867630926	0.010238489619277992
1.5712338225187632e-5	-0.12933815598949489	-0.0016419591019281032	1.0661756504053956	0.01577673921223665
0.002159387503164488	0.010155995137875018	-0.14311024242269177	-0.14917470284420975	0.5361213121491348
0.9724224039042872	2.247311291486004e-6	0.21064986461617594	-6.975486367720267e-5	0.0009480437657742242
2.4669599066459366e-8	1.0056143732803056	-2.9339746842453086e-6	0.007546827671364123	4.106479131492227e-5
-0.033136621832287105	4.204405076863038e-5	1.056107902073289	-0.0009571275415667657	0.008059092158345325
1.3106252705518545e-5	-0.129172367296066	-0.0011432120918135266	1.0782098828892819	0.009929982650647429
0.0024264828479086953	0.009574577122180048	-0.13112572850013365	-0.13526744459108384	0.37949681485334813
0.974861150875262	2.4213283499885385e-6	0.17342293305924394	-7.342957844366782e-5	0.0010431379650638613
3.052081089076342e-8	1.0081268119492643	-3.5697622635874615e-6	0.007002794057330564	5.1954060339544014e-5
-0.0341747749843776	5.580794744854123e-5	1.0652783674478965	-0.0012482536253556747	0.011173671745062196
1.7599892593766348e-5	-0.13315821233933303	-0.0015182478749097006	1.072000781932054	0.013902354535442847
0.0025926097201752624	0.010244069271228928	-0.14092633744077845	-0.14415999885414194	0.47307720661413233
0.9834537914694467	2.8525871766105215e-6	0.16040197376683632	-8.412305430710587e-5	0.0012154884896689857
4.379450863761791e-8	1.0105262940473376	-4.602855398605499e-6	0.007973318687785808	6.792689235493587e-5
-0.038295053595434864	7.157800219220051e-5	1.0681036628161982	-0.0015587163822414277	0.014259847988410122
2.2224308760476763e-5	-0.1372055313330372	-0.0017248342041179254	1.0675982745481205	0.01607906411166323
0.0029302485188284766	0.010666320230991806	-0.14399105933632947	-0.14672399445616505	0.5064935564155432
0.9746299936899347	2.8382120342840267e-6	0.181569059475756	-7.914875774468755e-5	0.0011313293729266517
4.00960245578591e-8	1.0149299694818104	-4.701140648637886e-6	0.007800618048645069	6.895194452983741e-5
-0.03404315567711719	6.239283698215164e-5	1.0599526154489052	-0.0012834003926002063	0.011577921460156546
2.078816367912656e-5	-0.14502556300344943	-0.0017978200754537599	1.0692790732678026	0.01661574390711964
0.0025948963092343597	0.011194919772087461	-0.1416359753873274	-0.14510377482190162	0.48617830743545554
0.9725178799188247	2.6242822395716736e-6	0.17911399098015426	-6.990367994504781e-5	0.0009840092843149818
3.409802131100481e-8	1.0187386920520616	-4.112511634145333e-6	0.006810147450084819	5.9436909879230504e-5
-0.033062453351519194	5.8424374134911916e-5	1.0643275782677852	-0.0011460064175986273	0.01013248285032368
2.0255923725967517e-5	-0.15187625953112688	-0.0017990096707807962	1.073391004797172	0.016295211607197803
0.0024906275849121834	0.011578363593602382	-0.13893763732254147	-0.14233692793118288	0.45262463543461035
0.9751332078066083	2.5238611028322033e-6	0.16261939822431717	-6.514022195129587e-5	0.0009149038266621514
3.417511054530642e-8	1.021617171857422	-3.9872508120347705e-6	0.006328869339040699	5.736058415634765e-5
-0.03434182226788529	6.218420182269035e-5	1.0729267993093896	-0.0011814730813923119	0.010417103720797157
2.187572674623023e-5	-0.1569621388407528	-0.0018788240051817034	1.0746243427114524	0.016905239671017737
0.0025758376051009113	0.011926475575682537	-0.13887978544841448	-0.14172651612419385	0.4454165466797407
0.9815586104451265	2.1103641048014765e-6	0.12219982767235313	-5.331753076548429e-5	0.0007498234953148795
4.734944632905913e-8	1.0235578265181395	-5.122781121670583e-6	0.007836913377688548	7.322594040410843e-5
-0.037465340957284377	7.00015058567871e-5	1.0928096759096577	-0.0013018702039441221	0.011506761108517047
2.448307201485811e-5	-0.16039226287010383	-0.0019498646836926814	1.0721602121745024	0.01738163797752628
0.002795096850585904	0.01216592851577425	-0.1399045429890894	-0.14110182620592038	0.441067939194144
0.9928752698697882	2.4800836571081675e-6	0.10119553763727422	-6.141496421378789e-5	0.0008942695852680186
6.600427975012035e-8	1.0261128876514107	-6.315261415590356e-6	0.007833955094837461	9.312913896978702e-5
-0.04282744082805956	0.00010042603779825132	1.0954789265933842	-0.001836534454267763	0.016984373525251485
3.430918986518927e-5	-0.16444155395494342	-0.0024242342284194196	1.0663092402591694	0.022516298171518193
0.0032629943950112372	0.01276814156838263	-0.14643221716947974	-0.14706475319180462	0.5131904164095847
0.9910698623477135	1.9345590387409572e-6	0.09127145237944005	-4.969697117637728e-5	0.0007131366287204503
7.434286906915499e-8	1.0221908893262737	-7.2533823475412484e-6	0.010400952087367535	0.00010505100618569789
-0.04201571067123633	8.688803853162952e-5	1.1039201909524363	-0.0016461107710725176	0.014945076330442758
2.8972689772366333e-5	-0.1577882504446083	-0.0020846886379125573	1.0647823310352633	0.018907390546630626
0.003165691958552104	0.012134972479553446	-0.1441176907138138	-0.14396887443375242	0.4782135641140691
0.997407659194925	2.1966493406466725e-6	0.09157299458238793	-5.7545395443503455e-5	0.0008349731722669257
8.774426719232453e-8	1.0205190365100567	-8.002901346785413e-6	0.011277506417713912	0.00011707608636333296
-0.0450492553138902	9.856203150349074e-5	1.1013395263363057	-0.0019056626195709248	0.017541933182963952
3.1538416597504115e-5	-0.15473350846947842	-0.002123025067887918	1.0615435959818527	0.019515168415828153
0.0034157865089066014	0.011990253820623464	-0.1458731797435107	-0.14566700599811458	0.500733997353873
1.0041058737449216	2.0678672605356496e-6	0.07942139517774416	-4.820073574454686e-5	0.0006808902901382918
6.866023721796566e-8	1.031675321203053	-5.846416746925487e-6	0.007593286491456949	8.32819975655646e-5
-0.048419670302749795	0.00010734737850581766	1.1128389265143945	-0.0018402166065511483	0.016335648909259624
3.680429545364905e-5	-0.1746191960471239	-0.00230477996772141	1.0720479361851272	0.02041842543082701
0.0035866723132157163	0.01321244067376992	-0.14114536925749532	-0.14086138906811407	0.4396843792782666
1.00083364899039	2.6532055931449694e-6	0.08622361179623561	-5.927388445851195e-5	0.0008664642558622385
8.492172193230729e-8	1.0367397864608219	-7.5040793144631746e-6	0.007496781167054795	0.0001108903021909669
-0.046666183919776616	0.000126889476512293	1.1017785061531176	-0.002092268383746293	0.019431664128368744
4.630638551314514e-5	-0.18298034423503928	-0.00302008251453445	1.0657620633003617	0.028077475775798548
0.0035474039412544123	0.014184226977217551	-0.1469920715588156	-0.14714332313929676	0.5160832126590943
1.0064036019776763	3.114970010598128e-6	0.09084393930202218	-6.292394428008413e-5	0.0009049275097394779
7.750022693042702e-8	1.04805344242368	-6.462660480363591e-6	0.005628777117337877	9.414167666245031e-5
-0.04944405420446807	0.00014137751753662275	1.1028164582163753	-0.0021021395181444608	0.01908304048856705
5.6458753368793246e-5	-0.2029926412696681	-0.003465443063619178	1.0710980967130812	0.03156297613089612
0.003708500056296332	0.015506626391819656	-0.1436858347319051	-0.1441607719448525	0.4775581367548607
1.005895910589888	3.3789020117414026e-6	0.08506641440370805	-6.451140121487009e-5	0.0009477482288129894
9.5084372694898e-8	1.0554704472097025	-8.008090498744236e-6	0.005468616771999675	0.00011920104554822208
-0.04908642537121366	0.0001642096605100063	1.100713245773015	-0.002311972160761261	0.02157860974102247
7.155820595955431e-5	-0.21555937242362255	-0.004444288977027755	1.066796626027601	0.041594915980183375
0.003725892436313938	0.01665266892917805	-0.14701360019090087	-0.14741939146812805	0.5214379747352587
1.0140704495303072	4.092302473335252e-6	0.07800369497892727	-7.4210300011094e-5	0.0011200660196536202
1.0677018820459683e-7	1.062927860946904	-8.388864544601506e-6	0.004400445513502483	0.00012826565095208642
-0.05289001757274786	0.00021801151636896554	1.0975379095547426	-0.0029202806623226385	0.028175365563984332
0.00010032150327182743	-0.22800491535461975	-0.005822317716212666	1.0626887575842925	0.056335911274839334
0.004051899453505536	0.01778456002011858	-0.1503232171248764	-0.15075458096820904	0.5735444700956365
1.0302468051972593	4.915307282749026e-6	0.07323095669955916	-9.034177162068474e-5	0.0013829868792128823
1.1745895633387404e-7	1.0614883593414335	-8.100595495850148e-6	0.004146370558337782	0.0001253755972144919
-0.06060439317818339	0.00028053747327558276	1.096079504557449	-0.0038100243260924954	0.03734915495023104
0.000117279040677154	-0.2252498185282769	-0.005976544414286508	1.060773624429948	0.058723600557960214
0.0046502456527316716	0.017641495004567923	-0.15175018053521536	-0.15210332557419368	0.5981161613173903
1.0388855163936446	5.228033610915617e-6	0.06385971065027185	-9.344684254343483e-5	0.0014558865006226926
1.3225448450282506e-7	1.0656702224217904	-8.592398544685076e-6	0.003774058012305681	0.000135169693424083
-0.0646338890667762	0.00034377613049696443	1.0959666609491745	-0.004543560757599235	0.04546914018946666
0.00014540070843815922	-0.2321338243527962	-0.006984975524667425	1.0574279806554068	0.06996870220577198
0.0049645251005810825	0.01822038226967465	-0.15319112002830795	-0.15333882089128836	0.6273173348454414
1.0506060520646092	7.992807878692831e-6	0.05854677566684592	-0.00014138628496093708	0.002445450057551618
2.0695377557673755e-7	1.0685863925292873	-1.2544372224114128e-5	0.0036157763335049713	0.0002191418025322845
-0.06944090259507663	0.0005746287186844667	1.0717916621571795	-0.007557612741723618	0.0854834497600041
0.00023782210875755716	-0.23489432286928813	-0.010718085128383181	1.035746116169699	0.12159490301738807
0.005332136621668409	0.01845413615257492	-0.1571491860555286	-0.157620571884342	0.8067276578959218
1.0491894746677743	7.555499451222802e-6	0.06771362850051389	-0.0001292821719104595	0.0020895256155062953
1.3943574217641086e-7	1.072549243374372	-8.46310486945362e-6	0.002809423724881105	0.00013830597217721593
-0.0692881791890701	0.0004692473735146141	1.084146641517947	-0.005944744030314253	0.06205080901600938
0.00020650182705769793	-0.24315968403291888	-0.009279730338875858	1.0502071455428332	0.0972318472431549
0.005323902203921621	0.01909467932430442	-0.1545065003465979	-0.15509780352112507	0.687130242993568
1.0609673084831313	9.543859574551172e-6	0.05986426520297228	-0.00016690839669031288	0.0029082901047081944
1.8367461860138712e-7	1.070371001608464	-1.0424647374202185e-5	0.0028419051412022465	0.00018346043532210116
-0.07427547636809254	0.0006720692993776867	1.0681948546854063	-0.008733309517118981	0.09941284117556615
0.0002687410916067945	-0.23776086010373665	-0.011333314852431081	1.0350738347718185	0.12954184143504488
0.005665108345090299	0.01856896972344301	-0.15607566382760218	-0.15672008885630598	0.8076192710552285
1.063193778341734	9.177680230024188e-6	0.054559072405022765	-0.00015951064845748375	0.0028036691863248114
2.0533268796016357e-7	1.0713287687978532	-1.1516417886458553e-5	0.0030003196216382075	0.00020427928723064977
-0.07525070589702954	0.0007099632111909338	1.06831976075722	-0.009169933436643862	0.10538569253632085
0.0002845139816236575	-0.23919730627259583	-0.011858684526370351	1.0327685446974308	0.1366973762171096
0.0057169270877473095	0.018618086688787103	-0.1558023264791813	-0.15627234556324093	0.8162395201210906
1.0594204964528384	9.331963642972285e-6	0.05573176415862206	-0.00015562297232243893	0.002731728109481857
2.061154789319633e-7	1.0773515772926205	-1.1821318771053357e-5	0.0027115326591056685	0.00020964805275960376
-0.07346951213978052	0.0007055580061369193	1.068112847876572	-0.008738813921919643	0.10019733930586627
0.0003161661304988961	-0.24941289773521413	-0.013467586221754126	1.0315779758524575	0.15495761122454194
0.005557532145072786	0.019310689245047266	-0.15463091850932834	-0.1551728677738416	0.8039454142352654
1.0736410504163114	1.2231262725315162e-5	0.054546396601784536	-0.00020910433750409574	0.0038907837263541384
2.613231773751501e-7	1.0741136352123664	-1.3821426853761337e-5	0.002925845510831679	0.00025961918051646635
-0.07964525538495312	0.000944582918769532	1.0524405973110997	-0.012007786186028768	0.1466472157788271
0.0003704319008318996	-0.24259960775499612	-0.014568486686007076	1.0201004759598704	0.17873269333002034
0.005887357494572296	0.01838710926395415	-0.15197190096374263	-0.15266587757905606	0.8694480863042956
1.0786880612880463	1.7079656654983566e-5	0.05913712182301951	-0.0002935890158834095	0.006002760891560408
3.6813123278369407e-7	1.073576794937194	-1.8949907012671876e-5	0.0033357916724944983	0.00039169626290956356
-0.08113946428038099	0.0012063004955581436	1.026237412504225	-0.015433394255101839	0.20819499000465344
0.00045451319798484047	-0.2395973919780563	-0.017413905922986323	1.0005537007876213	0.23668639535835806
0.005672343764261657	0.017172653111574388	-0.14338701395562398	-0.14447014160963229	0.9390437658444462
1.0821741177577455	1.8110624909688233e-5	0.058168370713215775	-0.00032466121724136765	0.006954904908277914
5.985442373991623e-7	1.0674678620040652	-3.026867548082922e-5	0.005579857800424507	0.0006545667604486846
-0.08235219342986622	0.0012966383751598087	1.0156552659540323	-0.01731602024963122	0.24559014003662688
0.000439422489675767	-0.22851366783475657	-0.016554332779472346	0.9905187429676393	0.23630915868340788
0.0056131916772018745	0.01598489566223512	-0.14000428609485	-0.14091179993751937	0.980483209323016
1.0829595021242455	2.040074525136437e-5	0.0635328809047128	-0.00037268984641785144	0.008184670202503186
6.59955144272778e-7	1.064820582248672	-3.3203993302609314e-5	0.006221587077403293	0.0007364715171067279
-0.08250270415840488	0.001332881580819123	1.0074636585850876	-0.018144982722670067	0.2641610859817114
0.00043338504248646714	-0.22364498063720006	-0.01624850026417851	0.985954317324923	0.2383695131525444
0.0055393213626660776	0.015407882097253245	-0.13767484104852795	-0.13873298447774465	0.9992500772660649
1.0756716142405487	2.3144045544945535e-5	0.07586489465988087	-0.0004321647556740256	0.009815790133643476
7.487070928548223e-7	1.0617987317842663	-3.9120410552255513e-5	0.007410357553241903	0.0008991411270920513
-0.07891181989000057	0.001257858914391452	0.9960459732153777	-0.017522795116800105	0.2647330490923325
0.00041134188157088136	-0.21803191816387457	-0.016034512744565077	0.979230179399902	0.24471722600591034
0.005219980166301708	0.01478082854435081	-0.1353475971241786	-0.13672708198179748	1.0388295982864377
1.0718080738366356	2.3413773820216144e-5	0.0773346283968153	-0.0004350695372714302	0.010135830088727205
7.544192170295255e-7	1.0624669400964157	-4.027862147798142e-5	0.007298045913862182	0.0009504953194593817
-0.07695435475622564	0.0012439200638172387	0.9907757903092331	-0.017248612829594	0.26760215722141034
0.0004200739781105578	-0.21869173556107202	-0.016736401256476352	0.9749122833399955	0.2625515906636269
0.004996137225335456	0.0145406458007033	-0.13255784914222934	-0.13403634811583431	1.051534736617242
1.0563629865691793	2.8108861498468696e-5	0.09798857797715621	-0.0005288316500132034	0.01413004464605705
8.898275097907367e-7	1.0605830790429875	-5.187013717886232e-5	0.008588883847520786	0.0014110237347339585
-0.06904706529082905	0.0011545814968065837	0.9583321377554525	-0.016224525185068506	0.29013073663388217
0.00041594243884357507	-0.21339780677420983	-0.018109982107522904	0.9525317918661751	0.32948138438936614
0.004038301427257432	0.012738753820682014	-0.11767363514113388	-0.11972098625444053	1.1125945340601993
1.0563589455639917	3.177900621183227e-5	0.10830644489817413	-0.0005847417048176484	0.015575275473638128
9.137958070686361e-7	1.063458261504305	-5.309667047364349e-5	0.008351506625350565	0.0014425556547374846
-0.069054865451942	0.0011773305743154605	0.9538617030848451	-0.01616570015594937	0.28759908629979103
0.00043915198373895015	-0.21812566090926677	-0.01904168233136483	0.9520989908251648	0.34552247545470505
0.004022644397382619	0.012956856067428524	-0.11649932929904112	-0.11882325063793593	1.0927855610005783
1.0466395410243958	2.9393519879572505e-5	0.12343035705093042	-0.0005678648148115528	0.01404009845519072
1.1056086819745577e-6	1.0568279700169867	-6.838532902386611e-5	0.012775389491791066	0.0017230661823990842
-0.06512990584924847	0.0009593378099662653	0.9627669141181416	-0.013868330127852935	0.23019037699982192
0.00034849457378438586	-0.20843726461209533	-0.016129346288572433	0.9583218444142112	0.27259723872817115
0.004158611825683889	0.01356845333756751	-0.1292132142937488	-0.13156750027957959	1.1450916250303516
1.0268579211841657	2.9732023239359417e-5	0.15993072784936196	-0.000638025836461914	0.01717752832090269
1.1163020820726885e-6	1.0437868360876073	-7.926603637352717e-5	0.017432320738801993	0.002184497243789829
-0.05572419045761243	0.0007356000079294933	0.9347273460361416	-0.011855745724168365	0.21641546785793003
0.00025528583605671784	-0.1857746239454342	-0.01361461849354878	0.9425673404397412	0.25453285464140607
0.003445417338228146	0.011670121875036799	-0.12458266170084739	-0.12759585188164094	1.2729407316472674
1.0014596366013464	3.0061173051265655e-5	0.2297787075726339	-0.0006410739503196206	0.016107954611487063
9.410558970742583e-7	1.0442359404721913	-8.232927816374802e-5	0.01887754025035518	0.0021414082610702045
-0.04446198918223759	0.0005088900004222019	0.9174623732317038	-0.008160862146192827	0.13918863725177777
0.00019922745076954296	-0.18740318002770834	-0.013106839565743877	0.9494178996598633	0.23209761354740122
0.0029678170123318	0.012603370394472346	-0.1325321975903303	-0.13760250806312402	1.2922259052213354
0.9909005293568474	1.924284122956088e-5	0.21255516984784295	-0.00042136482004218045	0.00916546877048896
6.968019923628277e-7	1.0409858444037112	-6.842410469669324e-5	0.01976542780414349	0.0015340653073721289
-0.04017344661412517	0.0003571382422001834	0.9538573674039452	-0.005881688901510584	0.08653362974471357
0.00014208281969965708	-0.1840557228183859	-0.010493440959525702	0.9714809985165365	0.15910433466377416
0.002985423746500654	0.013799233461905473	-0.14913129928399266	-0.15369155999550665	1.2109249000261806
0.9991487163613676	1.6359627461950965e-5	0.21029942114584182	-0.0003517522056784017	0.006600809626828508
5.577927806373631e-7	1.0424611772413819	-4.984402360917392e-5	0.01874513516461663	0.0009617333044018486
-0.04468337130838213	0.00031061431673157225	0.9851598167743124	-0.004998437320443801	0.06245836059662166
0.00012083464657202184	-0.1888616344438938	-0.00808129651281317	0.998902712114864	0.10378433711399118
0.0035281022423908287	0.015076451370904131	-0.15711826693042796	-0.16148088605447392	1.010789864343394
0.9939430495202254	1.2786630618599748e-5	0.20264796080245107	-0.0002713037925430595	0.004819548450222082
4.3594865919982517e-7	1.0436945812456813	-4.1103539998352256e-5	0.01741670096868983	0.0007503257528434018
-0.042470326795993475	0.0002526639984635759	1.001205124457272	-0.0040044198045600735	0.04704355083866191
0.00010190022678080446	-0.1918695046421668	-0.007176546802242716	1.011108048463239	0.08649332326452161
0.0033947587177659694	0.015501480829728242	-0.15810998287934086	-0.1622056060550679	0.9211285689948988
0.9848243834909746	8.2206005975749e-6	0.20254533421869048	-0.00017411524295423558	0.00281606763341493
3.0159011830954707e-7	1.0427773707075862	-3.131300462476741e-5	0.01815129137481719	0.0005199557512138441
-0.038523494731009196	0.00016233591660422264	1.0228143228573963	-0.0025550917876169255	0.026893320586708902
6.752297754571493e-5	-0.19187074457358494	-0.005209761754410125	1.027612051840385	0.05610343562920664
0.003083094144404247	0.01551659884413506	-0.15480489873179337	-0.15838657612300633	0.7415503894535371
0.9826057812176084	8.146461255575943e-6	0.2215079590432729	-0.0001646899169111364	0.0025772150380334313
2.650186738915872e-7	1.0478504959420887	-2.804221945775301e-5	0.01665838689875169	0.00045237983236253755
-0.037587858911352766	0.00014627265895408859	1.0207067264461125	-0.002190942597972756	0.022122795282307636
6.470377944747113e-5	-0.2011815283916634	-0.0050726556940769996	1.035551644911166	0.05268595626775206
0.0029857186510968	0.01610994209680766	-0.151035825061696	-0.15535686631708898	0.6716224667055307
0.9849411658391136	1.1915750675162151e-5	0.2678574935090122	-0.00022693130536849404	0.003612750781231938
3.477489051544047e-7	1.0553049808730113	-3.539639377406201e-5	0.016997715010385023	0.0005854720217895841
-0.03864822782749611	0.00017500096277831	0.9939012602900018	-0.0024689384018893312	0.02539354021745771
8.327399910667416e-5	-0.21372788579521543	-0.00627913009157649	1.0303741774999071	0.06721127937755672
0.0030850153582457976	0.017130936647783646	-0.1502854010657324	-0.1564035041448903	0.7054210118512823
0.9752115237771379	1.2396778658940732e-5	0.2828968048007583	-0.00022772341559096354	0.003729520219980728
3.6184595967464483e-7	1.0603758501864413	-4.1749448877526074e-5	0.01632605757908201	0.0007136710118662848
-0.033857928404195214	0.0001711859850472286	0.980273278676424	-0.002334416200643785	0.024855864853900927
9.033207535384669e-5	-0.2218711029184213	-0.007737136299442282	1.0248343504293649	0.0861655167144133
0.002718786355462993	0.01782400485539104	-0.1513974828358391	-0.1583511834014813	0.76377029334287
0.9649505694188666	7.177853789230859e-6	0.293264199495746	-0.00013128597963726896	0.0019426041426834975
2.3761719085933775e-7	1.0588763438630626	-3.149311505176548e-5	0.01871397852883227	0.0004865851140324843
-0.029248251205115414	9.487968297376649e-5	0.9977158477450929	-0.0012781233407078985	0.012007901002094458
5.138797858069734e-5	-0.22127179679139378	-0.005016202916510448	1.0405351042574815	0.049252493420130265
0.0022858905408955008	0.017296040312476064	-0.14167635140090815	-0.14806627692733887	0.5545227614212234
0.9642428573472928	8.416162496860391e-6	0.3444622212677684	-0.00014120493264140575	0.002035498811004461
2.097342205542932e-7	1.0705479679562881	-2.764998828778953e-5	0.014461983347975958	0.0004212156089901369
-0.028982031289000065	9.335272304257427e-5	0.9772500389334968	-0.001149147012917781	0.010403006119161147
5.887604548181083e-5	-0.24196995126522064	-0.005694782391005626	1.0506679855796837	0.054834655781213354
0.002236648212154538	0.01857274522589073	-0.13586214277374636	-0.14450843126833296	0.5014371907330074
0.9559064368965996	9.407850480980251e-6	0.3678272368435271	-0.0001597805335534705	0.00242509847969527
2.4831076408113675e-7	1.0695669898746722	-3.7993007342921464e-5	0.01613111847906057	0.0006119497711104226
-0.02479039390338623	9.701481829531636e-5	0.9549638672310866	-0.0012150584795573571	0.011758610869135468
6.252500488131748e-5	-0.23916036551305114	-0.007054845465049975	1.0375390485947835	0.07298887148045048
0.00197160713260912	0.018849578278603618	-0.14184285915892647	-0.1516413991419464	0.614254962990523
0.9474879351593586	9.310224073744156e-6	0.4042562546264499	-0.0001644508522191529	0.002578226591247245
2.6779553372914544e-7	1.0640049859810066	-4.8580818105839474e-5	0.020256376840909363	0.0008120171768083405
-0.020645623099246467	8.625670710191158e-5	0.9306920127729786	-0.0011267358795946092	0.011360739226822292
5.344931763225785e-5	-0.22888883485160766	-0.007170623401278053	1.0247454114055408	0.07778662721078101
0.0016713025827098174	0.0183002077903259	-0.14420135639765197	-0.15514325731070516	0.6891616468887549
0.9415993784903908	7.685957715053426e-6	0.39169611971235413	-0.00013354200364341928	0.0020915371918082386
2.3863971379892157e-7	1.0662767830514888	-5.028894951208951e-5	0.020038200948424928	0.0008387823104245157
-0.017797794452248744	7.35943972207144e-5	0.937065426141449	-0.0009459728528365408	0.009536901702056504
4.817506962413037e-5	-0.2328190226569973	-0.007510454489985552	1.0248900545135229	0.0812135576780508
0.0014394861257770522	0.018592869705155113	-0.14445490087064705	-0.1549408608576006	0.6860781138892641
0.9395128238845907	6.972076019989837e-6	0.4287300949637332	-0.000125024566285728	0.001903079850565455
1.9431153569331172e-7	1.0612520389769267	-4.2769912710075714e-5	0.02106320099893709	0.0006971608493887369
-0.01684495961924619	6.029591605555794e-5	0.9249270440145368	-0.0007979352812224547	0.007757367362544509
3.717238571010646e-5	-0.22470512612953086	-0.0060381895502585325	1.029259457251746	0.06353914673709839
0.001358695778994697	0.01785918907424447	-0.14095924654871805	-0.15257434540022718	0.6336112221663751
0.9355116124680392	6.523087112131343e-6	0.43086600715532464	-0.00011461489090554278	0.0017612858087697261
1.7906246716154275e-7	1.0642970195410564	-4.4519574513353366e-5	0.01981488914741425	0.0007340056898338526
-0.01488638206202434	5.6033344888132414e-5	0.9217409833190691	-0.0007272777939273389	0.007156899520915541
3.6480286014354754e-5	-0.22975102133010397	-0.006699934974702337	1.028919629027235	0.07149424442805821
0.001205075925603108	0.018295008489905396	-0.14173025405306006	-0.15368747167651275	0.6543034228870497
0.9326829421184656	5.133096887738331e-6	0.3840355047029007	-8.79228265558453e-5	0.0013443246637203157
1.60460060578526e-7	1.0679856532936198	-4.446975263085878e-5	0.01872021797249865	0.000724491248819497
-0.013516938349036224	5.0070759495921165e-5	0.9457681563975019	-0.0006337255235587397	0.006208938791586231
3.468500129333394e-5	-0.23624546730264034	-0.0071028773742011775	1.0314592830425269	0.07458067578854242
0.0010866897911457358	0.018734714293590554	-0.14259747768534914	-0.15282262713016567	0.6380657945815673
0.9304068893338402	4.461434700842037e-6	0.34570512568222295	-7.896058722490357e-5	0.0012465164366859743
1.9405566828705617e-7	1.063408388302301	-5.933635871277487e-5	0.024209914138911992	0.000988535696781867
-0.012371831245529187	4.881994303246144e-5	0.958598837280507	-0.0006404963015651383	0.006546899189545652
3.2314407392528e-5	-0.22778613394111555	-0.0073244376096943675	1.0170915777864966	0.07904539861429985
0.001002338378355172	0.01827498017430723	-0.14710378070915175	-0.15531275278206214	0.7011612754672578
0.9347913663197733	3.899463926232416e-6	0.31050278823809074	-6.829896848831868e-5	0.001029174603067026
2.0153215018244713e-7	1.0639191528924343	-5.288300871997276e-5	0.02568865184934338	0.0008346196458293605
-0.014561386990627978	4.798593530127085e-5	0.9859051702084594	-0.0006205689262310937	0.005988855494034568
3.155871864276433e-5	-0.22967149554796396	-0.006114458512475385	1.0239832305788603	0.06160118799442085
0.0011555575626155598	0.018132249877689466	-0.14338678196877497	-0.14968779617851732	0.5956739268985917
0.9384934656100166	3.184315481824518e-6	0.27212046622682845	-5.782735689048753e-5	0.0008476585639298393
2.260078900881944e-7	1.0577146108891637	-5.3125491538668496e-5	0.03304343792624671	0.000805997480418567
-0.016409303840876854	4.513613825195967e-5	1.0115109801958595	-0.0006035403959889392	0.005630624553529988
2.7271743455539038e-5	-0.2195620484235868	-0.004720162535768624	1.0180516802172552	0.04516848732939585
0.001277560716416451	0.01711538870593588	-0.14073049483667982	-0.1443499312381703	0.5269179193598243
0.9369293623427839	3.4366678556552177e-6	0.2950747251615029	-6.368607937318888e-5	0.0009480401094089925
2.6092927152276957e-7	1.054572325830037	-6.397768336522183e-5	0.0393666208008331	0.0009858973359481837
-0.015629208112286783	4.463219358044786e-5	0.9975089188894571	-0.0006095136938972477	0.005799122583419625
2.6268162685222363e-5	-0.21385926970996705	-0.004746392925828652	1.004716563653047	0.04634237779360577
0.0012299825081456828	0.016846848704971412	-0.14204617703376182	-0.14576906005133944	0.5586873590987987
0.9347901771385514	2.529084048977226e-6	0.272654824727683	-4.7147619138305716e-5	0.0006851614529942878
2.6100735884496823e-7	1.0521371403377449	-6.856128921928911e-5	0.04919556024980376	0.0010213961979292155
-0.014628657470009299	3.564353504293544e-5	1.0145753777252098	-0.0004881791609024095	0.00450833697863324
2.0787602668739108e-5	-0.21017500277122966	-0.0040117382863665285	0.9929411255264741	0.03741370687019116
0.0011296610061467954	0.016317738295872138	-0.1385416330514756	-0.13990760267528268	0.4952344992285596
0.9410631236592905	2.6246576751778883e-6	0.22182569087722073	-5.059281063572903e-5	0.0007553463417470903
3.8084936402130176e-7	1.047574373924968	-8.424513936070802e-5	0.05875016334805258	0.0012702123468277624
-0.017644580410092398	4.6181047410330175e-5	1.0350565814129233	-0.0006555234096004506	0.006280611976329753
2.5229060264890177e-5	-0.2019020734284034	-0.004109613509293425	0.9729791954610206	0.03889987434716514
0.0013746585139156747	0.015931052144216258	-0.1436981465571202	-0.14196609195380017	0.5402037728677765
0.9392106724571759	2.321958694050802e-6	0.21202251355721277	-5.058928328440307e-5	0.0007808071632885048
3.8781717701802387e-7	1.0328576553700926	-9.079701495532354e-5	0.07328640355964786	0.0013993910142374704
-0.016698047948922157	4.281369834643889e-5	1.0344108076685044	-0.0006889340560310882	0.006900835758140765
2.027719085978671e-5	-0.17587338443163886	-0.003506252522883814	0.9440801413471298	0.03416417313480119
0.0013234425284611162	0.014201291021135279	-0.14851805864091733	-0.1444717552419738	0.6050078161577536
0.9405941210006032	1.58274113045212e-6	0.21356473409849921	-3.8942174765214596e-5	0.0005731878349635128
3.536169807215328e-7	1.0168284733811503	-7.844274166096676e-5	0.1089738311272257	0.0011237262517620628
-0.01748433480781339	2.8744126532782334e-5	1.0474208567178676	-0.0005177258991886148	0.004880648437248261
1.1880900462255678e-5	-0.14880864153815038	-0.0019293431261380584	0.8928841094009731	0.01699062143479927
0.0013310072302878395	0.01167940594204376	-0.138433564263858	-0.1293193632977559	0.4612497904987318
0.935578125595621	1.3302043484972326e-6	0.2058531132586991	-4.02480700420621e-5	0.0006388374372151302
3.8351070422680544e-7	0.9984531187781016	-9.947329426268289e-5	0.14713661683453455	0.0014952596519431406
-0.014949007838506279	2.505545558363978e-5	1.0395492315717794	-0.0005577952986001965	0.005816397342700917
9.152970179189708e-6	-0.11605894711751374	-0.0017467747548922108	0.8175694101883597	0.016364136999561116
0.001185678625369696	0.009625739839327074	-0.14865371572901048	-0.1335527242746415	0.594537218760468
0.9354767481660934	8.581557169595744e-7	0.18347738841435476	-2.864933553694063e-5	0.0004321858910358906
2.457120973661217e-7	0.9922869615897978	-6.384940268196367e-5	0.13801306367078292	0.0009125447456406286
-0.014967764016843977	1.8191594942455844e-5	1.0604689560122826	-0.000445168605241731	0.004347887678644179
6.27870313825164e-6	-0.10563677974264829	-0.0011959294131125078	0.8411143312321071	0.010490078624759973
0.0011488850968467616	0.008472269083712208	-0.14168045715392608	-0.1272416693686356	0.48498085272504804
0.9376127095463046	6.913852039769353e-7	0.1758313769500471	-2.9425638348191605e-5	0.0004561504496449842
2.514421602446649e-7	0.976962542059689	-6.097880262291577e-5	0.17889475657589177	0.0008662995143088018
-0.016002532170738843	1.525995335439033e-5	1.0633002531363367	-0.00047518677412418647	0.004815312360017076
4.7080393296560375e-6	-0.07870345223532127	-0.0008353840936502575	0.7685221020652396	0.0072330296459020595
0.0012326646975521502	0.006437050316354775	-0.14297792284029628	-0.12216390512462197	0.49659571735251984
0.9399424859492255	5.006693461449829e-7	0.15843296067586654	-2.668606489779346e-5	0.00041831603423840916
2.306138280664359e-7	0.966362693546992	-5.2180391413587934e-5	0.21120369504315498	0.0007270018628416726
-0.017151400079821688	1.2263855628506185e-5	1.0736535909946514	-0.0004768020552039149	0.004908293985724501
3.498231777312945e-6	-0.06010785249339562	-0.0005773619005264808	0.712648454553402	0.004844103199330085
0.001310419700377076	0.004944325829411841	-0.1420307660978803	-0.11575912784408984	0.47653594349584677
0.9429562206735619	2.4887336194569926e-7	0.14239650219874922	-2.1762145692651343e-5	0.0003393623468335612
1.427037454599777e-7	0.9517975398980423	-2.953234035112367e-5	0.2491979419755199	0.00039317119690204485
-0.018675999411161243	6.755001311036348e-6	1.087966448927844	-0.00042798279042205803	0.004378693686997572
1.7267399203149225e-6	-0.03448360884044075	-0.0002589208308674564	0.6491828479459147	0.0020248154222506395
0.0013859719182877858	0.002800370627255244	-0.1363486403012656	-0.10421998357951272	0.40629345842361825
0.9460374736356791	1.3925467797778297e-7	0.1269716522300839	-1.923574920027196e-5	0.0003044866070237547
1.020497588728915e-7	0.9439430474226438	-1.9474618836576828e-5	0.2857182185347882	0.0002527832988572512
-0.020204175497378407	4.228644132907278e-6	1.0979692467486866	-0.0004211643312678967	0.004398057196272915
1.0153846133955784e-6	-0.020580561342739435	-0.00013971360347809678	0.5852408224873812	0.001045478309559251
0.0014791374380473954	0.001675662391159726	-0.13426624599651651	-0.09621302950573658	0.379781268464354
