0.9764942714653804	0.03494304010133541	0.012944360658894705	0.00040453021772417	4.169403279219463e-5
-0.05386355045571728	1.0547449930566195	0.06684834307972931	0.021478045620588117	0.00021875819742651556
-0.021739221959711126	0.01602874248893134	1.0395743250542853	0.00018530376861592562	0.0058735248403748936
0.007476872465602004	-0.2583123335209722	-0.009245031801363601	0.4881226065935513	-2.27962236922976e-5
0.002973459654869108	-0.002195145080467892	-0.2445437486033997	-1.9080366769326593e-5	0.3930033008677528
0.9771371616453887	0.03220699888605211	0.015075915227857006	0.00035138885021186034	5.239236693047565e-5
-0.05255961533851994	1.0604289275287315	0.060331044491337416	0.020171808892419027	0.00021138840184049823
-0.024154491909195386	0.016544546710402896	1.0438010508727604	0.00018020326924144195	0.006297050345174488
0.007228014341834399	-0.25498063814021404	-0.008266343381061025	0.46258975177001704	-2.1922388921362737e-5
0.003294455707756161	-0.0022565053396384205	-0.24397449216857606	-1.8566529708558942e-5	0.3871716777938299
0.9809888696313602	0.029116235733528895	0.014249784982135916	0.00038168508390604844	6.070208266852062e-5
-0.05609422139340037	1.0623522051510963	0.05790291455875396	0.024440622332101408	0.0002484286869079075
-0.025986008119434856	0.01602448891978875	1.044611591543782	0.000209810800998805	0.007800251825238056
0.007757473622833633	-0.258536695363155	-0.007981339103279028	0.4835470947987932	-2.5731570317398533e-5
0.0035901835413751915	-0.0022141227002777375	-0.25003362632179205	-2.1741023827766617e-5	0.41843626025553304
0.9851423069624737	0.025427142209247577	0.011263675596708822	0.0004462220552284707	5.906631693316025e-5
-0.06140644301673508	1.0623942963923656	0.05540155377024575	0.03327208405832622	0.00029304761408977637
-0.026207790425297306	0.01409254484400535	1.0468656715063154	0.00024701974291799905	0.009795089297235292
0.008618709680978009	-0.26677933456748276	-0.007747038948384362	0.5402542044170742	-3.036324255808624e-5
0.003689134311151976	-0.0019846662002047655	-0.2595031425586279	-2.5721489234530742e-5	0.4705344783056387
0.9853971653335099	0.023773901017071886	0.013576456610744136	0.00038812721430003805	7.143577593974118e-5
-0.05869784092142294	1.0663169182731516	0.04994479344086298	0.03084037258753962	0.00026363450544535387
-0.029596690035454398	0.015061936038567814	1.0522484996730723	0.00024549404285774054	0.009699644735628031
0.00818190545598499	-0.26394425223237916	-0.006936163204077986	0.5164325787767989	-2.73518093493578e-5
0.004109079646814617	-0.0020899515323264395	-0.25388270995871565	-2.5401150322582056e-5	0.43392795463772116
0.9886673401062718	0.021680504854581284	0.01186816934104451	0.0004487233062361873	6.717716374161171e-5
-0.06264847924563244	1.0640947687367068	0.048971745268091296	0.0395764971555166	0.00027834149187883235
-0.03002629452134753	0.013995521354376594	1.0551560864516016	0.0002891519105630014	0.01047635572256028
0.008827776970016316	-0.2700647542775828	-0.006872693388477613	0.5642464812934397	-2.900295492009656e-5
0.0041711852177279685	-0.0019443893888181352	-0.2549596901837784	-2.9769769396179382e-5	0.4377828685972532
0.9910028513947448	0.02113466551987675	0.010415323750792682	0.00043773196179609786	5.730207053591691e-5
-0.06664480885144017	1.0682872493191993	0.050974054719714536	0.03934527263023895	0.00028200930861807863
-0.02931079613257248	0.013362122952336464	1.056658991988635	0.0002762500285330219	0.010159952921634241
0.009296814088546258	-0.2656036528878576	-0.007080607909718183	0.5281353210684736	-2.9287632591096658e-5
0.004042138167716813	-0.0018426669065786105	-0.25210496445379293	-2.8426889065286468e-5	0.42091579177878824
0.9931472339158679	0.019497166424993884	0.010478921436360533	0.0005153679529191976	7.159699877534904e-5
-0.0676592756041772	1.06206714609418	0.04837591663061511	0.050971214101936335	0.0003322210767159019
-0.031062867988249976	0.013233933293709588	1.0544700335195687	0.0003493837045155032	0.012782061853499583
0.009577375239692668	-0.27356545598721127	-0.0068232178057369515	0.5978827654146696	-3.44920479107712e-5
0.004363485549345958	-0.0018605878360947181	-0.2605288153687272	-3.6087094659836144e-5	0.4707885390015034
0.9940506039075938	0.01782034577624439	0.010198161370198966	0.0005823491088936903	6.262646533167823e-5
-0.0675297729217845	1.0554413110457481	0.04473906754148223	0.06394337423561497	0.0002759825376865526
-0.032306344055888725	0.012678295531754695	1.063456909603147	0.0004132815154228118	0.01133579975663455
0.009664737594478973	-0.2806352507053812	-0.006371778238714085	0.6751941808378147	-2.8934445913422985e-5
0.004439282321696769	-0.0017447847898127292	-0.251847849256158	-4.179018523696584e-5	0.41463981400311456
0.995098813723005	0.0159659807270792	0.010004624822216146	0.0005399795363545653	6.902729927716744e-5
-0.06715570262022957	1.0575765417895007	0.0402549218992597	0.06633836926319263	0.0002784693292212818
-0.03420763435388541	0.012161636129800037	1.0666115244045575	0.0004101550636245819	0.012822364494055811
0.009605305079734616	-0.2810910462529207	-0.005728211632686806	0.6782906250107664	-2.9082486787055696e-5
0.004734983318495478	-0.001684975079371447	-0.255805238818188	-4.1632672193163325e-5	0.43397567759573125
0.9968438050935358	0.014300487422872044	0.009206859807649681	0.0005681055572312049	6.018628035132836e-5
-0.06845292843858924	1.0541237991691137	0.037368029109171516	0.07851178110114247	0.00024488376249245805
-0.0352348496066327	0.011359435620712233	1.0740618409644511	0.00044954212626727164	0.012050267098227561
0.009806697963077038	-0.2836391290186332	-0.005320341750678227	0.7194291920034198	-2.5638880599101316e-5
0.004797590590320755	-0.001548743256982621	-0.24976415752042722	-4.499346507532212e-5	0.3962112780645808
0.9970290391370211	0.01339365831818834	0.01034643674374619	0.0005071865201161374	9.850267727704726e-5
-0.0648246836300514	1.0564007615997044	0.033381466355024036	0.07481421770403061	0.00031800123255931127
-0.03932367844678031	0.012052243288772996	1.066733456515735	0.0004552523490101851	0.018012819746334972
0.009284385801739986	-0.2834284218485409	-0.004759921675228082	0.7103341558048059	-3.285427913249622e-5
0.005567083279613527	-0.0017073636510675227	-0.2669676073007919	-4.665634228330495e-5	0.5006208501863479
0.9963317991177044	0.012238356773798253	0.011580365476369814	0.000443068036266675	0.00012233675284527984
-0.05850338888844031	1.056648637567475	0.02806420096898858	0.07181789191089354	0.0002962151899792891
-0.04508763894561296	0.012912380952306901	1.069889770896542	0.0004661665344688759	0.020005981761768536
0.008403622358878773	-0.28535644183118003	-0.004014382138894275	0.7281207510651589	-3.063767356552825e-5
0.006386085844018119	-0.001828760426588194	-0.26773650332829524	-4.768098539868759e-5	0.5030900837702831
1.0009768563201678	0.009908294506805165	0.009663281759306197	0.0003734847190371444	0.00010910918418310933
-0.06225930238211087	1.0647040872732836	0.025000359819932757	0.07433196771052739	0.00028174639385974
-0.04804848542644691	0.011525015176547998	1.0778728993296594	0.0004328724489208631	0.02132908061975827
0.008860918988842434	-0.2809915027023222	-0.0035405436506825184	0.6730634530069646	-2.9138124853854202e-5
0.006733563469128789	-0.0016135479481212342	-0.26433409068320435	-4.420857366849249e-5	0.4754796420644833
1.0027393899391124	0.009926102429085315	0.008980890674562203	0.00040593575289785827	0.00010671451398705685
-0.06660731706217093	1.0639691575980876	0.026882478626065232	0.08050738812170544	0.0003190322094840281
-0.045892649886431824	0.011058278037197	1.0748722900631997	0.00045084952959334457	0.02255612960476417
0.009450180681437853	-0.279654397294961	-0.0037964599319213546	0.6655555843458388	-3.2827804059171054e-5
0.0064729482197752874	-0.0015589544468892075	-0.2672304742041307	-4.625422294954676e-5	0.4960688503215273
1.0053325691311734	0.008802286910329568	0.0093357016906198	0.0004936338542511215	0.00012669633663741833
-0.06336396012651568	1.0479720348349864	0.023855114431007518	0.11200325785967724	0.0003239781514722184
-0.052732191501990905	0.011796614723240617	1.0776455488469139	0.0006595162148288342	0.0256930431884831
0.008996987658645178	-0.2838968602607728	-0.0033729889377906337	0.7714613590264751	-3.305933602775336e-5
0.007395517717549274	-0.00165710151373228	-0.26520634676008653	-6.679553810724076e-5	0.48181127315914
1.0062958079785655	0.00865836370940331	0.00867880008551396	0.0005916675449253797	0.00011698553159056999
-0.06650302428034521	1.0383416053906964	0.02473917776876744	0.13699276962318474	0.00033425187962945677
-0.05041157136146643	0.011083466481826919	1.0772429081518027	0.0007550191646380384	0.02555542708478776
0.009365348212878044	-0.2826502268328008	-0.0034684956226967954	0.8170105912211246	-3.363713829035572e-5
0.0070788898772452015	-0.0015613310466294807	-0.26584506611879066	-7.626069501453711e-5	0.48604939061098756
1.0083716478012332	0.008227130092107428	0.00797941268210322	0.0006703091074004505	0.00012077059386736265
-0.0698434626526767	1.0308264057756318	0.02518332810249628	0.1632698960003577	0.00038259410180239723
-0.04947978741808743	0.0105180488545051	1.0741227725754328	0.0008547452417645082	0.0289284617768582
0.009713715133204681	-0.27903158671386274	-0.0034885208222343225	0.8333486720669425	-3.777751531669222e-5
0.007014892266943732	-0.0014979690291930317	-0.2705428685760096	-8.667213627094363e-5	0.5195236043086106
1.010790293805253	0.007400662773075457	0.006945640482454834	0.0007817962892778438	0.00010848177377474144
-0.0735180075369487	1.0173261289707534	0.024635792417848277	0.2113033975833665	0.0003870631555301816
-0.048495541353329626	0.009511149346885475	1.0759317607699772	0.0010018661283717834	0.029888195907013262
0.009946012164848667	-0.270917009010421	-0.0033182761481135963	0.8591285676687936	-3.7041633557054936e-5
0.0068669066632740545	-0.0013557683678920747	-0.2705049787104171	-0.00010134770071354698	0.5178494996459903
1.0124960072924563	0.006956799492791681	0.006396461709795851	0.0011119501939275168	0.00010686651283888733
-0.07556290785811948	0.9849027160902403	0.024633856506667547	0.31636194108394994	0.00041609623416869303
-0.047481454035495946	0.008932422042887486	1.0742979848746372	0.0014239777284893312	0.032112528727496106
0.009375602301929048	-0.24586830770614496	-0.003043520049972062	0.8990645837762893	-3.619702716812752e-5
0.006754137053396004	-0.0012855084040802088	-0.27290824624121396	-0.00014411359561893738	0.5360771016097547
1.0126513466579439	0.00710800445032012	0.006275831369293754	0.0016931579782039075	0.00010428229645057566
-0.07612185386223895	0.9440573549956668	0.02578418868377564	0.458009326764432	0.0004360235550927092
-0.045427946650215094	0.008712069338957053	1.0717631324121306	0.0020704917377357135	0.031999084345720095
0.007909100187481782	-0.2000241591802934	-0.002668131441024596	0.8763197624938074	-3.1652366407586415e-5
0.006483696813844902	-0.0012661461512619846	-0.27424859147879643	-0.0002108088526953586	0.5477574062816724
1.0128796578067925	0.006278853760746227	0.006638528612742611	0.002135929407067895	0.00014133969252799403
-0.06939855796103261	0.9019795064765265	0.021519941531163544	0.6216136887877953	0.0004692061758009413
-0.05146591011308861	0.008876564359643752	1.0687479123305998	0.0030148233769869137	0.04145407656101545
0.005080286172820862	-0.1339094040130527	-0.0015707142537114051	0.7677487378373328	-2.3998134517993e-5
0.007426435711762762	-0.0013130123757943172	-0.2805868099778084	-0.00031214607075355505	0.6011345570775104
1.0115845493442812	0.006029825785463251	0.008139029540944087	0.002306973569747052	0.00017680522896550144
-0.05680496451159414	0.8794964637746435	0.01755394388149338	0.6840397481153885	0.00039156244668619696
-0.06340965851282156	0.010776022413954253	1.0749711368744719	0.004114127907842088	0.041829898684650854
0.0029301636517190845	-0.09230018732003493	-0.0009029688160293913	0.7596608886412334	-1.4213563653730794e-5
0.009030019954145253	-0.0015771545537934676	-0.2740763628090022	-0.0004246247358910271	0.5464914087436797
1.0113868204059775	0.0059082489505868	0.008730898349364885	0.002489251236710288	0.0002241824265596104
-0.05156332215540768	0.8652376968441274	0.016085318927074925	0.7346658304599898	0.00042523529059625706
-0.06857036294950124	0.01170313629960708	1.070322625975447	0.004925426413947123	0.04980876177915829
0.0018015824027767559	-0.06096469738232975	-0.0005611731225640699	0.7107190648874552	-1.0458681339880864e-5
0.00984612648327271	-0.0017313742753070401	-0.2784506426924915	-0.0005134513965732515	0.5864282814031575
1.011398332442371	0.0054673442167947044	0.009985097246275249	0.0022154519657512813	0.0003106174867590905
-0.0396599763645131	0.857988029297687	0.012713706807719985	0.7174681879849737	0.0004076848767983355
-0.08236474123937197	0.014469055845368917	1.0685907634901906	0.0058637286861071	0.06043934863513463
0.0010290602442858936	-0.04594132714372341	-0.0003299199465504185	0.8156711581003974	-7.372760778179342e-6
0.011825866544148772	-0.002141456742283758	-0.27895760406626136	-0.000604801676507033	0.597078221997022
1.0111842213075155	0.0055476027144578804	0.011376043951198588	0.0021725198635524547	0.0004271355914149443
-0.033852842097244845	0.8524318898985268	0.011882839696134732	0.7007704982566224	0.0004605796469176844
-0.08856766869213271	0.017107066488525967	1.0599650249020438	0.006716609262983397	0.07345607447364987
0.0006950710307830083	-0.036716442760978574	-0.00024459532933422505	0.8924383440578386	-6.516327575455724e-6
0.012801685323005657	-0.002551382902453339	-0.2828121389872156	-0.0006887279328428031	0.6475140047458293
1.010363750926908	0.0053618227910944664	0.011698820893224854	0.002022783015352289	0.0004662100790982851
-0.031062093798293305	0.8511298383946094	0.01096173904313633	0.682407673594738	0.0004511021620253609
-0.09051749199417633	0.017607212106478778	1.0572425515855162	0.006664343805168449	0.07828616543715869
0.0005732315621352008	-0.0333448205915516	-0.0002029284005860693	0.9573962862632922	-5.689944955244823e-6
0.013121974716782947	-0.002633886785969368	-0.28482963468956446	-0.0006795645383059212	0.6734347537864837
1.0092025030720118	0.005149569397078724	0.013170653883288128	0.0017222562559213728	0.0005756385808776327
-0.02566034710345827	0.8506133733354868	0.0098155163636789	0.6228684116166135	0.00044311821656039217
-0.09506357469888999	0.020181922163335586	1.0516097822108101	0.006789658981212199	0.08619498820719322
0.0005007093485355774	-0.03624362552950189	-0.00019248901650379194	1.1205538081954751	-5.819342119471865e-6
0.013817666002978068	-0.003025847993720965	-0.2867324188493874	-0.00068228801321224	0.7076835830009596
1.0097458463041908	0.004147620829267339	0.01316173248231299	0.0012189577683151195	0.0007260257259107186
-0.021001821462198266	0.8542804365197968	0.007929619507129032	0.562801532283296	0.0004517454708015539
-0.10091632899517927	0.021365700490583263	1.0421155367582415	0.006341562352717628	0.10974120897076672
0.0004928216255586672	-0.04469747257998935	-0.0001874316245813073	1.264960267668852	-7.019295031497532e-6
0.014636684262187491	-0.0031933787661512624	-0.28863946994345263	-0.0006239112158271595	0.7745430103433624
1.0088074186763707	0.0035635992299355435	0.014140964617392338	0.0008777908301556003	0.0006830200551542764
-0.01784568781471821	0.8612697674811202	0.007097650940456668	0.4865747453501664	0.0003534096547032628
-0.10371210884315174	0.023247127369239395	1.049267345272893	0.005797348173839589	0.09554376482129745
0.0005766876178357125	-0.06324340045872202	-0.00023088009564770084	1.418678344641597	-7.530545090263241e-6
0.01506458148452599	-0.0034711914462291493	-0.2874325216037439	-0.000568026115524034	0.7284908783088452
1.0107909941091222	0.0018021727810812113	0.013793235723072561	0.00033409280703077665	0.0007389531803075056
-0.013493307403342869	0.8774243074238608	0.00530670351376028	0.3855578135739942	0.00029224893895124504
-0.11173491401141566	0.025132699505765743	1.0491824277168624	0.004801639127206561	0.10599503364572593
0.0006563989181697094	-0.09841634856367754	-0.0002600795908436204	1.5813935640442511	-9.306740359031618e-6
0.016159278590243492	-0.0037215069670085144	-0.28624370434152624	-0.00046310533854864583	0.7263412845063084
1.0133175282447175	-5.458872323067885e-5	0.013307786103823063	-1.6470695564311934e-5	0.0008886151863260888
-0.010242225513571188	0.9024771719068116	0.004006702897224983	0.281985380935749	0.0002739288132508483
-0.11883571722127168	0.02718733325881044	1.041224651869473	0.0036895557223857955	0.13261109732326604
0.0007325878751349231	-0.14912128971893474	-0.0002893626050388485	1.6812276305721217	-1.2748609866446332e-5
0.017051752810034154	-0.003973673952525453	-0.2850774706620667	-0.0003485848354550969	0.761910811227634
1.0135025810714666	-0.0004883860307357598	0.01401964179705588	-5.073455125751639e-5	0.001131801410339514
-0.009814066890086761	0.9401561736741175	0.004052735721263537	0.18975654907875525	0.00033294162042676965
-0.11915134626839241	0.029599593092687677	1.0273305665055161	0.0026580550338091416	0.16102005053553015
0.0010065814753283178	-0.2180399612620681	-0.0004209134977860851	1.6230094226816953	-2.2248934041874764e-5
0.01691092685200435	-0.004251953711340482	-0.2832040542983658	-0.00024646861751776057	0.8236790860422025
1.0168751113618189	-0.0016188982526405265	0.013437665192232863	-0.00010321057770917741	0.0014823682565511843
-0.008691351865553141	0.9731631410684903	0.0036220770041622587	0.12911842064063683	0.00040450683775289376
-0.12440964728381643	0.03203575735188434	1.0097456213616496	0.0019506128373917436	0.21931353877937193
0.0010711793545352722	-0.2638036891414784	-0.00045368916631232455	1.491602609991412	-3.278607391983177e-5
0.017055244160495392	-0.004420211505950154	-0.27266369343650565	-0.0001747501308935629	0.8519915473291023
1.015315547748526	-0.001304200683523828	0.013609495037718205	-4.499415055818443e-5	0.001935658591559232
-0.00924934959382067	1.0197030659181734	0.0038097906175232833	0.06849895181179977	0.0005443777949540795
-0.12040842549540134	0.03166768777039721	0.9841894570344148	0.0010388998871127021	0.28251106675301946
0.0013133212541139375	-0.3003199537737338	-0.0005515231642395963	1.1872498337420274	-5.171484967038571e-5
0.015544566931789017	-0.004083580318918884	-0.2565487874797652	-8.819791465833685e-5	0.9324624924678605
1.0133557861812308	-8.618995555802807e-5	0.014223893823343532	-3.0922716103476064e-6	0.0024999101643078322
-0.011003425033428382	1.052054257531768	0.0046017247847483095	0.03965097022647618	0.0008081516474920704
-0.1146534667928246	0.03138832053796375	0.9583659371982153	0.000617555386588559	0.3465705742735971
0.0016064140680162112	-0.2991618142255049	-0.0006868883021613696	0.8741752529114877	-8.087184224369378e-5
0.01355529207386047	-0.0036889775799572064	-0.2332518430331637	-4.8793993349796616e-5	0.9861607067531705
1.0124098967260224	0.0010968757048854146	0.014494776645088154	1.3435479019776111e-5	0.0026982742678700322
-0.012929426775339216	1.073190821116035	0.0054432715668965605	0.025621337666537854	0.001008989520259674
-0.11107310169842713	0.03096395407877836	0.9494681768705217	0.0004088270162163933	0.3659561751304161
0.0018410191425752235	-0.2811812757357527	-0.0007924032736630669	0.6355627735577132	-0.00010093243516893016
0.012671717788145243	-0.0035016450021164575	-0.2243927357620743	-3.1843997432708625e-5	1.0037907753964064
1.0100657868066367	0.0026265353617208895	0.016042831569050824	3.1109906017874416e-5	0.0030395340054795855
-0.015194643588787572	1.0754844620053512	0.006884569357014424	0.023595330286384174	0.0012981481855408386
-0.10520922197123678	0.031714249899183124	0.9395777440441477	0.0003916693201156704	0.3722868363856833
0.0021361108356532862	-0.273817498297217	-0.000990649953812798	0.5746624401395618	-0.00012885069195556556
0.011613898187539162	-0.003470661650632284	-0.2170323967655022	-2.9626386268781328e-5	1.0468962400846185
1.009341616023399	0.004011439339802962	0.01569761991044675	4.553218829619183e-5	0.003153554208451745
-0.01829456505255922	1.081577551495342	0.00808732001139466	0.021984124347413862	0.0016153570158290304
-0.10072694591394914	0.029718806130219863	0.9306955650199583	0.00034799007348577113	0.3932531830851159
0.0025214316779599358	-0.2640803260981163	-0.0011412149752071132	0.5014664065021326	-0.00015861461982916505
0.010596180202470495	-0.003098688442732936	-0.20603924836903187	-2.5289175367326083e-5	1.0614055116727206
1.0069988843659232	0.005623746382770061	0.01726250036013129	7.009711806717331e-5	0.003643472229303016
-0.020841285891918113	1.0769118878016641	0.009942510735494205	0.024084659021973303	0.0020877451588663803
-0.09441131336163214	0.030182845291646214	0.9163544796090909	0.00038780306662712085	0.4113663989636534
0.002886732289397717	-0.26570607370683397	-0.001413224936558169	0.5167689986451658	-0.00020515971197900343
0.009242663029082832	-0.0029321252418195165	-0.19091532737350664	-2.608247375473615e-5	1.1021118942109247
1.0043033946686304	0.0072903595006988745	0.01884184426243208	9.50300520512038e-5	0.0036182732473500623
-0.02336028032755736	1.0739386637204762	0.011975882796467385	0.025104659270324972	0.0022887393260296873
-0.08836214586075841	0.03027355136370055	0.9162401829290825	0.0004059828544169164	0.3774884906127013
0.0032412933262519657	-0.2658883726375727	-0.0017049099091791704	0.5209893960889309	-0.0002241270224585673
0.008875923134459285	-0.003020075597914715	-0.19757068576061132	-2.789239086798019e-5	1.1671830606535911
1.0064031078376752	0.0071670404494049425	0.016081242127121767	0.00012156070268979735	0.003290238235932344
-0.026926621593957	1.072652661676086	0.012160358218654826	0.032939914926532296	0.00247741250663773
-0.08747527323876962	0.02626043629849494	0.915636685547492	0.0004574052714419524	0.40057405345285096
0.0037746626278157593	-0.2714334308500378	-0.0017484701254356604	0.5632739551673797	-0.00024401104216816016
0.00853342992723663	-0.002546890697125853	-0.19107762650013826	-3.041635431419963e-5	1.1367382498480598
1.0066886843263028	0.0076137830883584124	0.015086802051136461	0.0001164826085906919	0.0032258938943352383
-0.030593949766155586	1.0815291222391055	0.013200396984547088	0.029156418911901936	0.002806710382427663
-0.08407022510109516	0.024195260370170463	0.910208615015081	0.00037970995328405043	0.417251697301854
0.004189488502547708	-0.26051850714087865	-0.001853350199666157	0.480518501610924	-0.00027319022903398577
0.007830973821818854	-0.0022386617144099646	-0.181834604069587	-2.4371788052754157e-5	1.1390926934234227
1.0071771157276246	0.008318409864111606	0.014883897624523234	0.00017325780669598606	0.003285634429498613
-0.03442335873858711	1.0722326602660253	0.01498726121760257	0.04030177601535238	0.003295832412579053
-0.08064014070833003	0.02333667152541721	0.9043512643178836	0.0004991693548764857	0.4292013912291658
0.004813867309321283	-0.27031213385392366	-0.0021519460039274574	0.5580148178438201	-0.0003239969252933905
0.007236483170484503	-0.0020848155896137227	-0.17452285875259826	-3.054421618665752e-5	1.1405572349853783
1.0052397529069483	0.010847671377469448	0.01698146871891646	0.0002494650050159086	0.003472345430486981
-0.039619813836265214	1.0656017995483604	0.02003657486972213	0.0444076105430652	0.004087208184717528
-0.07285739891753984	0.024450362140781334	0.8979182745235443	0.0005779917336512907	0.39978272543722493
0.005554672192189716	-0.27066564274334276	-0.0028874798652376993	0.5690002853390156	-0.0004003802267812939
0.006581616502506868	-0.0022031415472546848	-0.17663333356672878	-3.540567246818581e-5	1.21293534840763
1.0049329014153456	0.012435112121108316	0.016971158608369133	0.00033948315096372916	0.0032039182536227617
-0.04659064656266972	1.061096577899623	0.02486481954076049	0.052771894390901804	0.004689184443593342
-0.06556773390297543	0.023094148345488896	0.8962332234373114	0.0006479719697256563	0.37159977127958327
0.00655102049055515	-0.27194575311070207	-0.003593224374640991	0.5870327574988374	-0.0004577218906279268
0.0060562814110843854	-0.0021315206470088922	-0.18175392786793576	-4.038544948452511e-5	1.2677472455188532
1.0048010096081523	0.013016537340801592	0.01675564744005722	0.0003918772002423638	0.00275664474181243
-0.04997999660455234	1.058425489945614	0.027238157740207117	0.05833408781508274	0.0044799729681684886
-0.062332040382821474	0.022232916689731954	0.9055231602631852	0.0006867525771859942	0.32732439596836166
0.007046694141443571	-0.2734159582934717	-0.003940006810286056	0.6043844412591479	-0.00043618761432404063
0.006281108258483548	-0.0022407025211479657	-0.20036865322741682	-4.656523841656572e-5	1.298066781228829
1.0054290999842397	0.014237932990890278	0.017278233960548117	0.000569887239523454	0.0023243403881094693
-0.05416065910110687	1.0450080246364695	0.03192523908452889	0.07839338656461724	0.004306913580349486
-0.05929740074450811	0.022547400476437614	0.9181431685071519	0.0009246052230517887	0.2701490773152039
0.007703856362775036	-0.27892818802073316	-0.0046521034990250065	0.6840199955042928	-0.0004182354894543272
0.006705832109755644	-0.002558168902280736	-0.22687353044666647	-6.986055196751047e-5	1.2996981599979731
1.0051623845890607	0.014270567430046704	0.016533196465355365	0.000681799040835776	0.0015064249324052148
-0.057112952575317344	1.0380712043519065	0.03366206720823537	0.09430633580871256	0.003080029113447
-0.056606364701834055	0.021074057826739073	0.9494689951941275	0.001026067663935537	0.18517522142550868
0.00813919916814021	-0.28170766025290306	-0.0048878520124947256	0.7402234684561337	-0.00029802840178379253
0.007406059950927836	-0.0027699952035947772	-0.2655389955315257	-8.97966281938889e-5	1.2404717360001025
1.0061754630338648	0.014338938223635744	0.015568130596708626	0.0007605628424665889	0.0011593677990087425
-0.0615730447464681	1.0361466364002767	0.036456383846911446	0.1046628578552351	0.0027288867763338373
-0.053734416426610504	0.019898804707588133	0.962929024211927	0.0010729955186346146	0.151538021960394
0.008745535418663103	-0.2807246796426572	-0.0052623429138689	0.7435066179689728	-0.0002636981792786264
0.007376884919761843	-0.002746596923914768	-0.2788408207288189	-9.904620348599735e-5	1.1856336452818057
1.0045772172233922	0.014165578793402689	0.01525855171065419	0.000799601413347964	0.0007895693328249138
-0.06077019976027315	1.0316716002982098	0.035413082494271816	0.11214883702492057	0.0018423228225851879
-0.05271827082876741	0.018933885815903044	0.9881314222550952	0.001081839548650744	0.10498272852011073
0.008640684409111934	-0.2829644388811247	-0.0050945953020167245	0.7926744647493649	-0.00017842035842505558
0.0076404017395729565	-0.0027597986137479213	-0.2934904920603572	-0.0001060395182561763	1.067626113391158
1.006636058083824	0.013635085329526106	0.013523662491041241	0.0009205913698430712	0.00045004525598936647
-0.0667995487811443	1.027409954857388	0.03818055222350725	0.13412997384694947	0.0012790778753310125
-0.04972328107673818	0.017219970762341427	1.014363853901835	0.001171647128616643	0.06640954123393703
0.00941389406671761	-0.2804753431721378	-0.005418736984235006	0.8021768339893631	-0.00012433312252332906
0.007388921667115165	-0.002576127773211395	-0.2958153085543398	-0.0001199055650643599	0.8712478594172055
1.0091528420695361	0.011786353978881288	0.011533898111335095	0.000992669605109471	0.0003321025639661246
-0.0700845056971558	1.0204601697231015	0.03590267955892831	0.1676634899375677	0.0010416015766455677
-0.04971999809712724	0.015269203227267193	1.0293293206360055	0.0012927999635427706	0.05698767291499107
0.009723059629914932	-0.27664345464607615	-0.005003029474075937	0.8284067642818556	-0.0001000591734920675
0.007362119737000072	-0.0022782989290737188	-0.2923640730862227	-0.0001328167861590103	0.7793213508323757
1.0104830496288422	0.01075768149136818	0.010794830480774367	0.0012438604079117663	0.00025104240851092034
-0.07047302805590239	0.9995662572241322	0.03407855595532498	0.2304414011091652	0.0008007574857049077
-0.0507445824901037	0.014481188965044923	1.0441599195134188	0.001679431141617906	0.045299287732653425
0.009380900386735613	-0.2657228137105725	-0.00454604756021907	0.8955018106370056	-7.402742490755267e-5
0.007420090079090641	-0.002139973949843884	-0.2842226519464861	-0.00017179302397036557	0.6635031882600455
1.0112582107098982	0.010936516999736287	0.011169789517244046	0.0016728947409941708	0.0002431430061845801
-0.07040977601121379	0.9749806400976007	0.03537317507629737	0.30255448320342904	0.0007810814324394799
-0.051210652626101916	0.01500937327154751	1.045714801130017	0.0023027730148624526	0.04205030258771317
0.008775138160982882	-0.24692957808953084	-0.004418380545098827	0.9312116970327987	-6.756856070870652e-5
0.007438157373049939	-0.002211757175655988	-0.27997981684939727	-0.00023474206828823924	0.6234306570619333
1.0111886756744046	0.011433549805208266	0.012412415832471713	0.002247681468833364	0.00025992235839210516
-0.06755940747498107	0.9469076663984416	0.03607691583695249	0.38364281866276656	0.0007696193684401612
-0.053421137797211325	0.016450507636733988	1.04557804794426	0.003245071756532686	0.040118318397249025
0.007592249810315117	-0.21969816383870405	-0.004066077785325348	0.9513946736312224	-6.004899535643274e-5
0.007711264985332408	-0.0024195704795592866	-0.27601843571511936	-0.00033007087611747893	0.5912529243152858
1.0100345994842017	0.01133376194340048	0.013631185605460297	0.0027356803075594387	0.00028733696571000417
-0.06146351742798814	0.9193268273902822	0.03299018946882547	0.46374516526383824	0.0007110186321940223
-0.05767960851342574	0.01763843804168272	1.047806091585258	0.004272232561978201	0.04025892335714284
0.005908610342332853	-0.18499783417311266	-0.0031813977600218743	0.9675872916370908	-4.738397279902516e-5
0.008299855793073345	-0.002596209257096726	-0.2744548392950067	-0.00043417101317273776	0.5769826741776232
1.0083451617671386	0.011478548533295087	0.014148725993750527	0.003090774400756842	0.0002942915844080414
-0.05852558721871637	0.9030116422077868	0.03160562196950056	0.5113938924147193	0.0006737227934159101
-0.05794847695537521	0.017682586295630832	1.0477511043468173	0.004777529361234961	0.03979534208998656
0.004923386241265406	-0.16002603391352765	-0.002666984928426236	0.9721838435633834	-3.917956208176381e-5
0.008360105122285862	-0.002615811781102441	-0.27568366653886406	-0.00048662989265720047	0.5861153335690099
1.0081166493141431	0.011649124638539773	0.014740751511206018	0.00374054478889857	0.0003011467306235343
-0.056974269657713475	0.8816180975856677	0.031600161654854256	0.5927600427032729	0.0006639015156164863
-0.058660596093561376	0.018181160585499935	1.0474407030886423	0.005859063188112912	0.03897451940578855
0.003779174954351599	-0.12264574378168369	-0.002103130631607726	0.9045216783849465	-3.060817056373664e-5
0.008445980606856862	-0.0026935153099087172	-0.27436134078615804	-0.0006007740685171903	0.5761714825573832
1.007177167854891	0.01164898046186958	0.01648762106732135	0.003907528678500253	0.0003727005872926122
-0.05055294477606182	0.8693903245066215	0.02875637018092428	0.6151138724613356	0.0006696451026706254
-0.06431156751984672	0.02039213750551467	1.0455041855118428	0.006872231251688399	0.043224891762890266
0.0027950334095835487	-0.10151994591603125	-0.0015973308518274845	0.9240703191595686	-2.5648603987514593e-5
0.009289936283426663	-0.003036153603161738	-0.2760303430182926	-0.0007051006792035408	0.5926800586148219
1.0052932637133858	0.011156495259985908	0.017594091078743046	0.00360461772396492	0.0003676740777439798
-0.043835880667744354	0.864879558489078	0.02464451972964099	0.5987476975264588	0.0005303833920128865
-0.06938678400078978	0.021684419846330214	1.0526414171353389	0.007033530031332336	0.03969735851847069
0.0021786222467552246	-0.09217734328322297	-0.00122969691742765	1.0098308313427626	-1.8229370581458997e-5
0.009935646626110219	-0.0031989239159473173	-0.2719267967597791	-0.0007144671779247269	0.5531510001780665
1.0038306367010235	0.01094677724404916	0.019297629930195598	0.003259873162371668	0.000421072701262494
-0.037703261915430775	0.8633681862135743	0.021833655454118778	0.5612358115931927	0.0004905792097850009
-0.07441240879332213	0.024035250133471048	1.0523675450848797	0.007192488636937222	0.04149750563314975
0.0018384849161897018	-0.09191088397933272	-0.0010698812664239749	1.1191927916973847	-1.6409294125639858e-5
0.01067527274294476	-0.003550878114957544	-0.2728275156641418	-0.0007253006157988406	0.5605050318279554
1.0044726658847398	0.01032916010672827	0.019756545888195334	0.002798256162616029	0.0005399279918527943
-0.03427394404272119	0.8690350978959152	0.01978097395500891	0.5191834983232624	0.0005564001181922922
-0.07927254607882182	0.025760927081736995	1.0462361391403123	0.007027639534780139	0.052613510696349945
0.0018885418232722426	-0.10553340740264888	-0.0010973672455177885	1.1909370272129098	-2.0784875282573237e-5
0.011506764410750811	-0.0038476412535917714	-0.2794852323295819	-0.000706947139032188	0.6239165764975074
1.0028089202965516	0.010240156281893786	0.020931884142896304	0.0022919272759573048	0.000553650770825743
-0.031100620497169773	0.8811598314680217	0.018428388420874263	0.44058961339571234	0.0005004732099627473
-0.08083605063696107	0.027215330040829183	1.0469541801734374	0.006137192331072461	0.05088330959497477
0.0020921575302711437	-0.13224007804707716	-0.001248396461121376	1.3111395667893766	-2.2682883102575005e-5
0.011736402859776049	-0.004054855498167392	-0.279369719894099	-0.0006120164933816619	0.6211608207847465
1.00349789977945	0.009027266312382598	0.022068447114615808	0.001552934009538598	0.0005895384781711387
-0.02575413815357086	0.8983447006376672	0.015610626355297016	0.3488093659667686	0.00042677484405621857
-0.08845510364306836	0.030880439541918242	1.0509981599598641	0.005364085003969871	0.05113288191111926
0.002133765117066533	-0.16733099505841015	-0.001303291946532198	1.4185421121167496	-2.3821961907775045e-5
0.01275637934294016	-0.004551921480572103	-0.27614863267621464	-0.0005291113049477325	0.5906627355114521
1.0028713465684542	0.00887256198359071	0.022146626180936244	0.0012402308390488948	0.0006238440950984189
-0.02507137330507314	0.9170405101048918	0.015128025603668027	0.2876921858871854	0.0004347909196042816
-0.08848243736600568	0.03110207990757244	1.0486070140095392	0.004392364451475263	0.05420598746606406
0.0024356220799625072	-0.19907314351821503	-0.001481372603495526	1.4344973091940014	-2.837462881710457e-5
0.012829173521349838	-0.004594902830317316	-0.27913144636310955	-0.0004328821309362088	0.6188402134203254
1.005359994547624	0.00737939539549351	0.020774522082413628	0.0007882713920169815	0.0006891589240891462
-0.022845592232653034	0.9424210094072627	0.013024681418287845	0.22321321356241036	0.0004391091987993596
-0.09481139648912315	0.0319634205735228	1.0488909619030264	0.003455963839615779	0.06419847914268025
0.0025832932981516565	-0.23478210953515422	-0.001485049465343627	1.4032857559878915	-3.341799608800461e-5
0.013753463822721954	-0.0047038551646141034	-0.28086444828917845	-0.00033988077738564965	0.6387495635417426
1.0067684367266836	0.0061792691698722944	0.019764269169023248	0.00044946555085066935	0.0006928672841731533
-0.020861880107925806	0.9741459959923949	0.011371615743089473	0.15353602857973514	0.00040309312175916025
-0.09942721008675949	0.03255860738893268	1.0518526375990962	0.0024004252465967546	0.06789877340593486
0.002694450317663577	-0.2702744606505189	-0.0014802595813657431	1.3099411384861366	-3.5362156044754746e-5
0.014385137542680726	-0.004752867028123053	-0.2803624295094793	-0.00023648325878090903	0.6327689474140306
1.0077905763580453	0.005649644687281531	0.019135188860245275	0.0002468154573727968	0.0007082118055181043
-0.020238818670247502	1.0116961433128995	0.010759361320707511	0.09155824815100427	0.0004003445198929737
-0.10194561259586452	0.03315343388177097	1.0523247103960243	0.00146899071710372	0.07178492167831856
0.0028723022156350586	-0.2945772631775125	-0.0015385466756697884	1.093386058989192	-3.926401769392533e-5
0.014738069563531908	-0.004807539506159225	-0.28054209222617665	-0.00014630695823611428	0.6360657436230591
1.0105577885620178	0.005285578480831592	0.017601672003383195	0.0001955358259967538	0.0008516145103802525
-0.020765940185128975	1.0268037049343797	0.010473793253162972	0.07669546806940497	0.0005084479424779203
-0.10506579775409086	0.03273902628595389	1.0437911519158074	0.0012295246541215304	0.09478385334783943
0.0029927900196485835	-0.2960790791233281	-0.0015228845052814854	0.9705519092846215	-5.083896521226178e-5
0.0152179050445298	-0.0047472812486616224	-0.28389588362630225	-0.0001227696441053923	0.6977555707358761
1.0110622322357474	0.006534219762806576	0.017924849575012725	0.00019239319032389804	0.0009383163021925225
-0.02418219279667755	1.0433626490142136	0.01259123077640728	0.059514716659130884	0.0006598120834296339
-0.10214691856856883	0.03314557491078873	1.036603695452213	0.0009890785060497065	0.10279029628129166
0.003491313507636609	-0.2901065240611227	-0.0018355612573029423	0.7944254645290949	-6.700752763061368e-5
0.014805975550526762	-0.004801334815069863	-0.28476482677950676	-9.991299829877065e-5	0.7274661524415487
1.0108165996843392	0.007543740234463754	0.019287275575101306	0.00019150819132062423	0.0012114685028130935
-0.02555849721869942	1.0489050910488895	0.014313896308725524	0.05055437878044554	0.0008993793142151596
-0.09990677462013703	0.03522414545059099	1.0208650977903362	0.0009082923914099164	0.12412477114831943
0.0036647123652430447	-0.2840386180266779	-0.0020779080624812596	0.7085890314880482	-9.096697843920948e-5
0.014443506682495943	-0.005086372246472928	-0.28584201389511554	-9.147020473675854e-5	0.8043638291388566
1.0112117952307003	0.007736217283342228	0.018479585527393944	0.0001982489891863455	0.0011762771309071496
-0.02735318565715069	1.0520495076735266	0.014833860929970868	0.05077383520989594	0.0009441625206284693
-0.09857663374623804	0.033633025565497805	1.0206854753227728	0.0008742984153311747	0.12590131717864667
0.00390735634848885	-0.2818683466316238	-0.0021443943460113524	0.6829425536213222	-9.533949490417998e-5
0.01423970785872386	-0.004851836383867492	-0.2858586275948496	-8.817281456250173e-5	0.8084923673764081
1.0113054552948504	0.008669764833697302	0.0187410789508562	0.0001837077907536136	0.001335523609007551
-0.03025271237524822	1.0622208486374802	0.01680773895497307	0.0410243773718256	0.0011960126152953752
-0.09546989574369083	0.03362956238256279	1.0100190125929212	0.0007230890017315191	0.14140894145577704
0.004231803135687259	-0.27003274828808094	-0.0023819685492248305	0.5666385431218763	-0.00011947622606595272
0.01370176960143199	-0.0048147392203461425	-0.28492261527025536	-7.302018364687551e-5	0.8578864878147171
1.0127311269961397	0.008547467921971252	0.01793924374868993	0.0001969139834070363	0.0011573126854749899
-0.0317037677860778	1.0618557138652598	0.017228448712316158	0.044622855014256564	0.0011101330507224047
-0.09636497048365242	0.03302093886143917	1.019280016027673	0.0007706602452459323	0.12734161104001424
0.004434047712560851	-0.27022191406043833	-0.0024377896484527456	0.5697561400512465	-0.00011132752403965676
0.013903400646533282	-0.004754532074528028	-0.28490773110128165	-7.868695977045204e-5	0.7996349024177153
1.009971011295284	0.010142224623267582	0.02042773031568375	0.0002243473306493271	0.001237820707367488
-0.032581243985550803	1.05833929863044	0.01961580551148588	0.042748988284178766	0.0011877839793278597
-0.09143672570108707	0.034781992654208574	1.0129027343893569	0.0007801788995795431	0.1197286326152783
0.004562696150695593	-0.270036896127259	-0.002782324069186576	0.5714199706613785	-0.0001189916268577243
0.013262839965240136	-0.005037895735153897	-0.2867192057073973	-7.985257529372763e-5	0.8298664931572862
1.0108818838105196	0.010476739294575432	0.020490051818138157	0.0003201456013700553	0.0012245044835039465
-0.034031369284182864	1.044636747738782	0.020867038406515104	0.060120631346464316	0.0012490991287620115
-0.0911083452448494	0.03506137954283296	1.013195673866031	0.0010868820948675695	0.11775249891565512
0.004847619742742733	-0.27970645824665785	-0.003012329209958392	0.6789294726259537	-0.0001258160613143225
0.013218822758361504	-0.0050924352780240545	-0.28599134989015035	-0.00011019784286714698	0.8132860068261735
1.0128230481030398	0.010042328399397032	0.0191175530161255	0.00029120398104334755	0.0012374981947686423
-0.035668011594918746	1.0516682515460092	0.020976790018338215	0.05649207132322753	0.0013588933454826077
-0.09217875338834308	0.034098107089038945	1.0123406034808424	0.0010026614479346756	0.1275870613119619
0.005030497537848774	-0.27431853562367403	-0.002997633194939231	0.6190998539962799	-0.00013645724238121187
0.013309117448919494	-0.004924543726937763	-0.28468239723648114	-0.00010179547011819612	0.8135532764631616
1.0131594216885922	0.010170589486247883	0.019847166791526587	0.00033674143694987363	0.0013580980427218559
-0.03458267462666157	1.0426871672165126	0.02108885313447821	0.06513773498990492	0.001446262290181119
-0.09357994575322481	0.03587586112426441	1.0083293790301444	0.0012064965618423518	0.13479989956905164
0.004918109955644755	-0.2792254111842465	-0.003042968308511751	0.6805484883708117	-0.00014534753914716148
0.01347128345340165	-0.0051730410473384	-0.2836945306718589	-0.00012122103461539163	0.8225629741313787
1.013810587534083	0.009550506781662582	0.018730579334235428	0.00032800297459840977	0.0013072689902969975
-0.034557411399847325	1.0435739307071725	0.02005930729574512	0.06772195757272921	0.0014028615594803076
-0.09451076729584468	0.034436563478185356	1.010610813407483	0.001200475369187437	0.1376011847565343
0.004916727924874055	-0.28000377784959574	-0.002893910964025248	0.6888411274548482	-0.0001409160125543235
0.013581833041073521	-0.004955981808396681	-0.28343074929492296	-0.00012034632159476505	0.8180875686704816
1.0165654342477002	0.008534513890304962	0.016748307510664872	0.00032341480432995784	0.0013231592411743626
-0.03510550990919259	1.0441293015896853	0.018944229514932756	0.07481071048526626	0.0014997877744224938
-0.09770049980522855	0.03307427813455133	1.010153343948709	0.001272108196163066	0.1556697690730973
0.004983454421778402	-0.27971932869101723	-0.0027268122656955163	0.6906002611356875	-0.00015033995507666986
0.013907022756912801	-0.004715137108517009	-0.2805772824056904	-0.00012635140157260527	0.8103550747413127
1.0185692207290706	0.00814474800704249	0.016030842351504294	0.000327607661101379	0.0017127107330287602
-0.034958756921060215	1.0425951105103406	0.018593243210987993	0.07940062203440933	0.001991490506956477
-0.09986739599700103	0.03358309640039929	0.991953175266646	0.0013755170616977994	0.21048783609681337
0.004954196574897056	-0.2791826864208732	-0.002680153430575892	0.6910619824537385	-0.00019859595014371997
0.013760936090898332	-0.004636497753732221	-0.27157117707915196	-0.0001314364753239707	0.8596147612011561
1.0171009038732017	0.009141244009990362	0.015756866937535332	0.0004980891925857114	0.0018766692570097972
-0.04144176898106833	1.0311326688313316	0.021763569124501062	0.10829720789785369	0.002604345633149735
-0.09013654193822747	0.029878429730485344	0.9744277027321642	0.001659851142319424	0.2357219541041341
0.0058653346460616484	-0.2811127957680396	-0.003139576779306298	0.762638367941118	-0.0002553533278888062
0.012076470501075923	-0.004021185106276748	-0.2652164666930724	-0.00015186253678152462	0.9459542829340668
1.017528624023867	0.009628873552125397	0.015770766217675272	0.0005731625536984017	0.0024792541486672176
-0.04408912803283474	1.0274275105425905	0.02358224506380377	0.11810467067158242	0.0037285124070507852
-0.08687621644672111	0.029636133477274083	0.9466067496969299	0.0018065558207454487	0.308499217922619
0.006218336799407503	-0.2797443959823616	-0.003405622743513609	0.7651131304973525	-0.00036328106387384373
0.010712761420990424	-0.003675019626731439	-0.24200984699149392	-0.00015115748214489938	0.9933053164909376
1.0177022966422333	0.010463544506638278	0.016113473807653943	0.000758403185054244	0.0027382455821668705
-0.04820792987234826	1.0168150587272138	0.02696173589990472	0.14382894570778204	0.0046186621504316246
-0.08229272414411484	0.02935922865637866	0.9331791463424047	0.002184065314015257	0.33191643192733783
0.0067380930568361475	-0.2773970293872426	-0.003868012725117569	0.7966900841054024	-0.000443740598904091
0.009763818841864558	-0.0035115856021200632	-0.23172933812776292	-0.00017493570799928006	1.015316017742915
1.0179595904273846	0.011281657769133958	0.015896860456740276	0.0010771829022335165	0.0026427139407160655
-0.055198363668337594	1.0026374466475074	0.03194045810799562	0.18893430432940586	0.005369930975651794
-0.07502655648450862	0.027510545152966942	0.9268263170705283	0.0026976427545189995	0.32522381056053257
0.007548756903977577	-0.2708208416160281	-0.0044870667987366875	0.8249245459499355	-0.0005013465566754693
0.00884922309127456	-0.003282020654012568	-0.23064930247015708	-0.00021382215810424043	1.049460319450135
1.0173707145173017	0.011505305053258792	0.015916096216710647	0.0013817410617713386	0.002892056933511397
-0.05589918076776543	0.9843751318632017	0.03246701072660446	0.23777150918415482	0.005986345531395654
-0.07259056528722223	0.02663458051145476	0.9149069759558165	0.0032927033546027128	0.35387599246088347
0.0073868146683828545	-0.2618665505213178	-0.004417541026703588	0.885180159976693	-0.0005355187444656129
0.008098118139961835	-0.003015586750969506	-0.2171499720128246	-0.00024502038669668713	1.0710110753038584
1.0165121273887372	0.011963816794497793	0.015985009981183306	0.0018725283603235193	0.002893118796594124
-0.057783107755774984	0.961325453930193	0.03414914580603692	0.3077464857478859	0.006299715740056833
-0.06866843761359226	0.02539748801231201	0.9093995229119687	0.004096059494549775	0.35301782351859023
0.007150460368793576	-0.24359805710433446	-0.004355539966902744	0.9247423407788734	-0.0005232664634649276
0.007513909600014301	-0.0028331416570297613	-0.21326903569596717	-0.00029742353067122723	1.1062510159196657
1.0166911618079149	0.013456827804294762	0.017694975991994252	0.002978918849866924	0.003287707519018218
-0.05911214218569513	0.923891818725022	0.039355189137261326	0.42395963365169326	0.007512278225807967
-0.0664177944095336	0.027357008753039022	0.8973634926584511	0.006259478677542618	0.3600797367994444
0.006339124819944281	-0.20568412497896152	-0.004364030406913022	0.9049168320162039	-0.0005401589579124982
0.007119482924810322	-0.0030129403466085114	-0.20752784434462243	-0.0004467647857267082	1.114172755141203
1.0145252152798083	0.01535630455196969	0.01982459933323435	0.004383761068405573	0.0035571165625452594
-0.05838046771681663	0.8894049524065498	0.04301190257291384	0.5301655807905306	0.007987829850609612
-0.06312533392280453	0.02839490625438148	0.8882122979803432	0.008395276800041263	0.34800311924327
0.005065098325524903	-0.16141574682030221	-0.003866924443299044	0.8711158898335923	-0.0004633845281526022
0.0066914866769087755	-0.003115335569799857	-0.20531990588901328	-0.000593932165401892	1.1643112026681741
1.0120060508424809	0.018415741027071615	0.023484903729007495	0.006139256135962334	0.003562084789575759
-0.05718462683108887	0.8620400304331266	0.04901955329524318	0.6014540976944568	0.007745442919272268
-0.06052907197079052	0.031231132440269798	0.8875030283864156	0.010790531775348666	0.29585918693518737
0.003941056695178559	-0.12461254229114502	-0.0035038729245760944	0.8333392099401564	-0.00035660518852645776
0.006869877031854044	-0.0036919688624391656	-0.22100710049730554	-0.0008209730453510589	1.2100832912165114
1.007542119143847	0.0226469022735711	0.030340322161086147	0.007961305418964337	0.003746270437963939
-0.05103758755668408	0.8366848885944225	0.05217059812633982	0.6262769513007848	0.006745965606428331
-0.06094450562263347	0.037102810854270245	0.8882113811585115	0.013542498782574963	0.2413117462560202
0.002673242440731541	-0.0935306514983849	-0.0028400056980382726	0.8805095795597332	-0.0002347149351987106
0.007452081468080102	-0.004750441189967383	-0.2385997575010863	-0.0011074071197836322	1.2329263719035086
1.0024878329369744	0.02584670020921747	0.03565557406316794	0.008731178152825966	0.0033763639340637086
-0.04612461332782554	0.8248118197905696	0.0523692126811348	0.6066737010739927	0.005202049774353474
-0.059598303055753116	0.03994937950051336	0.8964116145880413	0.01400570861759165	0.18582460153539782
0.002045539506987347	-0.07983546377856195	-0.0024129177519984085	0.9870695590914026	-0.0001516854768510434
0.007812734465883611	-0.005493377681180439	-0.256888414267208	-0.0012179362571270724	1.2391824349016252
0.9989401303277196	0.02975694942685464	0.044237017434665016	0.009177976860928194	0.0034136118703968488
-0.04059818448506324	0.813531872891438	0.0533641432137016	0.5617033741911356	0.004326403795314997
-0.061250538293139534	0.04757982065328725	0.897275172222381	0.01527712465643516	0.15026977598339497
0.0017450984780864737	-0.07843122879775977	-0.0023904034347083103	1.1148462473766076	-0.00012160521032377782
0.008449417028046875	-0.006895985359020362	-0.2684012260544978	-0.001388708169764108	1.1960566307550633
0.9925049552166307	0.03505342473093549	0.05728726372230741	0.008298849127721664	0.0029238793030021415
-0.0335738741982946	0.8094494431011666	0.05298290835758113	0.44694180293941776	0.0028375530975104646
-0.061043832841272606	0.05727829251684735	0.9028110613031322	0.014165604099309281	0.09790730049719448
0.0017728781588092373	-0.09974250869514864	-0.002923621269460497	1.359600252607528	-9.729408776760345e-5
0.00896358644311198	-0.008825613338115074	-0.2816279452190607	-0.0013561228100262002	1.0960633761350491
0.9892559999509676	0.032010598618882585	0.05919189215273274	0.005364868056958988	0.0016206271725604515
-0.028551361383403362	0.8350140532444827	0.044635868743073404	0.33000419662226727	0.0012699323111473974
-0.06359801497346218	0.05907271956295368	0.9444693271007019	0.01027385534707051	0.051384255636443575
0.0021117374628060875	-0.1453502635667454	-0.0034214628641508205	1.5195412930059495	-6.189938093575844e-5
0.009611143734500503	-0.00927519828273099	-0.283744759175017	-0.0010261067713465272	0.8282323425752098
0.9854061238202138	0.03374775440542735	0.0725596990808063	0.0032797279891052557	0.0013378977110263474
-0.02325156115408681	0.8588449036109345	0.042311415561229415	0.19760157020881347	0.0008052000560955785
-0.06514316065717246	0.07238472124211193	0.9451278752009982	0.007355568909702487	0.03338797875649954
0.0024054351264855105	-0.20878715351450303	-0.004551305851975718	1.5807678219347154	-5.606425170088386e-5
0.00973921601800162	-0.011163238805555586	-0.27100595070866157	-0.0007349392981736147	0.6708749451085994
0.9816409706080422	0.035400478767933716	0.07920859887792053	0.0018103529271296867	0.00092899094835078
-0.021358483615965693	0.898099978466081	0.04212910056066149	0.10487426885366119	0.0005054986009142108
-0.06276588396357739	0.07723099628226748	0.9511500311604608	0.004128617365609377	0.02049168488667267
0.002793858424279566	-0.26571231113350957	-0.005718230027173643	1.4213568688372324	-4.598363843932862e-5
0.009098750211703421	-0.011446910017279432	-0.2535826670569535	-0.0004105173303411841	0.5222447421653555
0.9794806250563285	0.037706590032726695	0.08456597468794702	0.0010019455226987772	0.00099860773296611
-0.020617732656844988	0.9313424291249902	0.0433569641165161	0.053479725300691894	0.0005208712313556803
-0.06080130909372894	0.08176304771499121	0.9407870402633441	0.002274278998053325	0.02062683554778418
0.002992845790253676	-0.2891478457884854	-0.006534623362232317	1.1286400195502622	-5.353847716252098e-5
0.00889745228706193	-0.012165524519000881	-0.255960503901005	-0.00023100831416955625	0.5495182034115738
0.9756280205769491	0.048084862715499097	0.09034228616318833	0.0007366888706035746	0.000869642977343844
-0.022852770370374823	0.9476985477796223	0.05381436383978574	0.029388933301894335	0.0005259069736508702
-0.05309006937184273	0.08073100404509131	0.9241500775426303	0.001288374705035955	0.016526206417174855
0.00337067656925729	-0.2816031467336422	-0.008238580371566884	0.8354152818738779	-5.638046075965089e-5
0.007752327603555015	-0.011966920710117207	-0.2509382553909104	-0.0001338064804931524	0.5305818960570745
