0.048254266248466765	0.0	0.11631697169431543	0.0	0.0
0.0	0.04951841546615017	0.0	0.008433465782075508	0.0
-0.07773715910997755	0.0	-0.0039350810457186025	0.0	0.1570528370688125
0.0	-0.01342091071808973	0.0	0.014697593041064163	0.09184379062610627
0.0	0.0	-0.14266272364534657	-0.25894609881757974	0.13177167128885092
0.05824060962013902	0.0	0.11235502435462504	0.0	0.0
0.0	0.05083236589515748	0.0	0.009374988842690264	0.0
-0.08297350058772969	0.0	0.004509172691701618	0.0	0.16474194168464035
0.0	-0.013568456276880183	0.0	0.019685312516916298	0.08732112933859612
0.0	0.0	-0.14704949312527865	-0.2669084930170928	0.08955160585461419
0.04853057600222868	0.0	0.13431719522261637	0.0	0.0
0.0	0.04487277354007588	0.0	0.010816989339215728	0.0
-0.07788204219385339	0.0	0.015615052855405015	0.0	0.1078887449884374
0.0	-0.012899244284721428	0.0	0.037620787682239754	0.05724467344993304
0.0	0.0	-0.16263602190334087	-0.2951994909600498	-0.013175478964871479
0.03917412273202894	0.0	0.1712330065283776	0.0	0.0
0.0	0.04010321898330117	0.0	0.013331237530052078	0.0
-0.07297598373782492	0.0	0.012128545952548947	0.0	0.07521512302397058
0.0	-0.012363663507300055	0.0	0.05003470469846838	0.04084018698559175
0.0	0.0	-0.17357076422467926	-0.3150470642667607	-0.13900039548765725
0.04253697616845641	0.0	0.18292899214139574	0.0	0.0
0.0	0.04393044929346153	0.0	0.011466580479565027	0.0
-0.07473929672210675	0.0	0.010124067891657568	0.0	0.07331527457984052
0.0	-0.012793429214031472	0.0	0.05354674174943579	0.04116863451088816
0.0	0.0	-0.17641519922421342	-0.320209978079486	-0.19107094196825386
0.03358992966928295	0.0	0.23836028888035446	0.0	0.0
0.0	0.03958845740342853	0.0	0.01327220642792152	0.0
-0.07004791080202158	0.0	-0.009213732256026981	0.0	0.05515414850137863
0.0	-0.012305860120452695	0.0	0.06112607576187507	0.03183605273791155
0.0	0.0	-0.18311758637005288	-0.33237543349652077	-0.3043395695214977
0.03123275631179348	0.0	0.2100921112211002	0.0	0.0
0.0	0.04033221476769388	0.0	0.014517175909316506	0.0
-0.06881192640185695	0.0	0.013272350382098065	0.0	0.046259921104103784
0.0	-0.012389377803838935	0.0	0.06711720184986295	0.027934695192329082
0.0	0.0	-0.18839789465260084	-0.34195968364527746	-0.42163648300091466
0.01687078145409332	0.0	0.2388118681100697	0.0	0.0
0.0	0.050159468973549025	0.0	0.012129920700203694	0.0
-0.061281221533132264	0.0	-0.012259029785797099	0.0	0.04658630732006638
0.0	-0.013492895623970238	0.0	0.05900753533733863	0.04141150135302636
0.0	0.0	-0.18118250390914303	-0.32886307903321615	-0.2703751027715997
-0.006117894852240777	0.0	0.27808946976363164	0.0	0.0
0.0	0.05996178004529822	0.0	0.010067676743319546	0.0
-0.04922710374634145	0.0	-0.02586573188566796	0.0	0.029554917231004337
0.0	-0.014593612540370018	0.0	0.06482992194812012	0.04466100020103904
0.0	0.0	-0.18599763673692352	-0.3376029925101371	-0.3750540564768727
-0.011299817145490443	0.0	0.3092448909297976	0.0	0.0
0.0	0.0669378244849732	0.0	0.008390196108272414	0.0
-0.046509961582413634	0.0	-0.045290464668985536	0.0	0.028926695548339435
0.0	-0.015376963534651065	0.0	0.06254758454657969	0.05513168474702012
0.0	0.0	-0.18386972305970467	-0.3337406314724621	-0.34001424807243147
-0.021138286155491223	0.0	0.33457983024402055	0.0	0.0
0.0	0.07410998587870132	0.0	0.007604541449064549	0.0
-0.04135115806071786	0.0	-0.05692259208588011	0.0	0.02392081153309343
0.0	-0.016182336809936974	0.0	0.06395761008362541	0.06311163015055918
0.0	0.0	-0.18500813648195685	-0.3358069576086895	-0.3759434672896262
-0.02595357842006121	0.0	0.3493202710437514	0.0	0.0
0.0	0.07765208078584228	0.0	0.00640964332716336	0.0
-0.0388262584378998	0.0	-0.0749379751334773	0.0	0.026480197294949933
0.0	-0.016580084214120078	0.0	0.05586280349267039	0.08273507646937697
0.0	0.0	-0.17792085920863504	-0.32294289084849315	-0.2532774850369406
-0.04030939619856754	0.0	0.3799535794871625	0.0	0.0
0.0	0.08325913473851773	0.0	0.0057848611294165925	0.0
-0.031298782035087465	0.0	-0.08670018167653894	0.0	0.018710907663397922
0.0	-0.01720970911499305	0.0	0.05937326197886883	0.08864880273753849
0.0	0.0	-0.18088384544016337	-0.32832098616238764	-0.31856332040948193
-0.055587734977689277	0.0	0.33349612682401547	0.0	0.0
0.0	0.08694739715771352	0.0	0.005816579890277532	0.0
-0.02328758153028574	0.0	-0.0630159288080964	0.0	0.013308361683297328
0.0	-0.01762386989883419	0.0	0.05882912160642928	0.09923448202021731
0.0	0.0	-0.18041826782028755	-0.3274759195235134	-0.32143314832518216
-0.06225502708599293	0.0	0.31354685729736653	0.0	0.0
0.0	0.0889644775577097	0.0	0.005690716136343031	0.0
-0.01979158535714857	0.0	-0.06643510710214656	0.0	0.013918806568238087
0.0	-0.017850371027166374	0.0	0.047739589103965224	0.13248375029237952
0.0	0.0	-0.1708551475977749	-0.31011796776942235	-0.19276428346041216
-0.06786589806711246	0.0	0.2885513413793739	0.0	0.0
0.0	0.09076579983306482	0.0	0.006151374252516807	0.0
-0.016849523848619437	0.0	-0.09106493962376902	0.0	0.019547421241617353
0.0	-0.018052644336578633	0.0	0.017498871378343495	0.23503039399214626
0.0	0.0	-0.14485464114859614	-0.2629246327463687	-0.018881028706974615
-0.074842297245846	0.0	0.25161552216134575	0.0	0.0
0.0	0.09318062594432427	0.0	0.005431883647397875	0.0
-0.013191447310956665	0.0	-0.10593918389095258	0.0	0.021797233169518742
0.0	-0.01832380895595985	0.0	-0.009813575646785588	0.36912669418703875
0.0	0.0	-0.12126199647992293	-0.22010179057962606	-0.03425021488149127
-0.07685597392759484	0.0	0.23887976069469766	0.0	0.0
0.0	0.09062003670830956	0.0	0.0068734221322989545	0.0
-0.012135575472888863	0.0	-0.12768768791833127	0.0	0.026012783032530823
0.0	-0.01803627636620603	0.0	-0.03271665108885789	0.44587585897660115
0.0	0.0	-0.10167595546218831	-0.18455130630994687	-0.03937003281280039
-0.08298815417178831	0.0	0.2185014632307742	0.0	0.0
0.0	0.07631254529286362	0.0	0.01367993481088407	0.0
-0.00892016533059315	0.0	-0.13922724924354352	0.0	0.02257376077929806
0.0	-0.0164296656682846	0.0	-0.05126090618061292	0.36589278873973363
0.0	0.0	-0.08636284040191103	-0.1567565796688025	0.1614262693474993
-0.07937603695823996	0.0	0.17591319864447735	0.0	0.0
0.0	0.07521691950754589	0.0	0.012865312291398114	0.0
-0.010814179834586568	0.0	-0.1134153954281837	0.0	0.02693011416652095
0.0	-0.016306636126871787	0.0	-0.04838488106603299	0.346402285937863
0.0	0.0	-0.08876105602980096	-0.16110956386185107	0.1782745891514682
-0.08098987345562261	0.0	0.15644520412524596	0.0	0.0
0.0	0.06544514829109876	0.0	0.017351145467190885	0.0
-0.009967964290514005	0.0	-0.08139969646690569	0.0	0.02050915378185772
0.0	-0.015209348578822937	0.0	-0.03144248113063683	0.2295633948970365
0.0	0.0	-0.10378666606424958	-0.18838244216779995	0.2913189747774372
-0.0844239311563858	0.0	0.1550253014677362	0.0	0.0
0.0	0.06120885253044783	0.0	0.02102744568867054	0.0
-0.008167315333608646	0.0	-0.05651701666351398	0.0	0.013232116105319151
0.0	-0.014733648269733576	0.0	-0.012544775849679056	0.16665701156180784
0.0	0.0	-0.12041800675633639	-0.21856987081263654	0.29392860217054784
-0.0850133647305619	0.0	0.16377887083313292	0.0	0.0
0.0	0.061533510399964214	0.0	0.018609875363036793	0.0
-0.007858245701415419	0.0	-0.05495726060476657	0.0	0.011938233795247333
0.0	-0.014770104612161732	0.0	-0.007353549319289388	0.15767755756805343
0.0	0.0	-0.12465518364100356	-0.2262607405524586	0.27918537383076225
-0.08710131901455988	0.0	0.15471422746898963	0.0	0.0
0.0	0.059849915766185	0.0	0.02058143155846604	0.0
-0.006763426385271871	0.0	-0.04542684723616039	0.0	0.009708902820676383
0.0	-0.014581051124652895	0.0	-0.0037530460591994608	0.14468199494317308
0.0	0.0	-0.12794681873970976	-0.23223536409644693	0.2766557788716053
-0.08912940913297016	0.0	0.16295417042856697	0.0	0.0
0.0	0.054025160472326625	0.0	0.026303438691237337	0.0
-0.005699996858326547	0.0	-0.019750852833024385	0.0	0.005756655560575727
0.0	-0.013926980198020389	0.0	0.019601709100420944	0.09064828171253773
0.0	0.0	-0.14861467335322603	-0.2697494405583786	0.1773448477479848
-0.08882126834666285	0.0	0.15070189657058286	0.0	0.0
0.0	0.052907621491307295	0.0	0.03367574424068802	0.0
-0.005861570551546938	0.0	0.016741153718908136	0.0	0.003899975494633903
0.0	-0.013801489989421586	0.0	0.04282788043917629	0.05829687636537873
0.0	0.0	-0.16933138780207582	-0.307352202161216	-0.0446290975617574
-0.0878697044154873	0.0	0.14056495780745668	0.0	0.0
0.0	0.05095158112730577	0.0	0.03870692900578865	0.0
-0.006360523320954169	0.0	0.0333747957052499	0.0	0.0035340538619346488
0.0	-0.013581843142667003	0.0	0.05131758941840689	0.04662203022394513
0.0	0.0	-0.17712979285895147	-0.3215070319224737	-0.16537941036931242
-0.08725389956837808	0.0	0.1425686832980943	0.0	0.0
0.0	0.05847674510911188	0.0	0.03188952885893157	0.0
-0.006683420736264945	0.0	0.04021076087699768	0.0	0.003239832873476857
0.0	-0.014426855633377339	0.0	0.058392421276055484	0.04747407353988787
0.0	0.0	-0.18256372338286514	-0.33137012071300587	-0.28047607369982536
-0.08447121461872452	0.0	0.11211139895637416	0.0	0.0
0.0	0.06576164675977399	0.0	0.029628159018291127	0.0
-0.008142522239095363	0.0	0.07002305869152634	0.0	0.003044087494773009
0.0	-0.015244888689306624	0.0	0.06971996497858995	0.04249198548092959
0.0	0.0	-0.19210095848807374	-0.34868108857409363	-0.5177642194361756
-0.08267688387315242	0.0	0.10477543753561949	0.0	0.0
0.0	0.07204186667183698	0.0	0.023227113388852944	0.0
-0.009083379984333477	0.0	0.07442490136970561	0.0	0.003376637999519804
0.0	-0.0159501044537646	0.0	0.07088293212874461	0.04847340918102356
0.0	0.0	-0.19248351519654144	-0.34937546454493557	-0.5386604976694228
-0.08164992018458274	0.0	0.12260394552365814	0.0	0.0
0.0	0.07694329060473795	0.0	0.0186246626032219	0.0
-0.009621868634128644	0.0	0.05989964912775417	0.0	0.003988059227704233
0.0	-0.016500493050688413	0.0	0.06725825262727467	0.06059407077147831
0.0	0.0	-0.18891661902678802	-0.34290121658131817	-0.4573525018527613
-0.08133959274665334	0.0	0.11840696956576316	0.0	0.0
0.0	0.07230138467320901	0.0	0.023677361594896883	0.0
-0.009784588898637443	0.0	0.06398364381858884	0.0	0.003909416959819408
0.0	-0.015979246138019418	0.0	0.06819752461043377	0.052186542738733736
0.0	0.0	-0.19021423111239708	-0.3452565030833642	-0.479561413346606
-0.08232921463866348	0.0	0.114497547311894	0.0	0.0
0.0	0.07865418006444462	0.0	0.020174286847796947	0.0
-0.009265680428583856	0.0	0.05266305208866412	0.0	0.0047547812126046175
0.0	-0.016692611517099536	0.0	0.05789449181855727	0.07845974550009155
0.0	0.0	-0.1810018731463017	-0.3285352174154857	-0.2955622431726662
-0.07698280151661023	0.0	0.1003938673007197	0.0	0.0
0.0	0.08808549031165899	0.0	0.015261632012926891	0.0
-0.012069073396987044	0.0	0.06479872567602529	0.0	0.005783820534433521
0.0	-0.017751668167815572	0.0	0.06223846609647343	0.0926147387303155
0.0	0.0	-0.1842680426926537	-0.3344636186158382	-0.391983818628897
-0.0776137859611449	0.0	0.08121545413725112	0.0	0.0
0.0	0.09335679491500154	0.0	0.012287683650133621	0.0
-0.011738216556223313	0.0	0.055352127410169705	0.0	0.007833518488359411
0.0	-0.01834359124655947	0.0	0.04697017248474927	0.15131389923479524
0.0	0.0	-0.1708304873989595	-0.3100732072172883	-0.21759218084659265
-0.07824375336088547	0.0	0.08232096087543796	0.0	0.0
0.0	0.09594381110571694	0.0	0.011302017454773241	0.0
-0.011407893003134752	0.0	0.019438412861379067	0.0	0.01240968048077578
0.0	-0.018634091360591496	0.0	0.01881362102490644	0.26861446961366203
0.0	0.0	-0.14648510872626208	-0.2658840828935194	-0.08304647030037315
-0.07924129138885297	0.0	0.08091578715779024	0.0	0.0
0.0	0.09550248952839112	0.0	0.015989355958637427	0.0
-0.01088483370534429	0.0	-0.003025840686943365	0.0	0.015414091261143978
0.0	-0.01858453466705473	0.0	-0.0002735729548270227	0.3457978764267834
0.0	0.0	-0.1304994336650041	-0.2368685973601808	-0.06144345855092215
-0.07564316988316162	0.0	0.08309002915783471	0.0	0.0
0.0	0.0960279174177115	0.0	0.019954176026309844	0.0
-0.012771509556656282	0.0	-0.03396228528800155	0.0	0.024655534576419478
0.0	-0.018643535790554062	0.0	-0.02455589307237019	0.47385975424412646
0.0	0.0	-0.10996953887014713	-0.1996049307875501	-0.12825305847288648
-0.07426959877839781	0.0	0.07301359666260346	0.0	0.0
0.0	0.09279736959435839	0.0	0.020306877055915384	0.0
-0.013491741886031128	0.0	-0.08446201688149249	0.0	0.04147650542308091
0.0	-0.01828077249806362	0.0	-0.06922214748468623	0.6772905616459088
0.0	0.0	-0.07153448396646617	-0.12984173497271748	-0.2787904527262185
-0.07661589097669258	0.0	0.07392886079778466	0.0	0.0
0.0	0.08940758226555859	0.0	0.022982648786076768	0.0
-0.012261463024229905	0.0	-0.11528762686741405	0.0	0.04623401435404124
0.0	-0.017900127951232102	0.0	-0.09379916691615156	0.7561610821888389
0.0	0.0	-0.05062611060402612	-0.09189109463386778	-0.3357773673955416
-0.07908419839912369	0.0	0.06851287785748547	0.0	0.0
0.0	0.08486814969926984	0.0	0.03189903118565675	0.0
-0.010967205451174397	0.0	-0.146764183137988	0.0	0.05087901619544962
0.0	-0.01739038793380186	0.0	-0.12225354406108158	0.8254073367559261
0.0	0.0	-0.026981874178321236	-0.048974608634502786	-0.38368733839828495
-0.08220098161251117	0.0	0.07590526836603673	0.0	0.0
0.0	0.07822270912271032	0.0	0.04259667448444749	0.0
-0.009332919445776456	0.0	-0.1675001774729606	0.0	0.047261062005188974
0.0	-0.016644160966915438	0.0	-0.13694263335757867	0.7655941481955777
0.0	0.0	-0.015365370233907672	-0.027889574636534267	-0.2610027142015536
-0.08721155542677468	0.0	0.07563351194609975	0.0	0.0
0.0	0.07151698149640218	0.0	0.0583310663264089	0.0
-0.006705623896797819	0.0	-0.17217274461178653	0.0	0.03432110548034988
0.0	-0.01589116427246045	0.0	-0.142561523091871	0.6691378212101812
0.0	0.0	-0.012047761542033025	-0.021867806607628024	-0.09414050843655641
-0.08945378908759798	0.0	0.07217696425431651	0.0	0.0
0.0	0.06171865961728212	0.0	0.09923309386710714	0.0
-0.005529908153407062	0.0	-0.17269095723359726	0.0	0.028465953592063473
0.0	-0.014790895308770754	0.0	-0.14901899941815697	0.5442239458979715
0.0	0.0	-0.010441926025541327	-0.018953065940178267	0.108563788512967
-0.09178465001522758	0.0	0.07911396150146953	0.0	0.0
0.0	0.05695693166912132	0.0	0.10504123975515532	0.0
-0.004307720681980772	0.0	-0.17542128818491703	0.0	0.021897985033411508
0.0	-0.014256193393531607	0.0	-0.1489455371090484	0.48922733288449827
0.0	0.0	-0.011066913457262049	-0.02008747619899557	0.1977465544041881
-0.09221607008675345	0.0	0.05526109883763543	0.0	0.0
0.0	0.05239768640326768	0.0	0.13092855898947953	0.0
-0.004081505466782609	0.0	-0.16150861175200457	0.0	0.020557430957316117
0.0	-0.013744228576927886	0.0	-0.15072812701031046	0.44150130312488545
0.0	0.0	-0.01203525834486491	-0.021845112143042595	0.2712251488781569
-0.09399493449414958	0.0	0.046858123700666256	0.0	0.0
0.0	0.03628529336746991	0.0	0.17741893446752766	0.0
-0.003148757499576912	0.0	-0.15058455321748734	0.0	0.015199855221447268
0.0	-0.011934942639318909	0.0	-0.15073423909285094	0.30796836926103766
0.0	0.0	-0.016526171707729503	-0.02999653716652984	0.47392561143380596
-0.09444369251635473	0.0	0.04563972415127522	0.0	0.0
0.0	0.030873604801556997	0.0	0.1977769183481202	0.0
-0.002913451125893376	0.0	-0.14065242618201695	0.0	0.013310107486025603
0.0	-0.011327255624778508	0.0	-0.14558566194125885	0.2623365662268253
0.0	0.0	-0.022929285997600888	-0.0416187845432669	0.5320352966837643
-0.09523312279665619	0.0	0.04915323994299607	0.0	0.0
0.0	0.020377589057250428	0.0	0.2538938112332035	0.0
-0.0024995131741640175	0.0	-0.1243716400255068	0.0	0.010214294748561878
0.0	-0.010148641520411481	0.0	-0.13738863685588443	0.19112755753091698
0.0	0.0	-0.035416216010556036	-0.06428372273063171	0.6147572300777693
-0.0953516772222677	0.0	0.04517011105861762	0.0	0.0
0.0	0.012347233264083005	0.0	0.2958801451469763	0.0
-0.002437349133423984	0.0	-0.08758250112044894	0.0	0.007935660785258484
0.0	-0.00924690024720059	0.0	-0.1143428808044902	0.12956115240126118
0.0	0.0	-0.05932513846109758	-0.10768063845818115	0.6429750851854839
-0.09573398690394347	0.0	0.05129743905853144	0.0	0.0
0.0	0.00934242427996905	0.0	0.3485362596251848	0.0
-0.0022368849626060905	0.0	-0.04850337596906135	0.0	0.005300304455429269
0.0	-0.008909485523758838	0.0	-0.08642212584350514	0.08874947990235407
0.0	0.0	-0.08846458820307625	-0.16057144721025723	0.5972857504019803
-0.09595298600708356	0.0	0.05094492737191378	0.0	0.0
0.0	0.00023171591798684665	0.0	0.42089611544296907	0.0
-0.0021220527317601192	0.0	0.019297971354657856	0.0	0.0026470333064708253
0.0	-0.00788642976262095	0.0	-0.04045432158938969	0.03854492576070015
0.0	0.0	-0.1350527904025233	-0.24513336291054608	0.3903701652654158
-0.09602710626037038	0.0	0.04623491607201187	0.0	0.0
0.0	0.00011810603507050876	0.0	0.4128131889722737	0.0
-0.0020831877596494894	0.0	0.060185031920669124	0.0	0.001602405939904004
0.0	-0.007873672330309237	0.0	-0.008812785038902954	0.023715670687727487
0.0	0.0	-0.16152259829984447	-0.2931785236667746	0.1279830114402092
-0.09610242696791227	0.0	0.04204109399896153	0.0	0.0
0.0	-0.009465517795644356	0.0	0.5380304831425518	0.0
-0.0020436933290700118	0.0	0.09517540475030255	0.0	0.0009239315105988744
0.0	-0.0067975121479128325	0.0	0.0033594411939061597	0.011226581439890417
0.0	0.0	-0.18411604016027358	-0.33418771989636564	-0.2578360958384859
-0.09599016585560385	0.0	0.040589801988096925	0.0	0.0
0.0	-0.01790582032616835	0.0	0.5026418941119315	0.0
-0.002102557469510716	0.0	0.10807410729804326	0.0	0.0007487727720231893
0.0	-0.005849737311256707	0.0	0.017043455270386615	0.007182266678052789
0.0	0.0	-0.1924790042362679	-0.34936727673290663	-0.4721667539441626
-0.09518990929251042	0.0	0.03498674746315947	0.0	0.0
0.0	-0.02036752815153306	0.0	0.5093039449579131	0.0
-0.0025221721851488963	0.0	0.12478378748077017	0.0	0.000659833547225162
0.0	-0.005573308270515286	0.0	0.027312736898097573	0.00493363516144778
0.0	0.0	-0.20196780465835068	-0.36659033114384837	-0.7983581268726657
-0.09540707417574017	0.0	0.027117499452503895	0.0	0.0
0.0	-0.017420033498741043	0.0	0.5401655600620818	0.0
-0.002408301727941026	0.0	0.13637803342786028	0.0	0.0005199864039962182
0.0	-0.005904287077612776	0.0	0.02982164076610266	0.004401186003035542
0.0	0.0	-0.2071133066681693	-0.37592989538217625	-1.027301568016384
-0.09427358951042131	0.0	0.023557133042242794	0.0	0.0
0.0	-0.02058007681744457	0.0	0.528781434287765	0.0
-0.00300264467675666	0.0	0.13655590690372657	0.0	0.0006805276418066581
0.0	-0.005549440846760363	0.0	0.029748777755693623	0.004237595293784884
0.0	0.0	-0.20594957119055937	-0.3738176073626945	-0.9712188226631147
-0.09311631199609875	0.0	0.02018968337282067	0.0	0.0
0.0	-0.018613156839397536	0.0	0.4387169478208161	0.0
-0.0036094634115006437	0.0	0.13452043460381555	0.0	0.000905166140387232
0.0	-0.005770309382475453	0.0	0.036821304238112196	0.004920497045699476
0.0	0.0	-0.2033305235335263	-0.3690637925183068	-0.8552017172592875
-0.09392675685680102	0.0	0.01899676695468131	0.0	0.0
0.0	-0.015731126711550254	0.0	0.3444773107451796	0.0
-0.0031845064596333133	0.0	0.14302037382363594	0.0	0.0006472570047156371
0.0	-0.006093937075177234	0.0	0.05370316777446779	0.004304418345309822
0.0	0.0	-0.20875605790692683	-0.3789116415155355	-1.1106665784000789
-0.0924947488039852	0.0	0.017122942452808772	0.0	0.0
0.0	-0.01336227749825959	0.0	0.2793920996439977	0.0
-0.0039353802163584395	0.0	0.14197098739015537	0.0	0.0008495205038977575
0.0	-0.006359938876424299	0.0	0.05938614702381029	0.004826241968876737
0.0	0.0	-0.20735604750452027	-0.37637049255423827	-1.040182632734486
-0.0922250566623421	0.0	0.01602199588970652	0.0	0.0
0.0	-0.01511379104418513	0.0	0.2683969557863834	0.0
-0.004076793353775226	0.0	0.13677924165858876	0.0	0.0010233944786693949
0.0	-0.0061632586675233626	0.0	0.05600558715338075	0.00536985352167174
0.0	0.0	-0.20338115113356622	-0.36915568631640516	-0.8581461009047652
-0.09242897405038589	0.0	0.015459185666284838	0.0	0.0
0.0	-0.02151893450146628	0.0	0.2811024589944751	0.0
-0.003969869223760088	0.0	0.14388769010816913	0.0	0.0008331403441846277
0.0	-0.005444015041832281	0.0	0.06002953725114049	0.0038035251928099424
0.0	0.0	-0.2080755847155254	-0.3776765194474795	-1.0747920784550826
-0.09177488954828682	0.0	0.012715598285442806	0.0	0.0
0.0	-0.018218786656330803	0.0	0.27272299869089417	0.0
-0.004312838585099264	0.0	0.1437300949243764	0.0	0.0009471120879874244
0.0	-0.005814593830158031	0.0	0.05969352332467525	0.004334593357701247
0.0	0.0	-0.20697579565065954	-0.37568030010866177	-1.0207500116770905
-0.0909742596186782	0.0	0.011658643097251899	0.0	0.0
0.0	-0.017012203257849662	0.0	0.2836860558164715	0.0
-0.004732649075556833	0.0	0.1407254204388708	0.0	0.0011437654085284543
0.0	-0.005950082976343464	0.0	0.055615353061461176	0.004908049653913587
0.0	0.0	-0.20452369845564913	-0.37122951586492364	-0.9073439501375363
-0.0913202886043614	0.0	0.01006445436300065	0.0	0.0
0.0	-0.011543078117222596	0.0	0.30315336104891644	0.0
-0.004551208696150567	0.0	0.13876767414608412	0.0	0.0011786361838413235
0.0	-0.006564219634130768	0.0	0.051194411138282485	0.006028394515964577
0.0	0.0	-0.20259884934254527	-0.36773573587871083	-0.8263368242200904
-0.09089759684058284	0.0	0.009833682209529314	0.0	0.0
0.0	-0.018493438388310277	0.0	0.3287273409200773	0.0
-0.0047728472211442455	0.0	0.13905985363914505	0.0	0.0012324862782917994
0.0	-0.00578375275550783	0.0	0.04845960799270979	0.005046534418072542
0.0	0.0	-0.20271678935467838	-0.3679498079590413	-0.829746640600267
-0.0902454096971842	0.0	0.008763453852765368	0.0	0.0
0.0	-0.016541936122371814	0.0	0.31001628302696416	0.0
-0.005114821702006015	0.0	0.1381639781286351	0.0	0.0013717459101774854
0.0	-0.006002890012098448	0.0	0.04939506209209471	0.005499223162581172
0.0	0.0	-0.20171287267447166	-0.3661276059062915	-0.7894292981826977
-0.08855394457581242	0.0	0.007485904747487397	0.0	0.0
0.0	-0.013281732112826563	0.0	0.2927758549455017	0.0
-0.00600174183318582	0.0	0.15324735735178643	0.0	0.0011008532637002866
0.0	-0.006368983444346612	0.0	0.06286181369919278	0.004057127634905381
0.0	0.0	-0.2116438627671579	-0.3841532756551041	-1.2714701395814507
-0.08670024634743141	0.0	0.006419914043549122	0.0	0.0
0.0	-0.008515506549323204	0.0	0.262086759573327	0.0
-0.006973728931891171	0.0	0.14357232042886967	0.0	0.001704497496000884
0.0	-0.0069041904038814154	0.0	0.05812074893428599	0.006021567754378945
0.0	0.0	-0.20459257923750224	-0.3713545408839939	-0.9125432070149461
-0.08506938305230081	0.0	0.004987652795473093	0.0	0.0
0.0	-0.016937774656806508	0.0	0.31787490084951614	0.0
-0.00782887248133692	0.0	0.1478767711549753	0.0	0.001752583215009797
0.0	-0.0059584406809329755	0.0	0.054698966234062944	0.004468430727250483
0.0	0.0	-0.2070409248076651	-0.3757985155800542	-1.024702791736023
-0.08252276549358506	0.0	0.003928330954200655	0.0	0.0
0.0	-0.020583524929027677	0.0	0.3545386942073301	0.0
-0.009164191992630896	0.0	0.14868469505326568	0.0	0.0020547830816966227
0.0	-0.005549053652891349	0.0	0.05078390584880929	0.0040351489881960585
0.0	0.0	-0.20721487702693675	-0.37611425502067386	-1.0327897961149382
-0.08152000926519097	0.0	0.003484567142145872	0.0	0.0
0.0	-0.02271381764932869	0.0	0.36856407929237095	0.0
-0.009689987455032958	0.0	0.15424710895600016	0.0	0.001878204915978527
0.0	-0.005309839735177941	0.0	0.05347275430955872	0.003281297248613741
0.0	0.0	-0.2108870921744213	-0.3827796667145082	-1.2267419358407583
-0.07620003033758058	0.0	0.0031234679847629934	0.0	0.0
0.0	-0.025222250852561863	0.0	0.3543629168452198	0.0
-0.012479519647410295	0.0	0.14926031007682428	0.0	0.002846061262098442
0.0	-0.005028163828318058	0.0	0.050926512115210404	0.003534506238159864
0.0	0.0	-0.20732069802199657	-0.3763063299589867	-1.0377858530438888
-0.07292725045081706	0.0	0.0031287124352151674	0.0	0.0
0.0	-0.02935717184735954	0.0	0.35471388337117443	0.0
-0.014195602544902632	0.0	0.15420438285688934	0.0	0.0028511166327756516
0.0	-0.004563847051015639	0.0	0.05484455969950891	0.002722926691591599
0.0	0.0	-0.210729090207783	-0.3824928784644241	-1.2175188081682222
-0.0672296548282845	0.0	0.002650190767202822	0.0	0.0
0.0	-0.025868979618750315	0.0	0.3532645493516052	0.0
-0.017183138139398254	0.0	0.1419691939478808	0.0	0.00490528821981726
0.0	-0.004955541638708342	0.0	0.0450184262086096	0.00421113114214772
0.0	0.0	-0.20212608692549655	-0.36687762816539765	-0.8065980446985885
-0.0647037171024025	0.0	0.0025920769127916908	0.0	0.0
0.0	-0.024374403979458132	0.0	0.4314842778531577	0.0
-0.01850761417551917	0.0	0.14524122098901265	0.0	0.004915390754067632
0.0	-0.005123369886247762	0.0	0.038828253980740246	0.004053010968375114
0.0	0.0	-0.20435953887585978	-0.3709315509748403	-0.9013157948505248
-0.06370515438485722	0.0	0.002636889339738817	0.0	0.0
0.0	-0.02153384925684712	0.0	0.38976364601030433	0.0
-0.019031210769528906	0.0	0.14753189518034598	0.0	0.004777219932327416
0.0	-0.005442340240509257	0.0	0.04536446658038853	0.004129462506392738
0.0	0.0	-0.20595401776764583	-0.37382567831325697	-0.974081438034575
-0.046058076899760984	0.0	0.002218062752162571	0.0	0.0
0.0	-0.02297318191751923	0.0	0.37412307258409966	0.0
-0.02828445996767274	0.0	0.1504792151994974	0.0	0.007037787789766827
0.0	-0.00528071531386369	0.0	0.04930293771264529	0.0036903109736847466
0.0	0.0	-0.20783342599830187	-0.37723697887572105	-1.0665854096056193
-0.04077914094439166	0.0	0.0018401754698684205	0.0	0.0
0.0	-0.018815281190938477	0.0	0.373953190251909	0.0
-0.03105247126797601	0.0	0.1479834856885128	0.0	0.008472528416766028
0.0	-0.005747612521364949	0.0	0.047166914230205	0.004435240022365769
0.0	0.0	-0.20597732919772183	-0.3738679907248091	-0.9782018585982564
-0.032800014118173015	0.0	0.0016509865816040428	0.0	0.0
0.0	-0.019973716055060462	0.0	0.31114529682278463	0.0
-0.03523632828163456	0.0	0.152021716679999	0.0	0.008916789617114805
0.0	-0.005617530049777071	0.0	0.057370935100649695	0.0038679332586333635
0.0	0.0	-0.2086913456528118	-0.37879418276162563	-1.1122911489202916
-0.027420035995577293	0.0	0.0018084673250839689	0.0	0.0
0.0	-0.024164386049755807	0.0	0.3170928142937004	0.0
-0.038057321065906265	0.0	0.1472273399941559	0.0	0.01116797383186053
0.0	-0.005146953129656233	0.0	0.052933637719217136	0.003914916739345597
0.0	0.0	-0.20544488448532727	-0.37290155410010695	-0.9544460169155243
-0.0211722430601423	0.0	0.0015422398189713204	0.0	0.0
0.0	-0.025465259457738375	0.0	0.34640406006044294	0.0
-0.04133335274983851	0.0	0.1482545316027579	0.0	0.01215767794405949
0.0	-0.005000876010109614	0.0	0.050352307986908464	0.003685910296230016
0.0	0.0	-0.2060564431693197	-0.37401158993407535	-0.9832975042585794
-0.011578407337799704	0.0	0.001320053481177893	0.0	0.0
0.0	-0.02588405524324791	0.0	0.28253145972067106	0.0
-0.04636388275005324	0.0	0.14892740909243776	0.0	0.013994959608502567
0.0	-0.004953848773139362	0.0	0.05796976189199965	0.0035884571100227147
0.0	0.0	-0.20643978840186114	-0.3747073971493763	-1.002635628672941
-0.0012163137021040796	0.0	0.0012078194468844565	0.0	0.0
0.0	-0.022061135523308503	0.0	0.29285967773803795	0.0
-0.05179724896644626	0.0	0.1458885696731009	0.0	0.01774023685928729
0.0	-0.005383130436919974	0.0	0.05433183856898472	0.004330691342636272
0.0	0.0	-0.20430546080720596	-0.3708333942556099	-0.9081944172452332
0.0012725177353909015	0.0	0.0012384804093001217	0.0	0.0
0.0	-0.02365803752765706	0.0	0.24909941682044096	0.0
-0.053102268311590824	0.0	0.13909638747473632	0.0	0.021707721444361165
0.0	-0.00520381180102348	0.0	0.05382486295234959	0.004890224969285992
0.0	0.0	-0.19963668145425176	-0.36235912593382325	-0.7219062151215996
0.015509813546211726	0.0	0.001066066955118688	0.0	0.0
0.0	-0.02664024672508466	0.0	0.20021506312465645	0.0
-0.06056759769298419	0.0	0.1330448767213063	0.0	0.030436611429871217
0.0	-0.004868934843148504	0.0	0.054400631228996334	0.005160305489671273
0.0	0.0	-0.1954048625654832	-0.35467798145439144	-0.5805470982010776
0.04023734466538356	0.0	0.0008458580300655164	0.0	0.0
0.0	-0.027660955437116885	0.0	0.22500095996359776	0.0
-0.07353348440673577	0.0	0.13736147065982482	0.0	0.03825970973817539
0.0	-0.0047543178576410225	0.0	0.054978285787125686	0.004557107631816468
0.0	0.0	-0.19829946591606015	-0.3599319554856144	-0.6838377127073232
0.04815037703459504	0.0	0.0007407549795198535	0.0	0.0
0.0	-0.02487758208662511	0.0	0.20786894239907336	0.0
-0.07768268477643613	0.0	0.1367398826011937	0.0	0.04293846594708429
0.0	-0.005066867225756099	0.0	0.05636070787142214	0.005019325457519417
0.0	0.0	-0.1978332161091465	-0.3590856687648108	-0.6712241355273841
0.058919815535407455	0.0	0.0008036981259828148	0.0	0.0
0.0	-0.023920249412424967	0.0	0.1866384723502071	0.0
-0.08332964236792757	0.0	0.13443956170420643	0.0	0.05170777557528402
0.0	-0.005174367616368197	0.0	0.056930857406078755	0.0054266543957494865
0.0	0.0	-0.19627102057778956	-0.35625013872515754	-0.6242305378844505
0.07583591142939408	0.0	0.0006282462007816156	0.0	0.0
0.0	-0.018729021121437133	0.0	0.1791566535261839	0.0
-0.09219960119816174	0.0	0.13448707546503522	0.0	0.06398806229801084
0.0	-0.00575729880014298	0.0	0.05773541500321591	0.006250755885616488
0.0	0.0	-0.1962403704774665	-0.3561945059452398	-0.6329539671735631
0.09204639023782024	0.0	0.0005230329289507193	0.0	0.0
0.0	-0.019421059511317992	0.0	0.21642055855634618	0.0
-0.10069956954489104	0.0	0.12952930753239625	0.0	0.08773831473110302
0.0	-0.0056795887216763525	0.0	0.04954064331120452	0.006839770761657696
0.0	0.0	-0.19278642544575608	-0.34992527479194163	-0.5407560843138101
0.09114574073716263	0.0	0.0005691630129850509	0.0	0.0
0.0	-0.01735537674820658	0.0	0.2146465339376588	0.0
-0.10022731376900934	0.0	0.12141351792087704	0.0	0.10208459189271522
0.0	-0.005911547485750387	0.0	0.04326657029089501	0.008495922103856478
0.0	0.0	-0.1872112608937984	-0.33980583311785445	-0.39893009045162675
0.09554525055609212	0.0	0.0005637251591482017	0.0	0.0
0.0	-0.02319155578716964	0.0	0.23530268022537065	0.0
-0.10253419776941203	0.0	0.1167561404137457	0.0	0.1181031384756098
0.0	-0.005256193768825536	0.0	0.03721887608162827	0.007942796023172606
0.0	0.0	-0.18400033369445276	-0.3339777019101203	-0.3307335629073309
0.11366686667874762	0.0	0.00038480936462808945	0.0	0.0
0.0	-0.01867158777810783	0.0	0.19850704089078344	0.0
-0.11203627141291754	0.0	0.11505568747761277	0.0	0.15610356936853004
0.0	-0.005763748080532597	0.0	0.03991530227389381	0.009269983755294708
0.0	0.0	-0.18276407203721545	-0.33173377213589844	-0.33059218925724565
0.10776053666544085	0.0	0.0004291425281094712	0.0	0.0
0.0	-0.015822444077653534	0.0	0.20920405923177668	0.0
-0.10893928589190079	0.0	0.11859660442996692	0.0	0.1346120348131897
0.0	-0.00608368290461529	0.0	0.04156544771761028	0.009334659939542932
0.0	0.0	-0.18521980296333887	-0.3361911519392321	-0.37323738576582194
0.11788555326512307	0.0	0.0003683743023165481	0.0	0.0
0.0	-0.007260037746560074	0.0	0.17955910033737457	0.0
-0.11424834070912632	0.0	0.11295260510699281	0.0	0.17220287536119888
0.0	-0.007045168968946169	0.0	0.04035363621934193	0.012728890956008217
0.0	0.0	-0.18130909729059233	-0.3290928577828769	-0.31483622492358015
0.11653682825999218	0.0	0.0004575793988803822	0.0	0.0
0.0	0.0070451006985234035	0.0	0.16608867554235887	0.0
-0.1135411364378931	0.0	0.08790382832043629	0.0	0.25285378367256567
0.0	-0.00865151544812747	0.0	0.02186464973216734	0.026057608105210805
0.0	0.0	-0.16408255946808342	-0.29782509104402377	-0.08500355110955304
0.12051415727402354	0.0	0.00044285959932336907	0.0	0.0
0.0	0.005410587972882033	0.0	0.17667090717685416	0.0
-0.11562664983471033	0.0	0.06986266635751079	0.0	0.34308442762033653
0.0	-0.008467973445224769	0.0	0.006237250075379646	0.03225704765753463
0.0	0.0	-0.15164676660183382	-0.27525297152929956	0.002768051310468735
0.11817489458296976	0.0	0.0004581906784354279	0.0	0.0
0.0	0.0011542703366132223	0.0	0.18621348479182895	0.0
-0.1144000568966716	0.0	0.06634528463660924	0.0	0.3468437171891913
0.0	-0.00799002484825418	0.0	0.0023582247442677784	0.03080349108009569
0.0	0.0	-0.14922880713459677	-0.27086415043335177	0.029264468848355128
