1.0574500275691046	4.579384689229471e-6	0.031972003619433365	-0.00017734141661165936	0.0033988307318500444
3.479027308773974e-8	1.0886834127010083	-1.6882316459502665e-6	0.00018828171809790633	3.72392441446806e-5
-0.08380889048161923	0.0005825075579171425	0.9944039133723445	-0.016733142377905408	0.21091943336671407
0.0007458375839500819	-0.10422971102919446	-0.026846727811569982	0.9601558756198709	0.3873153003077936
0.005475173839047366	0.00789620697866908	-0.12961782644164538	-0.1483538900876661	0.8918138497568233
1.0717964506992983	4.309641083432084e-6	0.024736654645095866	-0.00017759863178157438	0.0040606471133192296
5.028425024211972e-8	1.0787037256806677	-2.239332951503516e-6	0.0002880328381902937	5.885122769324616e-5
-0.09029373508646901	0.0007005585647255966	0.9665257056776437	-0.021386189950818923	0.32155403670356536
0.0006953503202529673	-0.09665296266160107	-0.022939334307069792	0.9428708020731662	0.39513893697716346
0.005012262146130819	0.0062259148754080645	-0.10873662300252876	-0.12457311134664749	0.9051473475010348
1.0853833967701176	4.3567164907934094e-6	0.02234412588070757	-0.00018952405535468692	0.005412151536466153
5.8551817852485065e-8	1.0699619275914767	-2.4077363210739703e-6	0.00037155111534912914	7.901322740841714e-5
-0.09610698747489721	0.0007705830208157849	0.9359385220497749	-0.02472981470363244	0.4613368427591864
0.0006167063038780354	-0.08996043210086861	-0.01870868722681903	0.9249166593588367	0.4007921208554937
0.004202911328769272	0.004565611962061095	-0.08329267764460496	-0.09565009541761707	0.8521242805078222
1.076242525009036	4.028535020862353e-6	0.025867981394506814	-0.0001812914777151722	0.007113887445049455
5.47358974301612e-8	1.0644875786746322	-2.3506883366689166e-6	0.0004447007244721594	0.0001063325959947529
-0.08992318507152652	0.0006014217003769418	0.907620449933953	-0.019917150153078787	0.509283762550887
0.0004730855498871582	-0.08540927422760489	-0.014951348008321173	0.9049445674793338	0.44095100732682085
0.0028472964607869494	0.003132326437045356	-0.058637627097414574	-0.06763223565697307	0.8272331861467275
1.0576224331376223	4.194183829978049e-6	0.03778733812219856	-0.0002049329985070042	0.009723274445154306
5.831470840657023e-8	1.0542471713939305	-2.7995234898145374e-6	0.0006821282576268687	0.00015369613465519155
-0.0797142052259194	0.0004247592935176722	0.8922471693116082	-0.015355892477145243	0.48119060172924505
0.0003277278842761973	-0.07845793869430803	-0.011640915628739066	0.8981746794157641	0.42273802334019844
0.0022229592095347195	0.0025272677076183664	-0.05214908169112578	-0.060435032794009254	0.9596801641735666
1.0387153216532325	4.023193710372963e-6	0.05204669269360338	-0.00019898404605037112	0.012108506779266892
5.1526528354814416e-8	1.0526501280232792	-2.7970795920709106e-6	0.0008058384758454508	0.00019794885383488982
-0.0694091712903474	0.0002912517928792685	0.8745802362495951	-0.010672870974799919	0.43094734008601354
0.0002435429815828144	-0.07700969829619358	-0.009795235880722456	0.8887530277228745	0.46091607356028597
0.0015445594583871486	0.001971546817992692	-0.041220620483053846	-0.048037293921142254	1.0049006698932101
1.0310493630844724	3.769353406388176e-6	0.04927611500100976	-0.0001878356499722747	0.01012468719136106
5.780809957979527e-8	1.0521602187939214	-3.336539253308941e-6	0.0008831266828497504	0.00020905947365724986
-0.0656793950904539	0.0002899793608207371	0.8827746287990492	-0.01074069086858346	0.3865988151611173
0.0002508280478509192	-0.07689520311567033	-0.010760627784099905	0.8930561992800884	0.45062253525606427
0.0016915064603127278	0.0022774039245405386	-0.0484573746561458	-0.0563776380420324	1.0698216910839378
1.0200082213921113	4.122511703008591e-6	0.06560346020356109	-0.0002234288943163132	0.012419975281658058
5.242726983274715e-8	1.0427863875845182	-3.3076195586094134e-6	0.0010305029571064193	0.00021439519860009387
-0.05991516131214577	0.00023753641225257582	0.873978915453685	-0.009617692967547775	0.3609346368821589
0.00019544583296973728	-0.0708828182257909	-0.00921187426081109	0.8937226638950537	0.40399474118170997
0.0015785998179248528	0.002142747646626253	-0.05023077644359461	-0.05870024983894759	1.2090240746893062
1.0090647279371563	3.693753297451252e-6	0.06419264069422763	-0.00020342312489929348	0.010254229233105538
5.4688752249010264e-8	1.0413594799551968	-3.815867669160916e-6	0.0011327238365730283	0.00022429193821426122
-0.05441479729106924	0.0002184715806046178	0.8813124225107819	-0.009019109056773056	0.30897177667979436
0.00018649174663921964	-0.070137972282037	-0.009754188841972876	0.8979203232445041	0.39002978270210265
0.0016231021460349493	0.0023978740369486884	-0.05769389586007441	-0.06734127055791439	1.2877628769031577
0.9896352509006969	3.2016348647800896e-6	0.06634699403609137	-0.00017553994678798368	0.007496289158624769
5.463971470415219e-8	1.0422843730539002	-4.67640918324231e-6	0.0012321835054683525	0.0002331189301601963
-0.04457558224498115	0.00018409909583771977	0.8930767130155538	-0.007597993959189031	0.22218898677733323
0.00017275194802188198	-0.07105354642017281	-0.011129359251032405	0.9056209936343285	0.3795733937517866
0.0016137503753568816	0.002940566089115637	-0.07119291587556646	-0.0830307188124142	1.3781512071383668
0.9931516086759802	3.4348707358411446e-6	0.06561965781716037	-0.00019178505716643812	0.007361268010565691
5.94084015037577e-8	1.0404426337168704	-4.8964319547002005e-6	0.0012741180644891131	0.00021911765444014575
-0.04662860358953558	0.0002011688359249142	0.9013057426315483	-0.008463419431561592	0.22270575720249464
0.00018253792683756154	-0.07011493757434514	-0.011336154687165347	0.912249804978003	0.3474905427808143
0.0018854902534305995	0.0032449765543918208	-0.0802758028715638	-0.09351392890338994	1.3991491572019839
0.992299979063201	3.3327747120948104e-6	0.061349740797454366	-0.00018397298823860653	0.006132491489531225
6.065254486153915e-8	1.0419008151474942	-5.060713357998847e-6	0.0012271191480859242	0.00019637812300909996
-0.04649430165904689	0.00021074421693445533	0.9161593296039163	-0.008774360560818373	0.2006628494555305
0.00019487430581721643	-0.07142400208830277	-0.01226391123360715	0.9214914785022417	0.3259011940681726
0.0021607744095245157	0.0038020910081303927	-0.09329372886423981	-0.10840714491549415	1.4057677455651008
0.9795906428617391	3.2078950411573715e-6	0.07131169847129978	-0.00018029360554569496	0.005011929952641346
6.520944313345711e-8	1.040208483732814	-6.344947502862769e-6	0.0015426973833209817	0.00020556286692000741
-0.040178369210917386	0.00017586086977902649	0.9318359252013106	-0.007478134935428482	0.14321988650955642
0.0001684452236747347	-0.07090368038262804	-0.012400527202998501	0.9369496701304973	0.27607866207618986
0.002266767326821309	0.0045735799595731375	-0.11496714639039277	-0.1336461388418213	1.4610407633407585
0.9831295737674441	2.8025406541422153e-6	0.06899784667960042	-0.0001701298656360227	0.0035781925833414125
6.052750267830707e-8	1.0322411458381495	-5.64620334593687e-6	0.0017252484712331707	0.00013783198434552603
-0.0429325811120605	0.0001626698786993258	0.9719134158927227	-0.007484687199043105	0.10831043061204104
0.00014220538686229856	-0.06677075797435031	-0.010054435264969852	0.9703230126179905	0.16834354490846282
0.0031371998343016835	0.005595355013479235	-0.1526150252365991	-0.17657916189923792	1.4365807261120696
0.9826848568424909	2.8060055481393675e-6	0.07402811161325806	-0.00015759611833118803	0.0028455070011711436
5.261751247383206e-8	1.0402725753386466	-4.917193136975279e-6	0.0014854248771277116	0.00010303542755026908
-0.043251686037439174	0.0001532081435588195	0.9954302673199014	-0.006506709025127021	0.08020079452808543
0.0001449551199340926	-0.07286130556417503	-0.010243374675402511	0.9902845568603293	0.14590721292135722
0.0035088942808873085	0.0067757194455280445	-0.16927114235782645	-0.19561373419033723	1.3103022778976219
0.986418187994536	2.8876713506834073e-6	0.0725231178936529	-0.00015156031604843245	0.0025835796452026577
5.2722508223339987e-8	1.0478515832207216	-4.700232722240627e-6	0.0013283314804039227	9.29255510366267e-5
-0.04555727125925116	0.00016171574243920017	1.0066987989636518	-0.006404577770335821	0.07412510950986739
0.0001630482498484534	-0.07826882342576424	-0.010968314797272793	0.997670623949191	0.14649145342548264
0.0037978244124206566	0.007481692826266404	-0.17345912013813264	-0.20016801212460156	1.231129453060102
0.9858339618536677	2.4046189832926945e-6	0.08334504267505521	-0.00012535613530363643	0.0017958932239720247
4.433504766261642e-8	1.047827884174663	-3.942170647700666e-6	0.0015391502253862387	6.547533644809221e-5
-0.04603707077433067	0.00011810340562240507	1.0372423294286486	-0.004624897722861595	0.044298078719833864
0.0001192181423347316	-0.07939202105527349	-0.007962894822316682	1.0284030974073661	0.08793647756473039
0.004176241607180154	0.00825813416706566	-0.1864928067237982	-0.21501928503896806	1.0216195349606907
0.9866682994570088	1.7847910213919516e-6	0.0746366883991686	-8.805874430561911e-5	0.0011509455753736797
3.258509295722689e-8	1.053755616845383	-2.8571128503386556e-6	0.001276935931693167	4.3191730522392294e-5
-0.046960807541180705	9.846434528537618e-5	1.0628901444729186	-0.00363192619516281	0.03130387710606113
0.00010589938242888675	-0.08411209596879998	-0.006941842548932459	1.0451763244743384	0.06867490242891461
0.004311944512500915	0.008863135502448466	-0.18639459343333808	-0.21394172232572523	0.8539640402019861
0.989593425285158	1.799741474885208e-6	0.08142308640791315	-8.645801331364292e-5	0.0010778446328178447
2.8602767699259166e-8	1.056550606952959	-2.40794984401535e-6	0.001189859592234542	3.47395282787738e-5
-0.04888224592855423	9.096055334356645e-5	1.06967772472181	-0.003255448984877951	0.02650390258007082
9.976893849802937e-5	-0.08639485534168084	-0.006257450211132665	1.054038427182198	0.058513548507722626
0.0044751679498135355	0.009075679655967561	-0.18329871094299843	-0.21053267660549133	0.7582118665101119
0.9837322524855753	9.820474802246792e-7	0.072272086936287	-4.545682386714045e-5	0.0005092598230729581
1.8750546386392397e-8	1.0595644843383367	-1.6744581504690714e-6	0.001189696632269241	2.1659379530169273e-5
-0.046019907029881346	5.584290420257432e-5	1.0996974179088346	-0.0019094617161219407	0.013624743230571362
6.515332895917769e-5	-0.08930840073185581	-0.004298068541538025	1.0744803013200912	0.03502747973313943
0.004065018197863757	0.00905498318145359	-0.17079543721624468	-0.19507178001629455	0.5307645155795009
0.9818632768551043	7.162745472300003e-7	0.06554227391975467	-3.583751383773315e-5	0.00039260433707592746
1.5925611433764697e-8	1.0492957690126343	-1.4531081364982379e-6	0.0013985587100576874	1.833730539748616e-5
-0.0450353520677583	4.490693283809577e-5	1.1088804407005652	-0.0016575251538000213	0.011500274843368966
4.688346624624534e-5	-0.08228978793421163	-0.003155803180914768	1.0795246075521203	0.024938700998227727
0.0039296004242214515	0.00825490763988418	-0.1675210788274493	-0.1908030391866882	0.4850705872727221
0.9877577728950917	9.10463851130916e-7	0.05667643476477884	-4.537876663167524e-5	0.000531352932965256
2.1475205266852093e-8	1.0510550875742033	-1.8465696382113927e-6	0.0012856734844095448	2.4880747691822212e-5
-0.048142102203930004	6.649876837083735e-5	1.098929037807169	-0.0024599062827373452	0.018579437368251822
6.914936426560825e-5	-0.08305993270266776	-0.0044129757218256405	1.0671207605953796	0.037946588060737946
0.004341974158066697	0.008619716123773269	-0.17873688429106094	-0.20348920780487284	0.6284945407177157
0.9888775048161386	1.094730516237874e-6	0.06615455670863624	-5.8870785580145135e-5	0.0007038356633149705
2.45961629674607e-8	1.0423976253365392	-2.0870318877264094e-6	0.0015782299300623054	2.8743173833006494e-5
-0.04869016719471886	6.836761810119496e-5	1.0886757864618464	-0.002734510719882899	0.02119517705291271
6.444204733047076e-5	-0.07689173070499089	-0.004066938700106437	1.0638208332163912	0.036003691566244084
0.004436154409364956	0.008063247109235117	-0.1815059774742369	-0.20730650011902912	0.6789374713336601
0.9924876755790217	8.890375644207693e-7	0.06547006501439263	-4.584933451285897e-5	0.0005113731631870822
1.7720230949258564e-8	1.0460908210524305	-1.4294790205288121e-6	0.001351642684782637	1.8345566431747333e-5
-0.051143475488083956	5.602424155271013e-5	1.104850207539121	-0.002134349689428272	0.015139275544660009
5.404235558892356e-5	-0.07993074618236157	-0.003220470640589612	1.0766754626393213	0.02603147249895231
0.004506034526734148	0.008110328452844984	-0.1707710350809878	-0.19460503986808758	0.5224430887820739
1.0046523514645658	1.083778292776394e-6	0.06175856171970953	-5.3540588631884045e-5	0.000602864529474981
2.158301162791254e-8	1.051492416292963	-1.5385123014327595e-6	0.0012627109579085027	1.9909673150327392e-5
-0.05816552059541147	7.276085997426351e-5	1.1046403716637176	-0.0026548294920770987	0.019030964994127975
7.063462182516078e-5	-0.08365017159994931	-0.0037187986962357034	1.0746995428720063	0.030353866186624775
0.005129621069768664	0.008506640646653046	-0.1719324756169765	-0.19576952398247824	0.5373754162186564
1.0017505066572063	1.3476643853094217e-6	0.059513379657814544	-6.561151426467439e-5	0.0007905475110222809
2.676255184130838e-8	1.0544732181661836	-1.9826985237780814e-6	0.0011598013964073811	2.7488349929338102e-5
-0.05607585005753252	9.407455337817616e-5	1.0902097054525606	-0.003402906641408965	0.026569686765964412
9.574941816309357e-5	-0.0852302848142058	-0.005270415623405911	1.0614159342426426	0.046927203022034174
0.005080517715370436	0.008895756673159116	-0.18121960390718406	-0.2066562678129104	0.682858321004072
1.0163083876285794	1.2948847016858167e-6	0.047404885415811046	-6.130823523842286e-5	0.0007336155648735194
2.7429287390023926e-8	1.0580177177596943	-1.7788763755494097e-6	0.0010019866798923888	2.4413411192455124e-5
-0.06451605591532522	0.00011428968911908477	1.0984470556989385	-0.004014025995849491	0.031023777874094244
0.00011373491352983933	-0.08775129013859351	-0.005471551092370741	1.062675687597994	0.04804950202499178
0.005798037229970521	0.009108723185469902	-0.18016168558681922	-0.2047040179348963	0.659064822857869
1.0284692597472271	1.4013868201434576e-6	0.033585142885802666	-6.421182584234741e-5	0.0008233341465904084
3.7922127847644926e-8	1.0633963739044343	-2.2498119865857827e-6	0.0008932400112068306	3.3022978520310525e-5
-0.070984434739652	0.00017572254520414887	1.0891613388696995	-0.005994257692689076	0.05026195827898186
0.00017685758016511288	-0.09091638488439979	-0.007811386749804861	1.0482126983307771	0.07429263404764369
0.006386470778448006	0.009465997265418635	-0.18446258023233575	-0.20922900945409562	0.7819958149046973
1.0500659418911729	1.8469490588035598e-6	0.03153317476692233	-8.492696095149799e-5	0.0011196156095194983
4.972388130755623e-8	1.063279026341863	-2.5331758192756806e-6	0.000928940793071268	3.8161618391224176e-5
-0.08306146493300617	0.0002478489699984099	1.0820246857444527	-0.008484136471221926	0.07325311499601125
0.00022302474319768617	-0.09061193302410608	-0.008458302667901707	1.042755152432685	0.08284809622298084
0.0074024547894121495	0.009371810518693457	-0.18386583042885948	-0.2085844302917326	0.816514678984834
1.0571196086670345	1.6483938263256448e-6	0.02740088669828497	-7.29739243709171e-5	0.0009352054675432764
4.839397231906628e-8	1.068196981119095	-2.3525426316355416e-6	0.0008544135621880063	3.4405363776362705e-5
-0.08733831096848026	0.00025541557807057247	1.0908055818206683	-0.008396917639651336	0.07004575709751815
0.00023626483335525972	-0.09422566755526174	-0.008529255093372434	1.0475915358466996	0.08055604305278963
0.0077563071255095095	0.00971949771460734	-0.18225926814959398	-0.20635486090512004	0.7570766686327398
1.05699779976461	1.698974243180551e-6	0.027981333308634032	-7.654586964159216e-5	0.0009894681256461153
5.7571007214957115e-8	1.0658539468434944	-2.802587769844614e-6	0.0010387005382159475	4.1342526007509886e-5
-0.08718848563686625	0.0002577109784824283	1.0883875337237234	-0.008628632559303684	0.07273064975444204
0.00023110088204020274	-0.0925450439247395	-0.008360477592721849	1.0462140424906048	0.07981556979725307
0.007751661850398883	0.009558131179289275	-0.18286043492719334	-0.2071098659240105	0.7750766912877385
1.0417629344988502	1.9672791212732577e-6	0.03720469355410955	-8.807914898306679e-5	0.0011477157881755531
5.5845197841075667e-8	1.0667504540668598	-3.002938194694889e-6	0.0010612671010659987	4.479282257953236e-5
-0.0784364585367349	0.0002230215284400039	1.0821147061543066	-0.0074298729108519534	0.06331896576886084
0.0002192988942197882	-0.09308253074421469	-0.0087745423032497	1.0441412852580014	0.08493245870977606
0.00700568173297661	0.009631737247929373	-0.18332834387843344	-0.20822190346623953	0.7975672930909712
1.0406845173054315	2.0554397414107584e-6	0.039747109834476546	-9.055492968393364e-5	0.0011697676535284765
5.5023891283589865e-8	1.0688858432594412	-2.9769034428305495e-6	0.0010342651394549922	4.404569644079082e-5
-0.0778943787491009	0.00021793087380569953	1.0827673737503574	-0.007139453341704849	0.060214090072500503
0.00022176943050561393	-0.09461825169968041	-0.00892183074937114	1.0454108481188862	0.08550297204218593
0.006955441911616955	0.009783225186683564	-0.18269332701240396	-0.20759493214177524	0.7803649761842638
1.0325077252890045	2.093769444100335e-6	0.03955173061187062	-9.09551297133826e-5	0.0012169687549812604
7.352424813422687e-8	1.0712166515465888	-4.233841582567061e-6	0.0012563561383600198	6.497384179301536e-5
-0.07293962861882733	0.00022234682182430132	1.0746996678744378	-0.0071969056518921826	0.06325474878101471
0.0002437849765959399	-0.09589385377048004	-0.010459899061120992	1.0372496025565165	0.10455832553246253
0.006486233202578462	0.009861658131439688	-0.18281347733438852	-0.20791796199725748	0.8377810217758968
1.0410697042666208	2.4965378351282652e-6	0.037611946849627556	-0.00010690891660196378	0.001489553045206704
8.97445758575588e-8	1.0736340538233002	-4.867418520272562e-6	0.0012313357017479688	7.776698606785796e-5
-0.07745042508381669	0.0002788217348179134	1.0651161413955839	-0.008901893856724685	0.08174147359388328
0.000303273970619522	-0.09716897540466038	-0.012263251312671142	1.028130586554501	0.12813978786239283
0.0067715107107025885	0.009834557109654307	-0.18045713859890047	-0.20534890335984196	0.8824240582488413
1.0430858862087329	2.483541054920657e-6	0.04173072134225769	-0.00010611843464690407	0.0014068857192478992
9.296610141082406e-8	1.0735001590154931	-4.950922099540914e-6	0.001440935729607731	7.524492955440949e-5
-0.0790275864461447	0.0002504699587673742	1.0747922201873008	-0.007961989245122592	0.0691020028296673
0.0002688761216156077	-0.09753325874175811	-0.010652711363507983	1.0384422203152168	0.10517508057032221
0.007000138989941229	0.010001653540834654	-0.1815581087647521	-0.20653768042476411	0.8120212520048627
1.0430765759486376	2.5249946228322884e-6	0.042070596206674055	-0.00010242097233073566	0.001338346464185047
1.0193945855843656e-7	1.081059137260205	-5.419770304704134e-6	0.0013932578981520859	8.122555245040214e-5
-0.07913476782200607	0.00025251529104708403	1.0777743618677311	-0.007607084730804514	0.06482349256242234
0.000305106705344671	-0.102804590260478	-0.012047375463918542	1.0390835824477835	0.11675014262601557
0.00697280783298887	0.010482139844840671	-0.17954896293604536	-0.2041896395830586	0.7731898808795347
1.0407035616952984	1.8754173173318733e-6	0.036659807399392674	-7.84212566107001e-5	0.0009943599425293326
9.3495460970483e-8	1.0761504938034003	-5.052089147434841e-6	0.0015961795426644512	7.334717326896133e-5
-0.07805515330795824	0.0002157693742730893	1.0889012648685727	-0.006696819718243707	0.05520573456929381
0.0002443398315566392	-0.0997584305824104	-0.009799810519316665	1.0470746469041394	0.09164997158908916
0.0069352799811876475	0.01026150718990576	-0.18083944637325644	-0.205159787007981	0.7363931057872838
1.0439734107692373	1.5759596223019479e-6	0.03478163322621694	-6.755126800911393e-5	0.0008249616035355574
8.216909201663736e-8	1.0720200405376767	-4.326962207040416e-6	0.001708364118755818	6.040653068249268e-5
-0.08026512030977309	0.00019151226388540096	1.0993622380706571	-0.006080284514854754	0.04794928484366425
0.0002005481552637134	-0.09727521636137937	-0.007822258749460687	1.056028418525735	0.06986116712202323
0.007130683221730272	0.010014237798973785	-0.17959847812010998	-0.20339865600406884	0.673173577335475
1.0602624356944992	1.917852894495198e-6	0.028428303867154253	-8.127662389560003e-5	0.0010528190407305925
1.33235948059085e-7	1.0744926064630598	-6.352394513978177e-6	0.001950591099369809	9.39379186547934e-5
-0.08901181912733663	0.00028630442850846594	1.086982574215817	-0.009006085387314289	0.07594489442271599
0.0002849434813521068	-0.09843582480924118	-0.010083989924000392	1.0429892173000548	0.0962953495744705
0.007850056495156826	0.010082166396813252	-0.18085099661394677	-0.2048006331442864	0.7617344469280489
1.0569462836770736	2.2867733784348587e-6	0.027135454896823164	-9.743993437865382e-5	0.0013891391672420095
2.1318978277867773e-7	1.074483367302502	-1.0438057954626108e-5	0.002455899847239076	0.00017013734913277293
-0.08618977938053786	0.0003556273118713732	1.0639347585715764	-0.011291246777108632	0.10609381779071876
0.0003607884897717656	-0.0975400746605144	-0.013162516471751928	1.0224123106701581	0.14035805095625686
0.007406438763126771	0.0097301622536623	-0.178088179778759	-0.20210884385270786	0.8923100268398716
1.07304106089033	2.6050530800292293e-6	0.025479376908867424	-0.00011447440882454696	0.001661050041172167
2.4245510474307785e-7	1.0701649630532866	-1.0794067099874002e-5	0.00268045907421961	0.00017876338461641616
-0.09504779132232709	0.00043263692593914493	1.0586631768690706	-0.014162314660730813	0.13543169492894308
0.0003755172415774999	-0.0944747818777571	-0.012453817176515558	1.020235376008001	0.13514170937807723
0.008081239125458911	0.009344564257507293	-0.17662912970799402	-0.20043020780255297	0.906108889937822
1.072299019460967	3.6529881508595707e-6	0.033926762710490777	-0.00016354012885197444	0.0024530546685933435
2.7993188202179997e-7	1.0676735172032286	-1.2501972233172273e-5	0.00304232401819032	0.0002144026355611478
-0.09429030424880352	0.00045341830117240356	1.0458321418112173	-0.015135582256709412	0.15006329933459228
0.00038108300200492135	-0.09251168853461156	-0.01269023776073619	1.0141451032679962	0.1431965361916929
0.007911145322914592	0.009023149532645824	-0.17413337211367963	-0.19818437256095417	0.9454926808085897
1.0749753347017585	2.9754652209890153e-6	0.02936942924513744	-0.00013006783671772049	0.0018562364018706243
2.56704052764567e-7	1.0707878423886676	-1.1283492022331684e-5	0.0028761695278719146	0.00018383667633754298
-0.09630827727151273	0.00042887801785652935	1.06026051268401	-0.013955173726531656	0.13096553605902292
0.0003707977299880205	-0.09503942136069138	-0.012132052729370735	1.0232442149658436	0.12926748869492427
0.008237890837899053	0.00945664443909594	-0.17724404986427766	-0.2012356448337051	0.8847459137762087
1.0842041691682864	5.186357022513022e-6	0.03545437525345585	-0.00023151826629630445	0.0038192780258281545
3.868159135778093e-7	1.06816386695562	-1.618107165991811e-5	0.003314428175757174	0.00030539916634841034
-0.09986587379725863	0.0006111004839517986	1.0201305224580333	-0.020327896387461575	0.22199045834946107
0.00047961329116613313	-0.09206035337760061	-0.014950341649243748	0.9956679676013611	0.18627114617308396
0.007789498441613585	0.00835130115450955	-0.16073677823832216	-0.18338671000195217	0.9806995616252777
1.09986689077861	6.160429219782826e-6	0.03135231803035171	-0.00027555062226926563	0.005026100880858572
5.64292930740418e-7	1.067570001311207	-2.1770777701771203e-5	0.004025420467378123	0.0004539650699892945
-0.10731358426100329	0.00081351459800523	0.9964478635425965	-0.02704322484673323	0.32540228022423134
0.0005699854228322226	-0.09090336622069267	-0.01634315076945141	0.978005798778748	0.22451487350660687
0.007553827981937961	0.007448429126326428	-0.14287999841964877	-0.163124297295454	0.9574190975135569
1.0956807124645738	8.280712635561072e-6	0.04200402836006336	-0.00039460796668493517	0.008201209559229844
6.296932046473674e-7	1.058883029681081	-2.4716499574750314e-5	0.004901661803748177	0.0005889162035385212
-0.10382969425320077	0.0008034452800950095	0.9670480968067667	-0.028469926670918383	0.39158056296950716
0.0005164661674411097	-0.0843641778308285	-0.0150741122392837	0.9614419469367934	0.23788818334873976
0.0065818837303835975	0.006215334514184212	-0.12713431612559117	-0.1458710598976971	1.0016348630689897
1.0909527776079542	9.989556756483109e-6	0.04865977954242204	-0.0004562895512755902	0.011818959948514535
6.458177882564566e-7	1.0635413205355861	-2.5722216441644293e-5	0.004445857397982994	0.0007671040796113585
-0.0996227220772761	0.0008145783651925115	0.9316424848792116	-0.02752140662644554	0.4679145975821301
0.0005723492180318632	-0.08626056813817226	-0.016861761021456485	0.9339829734164483	0.33072906617629355
0.004937714982860192	0.004957209405301408	-0.09548278631097788	-0.11015356355649289	0.9165276646117877
1.090179963548652	1.10003932250885e-5	0.058073646634794016	-0.0005250768547241935	0.017417647512919188
5.393048633113833e-7	1.056992645809501	-2.138951640852306e-5	0.0043785427637414555	0.0008195504727526622
-0.09783659430793579	0.0007350164649886498	0.9004463475264247	-0.025864396778634884	0.5603338979538366
0.00047686025016430503	-0.08110949846320578	-0.01394274781868365	0.915455559921535	0.3504947009224139
0.0037422997286303203	0.003591688375231286	-0.07146176497538535	-0.08292057021490186	0.8741808409138114
1.0626957608206147	1.2298501255912642e-5	0.09356483032203075	-0.0005491689267122773	0.02471908121912958
3.927664927651925e-7	1.0648965806669366	-1.7860408061734463e-5	0.0035972041203751266	0.0009394230610164228
-0.08244926787474632	0.0004928143048133563	0.8648827194770758	-0.016164840133191374	0.4727802422436399
0.0004159977920913903	-0.08532335246823736	-0.013895760313837588	0.8956060643448462	0.47808759637326775
0.0022870542079483636	0.0027215925669877364	-0.0496397154735783	-0.058393773445412835	0.8261004141198361
1.0408429592651873	1.16675305586178e-5	0.14164312240638166	-0.0005497129988740954	0.03521676296022802
3.0356603324122045e-7	1.0576911370321336	-1.57153419933281e-5	0.004424461367285042	0.0011903359415658572
-0.0703908965385128	0.000300172299794	0.8252010006317242	-0.010412810160784776	0.4366666494821641
0.0002589935128134045	-0.0801196527189114	-0.009871879040738784	0.8836719120922379	0.49489836700702755
0.0014361382515561821	0.0018657013855936586	-0.03583239481365368	-0.04283610327690818	0.9103290738151799
1.0017164263504357	1.1558601583264161e-5	0.21552752654683338	-0.0005802510358312585	0.03516230108745741
2.6655292102023553e-7	1.050727715141664	-1.8911340671910748e-5	0.0055355216323627054	0.0013771586058152901
-0.050289387755034276	0.00019134528702047238	0.7929210823564843	-0.007142948180723752	0.2895221789437355
0.00018320071615640643	-0.07578646373709008	-0.009665295550319641	0.8857762192469176	0.47766407729414273
0.0012075658126507183	0.002050875652297335	-0.042612965255242344	-0.05195709483261535	1.1601602622408984
0.9770589158287813	9.972762556320625e-6	0.2719031471075134	-0.0005224189988652095	0.03228304898185941
1.9510047273487569e-7	1.0460027661824307	-1.816943055425735e-5	0.005747387665279961	0.0013667835897501895
-0.037501405895098	0.00012809488512364325	0.7647802637060236	-0.005014055929179084	0.2094188488563089
0.00012937935423243396	-0.07275681267517178	-0.009003303190509626	0.8857484340608812	0.46588393687465324
0.0009349304650480665	0.002023306513177947	-0.043973113782357506	-0.05447992321566958	1.3055536627960087
0.9531925282571443	8.927385238353958e-6	0.3313528693002139	-0.0004561639276054602	0.02353793604466542
1.4800973660729876e-7	1.049058982606648	-2.006215178063705e-5	0.005348599375323039	0.0012778955069133666
-0.025263674057808796	9.226081272226475e-5	0.7442437209865345	-0.003531622083694251	0.12367731902406506
0.00010602187782713518	-0.07498054836953752	-0.010765718075864766	0.8916588407901167	0.47497845179191733
0.0007737519304442837	0.002533743808798533	-0.05332337820153163	-0.06717887424925365	1.3727053179226754
0.9411346708362692	8.662007288231209e-6	0.3901039208370542	-0.0004926471582116405	0.01686776985077662
1.2631982804236466e-7	1.0376932209751542	-2.2457539394719244e-5	0.006045977797438978	0.0009575959912416221
-0.019311556120818727	7.623355003639597e-5	0.7424772979991902	-0.003271844760276931	0.07691102924468513
8.151681183774136e-5	-0.06860010349599105	-0.010936212444311075	0.9163285007029598	0.32764908622121247
0.0009430956318022352	0.00367136366053486	-0.0868659821964644	-0.11071228741012759	1.5699494126626763
0.9319116983372854	6.2067947130678425e-6	0.37943301713719757	-0.00034104509796249044	0.007992064105638668
9.452729313077883e-8	1.0417297011429194	-2.2603970700493456e-5	0.005645729726243005	0.0006565611484327452
-0.01475771545140464	5.772698939922327e-5	0.7886496150186169	-0.002397593765619127	0.038503117927204795
6.669776916191222e-5	-0.07249862005436858	-0.012055662583402793	0.9499463966195669	0.24470443608445647
0.0010206275717378477	0.005505460835269579	-0.12642129188078977	-0.15979039977587273	1.5127075667375025
0.9251876843165252	3.4546675554969486e-6	0.3401795789755447	-0.0001941769381170605	0.0037074611399121604
6.238557869429895e-8	1.039251926605597	-2.0081925762999164e-5	0.005897497745942004	0.0004704441557021599
-0.011283102114716115	3.688482182501174e-5	0.8403736274674269	-0.001568611426043403	0.020475409852855946
4.270242902091291e-5	-0.07181989530925832	-0.010400399595016235	0.9771541713627003	0.1689995139878441
0.0009222314032381121	0.006480274904946209	-0.15355912303391595	-0.19115859227096582	1.4309639747764162
0.9240218301564853	2.711757694902339e-6	0.3371012627255469	-0.00015034379703658673	0.002474157282858519
4.72490141270078e-8	1.0404062723810656	-1.6098642471040758e-5	0.005529805443313884	0.0003243936081007842
-0.010785397364360086	2.9561274653248926e-5	0.8671740826441291	-0.001237153450949385	0.01379296075680659
3.476961543737861e-5	-0.07339768369281269	-0.008942566382370065	1.0001563525523616	0.12375942641178483
0.0009666869645383221	0.007274262620104777	-0.1684380819895953	-0.2090848054142346	1.2862234038554172
0.9227946779699674	1.5880502125080465e-6	0.29776848838561365	-9.616446630540676e-5	0.0013997429655919005
4.070823030402626e-8	1.0305578909561675	-1.494556597658736e-5	0.007718131287716604	0.00026358593044395126
-0.010222043241726618	2.001489660960823e-5	0.9132906314487288	-0.0009131326782189494	0.008923522000600544
2.1537876860350247e-5	-0.06743454524328862	-0.00595748793515366	1.0220078302006632	0.07124757919279856
0.0009685275854895356	0.0071148857975551	-0.17986266429497738	-0.22011292749847702	1.1284129807709378
0.9217831828333966	1.7627694943057187e-6	0.342972710682844	-9.702209516679328e-5	0.001353824752492322
3.7304100487399374e-8	1.0402384622385406	-1.4242979337449058e-5	0.006773774793570072	0.00024323408424030673
-0.009689799291127378	1.9014942376235563e-5	0.8950831897872237	-0.0007857838431109187	0.007297326760640016
2.2516617950767148e-5	-0.0742851864376727	-0.006454764316576461	1.0282077214159315	0.07438531889063686
0.000927019127105664	0.007870269987037298	-0.1768621185212832	-0.21947293112624175	1.045457212001774
0.9198244065807752	1.4075798701745912e-6	0.3491967064054669	-7.201493989766883e-5	0.0009363997130578394
2.65818474961578e-8	1.047993091776072	-1.1382586630036967e-5	0.0056522313381371855	0.00018149091022109584
-0.008633858797792344	1.4902655170890428e-5	0.9053567738569839	-0.0005699999389848741	0.004872155295122305
1.926462641152482e-5	-0.0800655705459733	-0.006167057463227987	1.0407406228621752	0.06555560145337452
0.0008309070525246327	0.008527739734905504	-0.1748547734661443	-0.2174517918381116	0.9052326908578097
0.9184014569269485	9.601262950797995e-7	0.32555693976191297	-4.842784794191306e-5	0.0005906042274698882
1.736698037636819e-8	1.0490183309347807	-8.230920349711068e-6	0.0049247745565627055	0.00012249536583091442
-0.007866681992981107	1.0995553256372761e-5	0.9323190352771574	-0.0004130675369505843	0.0032729188496027004
1.4448194450910473e-5	-0.08122857092776097	-0.005100054722131153	1.053510067097483	0.04988845800314441
0.0007516964733165227	0.008619253837305108	-0.172391783149771	-0.21282744638415932	0.77074242164561
0.9164569672495632	7.800017404330228e-7	0.32320496805253385	-3.7914476323522295e-5	0.00045271399012441343
1.570307819019623e-8	1.0532201445961624	-8.66808205037678e-6	0.005154033713392958	0.00012630281793676867
-0.006753999156106975	8.997394569537805e-6	0.9379769191592906	-0.00032515678215119456	0.002510252722302476
1.2482971610603896e-5	-0.08428901029099652	-0.0051229812184612755	1.0568126877506054	0.04879166359044072
0.0006415239998005945	0.008890226202665413	-0.17022504791787263	-0.2100011619155535	0.7223895916235988
0.9157797097731367	5.789773716013968e-7	0.2988154093344269	-2.686200035035809e-5	0.00030572324333181166
1.2793811583170119e-8	1.0584230666902517	-7.515444507992519e-6	0.004869335444049022	0.00010390398721217293
-0.006391125522814012	7.274290993368113e-6	0.9621916007263951	-0.0002499169129910727	0.0018180135005951567
1.0759732220508994e-5	-0.08826620332700036	-0.004680415432190416	1.0657473362241559	0.041685136390335865
0.0005942333362320348	0.009139499365688593	-0.16521569430847038	-0.20227707632072417	0.6115148962113512
0.9174599279455657	4.477144305570224e-7	0.2413207037377415	-2.0028205234626052e-5	0.00021844162720044104
1.2378546847486085e-8	1.062566956071295	-6.389854243154386e-6	0.004614372267286478	8.367748127425796e-5
-0.007401236156369196	7.088136270603021e-6	1.0051244685732208	-0.00023395243019969962	0.001614171498838105
1.0980859689482274e-5	-0.09150363898315139	-0.0041822712009135414	1.0741343046744838	0.03468069836100758
0.0006663095573651022	0.009231678405244118	-0.16053903047568494	-0.19294528258655444	0.5083815473711023
0.9177458309582631	4.486275037851595e-7	0.2159373028747197	-1.9223708647101573e-5	0.0002126406508644208
1.507089802336558e-8	1.0688975771490936	-7.688630399242083e-6	0.004585646065334598	0.00010164965432989809
-0.007556201286659683	8.008876452875874e-6	1.0172072663434775	-0.00025355184091713223	0.0017830827063235243
1.349371879382563e-5	-0.09581682480161591	-0.005086105938840268	1.0709219838804966	0.04264532906995917
0.000682714533566899	0.0097150608543147	-0.16360195812298073	-0.19506073019311243	0.5328672600852058
0.9202240253558042	6.949741844161639e-7	0.20695525684830052	-2.9445157468900238e-5	0.0003495737327901252
2.651692043026399e-8	1.0719484866765467	-1.1498933650211374e-5	0.004812889271354753	0.00016292020321751442
-0.008939423702522986	1.3017758631758691e-5	1.007428825481065	-0.00040991100884350123	0.0031510832173752452
2.272079118248449e-5	-0.0973332054717935	-0.007322613155966273	1.0562648724342207	0.06697319111070316
0.0008291296038544504	0.010127544495864768	-0.17302563140656568	-0.20586146222805224	0.6791016481424524
0.9205392808037303	7.689665120873268e-7	0.2092511851892619	-3.1153552344537205e-5	0.00037195706955268394
2.9329563845312268e-8	1.0786525511456981	-1.2460877968925588e-5	0.004406786448191929	0.00017775961052131275
-0.009115942640234909	1.4232596028049271e-5	1.0045793564396917	-0.0004284032874891028	0.003312407416851241
2.7474061042032094e-5	-0.10189177112349379	-0.00867230256230167	1.0537517493791848	0.07985950413468322
0.0008430722719855455	0.010563477239688535	-0.17233840908497333	-0.20525007001208823	0.6825754005803123
0.9191252290217933	6.783785663211361e-7	0.17739746387301158	-2.6475875119696957e-5	0.0003267903349239189
2.9164454211014212e-8	1.0850720793299027	-1.3791919874293901e-5	0.0037333210507099973	0.00020236832880391335
-0.008262797077788472	1.4942479551804944e-5	1.0157665423498334	-0.00043419716893305926	0.0034955312095793206
3.2306943015397716e-5	-0.10596419546583985	-0.011375037802263177	1.0453556742917967	0.10811099256901113
0.0007608635896114921	0.010959693477191002	-0.17473145846405563	-0.20628227449032957	0.7321100685745666
0.9165102367056727	6.429581161657497e-7	0.17480319928020913	-2.498316607343204e-5	0.00032481323884465344
2.8231781289589537e-8	1.0864506048013869	-1.640588704211743e-5	0.0036353493016794414	0.0002536700389573158
-0.006712643128229053	1.434789867220225e-5	1.005807626421761	-0.00041625499285064677	0.003560893415014813
3.209474890460487e-5	-0.10635968822086211	-0.013925210893233508	1.033321548674285	0.14067497239281357
0.000615414044650152	0.010945793704463358	-0.17569057885839162	-0.2074741587983274	0.8169427633348525
0.9160144458279492	6.717767167194189e-7	0.20885861251808097	-2.7039904219622324e-5	0.0003432609883689125
3.0781761268606e-8	1.0805069698847887	-1.8449295052076764e-5	0.005054951353873259	0.0002800931856084994
-0.0064468033268282555	1.2428058561320815e-5	0.9915002190103215	-0.0003731570844924953	0.003105663389499788
2.5139739256139354e-5	-0.10256615674906722	-0.011239714465356432	1.0395839160894527	0.11147998690397609
0.0005987320462149479	0.010662083512583964	-0.17549728606074277	-0.20914589458708305	0.7956935362950402
0.9166433771885106	7.049568046253556e-7	0.2002807080193212	-2.9428833114358496e-5	0.0003830601963365288
4.604070993007546e-8	1.0752965256830935	-2.626336974763388e-5	0.007477997575787855	0.000407795472547743
-0.006792102110027385	1.3637539811362648e-5	0.9914975858972068	-0.0004255494508801014	0.0036522076611724998
2.5392907581092694e-5	-0.09879732935282864	-0.010827403855619089	1.0344905830988336	0.11039930016928934
0.0006323897805010949	0.01030814956230891	-0.17779035249716907	-0.21122472174018503	0.8491894055003839
0.916900602256341	5.566649863980588e-7	0.18934155866943822	-2.3672898728198388e-5	0.0002918283415928166
4.258238323930075e-8	1.0718620508375796	-2.3750500000863095e-5	0.008670689213500726	0.00034813769515901205
-0.006980835454665903	1.1447170508535609e-5	1.0098485440863532	-0.0003629148846201833	0.0029243360397310605
2.024849681568977e-5	-0.09695247702175247	-0.008419468476309727	1.0460909643415945	0.08022901487079959
0.0006511241560630933	0.010154331365448632	-0.17697102387969313	-0.20927938579733982	0.7530310300870643
0.9159413759310931	3.748456164076597e-7	0.1801880764798291	-1.5510767691268024e-5	0.00017757769303577368
3.3409114226089394e-8	1.0745226577932119	-2.0122770649239757e-5	0.009176984155164492	0.0002733689389763927
-0.006475620595069094	8.113917708080232e-6	1.0311533551412824	-0.00024886848655393014	0.0018314100240809498
1.4981279012238414e-5	-0.09944960348857837	-0.006688521991531365	1.0603941233431848	0.05796658939306742
0.0005913364229016429	0.01021369447026707	-0.16969789715298528	-0.19985194050033112	0.5973773795725863
0.9169311832792157	4.5151422961575705e-7	0.17595140508553336	-1.80526930609326e-5	0.00021123642735589726
3.9594690911387564e-8	1.0801700030118122	-2.1992406906257145e-5	0.008100152269099548	0.0003053427874671333
-0.007035597316095817	1.0028026730612982e-5	1.0287110561944584	-0.00029758379779198235	0.0022487298769414688
2.0158856771493316e-5	-0.10314580494078118	-0.0083104577855595	1.0554095962527545	0.07392036490446466
0.00064489830181063	0.010630276747096268	-0.17169255932065153	-0.2020982815595942	0.6363277494771256
0.9172970820635084	3.563982748922001e-7	0.1477618203832987	-1.4524630041520825e-5	0.00016769361128017232
3.8429983365484074e-8	1.077090409652253	-2.0873939454185697e-5	0.00871397659739781	0.0002842401457868113
-0.007257845784201348	9.508572436672802e-6	1.0484485222113147	-0.00028750974631819304	0.0021403048621526886
1.8182293284274873e-5	-0.10116385384344712	-0.007327412614397349	1.0588246642474215	0.06362848873594218
0.0006615159693720529	0.010398594174729235	-0.17189132145186758	-0.20050806422132436	0.6088749363595775
0.9186166936341638	3.467212573715628e-7	0.1260178036264703	-1.486085922275393e-5	0.00017574681216044052
5.4659261339295995e-8	1.0701046273979575	-2.71209319084309e-5	0.011984624050387527	0.0003762186599294906
-0.008006453217433429	1.0930237114126218e-5	1.0563979580199987	-0.00034854375912216073	0.002677718091606853
1.8793923824650914e-5	-0.09614233550287282	-0.006937812980971014	1.0534158084791985	0.06172925484959784
0.0007362985019936132	0.00999823875944858	-0.17657249316623308	-0.20449559298297437	0.6621056158492133
0.9174986688261773	2.871559232620058e-7	0.1085243267506334	-1.2966356763011166e-5	0.00015802592648264668
5.274272592281637e-8	1.0633819869314045	-2.8725971709331333e-5	0.013043173310890943	0.0004091203290101375
-0.00733394920937952	1.0569166350005155e-5	1.0603496510262616	-0.000356207267948383	0.0028440183078583398
1.6662696473052595e-5	-0.09125691619604366	-0.0067735960769819414	1.0480973881798106	0.06233561157095828
0.0006806816558291313	0.009594491637877525	-0.1812747402655459	-0.2089414525840861	0.7300369357198805
0.9198631728554404	3.1031658029312403e-7	0.1045668141367148	-1.3261676516801435e-5	0.0001566672677826772
5.465551200511953e-8	1.0706292313164931	-2.5043636553978565e-5	0.011012874953387375	0.0003456676940819317
-0.008730175119090383	1.187127826307588e-5	1.0692428878317963	-0.00037751078564476903	0.0028984450085229006
2.0471757449084128e-5	-0.0965224681876964	-0.006980025068179241	1.054422566204514	0.061694040107966745
0.0008004358196209852	0.010027162467040635	-0.17737166048211223	-0.2041901367267141	0.6570776959940199
0.9194512223201573	2.8362927574632213e-7	0.10849111734692615	-1.2261579135378065e-5	0.00014176059777135357
5.662689300106605e-8	1.0684560337658897	-2.6566899048674486e-5	0.013315186040525756	0.0003588221386833304
-0.008510754392112633	1.0438619410774175e-5	1.071814911705879	-0.0003352184286330856	0.002505941823604538
1.7503844183364148e-5	-0.09520562197334939	-0.0061001574356601695	1.0575530440726584	0.05248484610688297
0.0007755051529160355	0.009831883071411755	-0.17475365219575859	-0.20112962638717616	0.6127289932908635
0.919538162538061	2.8166819375508023e-7	0.09611859068587392	-1.1713020406714514e-5	0.00013800477637474808
7.078655415992952e-8	1.0744148350085245	-3.321711793491389e-5	0.013586480579517057	0.00045644241008584857
-0.008543198431260886	1.1747949875545727e-5	1.0747813753761795	-0.00036333408634200287	0.0027804236322948525
2.1485354202899556e-5	-0.09916710324704059	-0.0074983664667450795	1.0525280056061312	0.06583029877660987
0.0007802782790636141	0.010269006452374121	-0.1768696317507253	-0.20291194234198667	0.6458809727196296
0.9197341419731031	2.409671990138973e-7	0.07952792241883197	-9.837394772081731e-6	0.00011623035492666894
7.540377093551154e-8	1.077263942784118	-3.51079295080603e-5	0.013347259751881835	0.0004824305212634272
-0.008653234549950262	1.2207561481403228e-5	1.0838364567392564	-0.00037072452965190156	0.002847644804934638
2.3319926800091043e-5	-0.10111231630286177	-0.008076804434735137	1.0516347402697024	0.07084345754167089
0.0007882673717358869	0.010455712341862902	-0.1774928919155027	-0.20267801975244099	0.6467851383241167
0.9263142842176743	2.4600375463784685e-7	0.0564412566631646	-9.962042045980057e-6	0.00011733433283782693
1.1074337397110057e-7	1.0785216755531917	-3.6076162752141094e-5	0.013544507935241423	0.0004917667887911481
-0.012476119314430198	1.771442936557288e-5	1.098092162818085	-0.0005333768307822229	0.004081071594934219
3.378023633790212e-5	-0.10202380816044727	-0.00818211567724527	1.0522062516283728	0.07099694034515983
0.001130171978149587	0.0105221044132243	-0.1778323615560861	-0.20167160117497976	0.6344889092102436
0.9254709768976306	1.8134119548866845e-7	0.053416269780526715	-7.212994240921727e-6	8.056880979881908e-5
8.345288307620713e-8	1.0801665965994827	-2.811426639506842e-5	0.012718009515990836	0.00036318583058529
-0.0120516786294422	1.3783384480652028e-5	1.1116680245793977	-0.00040576331720417434	0.002905132621159677
2.7054184006141584e-5	-0.10365568576501505	-0.006745554427659915	1.063385645704703	0.05463944632311094
0.0010667304467150448	0.010448928776311523	-0.1704824665939913	-0.19287466228649652	0.5228567928438461
0.9269465082472067	2.180699088423499e-7	0.04932608103984642	-8.546581523812512e-6	9.951809756104458e-5
1.166804499790064e-7	1.0833655603854282	-3.695238639384035e-5	0.012986360116367057	0.0004975169285700923
-0.012856762512049704	1.8000938449141968e-5	1.1046497758551923	-0.0005238597918578863	0.003950093606647899
3.71394531989205e-5	-0.10546980775093917	-0.008733797578547035	1.0538356725581135	0.07451698296006799
0.001155714649541215	0.010798267021076674	-0.17599524358012592	-0.19914103053110147	0.6046413738531256
0.9279397798925351	2.279059496679281e-7	0.03976917741911867	-8.503233893063103e-6	0.00010331950017983
1.2986262652031622e-7	1.092243627615106	-3.9654199766592235e-5	0.009489784276452596	0.0005572437381013819
-0.013368897298511428	2.3394278162336413e-5	1.0998839942702041	-0.0006495226796243304	0.005148916885592301
5.6716370587361203e-5	-0.11108415788321746	-0.012887528767514284	1.0437707447644202	0.1155853711535826
0.0012012367486383471	0.01137006613139488	-0.1780792081667329	-0.20147672310337747	0.6703031142797898
0.9328326254348039	2.8519078808936227e-7	0.03680318464759154	-1.125388434236596e-5	0.00014322253577975577
2.3625530121487714e-7	1.0837459736258719	-5.996256977215675e-5	0.015106706232395586	0.0008804148412367985
-0.016124070368147638	3.17119868059601e-5	1.0916769618182092	-0.0009344704623668043	0.00783723585864831
6.4707219045404e-5	-0.10485134426779685	-0.012263842994501561	1.0331904673098895	0.11621327926568625
0.001462779577822742	0.01085447482428728	-0.18270110010361496	-0.20643008816714364	0.768023439619438
0.9323114157229124	3.3396109638816895e-7	0.03905955044508563	-1.2773357408790709e-5	0.0001670636527604163
2.9213047834171675e-7	1.088946865867276	-7.559453687548678e-5	0.015371797233960954	0.0011420846128663634
-0.015774797341714303	3.4901650650606686e-5	1.0836831387227053	-0.0009973324246461638	0.008618671740802924
7.855434391451643e-5	-0.10807090714641598	-0.015186878979354855	1.0245762947396873	0.1484843065433531
0.001417020000358267	0.011074172802011374	-0.18100801227955043	-0.20479031822204927	0.7972986080878345
0.9347693993383754	3.496159258625786e-7	0.03658985098215506	-1.33358393639392e-5	0.00017553419446632388
3.767091846140942e-7	1.089335348824552	-8.963335174234921e-5	0.017678775550444656	0.001361390364008147
-0.017173463387392812	3.90437823590134e-5	1.0836481415408439	-0.0011126560036991435	0.00968218525590837
8.800055122729078e-5	-0.10826852439105672	-0.015643311913171948	1.0214315341199385	0.15380953891273047
0.0015384065044211671	0.011073299536761241	-0.18079462594622103	-0.2042808282968535	0.8033456738114029
0.937187727550679	3.9958748543345024e-7	0.03515900961695362	-1.6061534341811623e-5	0.00022273220378244687
4.7443513025244993e-7	1.081510218160067	-0.0001049998468928906	0.0216431352263642	0.0016778759212406104
-0.018463301475766802	4.6440451406365435e-5	1.0733361113784419	-0.0013990657221821454	0.012942637444759092
9.031159356105711e-5	-0.10249712564191682	-0.014980346649897665	1.011128531884	0.15654793886695126
0.0016511126328570234	0.010475832998068767	-0.18270218606627814	-0.2063880582995069	0.9034961019927983
0.9389088087307864	3.1495711905193957e-7	0.029836071775696915	-1.255134599962432e-5	0.00016572569294272255
4.464876095489588e-7	1.0823678397801018	-9.372912372110354e-5	0.02168561310109418	0.0014236884512450754
-0.019545988499413608	4.331442669297525e-5	1.0874880211470965	-0.00129093012688878	0.011296847791199376
8.49745905974475e-5	-0.10356487902181472	-0.01334091200357275	1.0214044538754357	0.13149915468910378
0.0017652370262753285	0.010697201211748386	-0.1836768684358337	-0.20688898395180766	0.8272796945907357
0.9358842995766261	3.087556550845916e-7	0.030976067902499904	-1.2349253640625904e-5	0.00016572359996609417
4.2970536198727594e-7	1.081943191091522	-9.897804895675488e-5	0.022047496715276796	0.0015288869929515336
-0.01778167383333054	4.082530036975118e-5	1.083224295303319	-0.0012223652909456352	0.010901083902267857
8.038163464597903e-5	-0.10311445660673474	-0.013860240961795861	1.0177561873883167	0.13932226465024855
0.0016031543087417707	0.010626995618046156	-0.18370217485849655	-0.2070595996173818	0.854806476675701
0.9367560890415768	3.6996781627163244e-7	0.03246376921482849	-1.4910555100899198e-5	0.000208867553488168
6.353842620277113e-7	1.0807909015266837	-0.00014265772634253215	0.028950716861827597	0.0022982373455248326
-0.018199996455865702	4.656881123787926e-5	1.0729387901465943	-0.0014070629168311255	0.013170876762176001
9.015617984636792e-5	-0.10192682680155524	-0.015175494284613494	1.0043988125091732	0.15999441667633457
0.00162361980027095	0.010402452212528022	-0.18262308890566087	-0.2056915719931737	0.9169017753869046
0.9381600949428567	3.4830120552997723e-7	0.034471952840921555	-1.3917739980634503e-5	0.00018295991334164787
6.144761369583293e-7	1.0813380354143187	-0.0001315898410308436	0.0313423940742909	0.0019872733675352916
-0.019129807365467016	4.139205876552143e-5	1.0862138909844896	-0.001236425885998621	0.010769427641704923
8.063204622568709e-5	-0.10292504968860547	-0.012908100610690629	1.0162043356920933	0.12636145763916812
0.001731430383448064	0.010659986548698708	-0.1836525662343794	-0.20640715737133764	0.8199223110557111
0.9418816028382738	3.262371640819217e-7	0.03151292138389057	-1.2781612570254841e-5	0.00016216405461853822
5.773201989835164e-7	1.084152441385223	-0.0001111161130122329	0.02778215209584589	0.0016190336735613375
-0.02134225408973611	4.252509979063915e-5	1.095745389218928	-0.0012425903359564727	0.01037559509289937
8.563801826382e-5	-0.10518735256944456	-0.01229298385015265	1.0253488461122975	0.11527801695254225
0.0019291642847444647	0.01088396610456445	-0.18225355718398012	-0.20468223758002796	0.7530760294588144
0.9383535682158087	2.54541422037291e-7	0.027479041137354762	-1.033400717718666e-5	0.00013280585010175955
6.009431192874337e-7	1.0784944611901646	-0.00012800710117777392	0.03486348980632348	0.0018849466561095263
-0.01928967624040633	3.8061204334756404e-5	1.095804963013878	-0.001154228115529815	0.00980373714863212
7.083960307338599e-5	-0.10122862012251932	-0.011271342453167743	1.019828826339093	0.10718246424164135
0.0017540052504960773	0.010544787842042297	-0.1844514091346891	-0.20650475698151466	0.7866928057039664
0.9403827417735033	2.3205498223682897e-7	0.024751160719941497	-9.600843792693936e-6	0.00012230539409992247
6.432716652751691e-7	1.075377268213372	-0.0001292910696862326	0.038811946899476535	0.001883543477275651
-0.020478494912305318	3.858935041398115e-5	1.0996966001476514	-0.0011921708885207355	0.010028330303020888
6.802198040629925e-5	-0.09919773863460302	-0.010208828698569428	1.0200856897661148	0.09590897795129538
0.0018663787575642805	0.010368747434303424	-0.18496107334741305	-0.2065730045287353	0.7747838985298999
0.9463819982196839	2.7496172681426567e-7	0.02378706407449221	-1.1262187594507367e-5	0.00014480064683263308
8.886192831101397e-7	1.0767738555213386	-0.0001532137420942048	0.0431764304231379	0.002249529931925176
-0.02390876996339747	4.765084696341931e-5	1.0980974598849296	-0.0014570786550149178	0.012378687604080195
8.436072202053224e-5	-0.10007388934536621	-0.010858857553180057	1.0148629383981669	0.10287397612095273
0.002172084035227952	0.010441296083646412	-0.18474144385503924	-0.2060127581115021	0.7847211352780373
0.9429874113959378	2.4555843606416383e-7	0.023940336101236307	-1.0447774923653258e-5	0.00013511183526790024
8.604303728338217e-7	1.0709061578861636	-0.0001614589688070378	0.05059662925825331	0.002380230792393412
-0.021949146627828885	4.2246301808143705e-5	1.0973087722658927	-0.0013432470243791572	0.011508956872669687
6.948047425268077e-5	-0.0960283966402522	-0.009743331003051803	1.0103707103077022	0.09287813327518213
0.0020054927556129197	0.0100829102147275	-0.1863272054643625	-0.2073013910375156	0.8050806089588616
0.9484830266344116	2.2082491456590359e-7	0.01981547436534461	-9.849169196773921e-6	0.0001271687421314678
1.1200674733622545e-6	1.063506831616569	-0.00018412855424976282	0.06735837057142968	0.002694797905153312
-0.025122437738522598	4.602378517664513e-5	1.1009037682682223	-0.0015337219720998052	0.013130086143981826
6.749796525111137e-5	-0.09100946079994898	-0.008290494147921712	1.0014257337646884	0.07840342179278592
0.0023031827547449982	0.009622282676975721	-0.18756780441575918	-0.2072010532989019	0.805428495228024
